empresa,categoria,produto_original,marca,codigo_produto,embalagem_caixa,pagina_catalogo,data_coleta,fonte
Casa Garcia Gourmet,Confeitaria,ACUCAR COL AMARELO 300G MIL CORES,MIL CORES,9176,CX 12,1,2026-08-26 17:27:45,https://casagarciafortaleza.com.br/index.php
Casa Garcia Gourmet,Confeitaria,ACUCAR COL AZUL 300G MIL CORES,MIL CORES,9185,CX 12,1,2026-08-26 17:27:45,https://casagarciafortaleza.com.br/index.php
Casa Garcia Gourmet,Confeitaria,ACUCAR COL BRANCO 300G MIL CORES,MIL CORES,9181,CX 12,1,2026-08-26 17:27:45,https://casagarciafortaleza.com.br/index.php
Casa Garcia Gourmet,Confeitaria,ACUCAR COL ROSA 300G MIL CORES,MIL CORES,9177,CX 12,1,2026-08-26 17:27:45,https://casagarciafortaleza.com.br/index.php
Casa Garcia Gourmet,Confeitaria,ACUCAR COL VERDE 300G MIL CORES,MIL CORES,9178,CX 12,1,2026-08-26 17:27:45,https://casagarciafortaleza.com.br/index.php
Casa Garcia Gourmet,Confeitaria,ACUCAR COL VERMELHO 300G MIL CORES,MIL CORES,9179,CX 12,1,2026-08-26 17:27:45,https://casagarciafortaleza.com.br/index.php
Casa Garcia Gourmet,Confeitaria,ACUCAR CONF 1KG SNOW SUGAR,MAVALERIO,301,CX 10,1,2026-08-26 17:27:45,https://casagarciafortaleza.com.br/index.php
Casa Garcia Gourmet,Confeitaria,ACUCAR CONF 500G SNOW SUGAR,MAVALERIO,297,CX 20,1,2026-08-26 17:27:45,https://casagarciafortaleza.com.br/index.php
Casa Garcia Gourmet,Confeitaria,ACUCAR CONF BIG MIX 1KG,BIG MIX,299,CX 10,1,2026-08-26 17:27:45,https://casagarciafortaleza.com.br/index.php
Casa Garcia Gourmet,Confeitaria,ACUCAR CRISTAL 1KG UNIAO,UNIÃO,2770,CX 10,1,2026-08-26 17:27:45,https://casagarciafortaleza.com.br/index.php
Casa Garcia Gourmet,Confeitaria,ACUCAR GELADO P/COBERTURAS 1KG,MAVALERIO,302,CX 10,1,2026-08-26 17:27:45,https://casagarciafortaleza.com.br/index.php
Casa Garcia Gourmet,Confeitaria,ACUCAR GELADO P/COBERTURAS 500G,MAVALERIO,298,CX 06,1,2026-08-26 17:27:45,https://casagarciafortaleza.com.br/index.php
Casa Garcia Gourmet,Confeitaria,ACUCAR IMPALPAVEL MIX 1KG,MIX,5621,CX 10,2,2026-08-26 17:27:47,https://casagarciafortaleza.com.br/index.php
Casa Garcia Gourmet,Confeitaria,AGAR-AGAR MIX 30G,MIX,5634,CX 06,2,2026-08-26 17:27:47,https://casagarciafortaleza.com.br/index.php
Casa Garcia Gourmet,Confeitaria,"ALCOOL ETILICO DE CEREAIS 93,8 50ML FAB",FAB,6388,CX 30,2,2026-08-26 17:27:47,https://casagarciafortaleza.com.br/index.php
Casa Garcia Gourmet,Confeitaria,"AMENDOIM TORRADO GRANULADO VABENE 1,05KG",VABENE,3970,CX 12,2,2026-08-26 17:27:47,https://casagarciafortaleza.com.br/index.php
Casa Garcia Gourmet,Confeitaria,"AMENDOIM TORRADO METADES VABENE 1,05KG",VABENE,3997,CX 12,2,2026-08-26 17:27:47,https://casagarciafortaleza.com.br/index.php
Casa Garcia Gourmet,Confeitaria,AMIDO DE MILHO TECNUTRI 1KG,TECNUTRI,6628,CX 10,2,2026-08-26 17:27:47,https://casagarciafortaleza.com.br/index.php
Casa Garcia Gourmet,Confeitaria,AMIDO DE MILHO TECNUTRI 500G,TECNUTRI,6619,CX 24,2,2026-08-26 17:27:47,https://casagarciafortaleza.com.br/index.php
Casa Garcia Gourmet,Confeitaria,ANTIMOFO LIQ EXTRA PARA BOLO 5L,LA RECETTE,2305,CX 04,2,2026-08-26 17:27:47,https://casagarciafortaleza.com.br/index.php
Casa Garcia Gourmet,Confeitaria,AROMA ABACAXI LARECETTE 960ML,LA RECETTE,435,CX 12,2,2026-08-26 17:27:47,https://casagarciafortaleza.com.br/index.php
Casa Garcia Gourmet,Confeitaria,AROMA ABACAXI OLEOSO 1000ML LARECETTE,LA RECETTE,10844,UN 01,2,2026-08-26 17:27:47,https://casagarciafortaleza.com.br/index.php
Casa Garcia Gourmet,Confeitaria,AROMA ALHO LARECETTE 960ML,LA RECETTE,476,CX 12,2,2026-08-26 17:27:47,https://casagarciafortaleza.com.br/index.php
Casa Garcia Gourmet,Confeitaria,AROMA ART BAUNILHA BRANCA 960ML MIX,MIX,80152,CX 06,2,2026-08-26 17:27:47,https://casagarciafortaleza.com.br/index.php
Casa Garcia Gourmet,Confeitaria,AROMA ART SABOR BAUNILHA 960ML,FAB,77926,CX 06,3,2026-08-26 17:27:48,https://casagarciafortaleza.com.br/index.php
Casa Garcia Gourmet,Confeitaria,AROMA ART SABOR BAUNILHA BRANCA 960ML,FAB,77927,CX 06,3,2026-08-26 17:27:48,https://casagarciafortaleza.com.br/index.php
Casa Garcia Gourmet,Confeitaria,AROMA ART SABOR LARANJA 960ML,FAB,77928,CX 06,3,2026-08-26 17:27:48,https://casagarciafortaleza.com.br/index.php
Casa Garcia Gourmet,Confeitaria,AROMA ART SABOR MANTEIGA 960ML,FAB,77929,CX 06,3,2026-08-26 17:27:48,https://casagarciafortaleza.com.br/index.php
Casa Garcia Gourmet,Confeitaria,AROMA ARTIF BAUNILHA MIX 960ML,MIX,80153,CX 06,3,2026-08-26 17:27:48,https://casagarciafortaleza.com.br/index.php
Casa Garcia Gourmet,Confeitaria,AROMA ARTIFICIAL COCO MIX 960ML,MIX,80166,CX 06,3,2026-08-26 17:27:48,https://casagarciafortaleza.com.br/index.php
Casa Garcia Gourmet,Confeitaria,AROMA ARTIFICIAL PANETONE 960ML MIX,MIX,80187,CX 06,3,2026-08-26 17:27:48,https://casagarciafortaleza.com.br/index.php
Casa Garcia Gourmet,Confeitaria,AROMA BATATA DOCE OLEOSO LARECETTE 1000M,LA RECETTE,398,CX 12,3,2026-08-26 17:27:48,https://casagarciafortaleza.com.br/index.php
Casa Garcia Gourmet,Confeitaria,AROMA BAUNILHA LARECETTE 960ML,LA RECETTE,431,CX 12,3,2026-08-26 17:27:48,https://casagarciafortaleza.com.br/index.php
Casa Garcia Gourmet,Confeitaria,AROMA BAUNILHA OLEOSO 1000ML,LA RECETTE,479,CX 12,3,2026-08-26 17:27:48,https://casagarciafortaleza.com.br/index.php
Casa Garcia Gourmet,Confeitaria,AROMA BAUNILHA PRATA LARECETTE 960ML,LA RECETTE,523,CX 12,3,2026-08-26 17:27:48,https://casagarciafortaleza.com.br/index.php
Casa Garcia Gourmet,Confeitaria,AROMA CHOCOLATE OLEOSO 1000ML,LA RECETTE,480,CX 12,3,2026-08-26 17:27:48,https://casagarciafortaleza.com.br/index.php
Casa Garcia Gourmet,Confeitaria,AROMA COCO LARECETTE 960ML,LA RECETTE,432,CX 12,4,2026-08-26 17:27:50,https://casagarciafortaleza.com.br/index.php
Casa Garcia Gourmet,Confeitaria,AROMA COCO OLEOSO LARECETTE 1000ML,LA RECETTE,439,CX 12,4,2026-08-26 17:27:50,https://casagarciafortaleza.com.br/index.php
Casa Garcia Gourmet,Confeitaria,AROMA DE CHOCOLATE 960ML,LA RECETTE,2213,CX 12,4,2026-08-26 17:27:50,https://casagarciafortaleza.com.br/index.php
Casa Garcia Gourmet,Confeitaria,AROMA DE LEITE 960ML LA RECETTE,LA RECETTE,10842,CX 12,4,2026-08-26 17:27:50,https://casagarciafortaleza.com.br/index.php
Casa Garcia Gourmet,Confeitaria,AROMA IDENT NATURAL MANTEIGA MIX 960ML,MIX,81220,CX 06,4,2026-08-26 17:27:50,https://casagarciafortaleza.com.br/index.php
Casa Garcia Gourmet,Confeitaria,AROMA LARANJA LARECETTE 960ML,LA RECETTE,429,CX 12,4,2026-08-26 17:27:50,https://casagarciafortaleza.com.br/index.php
Casa Garcia Gourmet,Confeitaria,AROMA LARANJA OLEOSO 1000ML,LA RECETTE,481,CX 12,4,2026-08-26 17:27:50,https://casagarciafortaleza.com.br/index.php
Casa Garcia Gourmet,Confeitaria,AROMA LEITE CONDENSADO LARECETTE 960ML,LA RECETTE,437,CX 12,4,2026-08-26 17:27:50,https://casagarciafortaleza.com.br/index.php
Casa Garcia Gourmet,Confeitaria,AROMA LIMAO LARECETTE 960ML,LA RECETTE,438,CX 12,4,2026-08-26 17:27:50,https://casagarciafortaleza.com.br/index.php
Casa Garcia Gourmet,Confeitaria,AROMA MANTEIGA LARECETTE 960ML,LA RECETTE,430,CX 12,4,2026-08-26 17:27:50,https://casagarciafortaleza.com.br/index.php
Casa Garcia Gourmet,Confeitaria,AROMA MANTEIGA OLEOSO LARECETTE 1000ML,LA RECETTE,440,CX 12,4,2026-08-26 17:27:50,https://casagarciafortaleza.com.br/index.php
Casa Garcia Gourmet,Confeitaria,AROMA MARACUJA LARECETTE 960ML,LA RECETTE,436,CX 12,4,2026-08-26 17:27:50,https://casagarciafortaleza.com.br/index.php
Casa Garcia Gourmet,Confeitaria,AROMA MARACUJA OLEOSO 1000ML LARECETTE,LA RECETTE,10843,UN 01,5,2026-08-26 17:27:52,https://casagarciafortaleza.com.br/index.php
Casa Garcia Gourmet,Confeitaria,AROMA MARIA OLEOSO LARECETTE 1000ML,LA RECETTE,385,CX 12,5,2026-08-26 17:27:52,https://casagarciafortaleza.com.br/index.php
Casa Garcia Gourmet,Confeitaria,AROMA MILHO VERDE OLEOSO LARECETE 1000ML,LA RECETTE,441,CX 12,5,2026-08-26 17:27:52,https://casagarciafortaleza.com.br/index.php
Casa Garcia Gourmet,Confeitaria,AROMA MORANGO LARECETTE 960ML,LA RECETTE,474,CX 12,5,2026-08-26 17:27:52,https://casagarciafortaleza.com.br/index.php
Casa Garcia Gourmet,Confeitaria,AROMA NATA LARECETTE 960ML,LA RECETTE,478,CX 12,5,2026-08-26 17:27:52,https://casagarciafortaleza.com.br/index.php
Casa Garcia Gourmet,Confeitaria,AROMA NATA OLEOSO 1000ML,LA RECETTE,492,CX 12,5,2026-08-26 17:27:52,https://casagarciafortaleza.com.br/index.php
Casa Garcia Gourmet,Confeitaria,AROMA NATURAL LARANJA MIX 960ML,MIX,80175,CX 06,5,2026-08-26 17:27:52,https://casagarciafortaleza.com.br/index.php
Casa Garcia Gourmet,Confeitaria,AROMA NATURAL MANTEIGA MIX 960ML,MIX,80178,CX 06,5,2026-08-26 17:27:52,https://casagarciafortaleza.com.br/index.php
Casa Garcia Gourmet,Confeitaria,AROMA PANETONE LARECETTE 960ML,LA RECETTE,368,CX 12,5,2026-08-26 17:27:52,https://casagarciafortaleza.com.br/index.php
Casa Garcia Gourmet,Confeitaria,AROMA PANETONE OLEOSO LARECETTE 1000ML,LA RECETTE,477,CX 12,5,2026-08-26 17:27:52,https://casagarciafortaleza.com.br/index.php
Casa Garcia Gourmet,Confeitaria,AROMA QUEIJO LARECETTE 960ML,LA RECETTE,442,CX 12,5,2026-08-26 17:27:52,https://casagarciafortaleza.com.br/index.php
Casa Garcia Gourmet,Confeitaria,BASE P/SORVETE E BOLO CHOC BCO 1KG,BIG MIX,2312,FD 10,5,2026-08-26 17:27:52,https://casagarciafortaleza.com.br/index.php
Casa Garcia Gourmet,Confeitaria,BASE P/SORVETE E BOLO DE ABACAXI 1KG,LA RECETTE,467,FD 10,6,2026-08-26 17:27:53,https://casagarciafortaleza.com.br/index.php
Casa Garcia Gourmet,Confeitaria,BASE P/SORVETE E BOLO DE AIPIM 1KG,LA RECETTE,473,FD 10,6,2026-08-26 17:27:53,https://casagarciafortaleza.com.br/index.php
Casa Garcia Gourmet,Confeitaria,BASE P/SORVETE E BOLO DE BAUNILHA 1KG,LA RECETTE,469,FD 10,6,2026-08-26 17:27:53,https://casagarciafortaleza.com.br/index.php
Casa Garcia Gourmet,Confeitaria,BASE P/SORVETE E BOLO DE LEITE COND 1KG,LA RECETTE,468,FD 10,6,2026-08-26 17:27:53,https://casagarciafortaleza.com.br/index.php
Casa Garcia Gourmet,Confeitaria,BASE P/SORVETE E BOLO DE LIMAO 1KG,BIG MIX,2296,FD 10,6,2026-08-26 17:27:53,https://casagarciafortaleza.com.br/index.php
Casa Garcia Gourmet,Confeitaria,BASE P/SORVETE E BOLO DE MARACUJA 1KG,LA RECETTE,471,FD 10,6,2026-08-26 17:27:53,https://casagarciafortaleza.com.br/index.php
Casa Garcia Gourmet,Confeitaria,BASE P/SORVETE E BOLO DE MILHO VERDE 1KG,LA RECETTE,466,FD 10,6,2026-08-26 17:27:53,https://casagarciafortaleza.com.br/index.php
Casa Garcia Gourmet,Confeitaria,BASE P/SORVETE E BOLO DE MORANGO 1KG,LA RECETTE,470,FD 10,6,2026-08-26 17:27:53,https://casagarciafortaleza.com.br/index.php
Casa Garcia Gourmet,Confeitaria,BASE P/SORVETE E BOLO DE NATA 1KG,LA RECETTE,472,FD 10,6,2026-08-26 17:27:53,https://casagarciafortaleza.com.br/index.php
Casa Garcia Gourmet,Confeitaria,BEIJINHO 2KG BOCARDO,BOCARDO,4936,CX 06,6,2026-08-26 17:27:53,https://casagarciafortaleza.com.br/index.php
Casa Garcia Gourmet,Confeitaria,BEIJINHO 950G BOCARDO,BOCARDO,2100,PC 25,6,2026-08-26 17:27:53,https://casagarciafortaleza.com.br/index.php
Casa Garcia Gourmet,Confeitaria,BICARBONATO DE SODIO EXTRA FINO 1KG,DAXIA,2314,PC 25,6,2026-08-26 17:27:53,https://casagarciafortaleza.com.br/index.php
Casa Garcia Gourmet,Confeitaria,BICARBONATO DE SODIO EXTRA FINO 25KG,DIVERSOS,79183,SC 01,7,2026-08-26 17:27:55,https://casagarciafortaleza.com.br/index.php
Casa Garcia Gourmet,Confeitaria,"BISNAGA CARAVELA NOCCIOLA CRUNCH 1,01KG",MASTER MARTINI,10530,CX 09,7,2026-08-26 17:27:55,https://casagarciafortaleza.com.br/index.php
Casa Garcia Gourmet,Confeitaria,"BISNAGA CARAVELLA PISTACCHIO 1,01KG",MASTER MARTINI,10617,CX 09,7,2026-08-26 17:27:55,https://casagarciafortaleza.com.br/index.php
Casa Garcia Gourmet,Confeitaria,"BISNAGA CARIBE BUENO 1,01KG",MASTER MARTINI,10527,CX 09,7,2026-08-26 17:27:55,https://casagarciafortaleza.com.br/index.php
Casa Garcia Gourmet,Confeitaria,"BISNAGA CARIBE CREM AVELA 1,01KG",MASTER MARTINI,10528,CX 09,7,2026-08-26 17:27:55,https://casagarciafortaleza.com.br/index.php
Casa Garcia Gourmet,Confeitaria,"BISNAGA CARIBE LEITINHO 1,01KG",MASTER MARTINI,10526,CX 09,7,2026-08-26 17:27:55,https://casagarciafortaleza.com.br/index.php
Casa Garcia Gourmet,Confeitaria,BRIGADEIRO 2KG BOCARDO,BOCARDO,2101,CX 06,7,2026-08-26 17:27:55,https://casagarciafortaleza.com.br/index.php
Casa Garcia Gourmet,Confeitaria,BRIGADEIRO 950KG BOCARDO,BOCARDO,4937,CX 06,7,2026-08-26 17:27:55,https://casagarciafortaleza.com.br/index.php
Casa Garcia Gourmet,Confeitaria,"BRILHO E COB MARACUJA C/SEM 1,01KG AUREA",AUREA,8547,UN 01,7,2026-08-26 17:27:55,https://casagarciafortaleza.com.br/index.php
Casa Garcia Gourmet,Confeitaria,"BRILHO E COB MORANGO 1,01KG AUREA",AUREA,8539,CX 06,7,2026-08-26 17:27:55,https://casagarciafortaleza.com.br/index.php
Casa Garcia Gourmet,Confeitaria,BRILHO P/DECORACAO AMARELO 3G FAB,FAB,6366,CX 12,7,2026-08-26 17:27:55,https://casagarciafortaleza.com.br/index.php
Casa Garcia Gourmet,Confeitaria,BRILHO P/DECORACAO AZUL 3G FAB,FAB,6364,CX 12,7,2026-08-26 17:27:55,https://casagarciafortaleza.com.br/index.php
Casa Garcia Gourmet,Confeitaria,BRILHO P/DECORACAO CRISTAL 20G FAB,FAB,10685,CX 04,8,2026-08-26 17:27:56,https://casagarciafortaleza.com.br/index.php
Casa Garcia Gourmet,Confeitaria,BRILHO P/DECORACAO CRISTAL 3G FAB,FAB,6390,CX 12,8,2026-08-26 17:27:56,https://casagarciafortaleza.com.br/index.php
Casa Garcia Gourmet,Confeitaria,BRILHO P/DECORACAO ROSA 3G FAB,FAB,6365,CX 12,8,2026-08-26 17:27:56,https://casagarciafortaleza.com.br/index.php
Casa Garcia Gourmet,Confeitaria,BRILHO P/DECORACAO VERDE 3G FAB,FAB,6362,CX 12,8,2026-08-26 17:27:56,https://casagarciafortaleza.com.br/index.php
Casa Garcia Gourmet,Confeitaria,BRILHO P/DECORACAO VERMELHO 3G FAB,FAB,6363,CX 12,8,2026-08-26 17:27:56,https://casagarciafortaleza.com.br/index.php
Casa Garcia Gourmet,Confeitaria,"BRILHO/COB MARACUJA C/SEM 1,01KG BOCARDO",BOCARDO,8698,CX 06,8,2026-08-26 17:27:56,https://casagarciafortaleza.com.br/index.php
Casa Garcia Gourmet,Confeitaria,"BRILHO/COB NEUTRO BOCARDO 1,01KG BOCARDO",BOCARDO,8699,CX 06,8,2026-08-26 17:27:56,https://casagarciafortaleza.com.br/index.php
Casa Garcia Gourmet,Confeitaria,BRILHO/COB NEUTRO BOCARDO 4KG BOCARDO,BOCARDO,8700,CX 06,8,2026-08-26 17:27:56,https://casagarciafortaleza.com.br/index.php
Casa Garcia Gourmet,Confeitaria,BUTTERCREAM 400G,MAVALERIO,662,CX 10,8,2026-08-26 17:27:56,https://casagarciafortaleza.com.br/index.php
Casa Garcia Gourmet,Confeitaria,CACAU EM PO ALCALINO 500G MAVALERIO,MAVALERIO,2154,CX 12,8,2026-08-26 17:27:56,https://casagarciafortaleza.com.br/index.php
Casa Garcia Gourmet,Confeitaria,CACAU EM PO SICAO 500G,SICAO,5840,CX 10,8,2026-08-26 17:27:56,https://casagarciafortaleza.com.br/index.php
Casa Garcia Gourmet,Confeitaria,CACAU PO 500G MELKEN,HARALD,5542,CX 16,8,2026-08-26 17:27:56,https://casagarciafortaleza.com.br/index.php
Casa Garcia Gourmet,Confeitaria,"CALDA DE PUDIM 4,8KG EMBRAMIX",EMBRAMIX,81150,CX 12,9,2026-08-26 17:27:58,https://casagarciafortaleza.com.br/index.php
Casa Garcia Gourmet,Confeitaria,CALDA P/BOLO CONG 907G FLAVOR,FLAVOR RIGHT,11758,CX 12,9,2026-08-26 17:27:58,https://casagarciafortaleza.com.br/index.php
Casa Garcia Gourmet,Confeitaria,CALDA P/BOLO SABOR LEITE COND DAMARE 1L,DAMARE,957,CX 12,9,2026-08-26 17:27:58,https://casagarciafortaleza.com.br/index.php
Casa Garcia Gourmet,Confeitaria,CALDA P/BOLO UHT PASTRY PRIDE 907G,PASTRY PRIDE,11760,CX 12,9,2026-08-26 17:27:58,https://casagarciafortaleza.com.br/index.php
Casa Garcia Gourmet,Confeitaria,CALDA P/MOLHAR BOLO SABOR TRES LEITES 1L,FLEISCHMANN,255,CX 12,9,2026-08-26 17:27:58,https://casagarciafortaleza.com.br/index.php
Casa Garcia Gourmet,Confeitaria,"CALDA PARA PUDIM 1,450KG",BIG MIX,2165,CX 04,9,2026-08-26 17:27:58,https://casagarciafortaleza.com.br/index.php
Casa Garcia Gourmet,Confeitaria,CANELA 500G,AGRONUTTS,79557,CX 20,9,2026-08-26 17:27:58,https://casagarciafortaleza.com.br/index.php
Casa Garcia Gourmet,Confeitaria,CANUTOS WAFER BAUNILHA/CHOCOLATE 1KG,STER BOM,20326,CX 01,9,2026-08-26 17:27:58,https://casagarciafortaleza.com.br/index.php
Casa Garcia Gourmet,Confeitaria,CARAVELA NOCCIOLA CRUNCH 3KG,MASTER MARTINI,10529,UN 01,9,2026-08-26 17:27:58,https://casagarciafortaleza.com.br/index.php
Casa Garcia Gourmet,Confeitaria,CARAVELLA GRAN NOCCIOLA 3KG,MASTER MARTINI,10524,UN 01,9,2026-08-26 17:27:58,https://casagarciafortaleza.com.br/index.php
Casa Garcia Gourmet,Confeitaria,CARAVELLA GRAN PISTACCHIO 3KG,MASTER MARTINI,10525,UN 01,9,2026-08-26 17:27:58,https://casagarciafortaleza.com.br/index.php
Casa Garcia Gourmet,Confeitaria,CARIBE CREME DE AVELA 3KG,MASTER MARTINI,10523,UN 01,9,2026-08-26 17:27:58,https://casagarciafortaleza.com.br/index.php
Casa Garcia Gourmet,Confeitaria,CASCAO PARA SORVETE M 120UN,STER BOM,20324,CX 01,10,2026-08-26 17:27:59,https://casagarciafortaleza.com.br/index.php
Casa Garcia Gourmet,Confeitaria,CASCAO PARA SORVETE P 120UN,STER BOM,20327,CX 01,10,2026-08-26 17:27:59,https://casagarciafortaleza.com.br/index.php
Casa Garcia Gourmet,Confeitaria,CASQUINHA PARA SORVETE 300UN,STER BOM,20323,CX 01,10,2026-08-26 17:27:59,https://casagarciafortaleza.com.br/index.php
Casa Garcia Gourmet,Confeitaria,CEREAL BALL COB CHOC LEITE VABENE 500G,VABENE,4768,CX 12,10,2026-08-26 17:27:59,https://casagarciafortaleza.com.br/index.php
Casa Garcia Gourmet,Confeitaria,CEREAL MICRO BALL COLORIDO VABENE 500G,VABENE,4001,CX 12,10,2026-08-26 17:27:59,https://casagarciafortaleza.com.br/index.php
Casa Garcia Gourmet,Confeitaria,CEREAL MICRO CHOC AO LEITE E BRANCO 500G,VABENE,9653,CX 12,10,2026-08-26 17:27:59,https://casagarciafortaleza.com.br/index.php
Casa Garcia Gourmet,Confeitaria,CEREAL MICRO COB C/ CHOC AO LEITE 500G,VABENE,3995,CX 12,10,2026-08-26 17:27:59,https://casagarciafortaleza.com.br/index.php
Casa Garcia Gourmet,Confeitaria,CEREAL MICRO COB C/ CHOC BRANCO 500G,VABENE,3996,CX 12,10,2026-08-26 17:27:59,https://casagarciafortaleza.com.br/index.php
Casa Garcia Gourmet,Confeitaria,CEREAL MINI CHOC AO LEITE E BRANCO 500G,VABENE,9652,CX 12,10,2026-08-26 17:27:59,https://casagarciafortaleza.com.br/index.php
Casa Garcia Gourmet,Confeitaria,CEREAL MINI COBERTO COM CHOC BRANCO 500G,VABENE,9689,CX 12,10,2026-08-26 17:27:59,https://casagarciafortaleza.com.br/index.php
Casa Garcia Gourmet,Confeitaria,"CERELIS ALISPEC 1,01KG",ALISPEC,2115,CX 12,10,2026-08-26 17:27:59,https://casagarciafortaleza.com.br/index.php
Casa Garcia Gourmet,Confeitaria,"CERELIS ALISPEC 4,5KG",ALISPEC,2114,CX 04,10,2026-08-26 17:27:59,https://casagarciafortaleza.com.br/index.php
Casa Garcia Gourmet,Confeitaria,CHANTIFIX ESTABILIZANTE P/CHANTILY 160G,MAVALERIO,663,CX 10,11,2026-08-26 17:28:01,https://casagarciafortaleza.com.br/index.php
Casa Garcia Gourmet,Confeitaria,CHANTILLY BASIC 907G PASTRY PRIDE,PASTRY PRIDE,11761,CX 12,11,2026-08-26 17:28:01,https://casagarciafortaleza.com.br/index.php
Casa Garcia Gourmet,Confeitaria,CHANTILLY CHOCOLATE 1L,FLEISCHMANN,214,CX 12,11,2026-08-26 17:28:01,https://casagarciafortaleza.com.br/index.php
Casa Garcia Gourmet,Confeitaria,CHANTILLY MIX AMELIA 1L,AMELIA,3416,cx12,11,2026-08-26 17:28:01,https://casagarciafortaleza.com.br/index.php
Casa Garcia Gourmet,Confeitaria,CHANTILLY MIX SUPREME AMELIA 1L,AMELIA,3414,cx12,11,2026-08-26 17:28:01,https://casagarciafortaleza.com.br/index.php
Casa Garcia Gourmet,Confeitaria,CHANTILLY PRIME 1L FLEISCHMANN,FLEISCHMANN,215,CX 12,11,2026-08-26 17:28:01,https://casagarciafortaleza.com.br/index.php
Casa Garcia Gourmet,Confeitaria,CHANTILLY REFRIGERATTO FLEISCHMANN 1L,FLEISCHMANN,79185,CX 12,11,2026-08-26 17:28:01,https://casagarciafortaleza.com.br/index.php
Casa Garcia Gourmet,Confeitaria,CHANTILLY STANDARD 907G PASTRY PRIDE,PASTRY PRIDE,11764,CX 12,11,2026-08-26 17:28:01,https://casagarciafortaleza.com.br/index.php
Casa Garcia Gourmet,Confeitaria,CHANTILLY STANDARD CHOC 907G PASTRY PRID,PASTRY PRIDE,11765,CX 12,11,2026-08-26 17:28:01,https://casagarciafortaleza.com.br/index.php
Casa Garcia Gourmet,Confeitaria,CHANTILLY TRADICIONAL 1L,FLEISCHMANN,213,CX 12,11,2026-08-26 17:28:01,https://casagarciafortaleza.com.br/index.php
Casa Garcia Gourmet,Confeitaria,CHANTILLY WHIP'N ICE CHOCOLATE 907G FLAV,FLAVOR RIGHT,11766,CX 12,11,2026-08-26 17:28:01,https://casagarciafortaleza.com.br/index.php
Casa Garcia Gourmet,Confeitaria,CHANTILLY WHIP'N ICE CREME 907G FLAVOR,FLAVOR RIGHT,11767,CX 12,11,2026-08-26 17:28:01,https://casagarciafortaleza.com.br/index.php
Casa Garcia Gourmet,Confeitaria,CHANTILLY WHIP'N TOP BAUN 907G FLAVOR,FLAVOR RIGHT,11768,CX 12,12,2026-08-26 17:28:03,https://casagarciafortaleza.com.br/index.php
Casa Garcia Gourmet,Confeitaria,CHANTILLY WHIP'N TOP CHOC 907G FLAVOR,FLAVOR RIGHT,11769,CX 12,12,2026-08-26 17:28:03,https://casagarciafortaleza.com.br/index.php
Casa Garcia Gourmet,Confeitaria,CHANTILLY WHIP'N TOP NATA 907G FLAVOR,FLAVOR RIGHT,11770,CX 12,12,2026-08-26 17:28:03,https://casagarciafortaleza.com.br/index.php
Casa Garcia Gourmet,Confeitaria,CHOC BALL MICRO SAB CARAMELO 300G,MAVALERIO,344,CX 12,12,2026-08-26 17:28:03,https://casagarciafortaleza.com.br/index.php
Casa Garcia Gourmet,Confeitaria,CHOC BALL MICRO SAB CHO/BR/CAR CX12X300G,MAVALERIO,661,CX 12,12,2026-08-26 17:28:03,https://casagarciafortaleza.com.br/index.php
Casa Garcia Gourmet,Confeitaria,CHOCO POWER BALL AO LEITE 500G,MAVALERIO,2156,CX 12,12,2026-08-26 17:28:03,https://casagarciafortaleza.com.br/index.php
Casa Garcia Gourmet,Confeitaria,CHOCO POWER CHOCOLATE BRANCO 300G,MAVALERIO,9180,CX 12,12,2026-08-26 17:28:03,https://casagarciafortaleza.com.br/index.php
Casa Garcia Gourmet,Confeitaria,CHOCO POWER MICRO AO LEITE E BCO 500G,MAVALERIO,2155,CX 12,12,2026-08-26 17:28:03,https://casagarciafortaleza.com.br/index.php
Casa Garcia Gourmet,Confeitaria,CHOCO POWER MICRO BALL BRANCO 300G,MAVALERIO,2483,CX 12,12,2026-08-26 17:28:03,https://casagarciafortaleza.com.br/index.php
Casa Garcia Gourmet,Confeitaria,CHOCO POWER MICRO BALL CHOCOLATE 300G,MAVALERIO,2626,CX 12,12,2026-08-26 17:28:03,https://casagarciafortaleza.com.br/index.php
Casa Garcia Gourmet,Confeitaria,CHOCO POWER MICRO BALL COLORIDO 300G,MAVALERIO,2482,CX 12,12,2026-08-26 17:28:03,https://casagarciafortaleza.com.br/index.php
Casa Garcia Gourmet,Confeitaria,CHOCO POWER MINI BALL BRANCO 300G,MAVALERIO,2484,CX 12,12,2026-08-26 17:28:03,https://casagarciafortaleza.com.br/index.php
Casa Garcia Gourmet,Confeitaria,CHOCO POWER MINI BALL CHOCOLATE 300G,MAVALERIO,9173,CX 12,13,2026-08-26 17:28:04,https://casagarciafortaleza.com.br/index.php
Casa Garcia Gourmet,Confeitaria,CHOCO POWER MINI BALL LEITE/BRANCO 500G,MAVALERIO,2158,CX 12,13,2026-08-26 17:28:04,https://casagarciafortaleza.com.br/index.php
Casa Garcia Gourmet,Confeitaria,CHOCOGIROS 300G AMARELO,MAVALERIO,2524,CX 12,13,2026-08-26 17:28:04,https://casagarciafortaleza.com.br/index.php
Casa Garcia Gourmet,Confeitaria,CHOCOGIROS 300G AZUL,MAVALERIO,2522,CX 12,13,2026-08-26 17:28:04,https://casagarciafortaleza.com.br/index.php
Casa Garcia Gourmet,Confeitaria,CHOCOGIROS 300G ROSA,MAVALERIO,2523,CX 12,13,2026-08-26 17:28:04,https://casagarciafortaleza.com.br/index.php
Casa Garcia Gourmet,Confeitaria,CHOCOGIROS 300G VERDE,MAVALERIO,2500,CX 12,13,2026-08-26 17:28:04,https://casagarciafortaleza.com.br/index.php
Casa Garcia Gourmet,Confeitaria,CHOCOGIROS 300G VERMELHO,MAVALERIO,2521,CX 12,13,2026-08-26 17:28:04,https://casagarciafortaleza.com.br/index.php
Casa Garcia Gourmet,Confeitaria,CHOCOGIROS 500G COLORIDO,MAVALERIO,2164,CX 12,13,2026-08-26 17:28:04,https://casagarciafortaleza.com.br/index.php
Casa Garcia Gourmet,Confeitaria,"CHOCOLATE AO LEITE 1,01KG GOLD SICAO",SICAO,5841,CX 10,13,2026-08-26 17:28:04,https://casagarciafortaleza.com.br/index.php
Casa Garcia Gourmet,Confeitaria,"CHOCOLATE AO LEITE 1,01KG MELKEN",MELKEN,5498,CX 10,13,2026-08-26 17:28:04,https://casagarciafortaleza.com.br/index.php
Casa Garcia Gourmet,Confeitaria,CHOCOLATE AO LEITE 1KG GENUINE,GENUINE,6512,CX 10,13,2026-08-26 17:28:04,https://casagarciafortaleza.com.br/index.php
Casa Garcia Gourmet,Confeitaria,"CHOCOLATE BLEND 1,01KG GOLD SICAO",SICAO,5862,CX 10,13,2026-08-26 17:28:04,https://casagarciafortaleza.com.br/index.php
Casa Garcia Gourmet,Confeitaria,"CHOCOLATE BLEND NAMUR 1,01KG MIX",MIX,80199,CX 10,14,2026-08-26 17:28:06,https://casagarciafortaleza.com.br/index.php
Casa Garcia Gourmet,Confeitaria,"CHOCOLATE BRANCO 1,01KG GOLD SICAO",SICAO,9680,CX 10,14,2026-08-26 17:28:06,https://casagarciafortaleza.com.br/index.php
Casa Garcia Gourmet,Confeitaria,"CHOCOLATE BRANCO 1,01KG MELKEN",MELKEN,5497,CX 10,14,2026-08-26 17:28:06,https://casagarciafortaleza.com.br/index.php
Casa Garcia Gourmet,Confeitaria,"CHOCOLATE BRANCO 1,05KG GENUINE",GENUINE,6510,CX 10,14,2026-08-26 17:28:06,https://casagarciafortaleza.com.br/index.php
Casa Garcia Gourmet,Confeitaria,CHOCOLATE BRANCO 1KG GENUINE,GENUINE,6023,CX 10,14,2026-08-26 17:28:06,https://casagarciafortaleza.com.br/index.php
Casa Garcia Gourmet,Confeitaria,"CHOCOLATE EM PO 32% 1,01KG MAVALERIO",MAVALERIO,2502,CX 10,14,2026-08-26 17:28:06,https://casagarciafortaleza.com.br/index.php
Casa Garcia Gourmet,Confeitaria,CHOCOLATE EM PO 32% LA RECETTE 1KG,LA RECETTE,2151,PC 10,14,2026-08-26 17:28:06,https://casagarciafortaleza.com.br/index.php
Casa Garcia Gourmet,Confeitaria,"CHOCOLATE EM PO 33% 1,050KG MELKEN",MELKEN,5513,CX 10,14,2026-08-26 17:28:06,https://casagarciafortaleza.com.br/index.php
Casa Garcia Gourmet,Confeitaria,CHOCOLATE EM PO 33% 300G SICAO,SICAO,5857,CX 20,14,2026-08-26 17:28:06,https://casagarciafortaleza.com.br/index.php
Casa Garcia Gourmet,Confeitaria,CHOCOLATE EM PO 33% BIG MIX 1KG,BIG MIX,2285,FD 10,14,2026-08-26 17:28:06,https://casagarciafortaleza.com.br/index.php
Casa Garcia Gourmet,Confeitaria,"CHOCOLATE EM PO 33% DAMARE FOOD 1,01KG",DAMARE,978,FD 10,14,2026-08-26 17:28:06,https://casagarciafortaleza.com.br/index.php
Casa Garcia Gourmet,Confeitaria,"CHOCOLATE EM PO 50% 1,01KG MAVALERIO",MAVALERIO,2501,CX 10,14,2026-08-26 17:28:06,https://casagarciafortaleza.com.br/index.php
Casa Garcia Gourmet,Confeitaria,"CHOCOLATE EM PO 50% 1,01KG SICAO",SICAO,9081,CX 10,15,2026-08-26 17:28:07,https://casagarciafortaleza.com.br/index.php
Casa Garcia Gourmet,Confeitaria,"CHOCOLATE EM PO 50% 1,050KG MELKEN",MELKEN,5514,CX 10,15,2026-08-26 17:28:07,https://casagarciafortaleza.com.br/index.php
Casa Garcia Gourmet,Confeitaria,CHOCOLATE EM PO 50% 1KG FLEISCHMANN,FLEISCHMANN,3703,CX 10,15,2026-08-26 17:28:07,https://casagarciafortaleza.com.br/index.php
Casa Garcia Gourmet,Confeitaria,CHOCOLATE EM PO 50% BIG MIX 1KG,BIG MIX,2290,FD 10,15,2026-08-26 17:28:07,https://casagarciafortaleza.com.br/index.php
Casa Garcia Gourmet,Confeitaria,"CHOCOLATE EM PO 50% DAMARE FOOD 1,01KG",DAMARE,979,FD 10,15,2026-08-26 17:28:07,https://casagarciafortaleza.com.br/index.php
Casa Garcia Gourmet,Confeitaria,CHOCOLATE EM PO 50% LA RECETTE 1KG,LA RECETTE,2150,PC 10,15,2026-08-26 17:28:07,https://casagarciafortaleza.com.br/index.php
Casa Garcia Gourmet,Confeitaria,CHOCOLATE EM PO 70% 500G MAVALERIO,MAVALERIO,2515,CX 12,15,2026-08-26 17:28:07,https://casagarciafortaleza.com.br/index.php
Casa Garcia Gourmet,Confeitaria,CHOCOLATE EM PO 70% 500G MELKEN,MELKEN,1042,CX 16,15,2026-08-26 17:28:07,https://casagarciafortaleza.com.br/index.php
Casa Garcia Gourmet,Confeitaria,CHOCOLATE EM PO CACAU 100% 500G MIX,MIX,80201,CX 10,15,2026-08-26 17:28:07,https://casagarciafortaleza.com.br/index.php
Casa Garcia Gourmet,Confeitaria,CHOCOLATE EM PO CACAU 70% 500G MIX,MIX,80205,CX 10,15,2026-08-26 17:28:07,https://casagarciafortaleza.com.br/index.php
Casa Garcia Gourmet,Confeitaria,CHOCOLATE EM PO SOLUVEL 32% 1KG FLEISCHMANN,FLEISCHMANN,3702,CX 10,15,2026-08-26 17:28:07,https://casagarciafortaleza.com.br/index.php
Casa Garcia Gourmet,Confeitaria,"CHOCOLATE MEIO AMARGO 1,01KG GOLD SICAO",SICAO,5845,CX 10,15,2026-08-26 17:28:07,https://casagarciafortaleza.com.br/index.php
Casa Garcia Gourmet,Confeitaria,"CHOCOLATE MEIO AMARGO 1,01KG MELKEN",MELKEN,5496,CX 10,16,2026-08-26 17:28:09,https://casagarciafortaleza.com.br/index.php
Casa Garcia Gourmet,Confeitaria,CHOCOLATE MEIO AMARGO 1KG GENUINE,GENUINE,6511,CX 10,16,2026-08-26 17:28:09,https://casagarciafortaleza.com.br/index.php
Casa Garcia Gourmet,Confeitaria,CLARA DE OVO PAST RESF 1KG,FLEISCHEGG'S,226,CX 12,16,2026-08-26 17:28:09,https://casagarciafortaleza.com.br/index.php
Casa Garcia Gourmet,Confeitaria,CLARA DE OVO PAST RESF AVINE 1KG,AVINE,682,CX 10,16,2026-08-26 17:28:09,https://casagarciafortaleza.com.br/index.php
Casa Garcia Gourmet,Confeitaria,CMC MAGO 50G,MAGO,2261,CX 10,16,2026-08-26 17:28:09,https://casagarciafortaleza.com.br/index.php
Casa Garcia Gourmet,Confeitaria,"COB BARRA AVELA 1,01KG TOP",HARALD,81277,CX 10,16,2026-08-26 17:28:09,https://casagarciafortaleza.com.br/index.php
Casa Garcia Gourmet,Confeitaria,"COB BARRA CARAMELO 1,01KG TOP",HARALD,81278,CX 10,16,2026-08-26 17:28:09,https://casagarciafortaleza.com.br/index.php
Casa Garcia Gourmet,Confeitaria,COB BARRA MEIO AMARGO 500G TOP,HARALD,80249,CX 10,16,2026-08-26 17:28:09,https://casagarciafortaleza.com.br/index.php
Casa Garcia Gourmet,Confeitaria,"COB BARRA PISTACHE 1,010KG TOP",HARALD,81279,CX 10,16,2026-08-26 17:28:09,https://casagarciafortaleza.com.br/index.php
Casa Garcia Gourmet,Confeitaria,"COB CHOC BRANCO 1,01KG DIA SICAO",SICAO,10204,CX 10,16,2026-08-26 17:28:09,https://casagarciafortaleza.com.br/index.php
Casa Garcia Gourmet,Confeitaria,COB CONF BARRA MEIO AMARGO 500G HARALD,HARALD,80248,CX 10,16,2026-08-26 17:28:09,https://casagarciafortaleza.com.br/index.php
Casa Garcia Gourmet,Confeitaria,"COB CONF SABOR CHOC AO LEITE 1,01KG",MAVALERIO,2184,CX 10,16,2026-08-26 17:28:09,https://casagarciafortaleza.com.br/index.php
Casa Garcia Gourmet,Confeitaria,"COB CONF SABOR CHOC BRANCO 1,01KG",MAVALERIO,2183,CX 10,17,2026-08-26 17:28:10,https://casagarciafortaleza.com.br/index.php
Casa Garcia Gourmet,Confeitaria,"COB CONF SABOR CHOC M AMARGO 1,01KG",MAVALERIO,2185,CX 10,17,2026-08-26 17:28:10,https://casagarciafortaleza.com.br/index.php
Casa Garcia Gourmet,Confeitaria,"COB CONFEITEIRO FRAC AO LEITE 1,01KG",HARALD,5486,CX 10,17,2026-08-26 17:28:10,https://casagarciafortaleza.com.br/index.php
Casa Garcia Gourmet,Confeitaria,"COB CONFEITEIRO FRAC BRANCO 1,01KG",HARALD,5487,CX 10,17,2026-08-26 17:28:10,https://casagarciafortaleza.com.br/index.php
Casa Garcia Gourmet,Confeitaria,"COB CONFEITEIRO FRAC MEIO AMARGO 1,01KG",HARALD,5485,CX 10,17,2026-08-26 17:28:10,https://casagarciafortaleza.com.br/index.php
Casa Garcia Gourmet,Confeitaria,"COB CONFEITEIRO FRAC MEIO AMARGO 2,1KG",HARALD,5553,CX 06,17,2026-08-26 17:28:10,https://casagarciafortaleza.com.br/index.php
Casa Garcia Gourmet,Confeitaria,"COB FRAC PREMIUM AMARGO 1,01KG",MAVALERIO,2627,CX 10,17,2026-08-26 17:28:10,https://casagarciafortaleza.com.br/index.php
Casa Garcia Gourmet,Confeitaria,"COB FRAC PREMIUM BLEND 1,01KG",MAVALERIO,2174,CX 10,17,2026-08-26 17:28:10,https://casagarciafortaleza.com.br/index.php
Casa Garcia Gourmet,Confeitaria,"COB FRAC PREMIUM CHOC AO LEITE 1,01KG",MAVALERIO,2175,CX 10,17,2026-08-26 17:28:10,https://casagarciafortaleza.com.br/index.php
Casa Garcia Gourmet,Confeitaria,"COB FRAC PREMIUM CHOC AO LEITE 2,01KG",MAVALERIO,2168,CX 05,17,2026-08-26 17:28:10,https://casagarciafortaleza.com.br/index.php
Casa Garcia Gourmet,Confeitaria,"COB FRAC PREMIUM CHOC BCO 2,01KG",MAVALERIO,2171,CX 05,17,2026-08-26 17:28:10,https://casagarciafortaleza.com.br/index.php
Casa Garcia Gourmet,Confeitaria,"COB FRAC PREMIUM CHOC BRANCO 1,01KG",MAVALERIO,2172,CX 10,17,2026-08-26 17:28:10,https://casagarciafortaleza.com.br/index.php
Casa Garcia Gourmet,Confeitaria,"COB FRAC PREMIUM CHOC M AMARGO 1,01KG",MAVALERIO,2176,CX 10,18,2026-08-26 17:28:12,https://casagarciafortaleza.com.br/index.php
Casa Garcia Gourmet,Confeitaria,"COB FRAC PREMIUM CHOC M AMARGO 2,01KG",MAVALERIO,2170,CX 05,18,2026-08-26 17:28:12,https://casagarciafortaleza.com.br/index.php
Casa Garcia Gourmet,Confeitaria,"COB FRAC PREMIUM GOTAS AO LEITE 1,01KG",MAVALERIO,9182,CX 10,18,2026-08-26 17:28:12,https://casagarciafortaleza.com.br/index.php
Casa Garcia Gourmet,Confeitaria,"COB FRAC PREMIUM GOTAS BRANCO 1,01KG",MAVALERIO,9187,CX 10,18,2026-08-26 17:28:12,https://casagarciafortaleza.com.br/index.php
Casa Garcia Gourmet,Confeitaria,"COB FRAC PREMIUM GOTAS CHOC AMARG 1,01KG",MAVALERIO,9151,CX 10,18,2026-08-26 17:28:12,https://casagarciafortaleza.com.br/index.php
Casa Garcia Gourmet,Confeitaria,"COB FRAC PREMIUM GOTAS CHOC BRANCO 2,1KG",MAVALERIO,2624,CX 05,18,2026-08-26 17:28:12,https://casagarciafortaleza.com.br/index.php
Casa Garcia Gourmet,Confeitaria,"COB FRAC PREMIUM GOTAS M AMARGO 1,01KG",MAVALERIO,9183,CX 10,18,2026-08-26 17:28:12,https://casagarciafortaleza.com.br/index.php
Casa Garcia Gourmet,Confeitaria,"COB FRAC PREMIUM GOTAS M AMARGO 2,1KG",MAVALERIO,9188,CX 05,18,2026-08-26 17:28:12,https://casagarciafortaleza.com.br/index.php
Casa Garcia Gourmet,Confeitaria,"COB FRAC SABOR CHOCOLATE BLEND 1,01KG",MAVALERIO,2477,CX 10,18,2026-08-26 17:28:12,https://casagarciafortaleza.com.br/index.php
Casa Garcia Gourmet,Confeitaria,"COB GANACHE CHOC AO LEITE VABENE 1,01KG",VABENE,4025,CX 06,18,2026-08-26 17:28:12,https://casagarciafortaleza.com.br/index.php
Casa Garcia Gourmet,Confeitaria,COB GANACHE CHOC AO LEITE VABENE 4KG,VABENE,9623,CX 04,18,2026-08-26 17:28:12,https://casagarciafortaleza.com.br/index.php
Casa Garcia Gourmet,Confeitaria,"COB GANACHE CHOC BRANCO VABENE 1,01KG",VABENE,4029,CX 06,18,2026-08-26 17:28:12,https://casagarciafortaleza.com.br/index.php
Casa Garcia Gourmet,Confeitaria,"COB GANACHE CHOC MEIO AMAR VABENE 1,01KG",VABENE,4028,CX 06,19,2026-08-26 17:28:13,https://casagarciafortaleza.com.br/index.php
Casa Garcia Gourmet,Confeitaria,"COB GOTAS AVELA 1,050KG TOP",HARALD,5466,CX 10,19,2026-08-26 17:28:13,https://casagarciafortaleza.com.br/index.php
Casa Garcia Gourmet,Confeitaria,"COB GOTAS BLEND 1,050KG TOP",HARALD,5511,CX 10,19,2026-08-26 17:28:13,https://casagarciafortaleza.com.br/index.php
Casa Garcia Gourmet,Confeitaria,"COB GOTAS CHOC BLEND 1,01KG TOP",MELKEN,7648,CX 10,19,2026-08-26 17:28:13,https://casagarciafortaleza.com.br/index.php
Casa Garcia Gourmet,Confeitaria,"COB GOTAS CONFEITEIRO M AMARGO 1,01KG",HARALD,5470,CX 10,19,2026-08-26 17:28:13,https://casagarciafortaleza.com.br/index.php
Casa Garcia Gourmet,Confeitaria,"COB GOTAS INTENSO 1,050KG TOP",HARALD,5467,CX 10,19,2026-08-26 17:28:13,https://casagarciafortaleza.com.br/index.php
Casa Garcia Gourmet,Confeitaria,"COB GOTAS PISTACHE TOP 1,01KG",HARALD,78272,CX 10,19,2026-08-26 17:28:13,https://casagarciafortaleza.com.br/index.php
Casa Garcia Gourmet,Confeitaria,"COB GTS CHOC MEIO AMARGO MIX 2,01KG",MIX,80163,CX 05,19,2026-08-26 17:28:13,https://casagarciafortaleza.com.br/index.php
Casa Garcia Gourmet,Confeitaria,"COB GTS M AMARGO INOVARE INTENSO 2,05KG",HARALD,78601,CX 05,19,2026-08-26 17:28:13,https://casagarciafortaleza.com.br/index.php
Casa Garcia Gourmet,Confeitaria,"COB P/SORVETE CARAMELO 1,3KG",LA RECETTE,2187,CX 12,19,2026-08-26 17:28:13,https://casagarciafortaleza.com.br/index.php
Casa Garcia Gourmet,Confeitaria,"COB P/SORVETE CHOCOLATE 1,3KG",LA RECETTE,2188,CX 12,19,2026-08-26 17:28:13,https://casagarciafortaleza.com.br/index.php
Casa Garcia Gourmet,Confeitaria,"COB P/SORVETE LEITE COND 1,3KG",LA RECETTE,2163,CX 12,19,2026-08-26 17:28:13,https://casagarciafortaleza.com.br/index.php
Casa Garcia Gourmet,Confeitaria,"COB P/SORVETE MORANGO 1,3KG",LA RECETTE,2189,CX 12,20,2026-08-26 17:28:15,https://casagarciafortaleza.com.br/index.php
Casa Garcia Gourmet,Confeitaria,"COB SABOR CHOC AO LEITE 1,01KG SICAO",SICAO,5861,CX 10,20,2026-08-26 17:28:15,https://casagarciafortaleza.com.br/index.php
Casa Garcia Gourmet,Confeitaria,"COB SABOR CHOC BLEND 1,01KG MAIS SICAO",SICAO,5847,CX 10,20,2026-08-26 17:28:15,https://casagarciafortaleza.com.br/index.php
Casa Garcia Gourmet,Confeitaria,"COB SABOR CHOC BRANCO 1,01KG SICAO",SICAO,5849,CX 10,20,2026-08-26 17:28:15,https://casagarciafortaleza.com.br/index.php
Casa Garcia Gourmet,Confeitaria,"COB SABOR CHOC M AMARGO 1,01KG SICAO",SICAO,5843,CX 10,20,2026-08-26 17:28:15,https://casagarciafortaleza.com.br/index.php
Casa Garcia Gourmet,Confeitaria,"COBERT CHOC AO LEITE SUPREM 1,01KG MIX",MIX,80196,CX 10,20,2026-08-26 17:28:15,https://casagarciafortaleza.com.br/index.php
Casa Garcia Gourmet,Confeitaria,"COBERT CHOC MEIO AMARG SUPREM 1,01KG MIX",MIX,80200,CX 10,20,2026-08-26 17:28:15,https://casagarciafortaleza.com.br/index.php
Casa Garcia Gourmet,Confeitaria,"COBERTURA CHOC BLEND SUPREME 1,01KG MIX",MIX,80203,CX 10,20,2026-08-26 17:28:15,https://casagarciafortaleza.com.br/index.php
Casa Garcia Gourmet,Confeitaria,"COBERTURA CHOC BRANCO MIX 2,01KG",MIX,80158,CX 05,20,2026-08-26 17:28:15,https://casagarciafortaleza.com.br/index.php
Casa Garcia Gourmet,Confeitaria,"COBERTURA CHOC BRANCO SUPREM 1,01KG MIX",MIX,80197,CX 10,20,2026-08-26 17:28:15,https://casagarciafortaleza.com.br/index.php
Casa Garcia Gourmet,Confeitaria,COBERTURA CHOCOLATE 4KG,FLEISCHMANN,252,FD 04,20,2026-08-26 17:28:15,https://casagarciafortaleza.com.br/index.php
Casa Garcia Gourmet,Confeitaria,COBERTURA EM PO ACUCAR GELADO NEUTRO 1KG,MIX,80184,CX 10,20,2026-08-26 17:28:15,https://casagarciafortaleza.com.br/index.php
Casa Garcia Gourmet,Confeitaria,"COBERTURA GTS CHOC AO LEITE 2,01KG",MIX,80156,CX 05,21,2026-08-26 17:28:16,https://casagarciafortaleza.com.br/index.php
Casa Garcia Gourmet,Confeitaria,"COBERTURA GTS CHOC BLEND MIX 2,01KG",MIX,80157,CX 05,21,2026-08-26 17:28:16,https://casagarciafortaleza.com.br/index.php
Casa Garcia Gourmet,Confeitaria,COBERTURA RASPAR/COBRIR AO LEITE 5KG,HARALD,5476,CX 05,21,2026-08-26 17:28:16,https://casagarciafortaleza.com.br/index.php
Casa Garcia Gourmet,Confeitaria,COBERTURA RASPAR/COBRIR BRANCO 5KG,HARALD,5475,CX 05,21,2026-08-26 17:28:16,https://casagarciafortaleza.com.br/index.php
Casa Garcia Gourmet,Confeitaria,COBERTURA RASPAR/COBRIR MEIO AMARGO 5KG,HARALD,5477,CX 05,21,2026-08-26 17:28:16,https://casagarciafortaleza.com.br/index.php
Casa Garcia Gourmet,Confeitaria,COCO FLOCOS 1KG,SUPER,2118,PC 10,21,2026-08-26 17:28:16,https://casagarciafortaleza.com.br/index.php
Casa Garcia Gourmet,Confeitaria,COCO FLOCOS 5KG,SUPER,2127,PC 01,21,2026-08-26 17:28:16,https://casagarciafortaleza.com.br/index.php
Casa Garcia Gourmet,Confeitaria,COCO RALADO FINO 1KG,SUPER,2123,CX 10,21,2026-08-26 17:28:16,https://casagarciafortaleza.com.br/index.php
Casa Garcia Gourmet,Confeitaria,COCO RALADO FINO 5KG,SUPER,2126,PC 01,21,2026-08-26 17:28:16,https://casagarciafortaleza.com.br/index.php
Casa Garcia Gourmet,Confeitaria,COCO RALADO MEDIO 1KG,SUPER,2124,FD 10,21,2026-08-26 17:28:16,https://casagarciafortaleza.com.br/index.php
Casa Garcia Gourmet,Confeitaria,COCO RALADO MEDIO 5KG,SUPER,2125,PC 01,21,2026-08-26 17:28:16,https://casagarciafortaleza.com.br/index.php
Casa Garcia Gourmet,Confeitaria,CONF FIG ESTRELINHAS BCO/AZUL/VERM 150G,MIL CORES,2708,CX 16,21,2026-08-26 17:28:16,https://casagarciafortaleza.com.br/index.php
Casa Garcia Gourmet,Confeitaria,CONF FIGURA BORBOLETA 120G,MIL CORES,80977,CX 16,22,2026-08-26 17:28:18,https://casagarciafortaleza.com.br/index.php
Casa Garcia Gourmet,Confeitaria,CONF FIGURA BORBOLETA 150G,MIL CORES,2628,CX 16,22,2026-08-26 17:28:18,https://casagarciafortaleza.com.br/index.php
Casa Garcia Gourmet,Confeitaria,CONF FIGURA BRANCA E PRETA N 0 150G,MIL CORES,2723,CX 24,22,2026-08-26 17:28:18,https://casagarciafortaleza.com.br/index.php
Casa Garcia Gourmet,Confeitaria,CONF FIGURA BRANCA E ROSA N 0 150G,MIL CORES,2725,CX 24,22,2026-08-26 17:28:18,https://casagarciafortaleza.com.br/index.php
Casa Garcia Gourmet,Confeitaria,CONF FIGURA CONFETE 150G,MIL CORES,2641,CX 16,22,2026-08-26 17:28:18,https://casagarciafortaleza.com.br/index.php
Casa Garcia Gourmet,Confeitaria,CONF FIGURA CORACAO 150G,MIL CORES,2640,CX 16,22,2026-08-26 17:28:18,https://casagarciafortaleza.com.br/index.php
Casa Garcia Gourmet,Confeitaria,CONF FIGURA ESTRELINHAS 150G,MIL CORES,2642,CX 16,22,2026-08-26 17:28:18,https://casagarciafortaleza.com.br/index.php
Casa Garcia Gourmet,Confeitaria,CONF FIGURA MINI CONFETE 120G,MAVALERIO,78401,CX 16,22,2026-08-26 17:28:18,https://casagarciafortaleza.com.br/index.php
Casa Garcia Gourmet,Confeitaria,CONF FIGURA MINI CONFETE 150G,MIL CORES,2629,CX 16,22,2026-08-26 17:28:18,https://casagarciafortaleza.com.br/index.php
Casa Garcia Gourmet,Confeitaria,"CONF GRANULADO CROC ESCURO 1,050KG",HARALD,5520,CX 10,22,2026-08-26 17:28:18,https://casagarciafortaleza.com.br/index.php
Casa Garcia Gourmet,Confeitaria,"CONF GRANULADO MACIO ESCURO 1,050KG",HARALD,5518,CX 10,22,2026-08-26 17:28:18,https://casagarciafortaleza.com.br/index.php
Casa Garcia Gourmet,Confeitaria,CONF MICANGA AMARELA N 0 500G,MIL CORES,2192,CX 10,22,2026-08-26 17:28:18,https://casagarciafortaleza.com.br/index.php
Casa Garcia Gourmet,Confeitaria,CONF MICANGA AZUL N 0 500G,MIL CORES,2212,CX 10,23,2026-08-26 17:28:20,https://casagarciafortaleza.com.br/index.php
Casa Garcia Gourmet,Confeitaria,CONF MICANGA BRANCA N 0 500G,MIL CORES,2197,CX 10,23,2026-08-26 17:28:20,https://casagarciafortaleza.com.br/index.php
Casa Garcia Gourmet,Confeitaria,CONF MICANGA CHOCOLATE 500G MIL CORES,MIL CORES,2193,CX 10,23,2026-08-26 17:28:20,https://casagarciafortaleza.com.br/index.php
Casa Garcia Gourmet,Confeitaria,CONF MICANGA COLORIDA N 0 500G,MIL CORES,2194,CX 10,23,2026-08-26 17:28:20,https://casagarciafortaleza.com.br/index.php
Casa Garcia Gourmet,Confeitaria,CONF MICANGA PRETA N 0 500G,MIL CORES,2191,CX 10,23,2026-08-26 17:28:20,https://casagarciafortaleza.com.br/index.php
Casa Garcia Gourmet,Confeitaria,CONF MICANGA ROSA N 0 500G,MIL CORES,2201,CX 10,23,2026-08-26 17:28:20,https://casagarciafortaleza.com.br/index.php
Casa Garcia Gourmet,Confeitaria,CONF MICANGA VERM N 0 500G,MIL CORES,2196,CX 10,23,2026-08-26 17:28:20,https://casagarciafortaleza.com.br/index.php
Casa Garcia Gourmet,Confeitaria,"CONF RECHEIO FORN AO LEITE 1,050KG",MELKEN,5510,CX 08,23,2026-08-26 17:28:20,https://casagarciafortaleza.com.br/index.php
Casa Garcia Gourmet,Confeitaria,CONFEITE VERDE AMARELO TOP 400G,HARALD,81538,CX 12,23,2026-08-26 17:28:20,https://casagarciafortaleza.com.br/index.php
Casa Garcia Gourmet,Confeitaria,CONFEITO BRIGADEIRO MICANGA MIX 500G,MIX,80154,CX 10,23,2026-08-26 17:28:20,https://casagarciafortaleza.com.br/index.php
Casa Garcia Gourmet,Confeitaria,"CONFEITO CHOC ESC FLOCOS MACIO 1,01KG",MIX,80162,CX 10,23,2026-08-26 17:28:20,https://casagarciafortaleza.com.br/index.php
Casa Garcia Gourmet,Confeitaria,"CONFEITO CHOC SUP CHOCOCHIPS MIX 1,01KG",MIX,80165,CX 10,23,2026-08-26 17:28:20,https://casagarciafortaleza.com.br/index.php
Casa Garcia Gourmet,Confeitaria,CONFEITO CONFEITE PISTACHE TOP 400G,HARALD,78454,CX 12,24,2026-08-26 17:28:21,https://casagarciafortaleza.com.br/index.php
Casa Garcia Gourmet,Confeitaria,CONFEITO FLOCOS MACIO CHOC ESC 500G MIX,MIX,80015,CX 18,24,2026-08-26 17:28:21,https://casagarciafortaleza.com.br/index.php
Casa Garcia Gourmet,Confeitaria,CONFEITO FLOCOS MACIO CHOC MESC 500G MIX,MIX,80016,CX 18,24,2026-08-26 17:28:21,https://casagarciafortaleza.com.br/index.php
Casa Garcia Gourmet,Confeitaria,CONFEITO FLOCOS MACIO PISTACHE 500G MIX,MIX,80014,CX 18,24,2026-08-26 17:28:21,https://casagarciafortaleza.com.br/index.php
Casa Garcia Gourmet,Confeitaria,CONFEITO MICANGA 8 CORES MIX 500G,MIX,80148,CX 10,24,2026-08-26 17:28:21,https://casagarciafortaleza.com.br/index.php
Casa Garcia Gourmet,Confeitaria,COOKIES GOTAS CHOC VABENE 1KG,VABENE,9699,CX 06,24,2026-08-26 17:28:21,https://casagarciafortaleza.com.br/index.php
Casa Garcia Gourmet,Confeitaria,COOKIES SABOR BAUNILHA VABENE 1KG,VABENE,9658,CX 06,24,2026-08-26 17:28:21,https://casagarciafortaleza.com.br/index.php
Casa Garcia Gourmet,Confeitaria,COOKIES SABOR CHOC VABENE 1KG,VABENE,3992,CX 06,24,2026-08-26 17:28:21,https://casagarciafortaleza.com.br/index.php
Casa Garcia Gourmet,Confeitaria,COOKIES SABOR MORANGO VABENE 1KG,VABENE,4003,CX 06,24,2026-08-26 17:28:21,https://casagarciafortaleza.com.br/index.php
Casa Garcia Gourmet,Confeitaria,CORANTE AMARELO GEMA 1KG EMBRAMIX,EMBRAMIX,81424,CX 01,24,2026-08-26 17:28:21,https://casagarciafortaleza.com.br/index.php
Casa Garcia Gourmet,Confeitaria,CORANTE AMARELO GEMA LIQ 960ML,LA RECETTE,369,CX 12,24,2026-08-26 17:28:21,https://casagarciafortaleza.com.br/index.php
Casa Garcia Gourmet,Confeitaria,CORANTE AMARELO OVO 100G,LA RECETTE,370,CX 30,24,2026-08-26 17:28:21,https://casagarciafortaleza.com.br/index.php
Casa Garcia Gourmet,Confeitaria,CORANTE ART PRETO INTENSO 150G MIX,MIX,80191,CX 06,25,2026-08-26 17:28:23,https://casagarciafortaleza.com.br/index.php
Casa Garcia Gourmet,Confeitaria,CORANTE ART VERDE FOLHA SOFTGEL 150G MIX,MIX,80192,CX 06,25,2026-08-26 17:28:23,https://casagarciafortaleza.com.br/index.php
Casa Garcia Gourmet,Confeitaria,CORANTE ART VERM MORANG SOFTGEL 150G MIX,MIX,80194,CX 06,25,2026-08-26 17:28:23,https://casagarciafortaleza.com.br/index.php
Casa Garcia Gourmet,Confeitaria,CORANTE ART VERM NATAL 150G MIX,MIX,80195,CX 06,25,2026-08-26 17:28:23,https://casagarciafortaleza.com.br/index.php
Casa Garcia Gourmet,Confeitaria,"CORANTE CARAMELO LIQ 6,5KG",LA RECETTE,2289,UN 01,25,2026-08-26 17:28:23,https://casagarciafortaleza.com.br/index.php
Casa Garcia Gourmet,Confeitaria,CORANTE EM PO DIOXIDO DE TITANIO BCO 15G,MAGO,883,CX 08,25,2026-08-26 17:28:23,https://casagarciafortaleza.com.br/index.php
Casa Garcia Gourmet,Confeitaria,CORANTE EM PO HIDROSSOLUVEL AMARELO 5G,MAGO,534,CX 08,25,2026-08-26 17:28:23,https://casagarciafortaleza.com.br/index.php
Casa Garcia Gourmet,Confeitaria,CORANTE EM PO HIDROSSOLUVEL AZUL 5G,MAGO,535,CX 08,25,2026-08-26 17:28:23,https://casagarciafortaleza.com.br/index.php
Casa Garcia Gourmet,Confeitaria,CORANTE EM PO P/CHOCOLATE AMARELO 5G,MAGO,886,CX 08,25,2026-08-26 17:28:23,https://casagarciafortaleza.com.br/index.php
Casa Garcia Gourmet,Confeitaria,CORANTE EM PO P/CHOCOLATE AZUL 5G,MAGO,890,CX 08,25,2026-08-26 17:28:23,https://casagarciafortaleza.com.br/index.php
Casa Garcia Gourmet,Confeitaria,CORANTE EM PO P/CHOCOLATE LARANJA 5G,MAGO,887,CX 08,25,2026-08-26 17:28:23,https://casagarciafortaleza.com.br/index.php
Casa Garcia Gourmet,Confeitaria,CORANTE EM PO P/CHOCOLATE ROSA 5G,MAGO,888,CX 08,25,2026-08-26 17:28:23,https://casagarciafortaleza.com.br/index.php
Casa Garcia Gourmet,Confeitaria,CORANTE EM PO P/CHOCOLATE VERDE 5G,MAGO,885,CX 08,26,2026-08-26 17:28:24,https://casagarciafortaleza.com.br/index.php
Casa Garcia Gourmet,Confeitaria,CORANTE EM PO P/CHOCOLATE VERMELHO 5G,MAGO,889,CX 08,26,2026-08-26 17:28:24,https://casagarciafortaleza.com.br/index.php
Casa Garcia Gourmet,Confeitaria,CORANTE EM PO P/CHOCOLATE VIOLETA 5G,MAGO,884,CX 08,26,2026-08-26 17:28:24,https://casagarciafortaleza.com.br/index.php
Casa Garcia Gourmet,Confeitaria,CORANTE LIQ GEL AMARELO O 60G ICEBERG,ICEBERG,11944,CX 12,26,2026-08-26 17:28:24,https://casagarciafortaleza.com.br/index.php
Casa Garcia Gourmet,Confeitaria,CORANTE LIQ GEL AZUL 60G ICEBERG,ICEBERG,11948,CX 12,26,2026-08-26 17:28:24,https://casagarciafortaleza.com.br/index.php
Casa Garcia Gourmet,Confeitaria,CORANTE LIQ GEL AZUL ROYAL 60G ICEBERG,ICEBERG,11945,CX 12,26,2026-08-26 17:28:24,https://casagarciafortaleza.com.br/index.php
Casa Garcia Gourmet,Confeitaria,CORANTE LIQ GEL LARANJA 60G ICEBERG,ICEBERG,11951,CX 12,26,2026-08-26 17:28:24,https://casagarciafortaleza.com.br/index.php
Casa Garcia Gourmet,Confeitaria,CORANTE LIQ GEL PINK 60G ICEBERG,ICEBERG,11942,CX 12,26,2026-08-26 17:28:24,https://casagarciafortaleza.com.br/index.php
Casa Garcia Gourmet,Confeitaria,CORANTE LIQ GEL ROSA CHICLET 60G ICEBERG,ICEBERG,11943,CX 12,26,2026-08-26 17:28:24,https://casagarciafortaleza.com.br/index.php
Casa Garcia Gourmet,Confeitaria,CORANTE LIQ GEL ROSA CLARO 60G ICEBERG,ICEBERG,11949,CX 12,26,2026-08-26 17:28:24,https://casagarciafortaleza.com.br/index.php
Casa Garcia Gourmet,Confeitaria,CORANTE LIQ GEL ROSA SECO 60G ICEBERG,ICEBERG,11947,CX 12,26,2026-08-26 17:28:24,https://casagarciafortaleza.com.br/index.php
Casa Garcia Gourmet,Confeitaria,CORANTE LIQ GEL ROXO 60G ICEBERG,ICEBERG,11941,CX 12,26,2026-08-26 17:28:24,https://casagarciafortaleza.com.br/index.php
Casa Garcia Gourmet,Confeitaria,CORANTE LIQ GEL VERDE BANDEI 60G ICEBERG,ICEBERG,11946,CX 12,27,2026-08-26 17:28:26,https://casagarciafortaleza.com.br/index.php
Casa Garcia Gourmet,Confeitaria,CORANTE LIQ GEL VERDE FOLHA 60G ICEBERG,ICEBERG,11950,CX 12,27,2026-08-26 17:28:26,https://casagarciafortaleza.com.br/index.php
Casa Garcia Gourmet,Confeitaria,CORANTE NEOCOLOR AMARELO 25G FAB,FAB,6398,CX 06,27,2026-08-26 17:28:26,https://casagarciafortaleza.com.br/index.php
Casa Garcia Gourmet,Confeitaria,CORANTE NEOCOLOR AZUL 25G FAB,FAB,6399,CX 06,27,2026-08-26 17:28:26,https://casagarciafortaleza.com.br/index.php
Casa Garcia Gourmet,Confeitaria,CORANTE NEOCOLOR AZUL MARINHO 25G FAB,FAB,6420,CX 06,27,2026-08-26 17:28:26,https://casagarciafortaleza.com.br/index.php
Casa Garcia Gourmet,Confeitaria,CORANTE NEOCOLOR LARANJA 25G FAB,FAB,6431,CX 06,27,2026-08-26 17:28:26,https://casagarciafortaleza.com.br/index.php
Casa Garcia Gourmet,Confeitaria,CORANTE NEOCOLOR MARROM 25G FAB,FAB,6421,CX 06,27,2026-08-26 17:28:26,https://casagarciafortaleza.com.br/index.php
Casa Garcia Gourmet,Confeitaria,CORANTE NEOCOLOR ROSA 25G FAB,FAB,6433,CX 06,27,2026-08-26 17:28:26,https://casagarciafortaleza.com.br/index.php
Casa Garcia Gourmet,Confeitaria,CORANTE NEOCOLOR ROSA SECO 25G FAB,FAB,6434,CX 06,27,2026-08-26 17:28:26,https://casagarciafortaleza.com.br/index.php
Casa Garcia Gourmet,Confeitaria,CORANTE NEOCOLOR SUPER PRETO 25G FAB,FAB,6432,CX 06,27,2026-08-26 17:28:26,https://casagarciafortaleza.com.br/index.php
Casa Garcia Gourmet,Confeitaria,CORANTE NEOCOLOR SUPER VERMELHO 25G FAB,FAB,6467,CX 06,27,2026-08-26 17:28:26,https://casagarciafortaleza.com.br/index.php
Casa Garcia Gourmet,Confeitaria,CORANTE NEOCOLOR VERDE 25G FAB,FAB,6455,CX 06,27,2026-08-26 17:28:26,https://casagarciafortaleza.com.br/index.php
Casa Garcia Gourmet,Confeitaria,CORANTE NEOCOLOR VERMELHO RUBI 25G FAB,FAB,6456,CX 06,28,2026-08-26 17:28:27,https://casagarciafortaleza.com.br/index.php
Casa Garcia Gourmet,Confeitaria,CORANTE PO AMARELO GEMA 1KG LA RECETTE,LA RECETTE,371,CX 22,28,2026-08-26 17:28:27,https://casagarciafortaleza.com.br/index.php
Casa Garcia Gourmet,Confeitaria,CORANTE SOFTGEL AMARELO 25G FAB,FAB,6392,CX 06,28,2026-08-26 17:28:27,https://casagarciafortaleza.com.br/index.php
Casa Garcia Gourmet,Confeitaria,CORANTE SOFTGEL AMARELO 60G,MAGO,379,PC 06,28,2026-08-26 17:28:27,https://casagarciafortaleza.com.br/index.php
Casa Garcia Gourmet,Confeitaria,CORANTE SOFTGEL AMARELO GEMA 25G FAB,FAB,7862,CX 06,28,2026-08-26 17:28:27,https://casagarciafortaleza.com.br/index.php
Casa Garcia Gourmet,Confeitaria,CORANTE SOFTGEL AMARELO GEMA 60G,MAGO,3046,CX 06,28,2026-08-26 17:28:27,https://casagarciafortaleza.com.br/index.php
Casa Garcia Gourmet,Confeitaria,CORANTE SOFTGEL AZUL 25G FAB,FAB,6393,CX 06,28,2026-08-26 17:28:27,https://casagarciafortaleza.com.br/index.php
Casa Garcia Gourmet,Confeitaria,CORANTE SOFTGEL AZUL 60G,MAGO,374,PC 06,28,2026-08-26 17:28:27,https://casagarciafortaleza.com.br/index.php
Casa Garcia Gourmet,Confeitaria,CORANTE SOFTGEL AZUL JEANS 60G,MAGO,845,CX 06,28,2026-08-26 17:28:27,https://casagarciafortaleza.com.br/index.php
Casa Garcia Gourmet,Confeitaria,CORANTE SOFTGEL AZUL MARINHO 25G FAB,FAB,6457,CX 06,28,2026-08-26 17:28:27,https://casagarciafortaleza.com.br/index.php
Casa Garcia Gourmet,Confeitaria,CORANTE SOFTGEL AZUL MARINHO 60G,MAGO,840,CX 06,28,2026-08-26 17:28:27,https://casagarciafortaleza.com.br/index.php
Casa Garcia Gourmet,Confeitaria,CORANTE SOFTGEL AZUL ROYAL 25G FAB,FAB,7863,CX 06,28,2026-08-26 17:28:27,https://casagarciafortaleza.com.br/index.php
Casa Garcia Gourmet,Confeitaria,CORANTE SOFTGEL AZUL TIFFANY 25G FAB,FAB,6458,CX 06,29,2026-08-26 17:28:29,https://casagarciafortaleza.com.br/index.php
Casa Garcia Gourmet,Confeitaria,CORANTE SOFTGEL AZUL TURQUESA 60G,MAGO,3043,CX 06,29,2026-08-26 17:28:29,https://casagarciafortaleza.com.br/index.php
Casa Garcia Gourmet,Confeitaria,CORANTE SOFTGEL BRANCO 25G FAB,FAB,7864,CX 06,29,2026-08-26 17:28:29,https://casagarciafortaleza.com.br/index.php
Casa Garcia Gourmet,Confeitaria,CORANTE SOFTGEL BRANCO 60G,MAGO,3045,CX 06,29,2026-08-26 17:28:29,https://casagarciafortaleza.com.br/index.php
Casa Garcia Gourmet,Confeitaria,CORANTE SOFTGEL CORAL 60G,MAGO,1113,CX 06,29,2026-08-26 17:28:29,https://casagarciafortaleza.com.br/index.php
Casa Garcia Gourmet,Confeitaria,CORANTE SOFTGEL LARANJA 25G FAB,FAB,6459,CX 06,29,2026-08-26 17:28:29,https://casagarciafortaleza.com.br/index.php
Casa Garcia Gourmet,Confeitaria,CORANTE SOFTGEL LARANJA 60G,MAGO,3040,PC 06,29,2026-08-26 17:28:29,https://casagarciafortaleza.com.br/index.php
Casa Garcia Gourmet,Confeitaria,CORANTE SOFTGEL LILAS 25G FAB,FAB,6422,CX 06,29,2026-08-26 17:28:29,https://casagarciafortaleza.com.br/index.php
Casa Garcia Gourmet,Confeitaria,CORANTE SOFTGEL MARFIM 60G,MAGO,3049,CX 06,29,2026-08-26 17:28:29,https://casagarciafortaleza.com.br/index.php
Casa Garcia Gourmet,Confeitaria,CORANTE SOFTGEL MARROM 25G FAB,FAB,6423,CX 06,29,2026-08-26 17:28:29,https://casagarciafortaleza.com.br/index.php
Casa Garcia Gourmet,Confeitaria,CORANTE SOFTGEL MARROM 60G,MAGO,3042,PC 06,29,2026-08-26 17:28:29,https://casagarciafortaleza.com.br/index.php
Casa Garcia Gourmet,Confeitaria,CORANTE SOFTGEL PINK 25G FAB,FAB,6460,CX 06,29,2026-08-26 17:28:29,https://casagarciafortaleza.com.br/index.php
Casa Garcia Gourmet,Confeitaria,CORANTE SOFTGEL PRETO 60G,MAGO,376,PC 05,30,2026-08-26 17:28:30,https://casagarciafortaleza.com.br/index.php
Casa Garcia Gourmet,Confeitaria,CORANTE SOFTGEL ROSA 25G FAB,FAB,6396,CX 06,30,2026-08-26 17:28:30,https://casagarciafortaleza.com.br/index.php
Casa Garcia Gourmet,Confeitaria,CORANTE SOFTGEL ROSA BEBE 60G,MAGO,375,PC 06,30,2026-08-26 17:28:30,https://casagarciafortaleza.com.br/index.php
Casa Garcia Gourmet,Confeitaria,CORANTE SOFTGEL ROSA BONECA 60G,MAGO,1325,CX 06,30,2026-08-26 17:28:30,https://casagarciafortaleza.com.br/index.php
Casa Garcia Gourmet,Confeitaria,CORANTE SOFTGEL ROSA CHICLETE 60G,MAGO,838,CX 06,30,2026-08-26 17:28:30,https://casagarciafortaleza.com.br/index.php
Casa Garcia Gourmet,Confeitaria,CORANTE SOFTGEL ROSA PINK 60G,MAGO,3047,CX 06,30,2026-08-26 17:28:30,https://casagarciafortaleza.com.br/index.php
Casa Garcia Gourmet,Confeitaria,CORANTE SOFTGEL ROSA SECO 25G FAB,FAB,6461,CX 06,30,2026-08-26 17:28:30,https://casagarciafortaleza.com.br/index.php
Casa Garcia Gourmet,Confeitaria,CORANTE SOFTGEL ROSA SECO 60G,MAGO,1114,CX 06,30,2026-08-26 17:28:30,https://casagarciafortaleza.com.br/index.php
Casa Garcia Gourmet,Confeitaria,CORANTE SOFTGEL ROXO 25G FAB,FAB,6462,CX 06,30,2026-08-26 17:28:30,https://casagarciafortaleza.com.br/index.php
Casa Garcia Gourmet,Confeitaria,CORANTE SOFTGEL ROXO UVA 60G,MAGO,839,CX 06,30,2026-08-26 17:28:30,https://casagarciafortaleza.com.br/index.php
Casa Garcia Gourmet,Confeitaria,CORANTE SOFTGEL SUPER PRETO 25G FAB,FAB,6394,CX 06,30,2026-08-26 17:28:30,https://casagarciafortaleza.com.br/index.php
Casa Garcia Gourmet,Confeitaria,CORANTE SOFTGEL SUPER VERMELHO 25G FAB,FAB,6395,CX 06,30,2026-08-26 17:28:30,https://casagarciafortaleza.com.br/index.php
Casa Garcia Gourmet,Confeitaria,CORANTE SOFTGEL VERDE 25G FAB,FAB,6397,CX 06,31,2026-08-26 17:28:32,https://casagarciafortaleza.com.br/index.php
Casa Garcia Gourmet,Confeitaria,CORANTE SOFTGEL VERDE 60G,MAGO,377,PC 06,31,2026-08-26 17:28:32,https://casagarciafortaleza.com.br/index.php
Casa Garcia Gourmet,Confeitaria,CORANTE SOFTGEL VERDE FOLHA 25G FAB,FAB,6463,CX 06,31,2026-08-26 17:28:32,https://casagarciafortaleza.com.br/index.php
Casa Garcia Gourmet,Confeitaria,CORANTE SOFTGEL VERDE FOLHA 60G,MAGO,3044,CX 06,31,2026-08-26 17:28:32,https://casagarciafortaleza.com.br/index.php
Casa Garcia Gourmet,Confeitaria,CORANTE SOFTGEL VERDE LIMAO 25G FAB,FAB,7852,CX 06,31,2026-08-26 17:28:32,https://casagarciafortaleza.com.br/index.php
Casa Garcia Gourmet,Confeitaria,CORANTE SOFTGEL VERDE LIMAO 60G,MAGO,3048,CX 06,31,2026-08-26 17:28:32,https://casagarciafortaleza.com.br/index.php
Casa Garcia Gourmet,Confeitaria,CORANTE SOFTGEL VERDE MENTA 25G FAB,FAB,6464,CX 06,31,2026-08-26 17:28:32,https://casagarciafortaleza.com.br/index.php
Casa Garcia Gourmet,Confeitaria,CORANTE SOFTGEL VERDE MENTA 60G,MAGO,9388,CX 06,31,2026-08-26 17:28:32,https://casagarciafortaleza.com.br/index.php
Casa Garcia Gourmet,Confeitaria,CORANTE SOFTGEL VERDE SECO 60G,MAGO,837,CX 06,31,2026-08-26 17:28:32,https://casagarciafortaleza.com.br/index.php
Casa Garcia Gourmet,Confeitaria,CORANTE SOFTGEL VERMELHO 60G,MAGO,378,CX 06,31,2026-08-26 17:28:32,https://casagarciafortaleza.com.br/index.php
Casa Garcia Gourmet,Confeitaria,CORANTE SOFTGEL VERMELHO MARSALA 60G,MAGO,848,CX 06,31,2026-08-26 17:28:32,https://casagarciafortaleza.com.br/index.php
Casa Garcia Gourmet,Confeitaria,CORANTE SOFTGEL VERMELHO NATAL 25G FAB,FAB,6465,CX 06,31,2026-08-26 17:28:32,https://casagarciafortaleza.com.br/index.php
Casa Garcia Gourmet,Confeitaria,CORANTE SOFTGEL VERMELHO RUBI 25G FAB,FAB,6466,CX 06,32,2026-08-26 17:28:33,https://casagarciafortaleza.com.br/index.php
Casa Garcia Gourmet,Confeitaria,CORANTE SOFTGEL VIOLETA 60G,MAGO,3041,CX 06,32,2026-08-26 17:28:33,https://casagarciafortaleza.com.br/index.php
Casa Garcia Gourmet,Confeitaria,"CREME AVELA CACAU VABENE 1,01KG BISNAGA",VABENE,9657,CX 09,32,2026-08-26 17:28:33,https://casagarciafortaleza.com.br/index.php
Casa Garcia Gourmet,Confeitaria,"CREME AVELA COM CACAU VABENE 1,01KG POTE",VABENE,9704,CX 06,32,2026-08-26 17:28:33,https://casagarciafortaleza.com.br/index.php
Casa Garcia Gourmet,Confeitaria,CREME AVELA COM CACAU VABENE 250G POTE,VABENE,4008,CX 12,32,2026-08-26 17:28:33,https://casagarciafortaleza.com.br/index.php
Casa Garcia Gourmet,Confeitaria,CREME AVELA COM CACAU VABENE 3KG,VABENE,3993,CX 04,32,2026-08-26 17:28:33,https://casagarciafortaleza.com.br/index.php
Casa Garcia Gourmet,Confeitaria,CREME AVELA COM CACAU VABENE 550G POTE,VABENE,4009,CX 06,32,2026-08-26 17:28:33,https://casagarciafortaleza.com.br/index.php
Casa Garcia Gourmet,Confeitaria,CREME CONFEITEIRO EMBRAMIX 1KG,EMBRAMIX,78471,CX 10,32,2026-08-26 17:28:33,https://casagarciafortaleza.com.br/index.php
Casa Garcia Gourmet,Confeitaria,CREME CULINARIO BIANCO BRIO 1L,MASTER MARTINI,10521,CX 12,32,2026-08-26 17:28:33,https://casagarciafortaleza.com.br/index.php
Casa Garcia Gourmet,Confeitaria,CREME GANACHE AO LEITE 4KG MELKEN,MELKEN,5453,CX 04,32,2026-08-26 17:28:33,https://casagarciafortaleza.com.br/index.php
Casa Garcia Gourmet,Confeitaria,CREME GANACHE AO LEITE 4KG MIX,MIX,6033,CX 04,32,2026-08-26 17:28:33,https://casagarciafortaleza.com.br/index.php
Casa Garcia Gourmet,Confeitaria,CREME GANACHE BRANCO 4KG MELKEN,MELKEN,5104,CX 04,32,2026-08-26 17:28:33,https://casagarciafortaleza.com.br/index.php
Casa Garcia Gourmet,Confeitaria,CREME GANACHE BRANCO 4KG MIX,MIX,6168,CX 04,33,2026-08-26 17:28:35,https://casagarciafortaleza.com.br/index.php
Casa Garcia Gourmet,Confeitaria,CREME GANACHE M AMARGO 4KG MELKEN,MELKEN,5105,CX 04,33,2026-08-26 17:28:35,https://casagarciafortaleza.com.br/index.php
Casa Garcia Gourmet,Confeitaria,CREME GANACHE MEIO AMARGO 4KG MIX,MIX,6050,CX 04,33,2026-08-26 17:28:35,https://casagarciafortaleza.com.br/index.php
Casa Garcia Gourmet,Confeitaria,CREME RECHEIO 1KG,FLEISCHMANN,212,CX 12,33,2026-08-26 17:28:35,https://casagarciafortaleza.com.br/index.php
Casa Garcia Gourmet,Confeitaria,"CROCANTE CARAMELLO SALATO VABENE 1,05KG",VABENE,9697,CX 06,33,2026-08-26 17:28:35,https://casagarciafortaleza.com.br/index.php
Casa Garcia Gourmet,Confeitaria,"CROCANTE CASTANHA DE CAJU VABENE 1,05KG",VABENE,3973,CX 06,33,2026-08-26 17:28:35,https://casagarciafortaleza.com.br/index.php
Casa Garcia Gourmet,Confeitaria,"CROCANTE DE AMENDOIM FINO VABENE 1,05KG",VABENE,9698,CX 06,33,2026-08-26 17:28:35,https://casagarciafortaleza.com.br/index.php
Casa Garcia Gourmet,Confeitaria,"CROCANTE DE AMENDOIM VABENE 1,05KG",VABENE,3972,CX 06,33,2026-08-26 17:28:35,https://casagarciafortaleza.com.br/index.php
Casa Garcia Gourmet,Confeitaria,"CROCANTE DE AMENDOIM VABENE 2,5KG",VABENE,3990,CX 04,33,2026-08-26 17:28:35,https://casagarciafortaleza.com.br/index.php
Casa Garcia Gourmet,Confeitaria,"CROCANTE DOCE DE LEITE VABENE 1,05KG",VABENE,3980,CX 06,33,2026-08-26 17:28:35,https://casagarciafortaleza.com.br/index.php
Casa Garcia Gourmet,Confeitaria,DESMOLDANTE SPRAY 180ML ECO UNTAFACIL,UNTAFACIL,6867,CX 12,33,2026-08-26 17:28:35,https://casagarciafortaleza.com.br/index.php
Casa Garcia Gourmet,Confeitaria,DESMOLDANTE SPRAY 180ML UNTAFACIL,UNTAFACIL,6870,CX 12,33,2026-08-26 17:28:35,https://casagarciafortaleza.com.br/index.php
Casa Garcia Gourmet,Confeitaria,DESMOLDANTE SPRAY 400ML ECO UNTAFACIL,UNTAFACIL,6868,CX 12,34,2026-08-26 17:28:37,https://casagarciafortaleza.com.br/index.php
Casa Garcia Gourmet,Confeitaria,DESMOLDANTE SPRAY 400ML UNTAFACIL,UNTAFACIL,6872,CX 12,34,2026-08-26 17:28:37,https://casagarciafortaleza.com.br/index.php
Casa Garcia Gourmet,Confeitaria,DESMOLDANTE SPRAY 600ML ECO UNTAFACIL,UNTAFACIL,6869,CX 12,34,2026-08-26 17:28:37,https://casagarciafortaleza.com.br/index.php
Casa Garcia Gourmet,Confeitaria,DESMOLDANTE SPRAY 600ML UNTAFACIL,UNTAFACIL,6866,CX 12,34,2026-08-26 17:28:37,https://casagarciafortaleza.com.br/index.php
Casa Garcia Gourmet,Confeitaria,"DOCE DE BANANA E MACA CREM 1,01G AUREA",AUREA,3787,CX 12,34,2026-08-26 17:28:37,https://casagarciafortaleza.com.br/index.php
Casa Garcia Gourmet,Confeitaria,"DOCE DE GOIABA E MACA CREM 1,01KG AUREA",AUREA,3784,CX 12,34,2026-08-26 17:28:37,https://casagarciafortaleza.com.br/index.php
Casa Garcia Gourmet,Confeitaria,"DOCE DE LEITE 4,5KG BOCARDO",BOCARDO,4939,CX 01,34,2026-08-26 17:28:37,https://casagarciafortaleza.com.br/index.php
Casa Garcia Gourmet,Confeitaria,"DOCE DE LEITE C/CHOC 4,8KG AUREA CHOCAU",BOCARDO,4860,CX 01,34,2026-08-26 17:28:37,https://casagarciafortaleza.com.br/index.php
Casa Garcia Gourmet,Confeitaria,"DOCE DE LEITE CHOCAU 1,01KG BISNAGA AUREA",AUREA,4991,CX 06,34,2026-08-26 17:28:37,https://casagarciafortaleza.com.br/index.php
Casa Garcia Gourmet,Confeitaria,"DOCE DE LEITE CLASSICO 9,8KG AUREA",AUREA,2110,UN 01,34,2026-08-26 17:28:37,https://casagarciafortaleza.com.br/index.php
Casa Garcia Gourmet,Confeitaria,DOCE DE LEITE CLASSICO 950G AUREA,AUREA,2111,CX 12,34,2026-08-26 17:28:37,https://casagarciafortaleza.com.br/index.php
Casa Garcia Gourmet,Confeitaria,"DOCE DE LEITE CONF 1,01KG BISNAGA AUREA",AUREA,4990,CX 06,34,2026-08-26 17:28:37,https://casagarciafortaleza.com.br/index.php
Casa Garcia Gourmet,Confeitaria,"DOCE DE LEITE SEM AMIDO 4,5KG AUREA",AUREA,8541,UN 01,35,2026-08-26 17:28:38,https://casagarciafortaleza.com.br/index.php
Casa Garcia Gourmet,Confeitaria,"DOCE DE LEITE SEM AMIDO 9,8KG AUREA",AUREA,8540,CX 12,35,2026-08-26 17:28:38,https://casagarciafortaleza.com.br/index.php
Casa Garcia Gourmet,Confeitaria,"DOCE DE LEITE ZERO ACUCAR RMINAS 1,01KG",RESERVA DE MINAS,8259,CX 12,35,2026-08-26 17:28:38,https://casagarciafortaleza.com.br/index.php
Casa Garcia Gourmet,Confeitaria,"DOCE DE UVA E MACA CREMOSO 1,01KG AUREA",AUREA,4977,CX 12,35,2026-08-26 17:28:38,https://casagarciafortaleza.com.br/index.php
Casa Garcia Gourmet,Confeitaria,DOCE SORO DE LEITE 1KG BOCARDO,BOCARDO,4927,CX 12,35,2026-08-26 17:28:38,https://casagarciafortaleza.com.br/index.php
Casa Garcia Gourmet,Confeitaria,"DOCE SORO DE LEITE 4,8KG BOCARDO",BOCARDO,2106,CX 02,35,2026-08-26 17:28:38,https://casagarciafortaleza.com.br/index.php
Casa Garcia Gourmet,Confeitaria,"DOCE SORO DE LEITE 9,8KG BOCARDO",BOCARDO,2109,CX 02,35,2026-08-26 17:28:38,https://casagarciafortaleza.com.br/index.php
Casa Garcia Gourmet,Confeitaria,"DOCE SORO DE LEITE BAG 4,8KG BOCARDO",BOCARDO,4968,CX 02,35,2026-08-26 17:28:38,https://casagarciafortaleza.com.br/index.php
Casa Garcia Gourmet,Confeitaria,"DOCE SORO DE LEITE CHOC 4,8KG BOCARDO",BOCARDO,2107,CX 01,35,2026-08-26 17:28:38,https://casagarciafortaleza.com.br/index.php
Casa Garcia Gourmet,Confeitaria,"DOCE SORO DE LEITE CHOC 9,8KG BOCARDO",BOCARDO,2108,CX 02,35,2026-08-26 17:28:38,https://casagarciafortaleza.com.br/index.php
Casa Garcia Gourmet,Confeitaria,DOURATTO DOURADOR DE PAES UHT 1L,IN LOCO FOODS,77907,CX 12,35,2026-08-26 17:28:38,https://casagarciafortaleza.com.br/index.php
Casa Garcia Gourmet,Confeitaria,EMULSAO SABORIZANTE AVELA 60ML,MAGO,1313,CX 06,35,2026-08-26 17:28:38,https://casagarciafortaleza.com.br/index.php
Casa Garcia Gourmet,Confeitaria,EMULSAO SABORIZANTE BAUNILHA 60ML,MAGO,1317,CX 06,36,2026-08-26 17:28:40,https://casagarciafortaleza.com.br/index.php
Casa Garcia Gourmet,Confeitaria,EMULSAO SABORIZANTE FRUTAS VERM 60ML,MAGO,1314,CX 06,36,2026-08-26 17:28:40,https://casagarciafortaleza.com.br/index.php
Casa Garcia Gourmet,Confeitaria,EMULSAO SABORIZANTE LARANJA 60ML,MAGO,1311,CX 06,36,2026-08-26 17:28:40,https://casagarciafortaleza.com.br/index.php
Casa Garcia Gourmet,Confeitaria,EMULSAO SABORIZANTE LIMAO 60ML,MAGO,1318,CX 06,36,2026-08-26 17:28:40,https://casagarciafortaleza.com.br/index.php
Casa Garcia Gourmet,Confeitaria,EMULSAO SABORIZANTE MORANGO 60ML,MAGO,1312,CX 06,36,2026-08-26 17:28:40,https://casagarciafortaleza.com.br/index.php
Casa Garcia Gourmet,Confeitaria,EMULSAO SABORIZANTE PISTACHE 60ML,MAGO,1310,CX 06,36,2026-08-26 17:28:40,https://casagarciafortaleza.com.br/index.php
Casa Garcia Gourmet,Confeitaria,EMULSAO SABORIZANTE RUM 60ML,MAGO,1309,CX 06,36,2026-08-26 17:28:40,https://casagarciafortaleza.com.br/index.php
Casa Garcia Gourmet,Confeitaria,EMULSIFICANTE 13KG LARECETTE,LA RECETTE,2302,UN 01,36,2026-08-26 17:28:40,https://casagarciafortaleza.com.br/index.php
Casa Garcia Gourmet,Confeitaria,EMULSIFICANTE 1KG LA RECETTE,LA RECETTE,2299,CX 12,36,2026-08-26 17:28:40,https://casagarciafortaleza.com.br/index.php
Casa Garcia Gourmet,Confeitaria,EMULSIFICANTE 3KG LARECETTE,LA RECETTE,2301,CX 01,36,2026-08-26 17:28:40,https://casagarciafortaleza.com.br/index.php
Casa Garcia Gourmet,Confeitaria,EMULSIFICANTE CONFEITEIR NEUTRO 3KG MIX,MIX,80185,CX 04,36,2026-08-26 17:28:40,https://casagarciafortaleza.com.br/index.php
Casa Garcia Gourmet,Confeitaria,EMULSIFICANTE CX 20KG LARECETTE,LA RECETTE,2297,CX 01,36,2026-08-26 17:28:40,https://casagarciafortaleza.com.br/index.php
Casa Garcia Gourmet,Confeitaria,ESCAMAS CROC SABOR CHOCOLATE 500G,HARALD,5519,CX 24,37,2026-08-26 17:28:41,https://casagarciafortaleza.com.br/index.php
Casa Garcia Gourmet,Confeitaria,ESSENCIA BAUNILHA 960ML ARCOLOR,ARCOLOR,6253,pc06,37,2026-08-26 17:28:41,https://casagarciafortaleza.com.br/index.php
Casa Garcia Gourmet,Confeitaria,ESSENCIA BAUNILHA BRANCA960ML ARCOLOR,ARCOLOR,6254,pc06,37,2026-08-26 17:28:41,https://casagarciafortaleza.com.br/index.php
Casa Garcia Gourmet,Confeitaria,ESSENCIA CEBOLA 960ML ARCOLOR,ARCOLOR,10226,CX 06,37,2026-08-26 17:28:41,https://casagarciafortaleza.com.br/index.php
Casa Garcia Gourmet,Confeitaria,ESSENCIA COCO 960ML ARCOLOR,ARCOLOR,10207,cx06,37,2026-08-26 17:28:41,https://casagarciafortaleza.com.br/index.php
Casa Garcia Gourmet,Confeitaria,ESSENCIA LARANJA 960ML ARCOLOR,ARCOLOR,10208,cx06,37,2026-08-26 17:28:41,https://casagarciafortaleza.com.br/index.php
Casa Garcia Gourmet,Confeitaria,ESSENCIA LIMAO 960ML ARCOLOR,ARCOLOR,342,cx06,37,2026-08-26 17:28:41,https://casagarciafortaleza.com.br/index.php
Casa Garcia Gourmet,Confeitaria,ESSENCIA MANTEIGA 960ML ARCOLOR,ARCOLOR,10209,cx06,37,2026-08-26 17:28:41,https://casagarciafortaleza.com.br/index.php
Casa Garcia Gourmet,Confeitaria,ESSENCIA QUEIJO 960ML ARCOLOR,ARCOLOR,10227,CX 06,37,2026-08-26 17:28:41,https://casagarciafortaleza.com.br/index.php
Casa Garcia Gourmet,Confeitaria,"FARINHA DE AMENDOIM VABENE 1,05KG",VABENE,3978,CX 12,37,2026-08-26 17:28:41,https://casagarciafortaleza.com.br/index.php
Casa Garcia Gourmet,Confeitaria,FARINHA DE TRIGO COM FERMENTO FINNA 1KG,FINNA,9952,CX 10,37,2026-08-26 17:28:41,https://casagarciafortaleza.com.br/index.php
Casa Garcia Gourmet,Confeitaria,FARINHA DE TRIGO TIPO 1 FINNA 1KG,FINNA,9655,CX 10,37,2026-08-26 17:28:41,https://casagarciafortaleza.com.br/index.php
Casa Garcia Gourmet,Confeitaria,"FAROFA CROC DE AMENDOIM VABENE 1,05KG",VABENE,3979,CX 12,38,2026-08-26 17:28:43,https://casagarciafortaleza.com.br/index.php
Casa Garcia Gourmet,Confeitaria,FERMENTO EM PO QUIMICO 900G EMBRAMIX,EMBRAMIX,79561,CX 10,38,2026-08-26 17:28:43,https://casagarciafortaleza.com.br/index.php
Casa Garcia Gourmet,Confeitaria,FERMENTO PO QUIMICO 20KG,FLEISCHMANN,134,SC 01,38,2026-08-26 17:28:43,https://casagarciafortaleza.com.br/index.php
Casa Garcia Gourmet,Confeitaria,FERMENTO PO QUIMICO 2KG,FLEISCHMANN,133,CX 10,38,2026-08-26 17:28:43,https://casagarciafortaleza.com.br/index.php
Casa Garcia Gourmet,Confeitaria,FERMENTO QUIMICO EM PO 1KG BIGMIX,LA RECETTE,493,SC 16,38,2026-08-26 17:28:43,https://casagarciafortaleza.com.br/index.php
Casa Garcia Gourmet,Confeitaria,FLOCOS CROCANT SABOR CHOC MIL CORES 500G,MIL CORES,2278,CX 20,38,2026-08-26 17:28:43,https://casagarciafortaleza.com.br/index.php
Casa Garcia Gourmet,Confeitaria,FLOCOS DE ARROZ TOP 500G,HARALD,5482,CX 10,38,2026-08-26 17:28:43,https://casagarciafortaleza.com.br/index.php
Casa Garcia Gourmet,Confeitaria,FLOCOS DE CEREAIS CROC 400G,MAVALERIO,2257,CX 10,38,2026-08-26 17:28:43,https://casagarciafortaleza.com.br/index.php
Casa Garcia Gourmet,Confeitaria,FLOCOS MACIO BRANCO MIL CORES 500G,MAVALERIO,9174,CX 20,38,2026-08-26 17:28:43,https://casagarciafortaleza.com.br/index.php
Casa Garcia Gourmet,Confeitaria,FLOCOS MACIO SABOR CHOC MIL CORES 500G,MIL CORES,2258,CX 20,38,2026-08-26 17:28:43,https://casagarciafortaleza.com.br/index.php
Casa Garcia Gourmet,Confeitaria,FLOCOS MACIO VERMELHO 500G,MIX,80863,CX 18,38,2026-08-26 17:28:43,https://casagarciafortaleza.com.br/index.php
Casa Garcia Gourmet,Confeitaria,FONDANT 2KG,FLEISCHMANN,183,CX 06,38,2026-08-26 17:28:43,https://casagarciafortaleza.com.br/index.php
Casa Garcia Gourmet,Confeitaria,"FORN SABOR CHOC AO LEITE 1,01KG",HARALD,5509,CX 08,39,2026-08-26 17:28:44,https://casagarciafortaleza.com.br/index.php
Casa Garcia Gourmet,Confeitaria,"FORN SABOR CHOC BRANCO 1,05KG",HARALD,5507,CX 08,39,2026-08-26 17:28:44,https://casagarciafortaleza.com.br/index.php
Casa Garcia Gourmet,Confeitaria,FRUTA CRISTALIZADA 10KG,MAGUI,2265,CX 01,39,2026-08-26 17:28:44,https://casagarciafortaleza.com.br/index.php
Casa Garcia Gourmet,Confeitaria,FRUTA CRISTALIZADA 1KG,MAGUI,2279,CX 10,39,2026-08-26 17:28:44,https://casagarciafortaleza.com.br/index.php
Casa Garcia Gourmet,Confeitaria,G3500-35CJ GARRAFA PET 1.000ML TAMPA PR,GALVANOTEK,8723,UN 01,39,2026-08-26 17:28:44,https://casagarciafortaleza.com.br/index.php
Casa Garcia Gourmet,Confeitaria,GANACHE SABOR CARAMELO TOFFEE VABENE 4KG,VABENE,4018,CX 04,39,2026-08-26 17:28:44,https://casagarciafortaleza.com.br/index.php
Casa Garcia Gourmet,Confeitaria,GEL P/DECORACAO DOURADO 15G FAB,FAB,6367,CX 12,39,2026-08-26 17:28:44,https://casagarciafortaleza.com.br/index.php
Casa Garcia Gourmet,Confeitaria,GEL P/DECORACAO PEROLADO 15G FAB,FAB,6369,CX 12,39,2026-08-26 17:28:44,https://casagarciafortaleza.com.br/index.php
Casa Garcia Gourmet,Confeitaria,GEL P/DECORACAO PRATEADO 15G FAB,FAB,6368,CX 12,39,2026-08-26 17:28:44,https://casagarciafortaleza.com.br/index.php
Casa Garcia Gourmet,Confeitaria,GELATINA SEM SABOR TECNUTRI 500G,TECNUTRI,6692,CX 10,39,2026-08-26 17:28:44,https://casagarciafortaleza.com.br/index.php
Casa Garcia Gourmet,Confeitaria,GELEIA BRILHO E COB CHOCOLATE 4KG AUREA,BOCARDO,4905,UN 01,39,2026-08-26 17:28:44,https://casagarciafortaleza.com.br/index.php
Casa Garcia Gourmet,Confeitaria,GELEIA BRILHO E COB MARACUJA 4KG AUREA,AUREA,4951,UN 01,39,2026-08-26 17:28:44,https://casagarciafortaleza.com.br/index.php
Casa Garcia Gourmet,Confeitaria,GELEIA BRILHO E COB MORANGO 4KG AUREA,AUREA,4952,UN 01,40,2026-08-26 17:28:46,https://casagarciafortaleza.com.br/index.php
Casa Garcia Gourmet,Confeitaria,GELEIA BRILHO E COB NEUTRO 4KG AUREA,AUREA,4950,UN 01,40,2026-08-26 17:28:46,https://casagarciafortaleza.com.br/index.php
Casa Garcia Gourmet,Confeitaria,GELEIA BRILHO MARACUJA 4KG,FLEISCHMANN,260,PC 04,40,2026-08-26 17:28:46,https://casagarciafortaleza.com.br/index.php
Casa Garcia Gourmet,Confeitaria,GELEIA BRILHO MORANGO C/SEM 4KG,FLEISCHMANN,261,PC 04,40,2026-08-26 17:28:46,https://casagarciafortaleza.com.br/index.php
Casa Garcia Gourmet,Confeitaria,GELEIA BRILHO MORANGO S/SEM 4KG,FLEISCHMANN,263,PC 04,40,2026-08-26 17:28:46,https://casagarciafortaleza.com.br/index.php
Casa Garcia Gourmet,Confeitaria,GELEIA BRILHO NEUTRA 4KG,FLEISCHMANN,262,PC 04,40,2026-08-26 17:28:46,https://casagarciafortaleza.com.br/index.php
Casa Garcia Gourmet,Confeitaria,GEMA DE OVO PAST RESF 1KG,FLEISCHEGG'S,225,CX 12,40,2026-08-26 17:28:46,https://casagarciafortaleza.com.br/index.php
Casa Garcia Gourmet,Confeitaria,GEMA DE OVO PAST RESF AVINE 1KG,AVINE,681,CX 10,40,2026-08-26 17:28:46,https://casagarciafortaleza.com.br/index.php
Casa Garcia Gourmet,Confeitaria,GLACE REAL EM PO MAVALERIO 500G,MAVALERIO,2709,CX 20,40,2026-08-26 17:28:46,https://casagarciafortaleza.com.br/index.php
Casa Garcia Gourmet,Confeitaria,GLICERINA BRANCA 60G FAB,FAB,6349,CX 12,40,2026-08-26 17:28:46,https://casagarciafortaleza.com.br/index.php
Casa Garcia Gourmet,Confeitaria,GLITTER HOLOGRAFICO AZUL 5G FAB,FAB,7853,CX 12,40,2026-08-26 17:28:46,https://casagarciafortaleza.com.br/index.php
Casa Garcia Gourmet,Confeitaria,GLITTER HOLOGRAFICO DOURADO 5G FAB,FAB,7854,CX 12,40,2026-08-26 17:28:46,https://casagarciafortaleza.com.br/index.php
Casa Garcia Gourmet,Confeitaria,GLITTER HOLOGRAFICO LILAS 5G FAB,FAB,7855,CX 12,41,2026-08-26 17:28:47,https://casagarciafortaleza.com.br/index.php
Casa Garcia Gourmet,Confeitaria,GLITTER HOLOGRAFICO PINK 5G FAB,FAB,7856,CX 12,41,2026-08-26 17:28:47,https://casagarciafortaleza.com.br/index.php
Casa Garcia Gourmet,Confeitaria,GLITTER HOLOGRAFICO PRATA 5G FAB,FAB,7857,CX 12,41,2026-08-26 17:28:47,https://casagarciafortaleza.com.br/index.php
Casa Garcia Gourmet,Confeitaria,GLITTER HOLOGRAFICO ROSA 5G FAB,FAB,7858,CX 12,41,2026-08-26 17:28:47,https://casagarciafortaleza.com.br/index.php
Casa Garcia Gourmet,Confeitaria,GLITTER HOLOGRAFICO ROSA SECO 5G FAB,FAB,6507,CX 12,41,2026-08-26 17:28:47,https://casagarciafortaleza.com.br/index.php
Casa Garcia Gourmet,Confeitaria,GLITTER HOLOGRAFICO VERMELHO 5G FAB,FAB,7859,CX 12,41,2026-08-26 17:28:47,https://casagarciafortaleza.com.br/index.php
Casa Garcia Gourmet,Confeitaria,GLITTER P/DECORACAO AZUL 5G FAB,FAB,6468,CX 12,41,2026-08-26 17:28:47,https://casagarciafortaleza.com.br/index.php
Casa Garcia Gourmet,Confeitaria,GLITTER P/DECORACAO AZUL TIFFANY 5G FAB,FAB,6469,CX 12,41,2026-08-26 17:28:47,https://casagarciafortaleza.com.br/index.php
Casa Garcia Gourmet,Confeitaria,GLITTER P/DECORACAO CHAMPANHE 5G FAB,FAB,6470,CX 12,41,2026-08-26 17:28:47,https://casagarciafortaleza.com.br/index.php
Casa Garcia Gourmet,Confeitaria,GLITTER P/DECORACAO CRISTAL 5G FAB,FAB,6471,CX 12,41,2026-08-26 17:28:47,https://casagarciafortaleza.com.br/index.php
Casa Garcia Gourmet,Confeitaria,GLITTER P/DECORACAO DOUR EGIPCIO 5G FAB,FAB,6481,CX 12,41,2026-08-26 17:28:47,https://casagarciafortaleza.com.br/index.php
Casa Garcia Gourmet,Confeitaria,GLITTER P/DECORACAO DOURADO 5G FAB,FAB,6472,CX 12,41,2026-08-26 17:28:47,https://casagarciafortaleza.com.br/index.php
Casa Garcia Gourmet,Confeitaria,GLITTER P/DECORACAO LILAS 5G FAB,FAB,6482,CX 12,42,2026-08-26 17:28:49,https://casagarciafortaleza.com.br/index.php
Casa Garcia Gourmet,Confeitaria,GLITTER P/DECORACAO PINK 5G FAB,FAB,6501,CX 12,42,2026-08-26 17:28:49,https://casagarciafortaleza.com.br/index.php
Casa Garcia Gourmet,Confeitaria,GLITTER P/DECORACAO PRATEADO 5G FAB,FAB,6502,CX 12,42,2026-08-26 17:28:49,https://casagarciafortaleza.com.br/index.php
Casa Garcia Gourmet,Confeitaria,GLITTER P/DECORACAO PRETO 5G FAB,FAB,6503,CX 12,42,2026-08-26 17:28:49,https://casagarciafortaleza.com.br/index.php
Casa Garcia Gourmet,Confeitaria,GLITTER P/DECORACAO ROSA 5G FAB,FAB,6504,CX 12,42,2026-08-26 17:28:49,https://casagarciafortaleza.com.br/index.php
Casa Garcia Gourmet,Confeitaria,GLITTER P/DECORACAO VERDE 5G FAB,FAB,6505,CX 12,42,2026-08-26 17:28:49,https://casagarciafortaleza.com.br/index.php
Casa Garcia Gourmet,Confeitaria,GLITTER P/DECORACAO VERMELHO 5G FAB,FAB,6506,CX 12,42,2026-08-26 17:28:49,https://casagarciafortaleza.com.br/index.php
Casa Garcia Gourmet,Confeitaria,GLUCOSE DE MILHO ARCOLOR 1KG,ARCOLOR,2251,FD 01,42,2026-08-26 17:28:49,https://casagarciafortaleza.com.br/index.php
Casa Garcia Gourmet,Confeitaria,GLUCOSE LA RECETTE 1KG,BIG MIX,2294,FD 01,42,2026-08-26 17:28:49,https://casagarciafortaleza.com.br/index.php
Casa Garcia Gourmet,Confeitaria,GLUCOSE LA RECETTE 5KG,BIG MIX,2295,CX 12,42,2026-08-26 17:28:49,https://casagarciafortaleza.com.br/index.php
Casa Garcia Gourmet,Confeitaria,"GOIABADA FORNEAVEL R.MINAS 1,01KG",RESERVA DE MINAS,8258,CX 12,42,2026-08-26 17:28:49,https://casagarciafortaleza.com.br/index.php
Casa Garcia Gourmet,Confeitaria,GORDURA FRY 14KG GME,FRY,78852,CX 01,42,2026-08-26 17:28:49,https://casagarciafortaleza.com.br/index.php
Casa Garcia Gourmet,Confeitaria,"GOTA CHIPSHOW BRANCO TOP 1,05KG",MELKEN,5579,CX 10,43,2026-08-26 17:28:51,https://casagarciafortaleza.com.br/index.php
Casa Garcia Gourmet,Confeitaria,"GOTA PINGO CHOC 1,01KG MAVALERIO",MAVALERIO,2239,CX 10,43,2026-08-26 17:28:51,https://casagarciafortaleza.com.br/index.php
Casa Garcia Gourmet,Confeitaria,"GOTA PINGO CHOC 2,5KG MAVALERIO",MAVALERIO,2254,CX 04,43,2026-08-26 17:28:51,https://casagarciafortaleza.com.br/index.php
Casa Garcia Gourmet,Confeitaria,GRANULADO CROC AMARELO 500G MIL CORES,MIL CORES,2635,CX 20,43,2026-08-26 17:28:51,https://casagarciafortaleza.com.br/index.php
Casa Garcia Gourmet,Confeitaria,GRANULADO CROC AZUL 500G MIL CORES,MIL CORES,2639,CX 10,43,2026-08-26 17:28:51,https://casagarciafortaleza.com.br/index.php
Casa Garcia Gourmet,Confeitaria,GRANULADO CROC BRANCO 500G MAVALERIO,MAVALERIO,2234,PC 10,43,2026-08-26 17:28:51,https://casagarciafortaleza.com.br/index.php
Casa Garcia Gourmet,Confeitaria,"GRANULADO CROC CHOC 1,01KG MIL CORES",MIL CORES,2631,CX 10,43,2026-08-26 17:28:51,https://casagarciafortaleza.com.br/index.php
Casa Garcia Gourmet,Confeitaria,GRANULADO CROC CHOC 500G MIL CORES,MAVALERIO,2633,CX 20,43,2026-08-26 17:28:51,https://casagarciafortaleza.com.br/index.php
Casa Garcia Gourmet,Confeitaria,"GRANULADO CROC COLORIDO 1,01KG MIL CORES",MAVALERIO,2632,CX 10,43,2026-08-26 17:28:51,https://casagarciafortaleza.com.br/index.php
Casa Garcia Gourmet,Confeitaria,GRANULADO CROC COLORIDO 500G MIL CORES,MIL CORES,2233,CX 20,43,2026-08-26 17:28:51,https://casagarciafortaleza.com.br/index.php
Casa Garcia Gourmet,Confeitaria,GRANULADO CROC MESCLADO 500G MIL CORES,MIL CORES,2630,CX 20,43,2026-08-26 17:28:51,https://casagarciafortaleza.com.br/index.php
Casa Garcia Gourmet,Confeitaria,GRANULADO CROC ROSA 500G MIL CORES,MIL CORES,2636,CX 10,43,2026-08-26 17:28:51,https://casagarciafortaleza.com.br/index.php
Casa Garcia Gourmet,Confeitaria,GRANULADO CROC VERDE 500G MIL CORES,MIL CORES,2637,CX 10,44,2026-08-26 17:28:52,https://casagarciafortaleza.com.br/index.php
Casa Garcia Gourmet,Confeitaria,GRANULADO CROC VERMELHO 500G MIL CO,MIL CORES,2638,CX 10,44,2026-08-26 17:28:52,https://casagarciafortaleza.com.br/index.php
Casa Garcia Gourmet,Confeitaria,GRANULADO DE CHOC AO LEITE SICAO 300G,SICAO,9047,CX 12,44,2026-08-26 17:28:52,https://casagarciafortaleza.com.br/index.php
Casa Garcia Gourmet,Confeitaria,GRANULADO DE CHOC BRANCO SICAO 300G,SICAO,9048,CX12,44,2026-08-26 17:28:52,https://casagarciafortaleza.com.br/index.php
Casa Garcia Gourmet,Confeitaria,"GRANULADO ESCURO MACIO 1,01KG MIX",MIX,80172,CX 10,44,2026-08-26 17:28:52,https://casagarciafortaleza.com.br/index.php
Casa Garcia Gourmet,Confeitaria,"GRANULADO MACIO MESCLADO 1,01KG MIX",MIX,80180,CX 10,44,2026-08-26 17:28:52,https://casagarciafortaleza.com.br/index.php
Casa Garcia Gourmet,Confeitaria,GRANULADO MACIO MISTO CONFEITO 500G MIX,MIX,80181,CX 18,44,2026-08-26 17:28:52,https://casagarciafortaleza.com.br/index.php
Casa Garcia Gourmet,Confeitaria,"GRANULADO MACIO SAB CHOC 1,01KG MIL CORE",MIL CORES,2232,CX 10,44,2026-08-26 17:28:52,https://casagarciafortaleza.com.br/index.php
Casa Garcia Gourmet,Confeitaria,GRANULADO MACIO SAB CHOC 500G MIL CORES,MIL CORES,2230,CX 20,44,2026-08-26 17:28:52,https://casagarciafortaleza.com.br/index.php
Casa Garcia Gourmet,Confeitaria,GRANULE CHOC AO LEITE 400G MELKEN,MELKEN,5439,CX 12,44,2026-08-26 17:28:52,https://casagarciafortaleza.com.br/index.php
Casa Garcia Gourmet,Confeitaria,GRANULE CHOC BRANCO 400G MELKEN,MELKEN,5473,CX 12,44,2026-08-26 17:28:52,https://casagarciafortaleza.com.br/index.php
Casa Garcia Gourmet,Confeitaria,GRANULE CHOC MEIO AMARGO 400G MELKEN,MELKEN,5454,CX 12,44,2026-08-26 17:28:52,https://casagarciafortaleza.com.br/index.php
Casa Garcia Gourmet,Confeitaria,"INOVARE COB GOTAS CHOC AO LEITE 2,05KG",HARALD,78566,CX 05,45,2026-08-26 17:28:54,https://casagarciafortaleza.com.br/index.php
Casa Garcia Gourmet,Confeitaria,"INOVARE COB GTS BRANCO 2,05KG",HARALD,78851,CX 05,45,2026-08-26 17:28:54,https://casagarciafortaleza.com.br/index.php
Casa Garcia Gourmet,Confeitaria,LEITE CONDENSADO AUREA BAG 5KG,AUREA,4967,CX 02,45,2026-08-26 17:28:54,https://casagarciafortaleza.com.br/index.php
Casa Garcia Gourmet,Confeitaria,LEITE CONDENSADO BOCARDO BAG 5KG,BOCARDO,2241,FD 02,45,2026-08-26 17:28:54,https://casagarciafortaleza.com.br/index.php
Casa Garcia Gourmet,Confeitaria,LEITE CONDENSADO SEMIDESNATADO 5KG AUREA,BOCARDO,8702,CX 02,45,2026-08-26 17:28:54,https://casagarciafortaleza.com.br/index.php
Casa Garcia Gourmet,Confeitaria,LEITE DE COCO SUPER 500ML,SUPER,2772,PC 01,45,2026-08-26 17:28:54,https://casagarciafortaleza.com.br/index.php
Casa Garcia Gourmet,Confeitaria,LIGA NEUTRA LA RECETTE 1KG,LA RECETTE,2288,PC 01,45,2026-08-26 17:28:54,https://casagarciafortaleza.com.br/index.php
Casa Garcia Gourmet,Confeitaria,MALT 7KG BIG MIX,BIG MIX,10841,CX 04,45,2026-08-26 17:28:54,https://casagarciafortaleza.com.br/index.php
Casa Garcia Gourmet,Confeitaria,MARG 80% MEDALHA DE OURO 15KG,MEDALHA DE OURO,78474,CX 01,45,2026-08-26 17:28:54,https://casagarciafortaleza.com.br/index.php
Casa Garcia Gourmet,Confeitaria,MARG AMELIA 80% 14KG,AMELIA,3422,cx12,45,2026-08-26 17:28:54,https://casagarciafortaleza.com.br/index.php
Casa Garcia Gourmet,Confeitaria,"MARG AMELIA CREME 1,01KG",AMELIA,3420,cx12,45,2026-08-26 17:28:54,https://casagarciafortaleza.com.br/index.php
Casa Garcia Gourmet,Confeitaria,MARG AMELIA FOLHADOS 2KG,AMELIA,2219,cx06,45,2026-08-26 17:28:54,https://casagarciafortaleza.com.br/index.php
Casa Garcia Gourmet,Confeitaria,"MARG80 AMELIA COM SAL 1,01KG",AMELIA,2226,cx12,46,2026-08-26 17:28:55,https://casagarciafortaleza.com.br/index.php
Casa Garcia Gourmet,Confeitaria,"MARG80 AMELIA SEM SAL 1,01KG",AMELIA,3421,cx12,46,2026-08-26 17:28:55,https://casagarciafortaleza.com.br/index.php
Casa Garcia Gourmet,Confeitaria,MARGARINA C/SAL 80% CUKIN 15KG,CUKIN,1256,CX 06,46,2026-08-26 17:28:55,https://casagarciafortaleza.com.br/index.php
Casa Garcia Gourmet,Confeitaria,MARGARINA FOLHADA PLACA SINA 2KG,SINA CHEFF,10700,CX 06,46,2026-08-26 17:28:55,https://casagarciafortaleza.com.br/index.php
Casa Garcia Gourmet,Confeitaria,MARGARINA FOLHADA RICCA 2KG BUNGE,BUNGE,2222,CX 06,46,2026-08-26 17:28:55,https://casagarciafortaleza.com.br/index.php
Casa Garcia Gourmet,Confeitaria,MIST BOLO ABACAXI 5KG,FLEISCHMANN,190,FD 03,46,2026-08-26 17:28:55,https://casagarciafortaleza.com.br/index.php
Casa Garcia Gourmet,Confeitaria,"MIST BOLO ABACAXI VO LUZIA 5,01KG",VO LUZIA,81020,CX 04,46,2026-08-26 17:28:55,https://casagarciafortaleza.com.br/index.php
Casa Garcia Gourmet,Confeitaria,MIST BOLO AIPIM 5KG,FLEISCHMANN,195,FD 03,46,2026-08-26 17:28:55,https://casagarciafortaleza.com.br/index.php
Casa Garcia Gourmet,Confeitaria,MIST BOLO BANANA 5KG,FLEISCHMANN,208,FD 03,46,2026-08-26 17:28:55,https://casagarciafortaleza.com.br/index.php
Casa Garcia Gourmet,Confeitaria,"MIST BOLO BANOFFE VO LUZIA 5,01KG",VO LUZIA,81439,CX 04,46,2026-08-26 17:28:55,https://casagarciafortaleza.com.br/index.php
Casa Garcia Gourmet,Confeitaria,"MIST BOLO BAUNILHA INSEPARAVEL 5,01KG",INSEPARAVEL,81240,CX 04,46,2026-08-26 17:28:55,https://casagarciafortaleza.com.br/index.php
Casa Garcia Gourmet,Confeitaria,MIST BOLO BROWNIE PET GATEAU 5KG,FLEISCHMANN,207,FD 03,46,2026-08-26 17:28:55,https://casagarciafortaleza.com.br/index.php
Casa Garcia Gourmet,Confeitaria,"MIST BOLO CACAROLA C/QUE VO LUZIA 5,01KG",VO LUZIA,81450,CX 04,47,2026-08-26 17:28:57,https://casagarciafortaleza.com.br/index.php
Casa Garcia Gourmet,Confeitaria,MIST BOLO CENOURA 5KG,FLEISCHMANN,192,FD 03,47,2026-08-26 17:28:57,https://casagarciafortaleza.com.br/index.php
Casa Garcia Gourmet,Confeitaria,"MIST BOLO CENOURA VO LUZIA 5,01KG",VO LUZIA,81015,CX 04,47,2026-08-26 17:28:57,https://casagarciafortaleza.com.br/index.php
Casa Garcia Gourmet,Confeitaria,MIST BOLO CHOCOLATE 5KG,FLEISCHMANN,188,FD 03,47,2026-08-26 17:28:57,https://casagarciafortaleza.com.br/index.php
Casa Garcia Gourmet,Confeitaria,"MIST BOLO CHOCOLATE INSEPARAVEL 5,01KG",INSEPARAVEL,81021,CX 04,47,2026-08-26 17:28:57,https://casagarciafortaleza.com.br/index.php
Casa Garcia Gourmet,Confeitaria,"MIST BOLO CHOCOLATE VO LUZIA 5,01KG",VO LUZIA,81013,CX 04,47,2026-08-26 17:28:57,https://casagarciafortaleza.com.br/index.php
Casa Garcia Gourmet,Confeitaria,MIST BOLO CHOCOMOUSSE 5KG,FLEISCHMANN,198,FD 03,47,2026-08-26 17:28:57,https://casagarciafortaleza.com.br/index.php
Casa Garcia Gourmet,Confeitaria,MIST BOLO CHOCOMOUSSE BANANA FLAMB 5KG,FLEISCHMANN,258,FD 03,47,2026-08-26 17:28:57,https://casagarciafortaleza.com.br/index.php
Casa Garcia Gourmet,Confeitaria,MIST BOLO CHOCOMOUSSE CAPPUCCINO 5KG,FLEISCHMANN,257,FD 03,47,2026-08-26 17:28:57,https://casagarciafortaleza.com.br/index.php
Casa Garcia Gourmet,Confeitaria,MIST BOLO CHOCOMOUSSE FUDGE 5KG,FLEISCHMANN,256,FD 03,47,2026-08-26 17:28:57,https://casagarciafortaleza.com.br/index.php
Casa Garcia Gourmet,Confeitaria,"MIST BOLO CHURROS VO LUZIA 5,01KG",VO LUZIA,81018,CX 04,47,2026-08-26 17:28:57,https://casagarciafortaleza.com.br/index.php
Casa Garcia Gourmet,Confeitaria,MIST BOLO COCO 5KG,FLEISCHMANN,191,FD 03,47,2026-08-26 17:28:57,https://casagarciafortaleza.com.br/index.php
Casa Garcia Gourmet,Confeitaria,"MIST BOLO COCO INSEPARAVEL 5,01KG",INSEPARAVEL,81241,CX 04,48,2026-08-26 17:28:58,https://casagarciafortaleza.com.br/index.php
Casa Garcia Gourmet,Confeitaria,"MIST BOLO CREM AIPIM VO LUZIA  5,01KG",VO LUZIA,81237,CX 04,48,2026-08-26 17:28:58,https://casagarciafortaleza.com.br/index.php
Casa Garcia Gourmet,Confeitaria,"MIST BOLO CREMO CHOCOLAT VO LUZIA 5,01KG",VO LUZIA,81023,CX 04,48,2026-08-26 17:28:58,https://casagarciafortaleza.com.br/index.php
Casa Garcia Gourmet,Confeitaria,"MIST BOLO CREMO FRUT VERM VO LUZI 5,01KG",VO LUZIA,81035,CX 04,48,2026-08-26 17:28:58,https://casagarciafortaleza.com.br/index.php
Casa Garcia Gourmet,Confeitaria,"MIST BOLO CREMO QUEIJADI VO LUZIA 5,01KG",VO LUZIA,81025,CX 04,48,2026-08-26 17:28:58,https://casagarciafortaleza.com.br/index.php
Casa Garcia Gourmet,Confeitaria,"MIST BOLO CREMO TAPIOCA VO LUZIA  5,01KG",VO LUZIA,81024,CX 04,48,2026-08-26 17:28:58,https://casagarciafortaleza.com.br/index.php
Casa Garcia Gourmet,Confeitaria,"MIST BOLO CREMOSO MILHO VO LUZIA 5 ,01KG",VO LUZIA,81034,CX 04,48,2026-08-26 17:28:58,https://casagarciafortaleza.com.br/index.php
Casa Garcia Gourmet,Confeitaria,MIST BOLO FUBA 5KG,FLEISCHMANN,199,FD 03,48,2026-08-26 17:28:58,https://casagarciafortaleza.com.br/index.php
Casa Garcia Gourmet,Confeitaria,"MIST BOLO FUBA VO LUZIA 5,01KG",VO LUZIA,81017,CX 04,48,2026-08-26 17:28:58,https://casagarciafortaleza.com.br/index.php
Casa Garcia Gourmet,Confeitaria,MIST BOLO LARANJA 5KG,FLEISCHMANN,189,FD 03,48,2026-08-26 17:28:58,https://casagarciafortaleza.com.br/index.php
Casa Garcia Gourmet,Confeitaria,"MIST BOLO LARANJA VO LUZIA 5,01KG",VO LUZIA,81014,CX 04,48,2026-08-26 17:28:58,https://casagarciafortaleza.com.br/index.php
Casa Garcia Gourmet,Confeitaria,"MIST BOLO LEITE CONDENS VO LUZIA  5,01KG",VO LUZIA,81019,CX 04,48,2026-08-26 17:28:58,https://casagarciafortaleza.com.br/index.php
Casa Garcia Gourmet,Confeitaria,MIST BOLO LIMAO CREMOSO 5KG,FLEISCHMANN,196,FD 03,49,2026-08-26 17:29:00,https://casagarciafortaleza.com.br/index.php
Casa Garcia Gourmet,Confeitaria,"MIST BOLO LIMAO VO LUZIA  5,01KG",VO LUZIA,81239,CX 04,49,2026-08-26 17:29:00,https://casagarciafortaleza.com.br/index.php
Casa Garcia Gourmet,Confeitaria,"MIST BOLO MARACUJA INSEPARAVEL 5,01 KG",INSEPARAVEL,81022,CX 04,49,2026-08-26 17:29:00,https://casagarciafortaleza.com.br/index.php
Casa Garcia Gourmet,Confeitaria,MIST BOLO MILHO CREMOSO 5KG,FLEISCHMANN,200,FD 03,49,2026-08-26 17:29:00,https://casagarciafortaleza.com.br/index.php
Casa Garcia Gourmet,Confeitaria,"MIST BOLO MILHO VO LUZIA 5,01KG",VO LUZIA,81016,CX 04,49,2026-08-26 17:29:00,https://casagarciafortaleza.com.br/index.php
Casa Garcia Gourmet,Confeitaria,MIST BOLO NEUTRO 5KG,FLEISCHMANN,187,FD 03,49,2026-08-26 17:29:00,https://casagarciafortaleza.com.br/index.php
Casa Garcia Gourmet,Confeitaria,"MIST BOLO NEUTRO VO LUZIA  5,01KG",VO LUZIA,81238,CX 04,49,2026-08-26 17:29:00,https://casagarciafortaleza.com.br/index.php
Casa Garcia Gourmet,Confeitaria,MIST BROWNIE VO LUZIA 2KG,VO LUZIA,81033,CX 10,49,2026-08-26 17:29:00,https://casagarciafortaleza.com.br/index.php
Casa Garcia Gourmet,Confeitaria,MIST CAKE ABACAXI VO LUZIA 2KG,VO LUZIA,81027,CX 10,49,2026-08-26 17:29:00,https://casagarciafortaleza.com.br/index.php
Casa Garcia Gourmet,Confeitaria,MIST CAKE CHOCOLATE 3KG,FLEISCHMANN,202,FD 05,49,2026-08-26 17:29:00,https://casagarciafortaleza.com.br/index.php
Casa Garcia Gourmet,Confeitaria,MIST CAKE CHOCOLATE VO LUZIA 2KG,VO LUZIA,81026,CX 10,49,2026-08-26 17:29:00,https://casagarciafortaleza.com.br/index.php
Casa Garcia Gourmet,Confeitaria,MIST CAKE DOCE DE LEITE VO LUZIA 2KG,VO LUZIA,81438,CX 10,49,2026-08-26 17:29:00,https://casagarciafortaleza.com.br/index.php
Casa Garcia Gourmet,Confeitaria,MIST CAKE ESPECIARIAS VO LUZIA 2KG,VO LUZIA,81028,CX 10,50,2026-08-26 17:29:02,https://casagarciafortaleza.com.br/index.php
Casa Garcia Gourmet,Confeitaria,MIST CAKE NEUTRO 3KG,FLEISCHMANN,201,FD 05,50,2026-08-26 17:29:02,https://casagarciafortaleza.com.br/index.php
Casa Garcia Gourmet,Confeitaria,MIST CAKE RED VELVET VO LUZIA 2KG,VO LUZIA,81029,CX 10,50,2026-08-26 17:29:02,https://casagarciafortaleza.com.br/index.php
Casa Garcia Gourmet,Confeitaria,MIST MOUSSE CAKE CAFE VO LUZIA 2KG,VO LUZIA,81437,CX 10,50,2026-08-26 17:29:02,https://casagarciafortaleza.com.br/index.php
Casa Garcia Gourmet,Confeitaria,"MIST PANET ABACAXI CASTAN FELICCI 5,01KG",FELICCI,81031,CX 04,50,2026-08-26 17:29:02,https://casagarciafortaleza.com.br/index.php
Casa Garcia Gourmet,Confeitaria,MIST PAO DE LO 4KG,FLEISCHMANN,177,FD 04,50,2026-08-26 17:29:02,https://casagarciafortaleza.com.br/index.php
Casa Garcia Gourmet,Confeitaria,MIX PUDIM DE LEITE PAST RESF 1KG,FLEISCHEGG'S,223,CX 12,50,2026-08-26 17:29:02,https://casagarciafortaleza.com.br/index.php
Casa Garcia Gourmet,Confeitaria,OVO INTEGRAL PAST RESF 1KG,FLEISCHEGG'S,224,CX 12,50,2026-08-26 17:29:02,https://casagarciafortaleza.com.br/index.php
Casa Garcia Gourmet,Confeitaria,OVO INTEGRAL PAST RESF AVINE 1KG,AVINE,680,CX 10,50,2026-08-26 17:29:02,https://casagarciafortaleza.com.br/index.php
Casa Garcia Gourmet,Confeitaria,"PAPEL MANTEIGA 7,5MX28CM BOMPACK",BOMPACK,2846,CX 25,50,2026-08-26 17:29:02,https://casagarciafortaleza.com.br/index.php
Casa Garcia Gourmet,Confeitaria,PAPEL MANTEIGA GLASSPEL 50X70,GLASSPEL,2269,FD 400,50,2026-08-26 17:29:02,https://casagarciafortaleza.com.br/index.php
Casa Garcia Gourmet,Confeitaria,"PASTA DE AMENDOIM VABENE 1,005KG",VABENE,3974,CX 06,50,2026-08-26 17:29:02,https://casagarciafortaleza.com.br/index.php
Casa Garcia Gourmet,Confeitaria,PASTA DE AMENDOIM VABENE 4KG,VABENE,3994,CX 04,51,2026-08-26 17:29:03,https://casagarciafortaleza.com.br/index.php
Casa Garcia Gourmet,Confeitaria,PASTA P/PANETONE 4KG,BIG MIX,494,CX 04,51,2026-08-26 17:29:03,https://casagarciafortaleza.com.br/index.php
Casa Garcia Gourmet,Confeitaria,PECTINA 50G,MAGO,2473,CX 12,51,2026-08-26 17:29:03,https://casagarciafortaleza.com.br/index.php
Casa Garcia Gourmet,Confeitaria,PO P/DECOR AZUL CLARO 10G,MAGO,849,CX 12,51,2026-08-26 17:29:03,https://casagarciafortaleza.com.br/index.php
Casa Garcia Gourmet,Confeitaria,PO P/DECOR C/REFLEXO AMARELO 10G,MAGO,3001,CX 12,51,2026-08-26 17:29:03,https://casagarciafortaleza.com.br/index.php
Casa Garcia Gourmet,Confeitaria,PO P/DECOR C/REFLEXO AZUL 10G,MAGO,3000,CX 12,51,2026-08-26 17:29:03,https://casagarciafortaleza.com.br/index.php
Casa Garcia Gourmet,Confeitaria,PO P/DECOR C/REFLEXO LILAS 10G,MAGO,3002,CX 12,51,2026-08-26 17:29:03,https://casagarciafortaleza.com.br/index.php
Casa Garcia Gourmet,Confeitaria,PO P/DECOR C/REFLEXO VERM 10G,MAGO,2999,CX 12,51,2026-08-26 17:29:03,https://casagarciafortaleza.com.br/index.php
Casa Garcia Gourmet,Confeitaria,PO P/DECOR COBRE 8G,MAGO,1108,CX 12,51,2026-08-26 17:29:03,https://casagarciafortaleza.com.br/index.php
Casa Garcia Gourmet,Confeitaria,PO P/DECOR NACAR 10G,MAGO,3003,CX 12,51,2026-08-26 17:29:03,https://casagarciafortaleza.com.br/index.php
Casa Garcia Gourmet,Confeitaria,PO P/DECOR NACAR 8G,MAGO,2441,CX 12,51,2026-08-26 17:29:03,https://casagarciafortaleza.com.br/index.php
Casa Garcia Gourmet,Confeitaria,PO P/DECOR OURO 50G,MAGO,1115,CX 01,51,2026-08-26 17:29:03,https://casagarciafortaleza.com.br/index.php
Casa Garcia Gourmet,Confeitaria,PO P/DECOR OURO 8G,MAGO,2442,CX 12,52,2026-08-26 17:29:05,https://casagarciafortaleza.com.br/index.php
Casa Garcia Gourmet,Confeitaria,PO P/DECOR OURO BRILHANTE 10G,MAGO,850,CX 01,52,2026-08-26 17:29:05,https://casagarciafortaleza.com.br/index.php
Casa Garcia Gourmet,Confeitaria,PO P/DECOR OURO ILUSAO 5G,MAGO,1326,CX 12,52,2026-08-26 17:29:05,https://casagarciafortaleza.com.br/index.php
Casa Garcia Gourmet,Confeitaria,PO P/DECOR OURO ROSE 5G,MAGO,1327,CX 12,52,2026-08-26 17:29:05,https://casagarciafortaleza.com.br/index.php
Casa Garcia Gourmet,Confeitaria,PO P/DECOR OURO ROSE 8G,MAGO,9384,CX 12,52,2026-08-26 17:29:05,https://casagarciafortaleza.com.br/index.php
Casa Garcia Gourmet,Confeitaria,PO P/DECOR PEROLA 10G,MAGO,2997,CX 12,52,2026-08-26 17:29:05,https://casagarciafortaleza.com.br/index.php
Casa Garcia Gourmet,Confeitaria,PO P/DECOR PEROLA 50G,MAGO,2444,CX 01,52,2026-08-26 17:29:05,https://casagarciafortaleza.com.br/index.php
Casa Garcia Gourmet,Confeitaria,PO P/DECOR PEROLA 5G,MAGO,3004,CX 12,52,2026-08-26 17:29:05,https://casagarciafortaleza.com.br/index.php
Casa Garcia Gourmet,Confeitaria,PO P/DECOR PINK 10G,MAGO,851,CX 12,52,2026-08-26 17:29:05,https://casagarciafortaleza.com.br/index.php
Casa Garcia Gourmet,Confeitaria,PO P/DECOR PRATA 10G,MAGO,2998,CX 12,52,2026-08-26 17:29:05,https://casagarciafortaleza.com.br/index.php
Casa Garcia Gourmet,Confeitaria,PO P/DECOR PRATA 8G,MAGO,2443,CX 12,52,2026-08-26 17:29:05,https://casagarciafortaleza.com.br/index.php
Casa Garcia Gourmet,Confeitaria,PO P/DECOR PRATA UNICORNIO 10G,MAGO,852,CX 12,52,2026-08-26 17:29:05,https://casagarciafortaleza.com.br/index.php
Casa Garcia Gourmet,Confeitaria,PO P/DECOR PRETO 10G,MAGO,853,CX 12,53,2026-08-26 17:29:06,https://casagarciafortaleza.com.br/index.php
Casa Garcia Gourmet,Confeitaria,PO P/DECOR ROSE 10G,MAGO,854,CX 12,53,2026-08-26 17:29:06,https://casagarciafortaleza.com.br/index.php
Casa Garcia Gourmet,Confeitaria,PO P/DECOR VERMELHO BRILHANTE 10G,MAGO,855,CX 12,53,2026-08-26 17:29:06,https://casagarciafortaleza.com.br/index.php
Casa Garcia Gourmet,Confeitaria,PO P/DECORACAO ACOBREADO 3G FAB,FAB,6352,CX 12,53,2026-08-26 17:29:06,https://casagarciafortaleza.com.br/index.php
Casa Garcia Gourmet,Confeitaria,PO P/DECORACAO AMARELO DAMASCO 3G FAB,FAB,6361,CX 12,53,2026-08-26 17:29:06,https://casagarciafortaleza.com.br/index.php
Casa Garcia Gourmet,Confeitaria,PO P/DECORACAO AMARELO GEMA 3G FAB,FAB,6355,CX 12,53,2026-08-26 17:29:06,https://casagarciafortaleza.com.br/index.php
Casa Garcia Gourmet,Confeitaria,PO P/DECORACAO AZUL ANIS 3G FAB,FAB,6356,CX 12,53,2026-08-26 17:29:06,https://casagarciafortaleza.com.br/index.php
Casa Garcia Gourmet,Confeitaria,PO P/DECORACAO AZUL JEANS 3G FAB,FAB,6424,CX 12,53,2026-08-26 17:29:06,https://casagarciafortaleza.com.br/index.php
Casa Garcia Gourmet,Confeitaria,PO P/DECORACAO AZUL MARINHO 3G FAB,FAB,7860,CX 12,53,2026-08-26 17:29:06,https://casagarciafortaleza.com.br/index.php
Casa Garcia Gourmet,Confeitaria,PO P/DECORACAO AZUL ROYAL 3G FAB,FAB,6716,CX 12,53,2026-08-26 17:29:06,https://casagarciafortaleza.com.br/index.php
Casa Garcia Gourmet,Confeitaria,PO P/DECORACAO AZUL TIFFANY 3G FAB,FAB,6346,CX 12,53,2026-08-26 17:29:06,https://casagarciafortaleza.com.br/index.php
Casa Garcia Gourmet,Confeitaria,PO P/DECORACAO BRANCO 3G FAB,FAB,6715,CX 12,53,2026-08-26 17:29:06,https://casagarciafortaleza.com.br/index.php
Casa Garcia Gourmet,Confeitaria,PO P/DECORACAO DOURADO 20G FAB,FAB,10688,CX 04,54,2026-08-26 17:29:08,https://casagarciafortaleza.com.br/index.php
Casa Garcia Gourmet,Confeitaria,PO P/DECORACAO DOURADO 40G FAB,FAB,10686,CX 04,54,2026-08-26 17:29:08,https://casagarciafortaleza.com.br/index.php
Casa Garcia Gourmet,Confeitaria,PO P/DECORACAO DOURADO 5G FAB,FAB,6350,CX 12,54,2026-08-26 17:29:08,https://casagarciafortaleza.com.br/index.php
Casa Garcia Gourmet,Confeitaria,PO P/DECORACAO DOURADO ANTIGO 3G FAB,FAB,6351,CX12,54,2026-08-26 17:29:08,https://casagarciafortaleza.com.br/index.php
Casa Garcia Gourmet,Confeitaria,PO P/DECORACAO DOURADO EGIPCIO 5G FAB,FAB,6345,CX 12,54,2026-08-26 17:29:08,https://casagarciafortaleza.com.br/index.php
Casa Garcia Gourmet,Confeitaria,PO P/DECORACAO DOURADO ROSE 5G FAB,FAB,6344,CX 12,54,2026-08-26 17:29:08,https://casagarciafortaleza.com.br/index.php
Casa Garcia Gourmet,Confeitaria,PO P/DECORACAO LARANJA 3G FAB,FAB,6425,CX 12,54,2026-08-26 17:29:08,https://casagarciafortaleza.com.br/index.php
Casa Garcia Gourmet,Confeitaria,PO P/DECORACAO LILAS 3G FAB,FAB,6714,CX 12,54,2026-08-26 17:29:08,https://casagarciafortaleza.com.br/index.php
Casa Garcia Gourmet,Confeitaria,PO P/DECORACAO MARROM 3G FAB,FAB,6426,CX 12,54,2026-08-26 17:29:08,https://casagarciafortaleza.com.br/index.php
Casa Garcia Gourmet,Confeitaria,PO P/DECORACAO NEON AMARELO 5G FAB,FAB,6705,CX 12,54,2026-08-26 17:29:08,https://casagarciafortaleza.com.br/index.php
Casa Garcia Gourmet,Confeitaria,PO P/DECORACAO NEON AZUL 5G FAB,FAB,6706,CX 12,54,2026-08-26 17:29:08,https://casagarciafortaleza.com.br/index.php
Casa Garcia Gourmet,Confeitaria,PO P/DECORACAO NEON AZUL MARINHO 5G FAB,FAB,6707,CX 12,54,2026-08-26 17:29:08,https://casagarciafortaleza.com.br/index.php
Casa Garcia Gourmet,Confeitaria,PO P/DECORACAO NEON LARANJA 5G FAB,FAB,6708,CX 12,55,2026-08-26 17:29:09,https://casagarciafortaleza.com.br/index.php
Casa Garcia Gourmet,Confeitaria,PO P/DECORACAO NEON PINK 5G FAB,FAB,6709,CX 12,55,2026-08-26 17:29:09,https://casagarciafortaleza.com.br/index.php
Casa Garcia Gourmet,Confeitaria,PO P/DECORACAO NEON ROSA 5G FAB,FAB,6710,CX 12,55,2026-08-26 17:29:09,https://casagarciafortaleza.com.br/index.php
Casa Garcia Gourmet,Confeitaria,PO P/DECORACAO NEON ROXO 5G FAB,FAB,6711,CX 12,55,2026-08-26 17:29:09,https://casagarciafortaleza.com.br/index.php
Casa Garcia Gourmet,Confeitaria,PO P/DECORACAO NEON VERDE 5G FAB,FAB,6712,CX 12,55,2026-08-26 17:29:09,https://casagarciafortaleza.com.br/index.php
Casa Garcia Gourmet,Confeitaria,PO P/DECORACAO NEON VERMELHO 5G FAB,FAB,6713,CX 12,55,2026-08-26 17:29:09,https://casagarciafortaleza.com.br/index.php
Casa Garcia Gourmet,Confeitaria,PO P/DECORACAO PEROLADO 10G FAB,FAB,10689,CX 04,55,2026-08-26 17:29:09,https://casagarciafortaleza.com.br/index.php
Casa Garcia Gourmet,Confeitaria,PO P/DECORACAO PEROLADO 20G FAB,FAB,10687,CX 04,55,2026-08-26 17:29:09,https://casagarciafortaleza.com.br/index.php
Casa Garcia Gourmet,Confeitaria,PO P/DECORACAO PEROLADO 3G FAB,FAB,6354,CX 12,55,2026-08-26 17:29:09,https://casagarciafortaleza.com.br/index.php
Casa Garcia Gourmet,Confeitaria,PO P/DECORACAO PRATEADO 3G FAB,FAB,6353,CX 12,55,2026-08-26 17:29:09,https://casagarciafortaleza.com.br/index.php
Casa Garcia Gourmet,Confeitaria,PO P/DECORACAO PRETO 3G FAB,FAB,6391,CX 12,55,2026-08-26 17:29:09,https://casagarciafortaleza.com.br/index.php
Casa Garcia Gourmet,Confeitaria,PO P/DECORACAO ROSA CEREJA 3G FAB,FAB,6358,CX 12,55,2026-08-26 17:29:09,https://casagarciafortaleza.com.br/index.php
Casa Garcia Gourmet,Confeitaria,PO P/DECORACAO ROSA SECO 3G FAB,FAB,6348,CX 12,56,2026-08-26 17:29:11,https://casagarciafortaleza.com.br/index.php
Casa Garcia Gourmet,Confeitaria,PO P/DECORACAO ULTRA VIOLETA 3G FAB,FAB,6387,CX 12,56,2026-08-26 17:29:11,https://casagarciafortaleza.com.br/index.php
Casa Garcia Gourmet,Confeitaria,PO P/DECORACAO VERDE FOLHA 3G FAB,FAB,6359,CX 12,56,2026-08-26 17:29:11,https://casagarciafortaleza.com.br/index.php
Casa Garcia Gourmet,Confeitaria,PO P/DECORACAO VERDE MENTA 3G FAB,FAB,6386,CX 12,56,2026-08-26 17:29:11,https://casagarciafortaleza.com.br/index.php
Casa Garcia Gourmet,Confeitaria,PO P/DECORACAO VERMELHO MARSALA 3G FAB,FAB,6717,CX 12,56,2026-08-26 17:29:11,https://casagarciafortaleza.com.br/index.php
Casa Garcia Gourmet,Confeitaria,PO P/DECORACAO VERMELHO MORANGO 3G FAB,FAB,6427,CX 12,56,2026-08-26 17:29:11,https://casagarciafortaleza.com.br/index.php
Casa Garcia Gourmet,Confeitaria,PO P/DECORACAO VERMELHO NATAL 3G FAB,FAB,6357,CX 12,56,2026-08-26 17:29:11,https://casagarciafortaleza.com.br/index.php
Casa Garcia Gourmet,Confeitaria,PO P/DECORACAO VERMELHO RUBI 3G FAB,FAB,6347,CX 12,56,2026-08-26 17:29:11,https://casagarciafortaleza.com.br/index.php
Casa Garcia Gourmet,Confeitaria,PO P/PREPARO DE LIMAO 100G,MAVALERIO,2507,CX 24,56,2026-08-26 17:29:11,https://casagarciafortaleza.com.br/index.php
Casa Garcia Gourmet,Confeitaria,PO P/PREPARO DE MARACUJA 100G,MAVALERIO,2506,CX 24,56,2026-08-26 17:29:11,https://casagarciafortaleza.com.br/index.php
Casa Garcia Gourmet,Confeitaria,PO P/PREPARO DE MORANGO 100G,MAVALERIO,2508,CX 24,56,2026-08-26 17:29:11,https://casagarciafortaleza.com.br/index.php
Casa Garcia Gourmet,Confeitaria,"PREPARADO DE ABACAXI 1,02KG",RICAELI,4743,CX 06,56,2026-08-26 17:29:11,https://casagarciafortaleza.com.br/index.php
Casa Garcia Gourmet,Confeitaria,"PREPARADO DE ABACAXI 4,1KG",RICAELI,4732,CX 04,57,2026-08-26 17:29:12,https://casagarciafortaleza.com.br/index.php
Casa Garcia Gourmet,Confeitaria,"PREPARADO DE AMEIXA 1,02KG",RICAELI,4740,CX 06,57,2026-08-26 17:29:12,https://casagarciafortaleza.com.br/index.php
Casa Garcia Gourmet,Confeitaria,"PREPARADO DE AMEIXA 4,7KG",RICAELI,4730,CX 04,57,2026-08-26 17:29:12,https://casagarciafortaleza.com.br/index.php
Casa Garcia Gourmet,Confeitaria,"PREPARADO DE AMORA 1,02KG",RICAELI,4744,CX 06,57,2026-08-26 17:29:12,https://casagarciafortaleza.com.br/index.php
Casa Garcia Gourmet,Confeitaria,"PREPARADO DE FRAMBOESA 1,02KG",RICAELI,4745,CX 06,57,2026-08-26 17:29:12,https://casagarciafortaleza.com.br/index.php
Casa Garcia Gourmet,Confeitaria,"PREPARADO DE FRUTAS VERM 1,02KG",RICAELI,4746,CX 06,57,2026-08-26 17:29:12,https://casagarciafortaleza.com.br/index.php
Casa Garcia Gourmet,Confeitaria,"PREPARADO DE FRUTAS VERM 4,2KG",RICAELI,4734,CX 04,57,2026-08-26 17:29:12,https://casagarciafortaleza.com.br/index.php
Casa Garcia Gourmet,Confeitaria,"PREPARADO DE MARACUJA 1,02KG",RICAELI,4742,CX 06,57,2026-08-26 17:29:12,https://casagarciafortaleza.com.br/index.php
Casa Garcia Gourmet,Confeitaria,"PREPARADO DE MARACUJA 4,7KG",RICAELI,4731,CX 04,57,2026-08-26 17:29:12,https://casagarciafortaleza.com.br/index.php
Casa Garcia Gourmet,Confeitaria,"PREPARADO DE MORANGO 1,02KG",RICAELI,4741,CX 06,57,2026-08-26 17:29:12,https://casagarciafortaleza.com.br/index.php
Casa Garcia Gourmet,Confeitaria,"PREPARADO DE MORANGO 4,1KG",RICAELI,4736,CX 04,57,2026-08-26 17:29:12,https://casagarciafortaleza.com.br/index.php
Casa Garcia Gourmet,Confeitaria,PROPIONATO DE SODIO 1KG,METALLOYS,2311,SC 25,57,2026-08-26 17:29:12,https://casagarciafortaleza.com.br/index.php
Casa Garcia Gourmet,Confeitaria,PROPIONATO DE SODIO 20KG,DIVERSOS,79179,SC 01,58,2026-08-26 17:29:14,https://casagarciafortaleza.com.br/index.php
Casa Garcia Gourmet,Confeitaria,PULVERIZADOR MULTIUSO GUARANY,GUARANY,9880,CX 01,58,2026-08-26 17:29:14,https://casagarciafortaleza.com.br/index.php
Casa Garcia Gourmet,Confeitaria,"RECHEIO ART CREME AMENDOIM C/PED 1,01KG",VABENE,4016,CX 08,58,2026-08-26 17:29:14,https://casagarciafortaleza.com.br/index.php
Casa Garcia Gourmet,Confeitaria,"RECHEIO ART CREME BOMBOM 1,01KG",VABENE,81149,CX 08,58,2026-08-26 17:29:14,https://casagarciafortaleza.com.br/index.php
Casa Garcia Gourmet,Confeitaria,"RECHEIO ART CREME CHOCOMALTE 1,01KG",VABENE,4098,CX 08,58,2026-08-26 17:29:14,https://casagarciafortaleza.com.br/index.php
Casa Garcia Gourmet,Confeitaria,"RECHEIO ART CREME CHOCOWAFER 1,01KG",VABENE,4097,CX 08,58,2026-08-26 17:29:14,https://casagarciafortaleza.com.br/index.php
Casa Garcia Gourmet,Confeitaria,"RECHEIO ART CREME CONFEITEIRO 1,01KG",VABENE,3788,CX 08,58,2026-08-26 17:29:14,https://casagarciafortaleza.com.br/index.php
Casa Garcia Gourmet,Confeitaria,"RECHEIO ART CREME LEITINHO VABENE 1,01KG",VABENE,4017,CX 08,58,2026-08-26 17:29:14,https://casagarciafortaleza.com.br/index.php
Casa Garcia Gourmet,Confeitaria,"RECHEIO ART CREME LEITINHO VABENE 1,05KG",VABENE,9659,CX 08,58,2026-08-26 17:29:14,https://casagarciafortaleza.com.br/index.php
Casa Garcia Gourmet,Confeitaria,"RECHEIO ART CREME MORANGO 1,01KG",VABENE,81148,CX 08,58,2026-08-26 17:29:14,https://casagarciafortaleza.com.br/index.php
Casa Garcia Gourmet,Confeitaria,RECHEIO ARTIFICIAL AMARENA MIX 3KG,MIX,80151,CX 04,58,2026-08-26 17:29:14,https://casagarciafortaleza.com.br/index.php
Casa Garcia Gourmet,Confeitaria,RECHEIO BAUNILHA 4KG,FLEISCHMANN,233,FD 04,58,2026-08-26 17:29:14,https://casagarciafortaleza.com.br/index.php
Casa Garcia Gourmet,Confeitaria,RECHEIO BRIGADEIRO 4KG,FLEISCHMANN,235,FD 04,59,2026-08-26 17:29:16,https://casagarciafortaleza.com.br/index.php
Casa Garcia Gourmet,Confeitaria,RECHEIO CHOC AO LEITE 4KG,FLEISCHMANN,249,FD 04,59,2026-08-26 17:29:16,https://casagarciafortaleza.com.br/index.php
Casa Garcia Gourmet,Confeitaria,RECHEIO CHOC CROCANTE MIX 3KG,MIX,80161,CX 04,59,2026-08-26 17:29:16,https://casagarciafortaleza.com.br/index.php
Casa Garcia Gourmet,Confeitaria,"RECHEIO CHOC LEITE C/AVELA VABENE 1,01KG",VABENE,4026,CX 06,59,2026-08-26 17:29:16,https://casagarciafortaleza.com.br/index.php
Casa Garcia Gourmet,Confeitaria,RECHEIO CHOC TRUFADO 4KG,FLEISCHMANN,236,FD 04,59,2026-08-26 17:29:16,https://casagarciafortaleza.com.br/index.php
Casa Garcia Gourmet,Confeitaria,"RECHEIO CHOCOLATE 1,01KG BISNAGA AUREA",AUREA,8545,UN 01,59,2026-08-26 17:29:16,https://casagarciafortaleza.com.br/index.php
Casa Garcia Gourmet,Confeitaria,RECHEIO COCO 4KG,FLEISCHMANN,237,FD 04,59,2026-08-26 17:29:16,https://casagarciafortaleza.com.br/index.php
Casa Garcia Gourmet,Confeitaria,"RECHEIO CONF FORN BRANCO 1,01KG",MELKEN,5097,CX 08,59,2026-08-26 17:29:16,https://casagarciafortaleza.com.br/index.php
Casa Garcia Gourmet,Confeitaria,"RECHEIO CONF FORN CHOC AO LEITE 1,01KG",MELKEN,5562,CX 08,59,2026-08-26 17:29:16,https://casagarciafortaleza.com.br/index.php
Casa Garcia Gourmet,Confeitaria,RECHEIO CR AMENDOIM C/ PEDACOS MIX 3KG,MIX,80167,CX 04,59,2026-08-26 17:29:16,https://casagarciafortaleza.com.br/index.php
Casa Garcia Gourmet,Confeitaria,"RECHEIO CR AVELA CACAU MIX 1,01KG",MIX,80168,CX 12,59,2026-08-26 17:29:16,https://casagarciafortaleza.com.br/index.php
Casa Garcia Gourmet,Confeitaria,"RECHEIO CREM GOIABA 1,01KG BISNAGA AUREA",AUREA,8544,UN 01,59,2026-08-26 17:29:16,https://casagarciafortaleza.com.br/index.php
Casa Garcia Gourmet,Confeitaria,"RECHEIO CREM GOIABA 2,5KG BISNAGA AUREA",AUREA,4975,CX 06,60,2026-08-26 17:29:17,https://casagarciafortaleza.com.br/index.php
Casa Garcia Gourmet,Confeitaria,RECHEIO CREME DE AVELA CACAU MIX 3KG,MIX,80169,CX 04,60,2026-08-26 17:29:17,https://casagarciafortaleza.com.br/index.php
Casa Garcia Gourmet,Confeitaria,RECHEIO CREME DE COCCO BIANCO MIX 3KG,MIX,80170,CX 04,60,2026-08-26 17:29:17,https://casagarciafortaleza.com.br/index.php
Casa Garcia Gourmet,Confeitaria,RECHEIO CREME DE MIX LEITINHO 3KG,MIX,80176,CX 04,60,2026-08-26 17:29:17,https://casagarciafortaleza.com.br/index.php
Casa Garcia Gourmet,Confeitaria,RECHEIO CREMOSO AMEIXA 4KG AUREA,AUREA,4988,CX 02,60,2026-08-26 17:29:17,https://casagarciafortaleza.com.br/index.php
Casa Garcia Gourmet,Confeitaria,RECHEIO CREMOSO AMEIXA 4KG BOCARDO,BOCARDO,4857,CX 02,60,2026-08-26 17:29:17,https://casagarciafortaleza.com.br/index.php
Casa Garcia Gourmet,Confeitaria,RECHEIO CREMOSO GOIABA 4KG AUREA,AUREA,4976,CX 02,60,2026-08-26 17:29:17,https://casagarciafortaleza.com.br/index.php
Casa Garcia Gourmet,Confeitaria,RECHEIO CREMOSO GOIABA 4KG BOCARDO,BOCARDO,4858,CX 02,60,2026-08-26 17:29:17,https://casagarciafortaleza.com.br/index.php
Casa Garcia Gourmet,Confeitaria,"RECHEIO CREMOSO MORANGO 1,01KG AUREA",BOCARDO,4910,CX 06,60,2026-08-26 17:29:17,https://casagarciafortaleza.com.br/index.php
Casa Garcia Gourmet,Confeitaria,RECHEIO CREMOSO MORANGO 4KG AUREA,AUREA,4969,CX 02,60,2026-08-26 17:29:17,https://casagarciafortaleza.com.br/index.php
Casa Garcia Gourmet,Confeitaria,RECHEIO DOCE DE LEITE 4KG,FLEISCHMANN,246,FD 04,60,2026-08-26 17:29:17,https://casagarciafortaleza.com.br/index.php
Casa Garcia Gourmet,Confeitaria,"RECHEIO FORN CHOC AO LEITE 1,01KG",MAVALERIO,2173,CX 08,60,2026-08-26 17:29:17,https://casagarciafortaleza.com.br/index.php
Casa Garcia Gourmet,Confeitaria,"RECHEIO FORN CHOC BRANCO MIX 1,01KG",MIX,80159,CX 12,61,2026-08-26 17:29:19,https://casagarciafortaleza.com.br/index.php
Casa Garcia Gourmet,Confeitaria,"RECHEIO FORN CHOC MEIO AMARGO MIX 1,01KG",MIX,80164,CX 12,61,2026-08-26 17:29:19,https://casagarciafortaleza.com.br/index.php
Casa Garcia Gourmet,Confeitaria,"RECHEIO FORN CHOCOLATE AVELA MIX 1,01KG",MIX,80160,CX 12,61,2026-08-26 17:29:19,https://casagarciafortaleza.com.br/index.php
Casa Garcia Gourmet,Confeitaria,"RECHEIO FORN DOCE DE LEITE VABENE 1,01KG",VABENE,8735,CX 08,61,2026-08-26 17:29:19,https://casagarciafortaleza.com.br/index.php
Casa Garcia Gourmet,Confeitaria,"RECHEIO FORN GOIABA 1,05KG GRAN FINALE",GRAN FINALE,639,CX 06,61,2026-08-26 17:29:19,https://casagarciafortaleza.com.br/index.php
Casa Garcia Gourmet,Confeitaria,"RECHEIO FORN GOIABA MIX 1,01KG",MIX,80174,CX 12,61,2026-08-26 17:29:19,https://casagarciafortaleza.com.br/index.php
Casa Garcia Gourmet,Confeitaria,"RECHEIO FORN GOIABA VABENE 1,01KG",VABENE,4766,CX 08,61,2026-08-26 17:29:19,https://casagarciafortaleza.com.br/index.php
Casa Garcia Gourmet,Confeitaria,"RECHEIO FORN MARACUJA VABENE 1,01KG",VABENE,4767,CX 08,61,2026-08-26 17:29:19,https://casagarciafortaleza.com.br/index.php
Casa Garcia Gourmet,Confeitaria,"RECHEIO FORN MORANGO GRAN FINALE 1,5KG",GRAN FINALE,640,CX 06,61,2026-08-26 17:29:19,https://casagarciafortaleza.com.br/index.php
Casa Garcia Gourmet,Confeitaria,"RECHEIO FORN MORANGO VABENE 1,01KG",VABENE,4769,CX 08,61,2026-08-26 17:29:19,https://casagarciafortaleza.com.br/index.php
Casa Garcia Gourmet,Confeitaria,"RECHEIO FORNEAVEL ABACAXI MIX 1,01KG",MIX,80149,CX 12,61,2026-08-26 17:29:19,https://casagarciafortaleza.com.br/index.php
Casa Garcia Gourmet,Confeitaria,"RECHEIO FORNEAVEL CARAMELO MIX 1,01KG",MIX,80155,CX 12,61,2026-08-26 17:29:19,https://casagarciafortaleza.com.br/index.php
Casa Garcia Gourmet,Confeitaria,"RECHEIO FORNEAVEL DE MARACUJA 1,01KG",MIX,80179,CX 12,62,2026-08-26 17:29:20,https://casagarciafortaleza.com.br/index.php
Casa Garcia Gourmet,Confeitaria,"RECHEIO FORNEAVEL LEITINHO MIX 1,01KG",MIX,80177,CX 12,62,2026-08-26 17:29:20,https://casagarciafortaleza.com.br/index.php
Casa Garcia Gourmet,Confeitaria,"RECHEIO FORNEAVEL MORANGO 1,01KG",MIX,80183,CX 12,62,2026-08-26 17:29:20,https://casagarciafortaleza.com.br/index.php
Casa Garcia Gourmet,Confeitaria,"RECHEIO FORNEAVEL PACOCA 1,01KG MIX",MIX,80186,CX 12,62,2026-08-26 17:29:20,https://casagarciafortaleza.com.br/index.php
Casa Garcia Gourmet,Confeitaria,"RECHEIO FORNEAVEL PISTACHE 1,01KG MIX",MIX,80188,CX 12,62,2026-08-26 17:29:20,https://casagarciafortaleza.com.br/index.php
Casa Garcia Gourmet,Confeitaria,RECHEIO FRUTAS AMARELAS MIX 3KG,MIX,80173,CX 04,62,2026-08-26 17:29:20,https://casagarciafortaleza.com.br/index.php
Casa Garcia Gourmet,Confeitaria,RECHEIO GOIABADA 4KG,FLEISCHMANN,247,FD 04,62,2026-08-26 17:29:20,https://casagarciafortaleza.com.br/index.php
Casa Garcia Gourmet,Confeitaria,"RECHEIO LEITE COND 1,01KG BISNAGA AUREA",AUREA,8546,UN 01,62,2026-08-26 17:29:20,https://casagarciafortaleza.com.br/index.php
Casa Garcia Gourmet,Confeitaria,RECHEIO LEITE CONDENS 4KG,FLEISCHMANN,240,FD 04,62,2026-08-26 17:29:20,https://casagarciafortaleza.com.br/index.php
Casa Garcia Gourmet,Confeitaria,"RECHEIO LEITE CONDENSADO 1,01KG BOCARDO",BOCARDO,8701,CX 06,62,2026-08-26 17:29:20,https://casagarciafortaleza.com.br/index.php
Casa Garcia Gourmet,Confeitaria,RECHEIO LIMAO CREMOSO 4KG,FLEISCHMANN,241,FD 04,62,2026-08-26 17:29:20,https://casagarciafortaleza.com.br/index.php
Casa Garcia Gourmet,Confeitaria,RECHEIO MARACUJA CREMOSO 4KG,FLEISCHMANN,245,FD 04,62,2026-08-26 17:29:20,https://casagarciafortaleza.com.br/index.php
Casa Garcia Gourmet,Confeitaria,RECHEIO MORANGO 4KG,FLEISCHMANN,242,FD 04,63,2026-08-26 17:29:22,https://casagarciafortaleza.com.br/index.php
Casa Garcia Gourmet,Confeitaria,"RECHEIO MORANGO CREM GRAN FINALE 1,8KG",GRAN FINALE,632,CX 06,63,2026-08-26 17:29:22,https://casagarciafortaleza.com.br/index.php
Casa Garcia Gourmet,Confeitaria,RECHEIO MORANGO CREME DE MIX 3KG,MIX,80182,CX 04,63,2026-08-26 17:29:22,https://casagarciafortaleza.com.br/index.php
Casa Garcia Gourmet,Confeitaria,RECHEIO MORANGO CREMOSO 4KG,FLEISCHMANN,248,FD 04,63,2026-08-26 17:29:22,https://casagarciafortaleza.com.br/index.php
Casa Garcia Gourmet,Confeitaria,"RECHEIO MORANGO FORNEAVEL 1,01KG AUREA",BOCARDO,3782,CX 06,63,2026-08-26 17:29:22,https://casagarciafortaleza.com.br/index.php
Casa Garcia Gourmet,Confeitaria,"RECHEIO SABOR PISTACHE 1,01KG MIX",MIX,80189,CX 12,63,2026-08-26 17:29:22,https://casagarciafortaleza.com.br/index.php
Casa Garcia Gourmet,Confeitaria,RECHEIO SABOR PISTACHE 3KG MIX,MIX,80190,CX 04,63,2026-08-26 17:29:22,https://casagarciafortaleza.com.br/index.php
Casa Garcia Gourmet,Confeitaria,RECHEIO/COB COM CHOCOLATE 2KG AUREA,AUREA,3780,CX 04,63,2026-08-26 17:29:22,https://casagarciafortaleza.com.br/index.php
Casa Garcia Gourmet,Confeitaria,RECHEIO/COB COM CHOCOLATE 4KG AUREA,AUREA,3781,CX 02,63,2026-08-26 17:29:22,https://casagarciafortaleza.com.br/index.php
Casa Garcia Gourmet,Confeitaria,RECHEIO/COB LEITE CONDENSADO 2KG AUREA,AUREA,3779,CX 04,63,2026-08-26 17:29:22,https://casagarciafortaleza.com.br/index.php
Casa Garcia Gourmet,Confeitaria,RECHEIO/COB LEITE CONDENSADO 4KG AUREA,AUREA,3778,CX 02,63,2026-08-26 17:29:22,https://casagarciafortaleza.com.br/index.php
Casa Garcia Gourmet,Confeitaria,REFRESCO ABACAXI 15X25G BOCARDO DISPLAY,BOCARDO,4940,CX 08,63,2026-08-26 17:29:22,https://casagarciafortaleza.com.br/index.php
Casa Garcia Gourmet,Confeitaria,REFRESCO ABACAXI FRUTADO 200G,BOCARDO,8697,CX 12,64,2026-08-26 17:29:23,https://casagarciafortaleza.com.br/index.php
Casa Garcia Gourmet,Confeitaria,REFRESCO CAJU 15X25G FRUTADO DISPLAY,BOCARDO/FRUTADO,2034,CX 08,64,2026-08-26 17:29:23,https://casagarciafortaleza.com.br/index.php
Casa Garcia Gourmet,Confeitaria,REFRESCO GOIABA 15X20G FRUTADO DISPLAY,BOCARDO/FRUTADO,4944,CX 08,64,2026-08-26 17:29:23,https://casagarciafortaleza.com.br/index.php
Casa Garcia Gourmet,Confeitaria,REFRESCO LARANJA 15X20G BOCARDO DISPLAY,BOCARDO,4942,CX 08,64,2026-08-26 17:29:23,https://casagarciafortaleza.com.br/index.php
Casa Garcia Gourmet,Confeitaria,REFRESCO LIMAO 15X20G BOCARDO DISPLAY,BOCARDO,2042,CX 08,64,2026-08-26 17:29:23,https://casagarciafortaleza.com.br/index.php
Casa Garcia Gourmet,Confeitaria,REFRESCO MANGA 15X20G FRUTADO DISPLAY,BOCARDO/FRUTADO,2043,CX 08,64,2026-08-26 17:29:23,https://casagarciafortaleza.com.br/index.php
Casa Garcia Gourmet,Confeitaria,REFRESCO MARACUJA 15X20G BOCARDO DISPLAY,BOCARDO,4943,CX 08,64,2026-08-26 17:29:23,https://casagarciafortaleza.com.br/index.php
Casa Garcia Gourmet,Confeitaria,REFRESCO MORANGO 15X20G FRUTADO DISPLAY,BOCARDO/FRUTADO,2044,CX 08,64,2026-08-26 17:29:23,https://casagarciafortaleza.com.br/index.php
Casa Garcia Gourmet,Confeitaria,REFRESCO TANGERINA 15X20G BOC DISPLAY,BOCARDO,2036,CX 08,64,2026-08-26 17:29:23,https://casagarciafortaleza.com.br/index.php
Casa Garcia Gourmet,Confeitaria,REFRESCO UVA 15X20G BOCARDO DISPLAY,BOCARDO,2045,CX 08,64,2026-08-26 17:29:23,https://casagarciafortaleza.com.br/index.php
Casa Garcia Gourmet,Confeitaria,SOBREMESA LACTEA LEITE CONDENSAD BAG 5KG,BOCARDO,2242,CX 02,64,2026-08-26 17:29:23,https://casagarciafortaleza.com.br/index.php
Casa Garcia Gourmet,Confeitaria,SOLUCAO ALCOOLICA NEUTRA 270ML FAB,FAB,6389,CX 12,64,2026-08-26 17:29:23,https://casagarciafortaleza.com.br/index.php
Casa Garcia Gourmet,Confeitaria,SORBATO DE POTASSIO GRANULADO 1KG,WIGOCHEM,2316,SC 25,65,2026-08-26 17:29:25,https://casagarciafortaleza.com.br/index.php
Casa Garcia Gourmet,Confeitaria,SORBATO DE POTASSIO GRANULADO 25KG,DIVERSOS,79181,SC 01,65,2026-08-26 17:29:25,https://casagarciafortaleza.com.br/index.php
Casa Garcia Gourmet,Confeitaria,VERMICELLI AO LEITE 400G MELKEN,MELKEN,5474,CX 12,65,2026-08-26 17:29:25,https://casagarciafortaleza.com.br/index.php
Casa Garcia Gourmet,Confeitaria,VERMICELLI CONF CHOC BRANCO 400G MELKEN,MELKEN,5098,CX 12,65,2026-08-26 17:29:25,https://casagarciafortaleza.com.br/index.php
