empresa,categoria,produto_original,marca,codigo_produto,embalagem_caixa,pagina_catalogo,data_coleta,fonte
Casa Garcia Gourmet,Confeitaria,ACUCAR COL AMARELO 300G MIL CORES,MIL CORES,9176,CX 12,1,2026-08-26 17:42:32,https://casagarciafortaleza.com.br/index.php
Casa Garcia Gourmet,Confeitaria,ACUCAR COL AZUL 300G MIL CORES,MIL CORES,9185,CX 12,1,2026-08-26 17:42:32,https://casagarciafortaleza.com.br/index.php
Casa Garcia Gourmet,Confeitaria,ACUCAR COL BRANCO 300G MIL CORES,MIL CORES,9181,CX 12,1,2026-08-26 17:42:32,https://casagarciafortaleza.com.br/index.php
Casa Garcia Gourmet,Confeitaria,ACUCAR COL ROSA 300G MIL CORES,MIL CORES,9177,CX 12,1,2026-08-26 17:42:32,https://casagarciafortaleza.com.br/index.php
Casa Garcia Gourmet,Confeitaria,ACUCAR COL VERDE 300G MIL CORES,MIL CORES,9178,CX 12,1,2026-08-26 17:42:32,https://casagarciafortaleza.com.br/index.php
Casa Garcia Gourmet,Confeitaria,ACUCAR COL VERMELHO 300G MIL CORES,MIL CORES,9179,CX 12,1,2026-08-26 17:42:32,https://casagarciafortaleza.com.br/index.php
Casa Garcia Gourmet,Confeitaria,ACUCAR CONF 1KG SNOW SUGAR,MAVALERIO,301,CX 10,1,2026-08-26 17:42:32,https://casagarciafortaleza.com.br/index.php
Casa Garcia Gourmet,Confeitaria,ACUCAR CONF 500G SNOW SUGAR,MAVALERIO,297,CX 20,1,2026-08-26 17:42:32,https://casagarciafortaleza.com.br/index.php
Casa Garcia Gourmet,Confeitaria,ACUCAR CONF BIG MIX 1KG,BIG MIX,299,CX 10,1,2026-08-26 17:42:32,https://casagarciafortaleza.com.br/index.php
Casa Garcia Gourmet,Confeitaria,ACUCAR CRISTAL 1KG UNIAO,UNIÃO,2770,CX 10,1,2026-08-26 17:42:32,https://casagarciafortaleza.com.br/index.php
Casa Garcia Gourmet,Confeitaria,ACUCAR GELADO P/COBERTURAS 1KG,MAVALERIO,302,CX 10,1,2026-08-26 17:42:32,https://casagarciafortaleza.com.br/index.php
Casa Garcia Gourmet,Confeitaria,ACUCAR GELADO P/COBERTURAS 500G,MAVALERIO,298,CX 06,1,2026-08-26 17:42:32,https://casagarciafortaleza.com.br/index.php
Casa Garcia Gourmet,Confeitaria,ACUCAR IMPALPAVEL MIX 1KG,MIX,5621,CX 10,2,2026-08-26 17:42:33,https://casagarciafortaleza.com.br/index.php
Casa Garcia Gourmet,Confeitaria,AGAR-AGAR MIX 30G,MIX,5634,CX 06,2,2026-08-26 17:42:33,https://casagarciafortaleza.com.br/index.php
Casa Garcia Gourmet,Confeitaria,"ALCOOL ETILICO DE CEREAIS 93,8 50ML FAB",FAB,6388,CX 30,2,2026-08-26 17:42:33,https://casagarciafortaleza.com.br/index.php
Casa Garcia Gourmet,Confeitaria,"AMENDOIM TORRADO GRANULADO VABENE 1,05KG",VABENE,3970,CX 12,2,2026-08-26 17:42:33,https://casagarciafortaleza.com.br/index.php
Casa Garcia Gourmet,Confeitaria,"AMENDOIM TORRADO METADES VABENE 1,05KG",VABENE,3997,CX 12,2,2026-08-26 17:42:33,https://casagarciafortaleza.com.br/index.php
Casa Garcia Gourmet,Confeitaria,AMIDO DE MILHO TECNUTRI 1KG,TECNUTRI,6628,CX 10,2,2026-08-26 17:42:33,https://casagarciafortaleza.com.br/index.php
Casa Garcia Gourmet,Confeitaria,AMIDO DE MILHO TECNUTRI 500G,TECNUTRI,6619,CX 24,2,2026-08-26 17:42:33,https://casagarciafortaleza.com.br/index.php
Casa Garcia Gourmet,Confeitaria,ANTIMOFO LIQ EXTRA PARA BOLO 5L,LA RECETTE,2305,CX 04,2,2026-08-26 17:42:33,https://casagarciafortaleza.com.br/index.php
Casa Garcia Gourmet,Confeitaria,AROMA ABACAXI LARECETTE 960ML,LA RECETTE,435,CX 12,2,2026-08-26 17:42:33,https://casagarciafortaleza.com.br/index.php
Casa Garcia Gourmet,Confeitaria,AROMA ABACAXI OLEOSO 1000ML LARECETTE,LA RECETTE,10844,UN 01,2,2026-08-26 17:42:33,https://casagarciafortaleza.com.br/index.php
Casa Garcia Gourmet,Confeitaria,AROMA ALHO LARECETTE 960ML,LA RECETTE,476,CX 12,2,2026-08-26 17:42:33,https://casagarciafortaleza.com.br/index.php
Casa Garcia Gourmet,Confeitaria,AROMA ART BAUNILHA BRANCA 960ML MIX,MIX,80152,CX 06,2,2026-08-26 17:42:33,https://casagarciafortaleza.com.br/index.php
Casa Garcia Gourmet,Confeitaria,AROMA ART SABOR BAUNILHA 960ML,FAB,77926,CX 06,3,2026-08-26 17:42:34,https://casagarciafortaleza.com.br/index.php
Casa Garcia Gourmet,Confeitaria,AROMA ART SABOR BAUNILHA BRANCA 960ML,FAB,77927,CX 06,3,2026-08-26 17:42:34,https://casagarciafortaleza.com.br/index.php
Casa Garcia Gourmet,Confeitaria,AROMA ART SABOR LARANJA 960ML,FAB,77928,CX 06,3,2026-08-26 17:42:34,https://casagarciafortaleza.com.br/index.php
Casa Garcia Gourmet,Confeitaria,AROMA ART SABOR MANTEIGA 960ML,FAB,77929,CX 06,3,2026-08-26 17:42:34,https://casagarciafortaleza.com.br/index.php
Casa Garcia Gourmet,Confeitaria,AROMA ARTIF BAUNILHA MIX 960ML,MIX,80153,CX 06,3,2026-08-26 17:42:34,https://casagarciafortaleza.com.br/index.php
Casa Garcia Gourmet,Confeitaria,AROMA ARTIFICIAL COCO MIX 960ML,MIX,80166,CX 06,3,2026-08-26 17:42:34,https://casagarciafortaleza.com.br/index.php
Casa Garcia Gourmet,Confeitaria,AROMA ARTIFICIAL PANETONE 960ML MIX,MIX,80187,CX 06,3,2026-08-26 17:42:34,https://casagarciafortaleza.com.br/index.php
Casa Garcia Gourmet,Confeitaria,AROMA BATATA DOCE OLEOSO LARECETTE 1000M,LA RECETTE,398,CX 12,3,2026-08-26 17:42:34,https://casagarciafortaleza.com.br/index.php
Casa Garcia Gourmet,Confeitaria,AROMA BAUNILHA LARECETTE 960ML,LA RECETTE,431,CX 12,3,2026-08-26 17:42:34,https://casagarciafortaleza.com.br/index.php
Casa Garcia Gourmet,Confeitaria,AROMA BAUNILHA OLEOSO 1000ML,LA RECETTE,479,CX 12,3,2026-08-26 17:42:34,https://casagarciafortaleza.com.br/index.php
Casa Garcia Gourmet,Confeitaria,AROMA BAUNILHA PRATA LARECETTE 960ML,LA RECETTE,523,CX 12,3,2026-08-26 17:42:34,https://casagarciafortaleza.com.br/index.php
Casa Garcia Gourmet,Confeitaria,AROMA CHOCOLATE OLEOSO 1000ML,LA RECETTE,480,CX 12,3,2026-08-26 17:42:34,https://casagarciafortaleza.com.br/index.php
Casa Garcia Gourmet,Confeitaria,AROMA COCO LARECETTE 960ML,LA RECETTE,432,CX 12,4,2026-08-26 17:42:35,https://casagarciafortaleza.com.br/index.php
Casa Garcia Gourmet,Confeitaria,AROMA COCO OLEOSO LARECETTE 1000ML,LA RECETTE,439,CX 12,4,2026-08-26 17:42:35,https://casagarciafortaleza.com.br/index.php
Casa Garcia Gourmet,Confeitaria,AROMA DE CHOCOLATE 960ML,LA RECETTE,2213,CX 12,4,2026-08-26 17:42:35,https://casagarciafortaleza.com.br/index.php
Casa Garcia Gourmet,Confeitaria,AROMA DE LEITE 960ML LA RECETTE,LA RECETTE,10842,CX 12,4,2026-08-26 17:42:35,https://casagarciafortaleza.com.br/index.php
Casa Garcia Gourmet,Confeitaria,AROMA IDENT NATURAL MANTEIGA MIX 960ML,MIX,81220,CX 06,4,2026-08-26 17:42:35,https://casagarciafortaleza.com.br/index.php
Casa Garcia Gourmet,Confeitaria,AROMA LARANJA LARECETTE 960ML,LA RECETTE,429,CX 12,4,2026-08-26 17:42:35,https://casagarciafortaleza.com.br/index.php
Casa Garcia Gourmet,Confeitaria,AROMA LARANJA OLEOSO 1000ML,LA RECETTE,481,CX 12,4,2026-08-26 17:42:35,https://casagarciafortaleza.com.br/index.php
Casa Garcia Gourmet,Confeitaria,AROMA LEITE CONDENSADO LARECETTE 960ML,LA RECETTE,437,CX 12,4,2026-08-26 17:42:35,https://casagarciafortaleza.com.br/index.php
Casa Garcia Gourmet,Confeitaria,AROMA LIMAO LARECETTE 960ML,LA RECETTE,438,CX 12,4,2026-08-26 17:42:35,https://casagarciafortaleza.com.br/index.php
Casa Garcia Gourmet,Confeitaria,AROMA MANTEIGA LARECETTE 960ML,LA RECETTE,430,CX 12,4,2026-08-26 17:42:35,https://casagarciafortaleza.com.br/index.php
Casa Garcia Gourmet,Confeitaria,AROMA MANTEIGA OLEOSO LARECETTE 1000ML,LA RECETTE,440,CX 12,4,2026-08-26 17:42:35,https://casagarciafortaleza.com.br/index.php
Casa Garcia Gourmet,Confeitaria,AROMA MARACUJA LARECETTE 960ML,LA RECETTE,436,CX 12,4,2026-08-26 17:42:35,https://casagarciafortaleza.com.br/index.php
Casa Garcia Gourmet,Confeitaria,AROMA MARACUJA OLEOSO 1000ML LARECETTE,LA RECETTE,10843,UN 01,5,2026-08-26 17:42:36,https://casagarciafortaleza.com.br/index.php
Casa Garcia Gourmet,Confeitaria,AROMA MARIA OLEOSO LARECETTE 1000ML,LA RECETTE,385,CX 12,5,2026-08-26 17:42:36,https://casagarciafortaleza.com.br/index.php
Casa Garcia Gourmet,Confeitaria,AROMA MILHO VERDE OLEOSO LARECETE 1000ML,LA RECETTE,441,CX 12,5,2026-08-26 17:42:36,https://casagarciafortaleza.com.br/index.php
Casa Garcia Gourmet,Confeitaria,AROMA MORANGO LARECETTE 960ML,LA RECETTE,474,CX 12,5,2026-08-26 17:42:36,https://casagarciafortaleza.com.br/index.php
Casa Garcia Gourmet,Confeitaria,AROMA NATA LARECETTE 960ML,LA RECETTE,478,CX 12,5,2026-08-26 17:42:36,https://casagarciafortaleza.com.br/index.php
Casa Garcia Gourmet,Confeitaria,AROMA NATA OLEOSO 1000ML,LA RECETTE,492,CX 12,5,2026-08-26 17:42:36,https://casagarciafortaleza.com.br/index.php
Casa Garcia Gourmet,Confeitaria,AROMA NATURAL LARANJA MIX 960ML,MIX,80175,CX 06,5,2026-08-26 17:42:36,https://casagarciafortaleza.com.br/index.php
Casa Garcia Gourmet,Confeitaria,AROMA NATURAL MANTEIGA MIX 960ML,MIX,80178,CX 06,5,2026-08-26 17:42:36,https://casagarciafortaleza.com.br/index.php
Casa Garcia Gourmet,Confeitaria,AROMA PANETONE LARECETTE 960ML,LA RECETTE,368,CX 12,5,2026-08-26 17:42:36,https://casagarciafortaleza.com.br/index.php
Casa Garcia Gourmet,Confeitaria,AROMA PANETONE OLEOSO LARECETTE 1000ML,LA RECETTE,477,CX 12,5,2026-08-26 17:42:36,https://casagarciafortaleza.com.br/index.php
Casa Garcia Gourmet,Confeitaria,AROMA QUEIJO LARECETTE 960ML,LA RECETTE,442,CX 12,5,2026-08-26 17:42:36,https://casagarciafortaleza.com.br/index.php
Casa Garcia Gourmet,Confeitaria,BASE P/SORVETE E BOLO CHOC BCO 1KG,BIG MIX,2312,FD 10,5,2026-08-26 17:42:36,https://casagarciafortaleza.com.br/index.php
Casa Garcia Gourmet,Confeitaria,BASE P/SORVETE E BOLO DE ABACAXI 1KG,LA RECETTE,467,FD 10,6,2026-08-26 17:42:37,https://casagarciafortaleza.com.br/index.php
Casa Garcia Gourmet,Confeitaria,BASE P/SORVETE E BOLO DE AIPIM 1KG,LA RECETTE,473,FD 10,6,2026-08-26 17:42:37,https://casagarciafortaleza.com.br/index.php
Casa Garcia Gourmet,Confeitaria,BASE P/SORVETE E BOLO DE BAUNILHA 1KG,LA RECETTE,469,FD 10,6,2026-08-26 17:42:37,https://casagarciafortaleza.com.br/index.php
Casa Garcia Gourmet,Confeitaria,BASE P/SORVETE E BOLO DE LEITE COND 1KG,LA RECETTE,468,FD 10,6,2026-08-26 17:42:37,https://casagarciafortaleza.com.br/index.php
Casa Garcia Gourmet,Confeitaria,BASE P/SORVETE E BOLO DE LIMAO 1KG,BIG MIX,2296,FD 10,6,2026-08-26 17:42:37,https://casagarciafortaleza.com.br/index.php
Casa Garcia Gourmet,Confeitaria,BASE P/SORVETE E BOLO DE MARACUJA 1KG,LA RECETTE,471,FD 10,6,2026-08-26 17:42:37,https://casagarciafortaleza.com.br/index.php
Casa Garcia Gourmet,Confeitaria,BASE P/SORVETE E BOLO DE MILHO VERDE 1KG,LA RECETTE,466,FD 10,6,2026-08-26 17:42:37,https://casagarciafortaleza.com.br/index.php
Casa Garcia Gourmet,Confeitaria,BASE P/SORVETE E BOLO DE MORANGO 1KG,LA RECETTE,470,FD 10,6,2026-08-26 17:42:37,https://casagarciafortaleza.com.br/index.php
Casa Garcia Gourmet,Confeitaria,BASE P/SORVETE E BOLO DE NATA 1KG,LA RECETTE,472,FD 10,6,2026-08-26 17:42:37,https://casagarciafortaleza.com.br/index.php
Casa Garcia Gourmet,Confeitaria,BEIJINHO 2KG BOCARDO,BOCARDO,4936,CX 06,6,2026-08-26 17:42:37,https://casagarciafortaleza.com.br/index.php
Casa Garcia Gourmet,Confeitaria,BEIJINHO 950G BOCARDO,BOCARDO,2100,PC 25,6,2026-08-26 17:42:37,https://casagarciafortaleza.com.br/index.php
Casa Garcia Gourmet,Confeitaria,BICARBONATO DE SODIO EXTRA FINO 1KG,DAXIA,2314,PC 25,6,2026-08-26 17:42:37,https://casagarciafortaleza.com.br/index.php
Casa Garcia Gourmet,Confeitaria,BICARBONATO DE SODIO EXTRA FINO 25KG,DIVERSOS,79183,SC 01,7,2026-08-26 17:42:39,https://casagarciafortaleza.com.br/index.php
Casa Garcia Gourmet,Confeitaria,"BISNAGA CARAVELA NOCCIOLA CRUNCH 1,01KG",MASTER MARTINI,10530,CX 09,7,2026-08-26 17:42:39,https://casagarciafortaleza.com.br/index.php
Casa Garcia Gourmet,Confeitaria,"BISNAGA CARAVELLA PISTACCHIO 1,01KG",MASTER MARTINI,10617,CX 09,7,2026-08-26 17:42:39,https://casagarciafortaleza.com.br/index.php
Casa Garcia Gourmet,Confeitaria,"BISNAGA CARIBE BUENO 1,01KG",MASTER MARTINI,10527,CX 09,7,2026-08-26 17:42:39,https://casagarciafortaleza.com.br/index.php
Casa Garcia Gourmet,Confeitaria,"BISNAGA CARIBE CREM AVELA 1,01KG",MASTER MARTINI,10528,CX 09,7,2026-08-26 17:42:39,https://casagarciafortaleza.com.br/index.php
Casa Garcia Gourmet,Confeitaria,"BISNAGA CARIBE LEITINHO 1,01KG",MASTER MARTINI,10526,CX 09,7,2026-08-26 17:42:39,https://casagarciafortaleza.com.br/index.php
Casa Garcia Gourmet,Confeitaria,BRIGADEIRO 2KG BOCARDO,BOCARDO,2101,CX 06,7,2026-08-26 17:42:39,https://casagarciafortaleza.com.br/index.php
Casa Garcia Gourmet,Confeitaria,BRIGADEIRO 950KG BOCARDO,BOCARDO,4937,CX 06,7,2026-08-26 17:42:39,https://casagarciafortaleza.com.br/index.php
Casa Garcia Gourmet,Confeitaria,"BRILHO E COB MARACUJA C/SEM 1,01KG AUREA",AUREA,8547,UN 01,7,2026-08-26 17:42:39,https://casagarciafortaleza.com.br/index.php
Casa Garcia Gourmet,Confeitaria,"BRILHO E COB MORANGO 1,01KG AUREA",AUREA,8539,CX 06,7,2026-08-26 17:42:39,https://casagarciafortaleza.com.br/index.php
Casa Garcia Gourmet,Confeitaria,BRILHO P/DECORACAO AMARELO 3G FAB,FAB,6366,CX 12,7,2026-08-26 17:42:39,https://casagarciafortaleza.com.br/index.php
Casa Garcia Gourmet,Confeitaria,BRILHO P/DECORACAO AZUL 3G FAB,FAB,6364,CX 12,7,2026-08-26 17:42:39,https://casagarciafortaleza.com.br/index.php
Casa Garcia Gourmet,Confeitaria,BRILHO P/DECORACAO CRISTAL 20G FAB,FAB,10685,CX 04,8,2026-08-26 17:42:40,https://casagarciafortaleza.com.br/index.php
Casa Garcia Gourmet,Confeitaria,BRILHO P/DECORACAO CRISTAL 3G FAB,FAB,6390,CX 12,8,2026-08-26 17:42:40,https://casagarciafortaleza.com.br/index.php
Casa Garcia Gourmet,Confeitaria,BRILHO P/DECORACAO ROSA 3G FAB,FAB,6365,CX 12,8,2026-08-26 17:42:40,https://casagarciafortaleza.com.br/index.php
Casa Garcia Gourmet,Confeitaria,BRILHO P/DECORACAO VERDE 3G FAB,FAB,6362,CX 12,8,2026-08-26 17:42:40,https://casagarciafortaleza.com.br/index.php
Casa Garcia Gourmet,Confeitaria,BRILHO P/DECORACAO VERMELHO 3G FAB,FAB,6363,CX 12,8,2026-08-26 17:42:40,https://casagarciafortaleza.com.br/index.php
Casa Garcia Gourmet,Confeitaria,"BRILHO/COB MARACUJA C/SEM 1,01KG BOCARDO",BOCARDO,8698,CX 06,8,2026-08-26 17:42:40,https://casagarciafortaleza.com.br/index.php
Casa Garcia Gourmet,Confeitaria,"BRILHO/COB NEUTRO BOCARDO 1,01KG BOCARDO",BOCARDO,8699,CX 06,8,2026-08-26 17:42:40,https://casagarciafortaleza.com.br/index.php
Casa Garcia Gourmet,Confeitaria,BRILHO/COB NEUTRO BOCARDO 4KG BOCARDO,BOCARDO,8700,CX 06,8,2026-08-26 17:42:40,https://casagarciafortaleza.com.br/index.php
Casa Garcia Gourmet,Confeitaria,BUTTERCREAM 400G,MAVALERIO,662,CX 10,8,2026-08-26 17:42:40,https://casagarciafortaleza.com.br/index.php
Casa Garcia Gourmet,Confeitaria,CACAU EM PO ALCALINO 500G MAVALERIO,MAVALERIO,2154,CX 12,8,2026-08-26 17:42:40,https://casagarciafortaleza.com.br/index.php
Casa Garcia Gourmet,Confeitaria,CACAU EM PO SICAO 500G,SICAO,5840,CX 10,8,2026-08-26 17:42:40,https://casagarciafortaleza.com.br/index.php
Casa Garcia Gourmet,Confeitaria,CACAU PO 500G MELKEN,HARALD,5542,CX 16,8,2026-08-26 17:42:40,https://casagarciafortaleza.com.br/index.php
Casa Garcia Gourmet,Confeitaria,"CALDA DE PUDIM 4,8KG EMBRAMIX",EMBRAMIX,81150,CX 12,9,2026-08-26 17:42:41,https://casagarciafortaleza.com.br/index.php
Casa Garcia Gourmet,Confeitaria,CALDA P/BOLO CONG 907G FLAVOR,FLAVOR RIGHT,11758,CX 12,9,2026-08-26 17:42:41,https://casagarciafortaleza.com.br/index.php
Casa Garcia Gourmet,Confeitaria,CALDA P/BOLO SABOR LEITE COND DAMARE 1L,DAMARE,957,CX 12,9,2026-08-26 17:42:41,https://casagarciafortaleza.com.br/index.php
Casa Garcia Gourmet,Confeitaria,CALDA P/BOLO UHT PASTRY PRIDE 907G,PASTRY PRIDE,11760,CX 12,9,2026-08-26 17:42:41,https://casagarciafortaleza.com.br/index.php
Casa Garcia Gourmet,Confeitaria,CALDA P/MOLHAR BOLO SABOR TRES LEITES 1L,FLEISCHMANN,255,CX 12,9,2026-08-26 17:42:41,https://casagarciafortaleza.com.br/index.php
Casa Garcia Gourmet,Confeitaria,"CALDA PARA PUDIM 1,450KG",BIG MIX,2165,CX 04,9,2026-08-26 17:42:41,https://casagarciafortaleza.com.br/index.php
Casa Garcia Gourmet,Confeitaria,CANELA 500G,AGRONUTTS,79557,CX 20,9,2026-08-26 17:42:41,https://casagarciafortaleza.com.br/index.php
Casa Garcia Gourmet,Confeitaria,CANUTOS WAFER BAUNILHA/CHOCOLATE 1KG,STER BOM,20326,CX 01,9,2026-08-26 17:42:41,https://casagarciafortaleza.com.br/index.php
Casa Garcia Gourmet,Confeitaria,CARAVELA NOCCIOLA CRUNCH 3KG,MASTER MARTINI,10529,UN 01,9,2026-08-26 17:42:41,https://casagarciafortaleza.com.br/index.php
Casa Garcia Gourmet,Confeitaria,CARAVELLA GRAN NOCCIOLA 3KG,MASTER MARTINI,10524,UN 01,9,2026-08-26 17:42:41,https://casagarciafortaleza.com.br/index.php
Casa Garcia Gourmet,Confeitaria,CARAVELLA GRAN PISTACCHIO 3KG,MASTER MARTINI,10525,UN 01,9,2026-08-26 17:42:41,https://casagarciafortaleza.com.br/index.php
Casa Garcia Gourmet,Confeitaria,CARIBE CREME DE AVELA 3KG,MASTER MARTINI,10523,UN 01,9,2026-08-26 17:42:41,https://casagarciafortaleza.com.br/index.php
Casa Garcia Gourmet,Confeitaria,CASCAO PARA SORVETE M 120UN,STER BOM,20324,CX 01,10,2026-08-26 17:42:42,https://casagarciafortaleza.com.br/index.php
Casa Garcia Gourmet,Confeitaria,CASCAO PARA SORVETE P 120UN,STER BOM,20327,CX 01,10,2026-08-26 17:42:42,https://casagarciafortaleza.com.br/index.php
Casa Garcia Gourmet,Confeitaria,CASQUINHA PARA SORVETE 300UN,STER BOM,20323,CX 01,10,2026-08-26 17:42:42,https://casagarciafortaleza.com.br/index.php
Casa Garcia Gourmet,Confeitaria,CEREAL BALL COB CHOC LEITE VABENE 500G,VABENE,4768,CX 12,10,2026-08-26 17:42:42,https://casagarciafortaleza.com.br/index.php
Casa Garcia Gourmet,Confeitaria,CEREAL MICRO BALL COLORIDO VABENE 500G,VABENE,4001,CX 12,10,2026-08-26 17:42:42,https://casagarciafortaleza.com.br/index.php
Casa Garcia Gourmet,Confeitaria,CEREAL MICRO CHOC AO LEITE E BRANCO 500G,VABENE,9653,CX 12,10,2026-08-26 17:42:42,https://casagarciafortaleza.com.br/index.php
Casa Garcia Gourmet,Confeitaria,CEREAL MICRO COB C/ CHOC AO LEITE 500G,VABENE,3995,CX 12,10,2026-08-26 17:42:42,https://casagarciafortaleza.com.br/index.php
Casa Garcia Gourmet,Confeitaria,CEREAL MICRO COB C/ CHOC BRANCO 500G,VABENE,3996,CX 12,10,2026-08-26 17:42:42,https://casagarciafortaleza.com.br/index.php
Casa Garcia Gourmet,Confeitaria,CEREAL MINI CHOC AO LEITE E BRANCO 500G,VABENE,9652,CX 12,10,2026-08-26 17:42:42,https://casagarciafortaleza.com.br/index.php
Casa Garcia Gourmet,Confeitaria,CEREAL MINI COBERTO COM CHOC BRANCO 500G,VABENE,9689,CX 12,10,2026-08-26 17:42:42,https://casagarciafortaleza.com.br/index.php
Casa Garcia Gourmet,Confeitaria,"CERELIS ALISPEC 1,01KG",ALISPEC,2115,CX 12,10,2026-08-26 17:42:42,https://casagarciafortaleza.com.br/index.php
Casa Garcia Gourmet,Confeitaria,"CERELIS ALISPEC 4,5KG",ALISPEC,2114,CX 04,10,2026-08-26 17:42:42,https://casagarciafortaleza.com.br/index.php
Casa Garcia Gourmet,Confeitaria,CHANTIFIX ESTABILIZANTE P/CHANTILY 160G,MAVALERIO,663,CX 10,11,2026-08-26 17:42:43,https://casagarciafortaleza.com.br/index.php
Casa Garcia Gourmet,Confeitaria,CHANTILLY BASIC 907G PASTRY PRIDE,PASTRY PRIDE,11761,CX 12,11,2026-08-26 17:42:43,https://casagarciafortaleza.com.br/index.php
Casa Garcia Gourmet,Confeitaria,CHANTILLY CHOCOLATE 1L,FLEISCHMANN,214,CX 12,11,2026-08-26 17:42:43,https://casagarciafortaleza.com.br/index.php
Casa Garcia Gourmet,Confeitaria,CHANTILLY MIX AMELIA 1L,AMELIA,3416,cx12,11,2026-08-26 17:42:43,https://casagarciafortaleza.com.br/index.php
Casa Garcia Gourmet,Confeitaria,CHANTILLY MIX SUPREME AMELIA 1L,AMELIA,3414,cx12,11,2026-08-26 17:42:43,https://casagarciafortaleza.com.br/index.php
Casa Garcia Gourmet,Confeitaria,CHANTILLY PRIME 1L FLEISCHMANN,FLEISCHMANN,215,CX 12,11,2026-08-26 17:42:43,https://casagarciafortaleza.com.br/index.php
Casa Garcia Gourmet,Confeitaria,CHANTILLY REFRIGERATTO FLEISCHMANN 1L,FLEISCHMANN,79185,CX 12,11,2026-08-26 17:42:43,https://casagarciafortaleza.com.br/index.php
Casa Garcia Gourmet,Confeitaria,CHANTILLY STANDARD 907G PASTRY PRIDE,PASTRY PRIDE,11764,CX 12,11,2026-08-26 17:42:43,https://casagarciafortaleza.com.br/index.php
Casa Garcia Gourmet,Confeitaria,CHANTILLY STANDARD CHOC 907G PASTRY PRID,PASTRY PRIDE,11765,CX 12,11,2026-08-26 17:42:43,https://casagarciafortaleza.com.br/index.php
Casa Garcia Gourmet,Confeitaria,CHANTILLY TRADICIONAL 1L,FLEISCHMANN,213,CX 12,11,2026-08-26 17:42:43,https://casagarciafortaleza.com.br/index.php
Casa Garcia Gourmet,Confeitaria,CHANTILLY WHIP'N ICE CHOCOLATE 907G FLAV,FLAVOR RIGHT,11766,CX 12,11,2026-08-26 17:42:43,https://casagarciafortaleza.com.br/index.php
Casa Garcia Gourmet,Confeitaria,CHANTILLY WHIP'N ICE CREME 907G FLAVOR,FLAVOR RIGHT,11767,CX 12,11,2026-08-26 17:42:43,https://casagarciafortaleza.com.br/index.php
Casa Garcia Gourmet,Confeitaria,CHANTILLY WHIP'N TOP BAUN 907G FLAVOR,FLAVOR RIGHT,11768,CX 12,12,2026-08-26 17:42:44,https://casagarciafortaleza.com.br/index.php
Casa Garcia Gourmet,Confeitaria,CHANTILLY WHIP'N TOP CHOC 907G FLAVOR,FLAVOR RIGHT,11769,CX 12,12,2026-08-26 17:42:44,https://casagarciafortaleza.com.br/index.php
Casa Garcia Gourmet,Confeitaria,CHANTILLY WHIP'N TOP NATA 907G FLAVOR,FLAVOR RIGHT,11770,CX 12,12,2026-08-26 17:42:44,https://casagarciafortaleza.com.br/index.php
Casa Garcia Gourmet,Confeitaria,CHOC BALL MICRO SAB CARAMELO 300G,MAVALERIO,344,CX 12,12,2026-08-26 17:42:44,https://casagarciafortaleza.com.br/index.php
Casa Garcia Gourmet,Confeitaria,CHOC BALL MICRO SAB CHO/BR/CAR CX12X300G,MAVALERIO,661,CX 12,12,2026-08-26 17:42:44,https://casagarciafortaleza.com.br/index.php
Casa Garcia Gourmet,Confeitaria,CHOCO POWER BALL AO LEITE 500G,MAVALERIO,2156,CX 12,12,2026-08-26 17:42:44,https://casagarciafortaleza.com.br/index.php
Casa Garcia Gourmet,Confeitaria,CHOCO POWER CHOCOLATE BRANCO 300G,MAVALERIO,9180,CX 12,12,2026-08-26 17:42:44,https://casagarciafortaleza.com.br/index.php
Casa Garcia Gourmet,Confeitaria,CHOCO POWER MICRO AO LEITE E BCO 500G,MAVALERIO,2155,CX 12,12,2026-08-26 17:42:44,https://casagarciafortaleza.com.br/index.php
Casa Garcia Gourmet,Confeitaria,CHOCO POWER MICRO BALL BRANCO 300G,MAVALERIO,2483,CX 12,12,2026-08-26 17:42:44,https://casagarciafortaleza.com.br/index.php
Casa Garcia Gourmet,Confeitaria,CHOCO POWER MICRO BALL CHOCOLATE 300G,MAVALERIO,2626,CX 12,12,2026-08-26 17:42:44,https://casagarciafortaleza.com.br/index.php
Casa Garcia Gourmet,Confeitaria,CHOCO POWER MICRO BALL COLORIDO 300G,MAVALERIO,2482,CX 12,12,2026-08-26 17:42:44,https://casagarciafortaleza.com.br/index.php
Casa Garcia Gourmet,Confeitaria,CHOCO POWER MINI BALL BRANCO 300G,MAVALERIO,2484,CX 12,12,2026-08-26 17:42:44,https://casagarciafortaleza.com.br/index.php
Casa Garcia Gourmet,Confeitaria,CHOCO POWER MINI BALL CHOCOLATE 300G,MAVALERIO,9173,CX 12,13,2026-08-26 17:42:45,https://casagarciafortaleza.com.br/index.php
Casa Garcia Gourmet,Confeitaria,CHOCO POWER MINI BALL LEITE/BRANCO 500G,MAVALERIO,2158,CX 12,13,2026-08-26 17:42:45,https://casagarciafortaleza.com.br/index.php
Casa Garcia Gourmet,Confeitaria,CHOCOGIROS 300G AMARELO,MAVALERIO,2524,CX 12,13,2026-08-26 17:42:45,https://casagarciafortaleza.com.br/index.php
Casa Garcia Gourmet,Confeitaria,CHOCOGIROS 300G AZUL,MAVALERIO,2522,CX 12,13,2026-08-26 17:42:45,https://casagarciafortaleza.com.br/index.php
Casa Garcia Gourmet,Confeitaria,CHOCOGIROS 300G ROSA,MAVALERIO,2523,CX 12,13,2026-08-26 17:42:45,https://casagarciafortaleza.com.br/index.php
Casa Garcia Gourmet,Confeitaria,CHOCOGIROS 300G VERDE,MAVALERIO,2500,CX 12,13,2026-08-26 17:42:45,https://casagarciafortaleza.com.br/index.php
Casa Garcia Gourmet,Confeitaria,CHOCOGIROS 300G VERMELHO,MAVALERIO,2521,CX 12,13,2026-08-26 17:42:45,https://casagarciafortaleza.com.br/index.php
Casa Garcia Gourmet,Confeitaria,CHOCOGIROS 500G COLORIDO,MAVALERIO,2164,CX 12,13,2026-08-26 17:42:45,https://casagarciafortaleza.com.br/index.php
Casa Garcia Gourmet,Confeitaria,"CHOCOLATE AO LEITE 1,01KG GOLD SICAO",SICAO,5841,CX 10,13,2026-08-26 17:42:45,https://casagarciafortaleza.com.br/index.php
Casa Garcia Gourmet,Confeitaria,"CHOCOLATE AO LEITE 1,01KG MELKEN",MELKEN,5498,CX 10,13,2026-08-26 17:42:45,https://casagarciafortaleza.com.br/index.php
Casa Garcia Gourmet,Confeitaria,CHOCOLATE AO LEITE 1KG GENUINE,GENUINE,6512,CX 10,13,2026-08-26 17:42:45,https://casagarciafortaleza.com.br/index.php
Casa Garcia Gourmet,Confeitaria,"CHOCOLATE BLEND 1,01KG GOLD SICAO",SICAO,5862,CX 10,13,2026-08-26 17:42:45,https://casagarciafortaleza.com.br/index.php
Casa Garcia Gourmet,Confeitaria,"CHOCOLATE BLEND NAMUR 1,01KG MIX",MIX,80199,CX 10,14,2026-08-26 17:42:46,https://casagarciafortaleza.com.br/index.php
Casa Garcia Gourmet,Confeitaria,"CHOCOLATE BRANCO 1,01KG GOLD SICAO",SICAO,9680,CX 10,14,2026-08-26 17:42:46,https://casagarciafortaleza.com.br/index.php
Casa Garcia Gourmet,Confeitaria,"CHOCOLATE BRANCO 1,01KG MELKEN",MELKEN,5497,CX 10,14,2026-08-26 17:42:46,https://casagarciafortaleza.com.br/index.php
Casa Garcia Gourmet,Confeitaria,"CHOCOLATE BRANCO 1,05KG GENUINE",GENUINE,6510,CX 10,14,2026-08-26 17:42:46,https://casagarciafortaleza.com.br/index.php
Casa Garcia Gourmet,Confeitaria,CHOCOLATE BRANCO 1KG GENUINE,GENUINE,6023,CX 10,14,2026-08-26 17:42:46,https://casagarciafortaleza.com.br/index.php
Casa Garcia Gourmet,Confeitaria,"CHOCOLATE EM PO 32% 1,01KG MAVALERIO",MAVALERIO,2502,CX 10,14,2026-08-26 17:42:46,https://casagarciafortaleza.com.br/index.php
Casa Garcia Gourmet,Confeitaria,CHOCOLATE EM PO 32% LA RECETTE 1KG,LA RECETTE,2151,PC 10,14,2026-08-26 17:42:46,https://casagarciafortaleza.com.br/index.php
Casa Garcia Gourmet,Confeitaria,"CHOCOLATE EM PO 33% 1,050KG MELKEN",MELKEN,5513,CX 10,14,2026-08-26 17:42:46,https://casagarciafortaleza.com.br/index.php
Casa Garcia Gourmet,Confeitaria,CHOCOLATE EM PO 33% 300G SICAO,SICAO,5857,CX 20,14,2026-08-26 17:42:46,https://casagarciafortaleza.com.br/index.php
Casa Garcia Gourmet,Confeitaria,CHOCOLATE EM PO 33% BIG MIX 1KG,BIG MIX,2285,FD 10,14,2026-08-26 17:42:46,https://casagarciafortaleza.com.br/index.php
Casa Garcia Gourmet,Confeitaria,"CHOCOLATE EM PO 33% DAMARE FOOD 1,01KG",DAMARE,978,FD 10,14,2026-08-26 17:42:46,https://casagarciafortaleza.com.br/index.php
Casa Garcia Gourmet,Confeitaria,"CHOCOLATE EM PO 50% 1,01KG MAVALERIO",MAVALERIO,2501,CX 10,14,2026-08-26 17:42:46,https://casagarciafortaleza.com.br/index.php
Casa Garcia Gourmet,Confeitaria,"CHOCOLATE EM PO 50% 1,01KG SICAO",SICAO,9081,CX 10,15,2026-08-26 17:42:48,https://casagarciafortaleza.com.br/index.php
Casa Garcia Gourmet,Confeitaria,"CHOCOLATE EM PO 50% 1,050KG MELKEN",MELKEN,5514,CX 10,15,2026-08-26 17:42:48,https://casagarciafortaleza.com.br/index.php
Casa Garcia Gourmet,Confeitaria,CHOCOLATE EM PO 50% 1KG FLEISCHMANN,FLEISCHMANN,3703,CX 10,15,2026-08-26 17:42:48,https://casagarciafortaleza.com.br/index.php
Casa Garcia Gourmet,Confeitaria,CHOCOLATE EM PO 50% BIG MIX 1KG,BIG MIX,2290,FD 10,15,2026-08-26 17:42:48,https://casagarciafortaleza.com.br/index.php
Casa Garcia Gourmet,Confeitaria,"CHOCOLATE EM PO 50% DAMARE FOOD 1,01KG",DAMARE,979,FD 10,15,2026-08-26 17:42:48,https://casagarciafortaleza.com.br/index.php
Casa Garcia Gourmet,Confeitaria,CHOCOLATE EM PO 50% LA RECETTE 1KG,LA RECETTE,2150,PC 10,15,2026-08-26 17:42:48,https://casagarciafortaleza.com.br/index.php
Casa Garcia Gourmet,Confeitaria,CHOCOLATE EM PO 70% 500G MAVALERIO,MAVALERIO,2515,CX 12,15,2026-08-26 17:42:48,https://casagarciafortaleza.com.br/index.php
Casa Garcia Gourmet,Confeitaria,CHOCOLATE EM PO 70% 500G MELKEN,MELKEN,1042,CX 16,15,2026-08-26 17:42:48,https://casagarciafortaleza.com.br/index.php
Casa Garcia Gourmet,Confeitaria,CHOCOLATE EM PO CACAU 100% 500G MIX,MIX,80201,CX 10,15,2026-08-26 17:42:48,https://casagarciafortaleza.com.br/index.php
Casa Garcia Gourmet,Confeitaria,CHOCOLATE EM PO CACAU 70% 500G MIX,MIX,80205,CX 10,15,2026-08-26 17:42:48,https://casagarciafortaleza.com.br/index.php
Casa Garcia Gourmet,Confeitaria,CHOCOLATE EM PO SOLUVEL 32% 1KG FLEISCHMANN,FLEISCHMANN,3702,CX 10,15,2026-08-26 17:42:48,https://casagarciafortaleza.com.br/index.php
Casa Garcia Gourmet,Confeitaria,"CHOCOLATE MEIO AMARGO 1,01KG GOLD SICAO",SICAO,5845,CX 10,15,2026-08-26 17:42:48,https://casagarciafortaleza.com.br/index.php
Casa Garcia Gourmet,Confeitaria,"CHOCOLATE MEIO AMARGO 1,01KG MELKEN",MELKEN,5496,CX 10,16,2026-08-26 17:42:49,https://casagarciafortaleza.com.br/index.php
Casa Garcia Gourmet,Confeitaria,CHOCOLATE MEIO AMARGO 1KG GENUINE,GENUINE,6511,CX 10,16,2026-08-26 17:42:49,https://casagarciafortaleza.com.br/index.php
Casa Garcia Gourmet,Confeitaria,CLARA DE OVO PAST RESF 1KG,FLEISCHEGG'S,226,CX 12,16,2026-08-26 17:42:49,https://casagarciafortaleza.com.br/index.php
Casa Garcia Gourmet,Confeitaria,CLARA DE OVO PAST RESF AVINE 1KG,AVINE,682,CX 10,16,2026-08-26 17:42:49,https://casagarciafortaleza.com.br/index.php
Casa Garcia Gourmet,Confeitaria,CMC MAGO 50G,MAGO,2261,CX 10,16,2026-08-26 17:42:49,https://casagarciafortaleza.com.br/index.php
Casa Garcia Gourmet,Confeitaria,"COB BARRA AVELA 1,01KG TOP",HARALD,81277,CX 10,16,2026-08-26 17:42:49,https://casagarciafortaleza.com.br/index.php
Casa Garcia Gourmet,Confeitaria,"COB BARRA CARAMELO 1,01KG TOP",HARALD,81278,CX 10,16,2026-08-26 17:42:49,https://casagarciafortaleza.com.br/index.php
Casa Garcia Gourmet,Confeitaria,COB BARRA MEIO AMARGO 500G TOP,HARALD,80249,CX 10,16,2026-08-26 17:42:49,https://casagarciafortaleza.com.br/index.php
Casa Garcia Gourmet,Confeitaria,"COB BARRA PISTACHE 1,010KG TOP",HARALD,81279,CX 10,16,2026-08-26 17:42:49,https://casagarciafortaleza.com.br/index.php
Casa Garcia Gourmet,Confeitaria,"COB CHOC BRANCO 1,01KG DIA SICAO",SICAO,10204,CX 10,16,2026-08-26 17:42:49,https://casagarciafortaleza.com.br/index.php
Casa Garcia Gourmet,Confeitaria,COB CONF BARRA MEIO AMARGO 500G HARALD,HARALD,80248,CX 10,16,2026-08-26 17:42:49,https://casagarciafortaleza.com.br/index.php
Casa Garcia Gourmet,Confeitaria,"COB CONF SABOR CHOC AO LEITE 1,01KG",MAVALERIO,2184,CX 10,16,2026-08-26 17:42:49,https://casagarciafortaleza.com.br/index.php
Casa Garcia Gourmet,Confeitaria,"COB CONF SABOR CHOC BRANCO 1,01KG",MAVALERIO,2183,CX 10,17,2026-08-26 17:42:50,https://casagarciafortaleza.com.br/index.php
Casa Garcia Gourmet,Confeitaria,"COB CONF SABOR CHOC M AMARGO 1,01KG",MAVALERIO,2185,CX 10,17,2026-08-26 17:42:50,https://casagarciafortaleza.com.br/index.php
Casa Garcia Gourmet,Confeitaria,"COB CONFEITEIRO FRAC AO LEITE 1,01KG",HARALD,5486,CX 10,17,2026-08-26 17:42:50,https://casagarciafortaleza.com.br/index.php
Casa Garcia Gourmet,Confeitaria,"COB CONFEITEIRO FRAC BRANCO 1,01KG",HARALD,5487,CX 10,17,2026-08-26 17:42:50,https://casagarciafortaleza.com.br/index.php
Casa Garcia Gourmet,Confeitaria,"COB CONFEITEIRO FRAC MEIO AMARGO 1,01KG",HARALD,5485,CX 10,17,2026-08-26 17:42:50,https://casagarciafortaleza.com.br/index.php
Casa Garcia Gourmet,Confeitaria,"COB CONFEITEIRO FRAC MEIO AMARGO 2,1KG",HARALD,5553,CX 06,17,2026-08-26 17:42:50,https://casagarciafortaleza.com.br/index.php
Casa Garcia Gourmet,Confeitaria,"COB FRAC PREMIUM AMARGO 1,01KG",MAVALERIO,2627,CX 10,17,2026-08-26 17:42:50,https://casagarciafortaleza.com.br/index.php
Casa Garcia Gourmet,Confeitaria,"COB FRAC PREMIUM BLEND 1,01KG",MAVALERIO,2174,CX 10,17,2026-08-26 17:42:50,https://casagarciafortaleza.com.br/index.php
Casa Garcia Gourmet,Confeitaria,"COB FRAC PREMIUM CHOC AO LEITE 1,01KG",MAVALERIO,2175,CX 10,17,2026-08-26 17:42:50,https://casagarciafortaleza.com.br/index.php
Casa Garcia Gourmet,Confeitaria,"COB FRAC PREMIUM CHOC AO LEITE 2,01KG",MAVALERIO,2168,CX 05,17,2026-08-26 17:42:50,https://casagarciafortaleza.com.br/index.php
Casa Garcia Gourmet,Confeitaria,"COB FRAC PREMIUM CHOC BCO 2,01KG",MAVALERIO,2171,CX 05,17,2026-08-26 17:42:50,https://casagarciafortaleza.com.br/index.php
Casa Garcia Gourmet,Confeitaria,"COB FRAC PREMIUM CHOC BRANCO 1,01KG",MAVALERIO,2172,CX 10,17,2026-08-26 17:42:50,https://casagarciafortaleza.com.br/index.php
Casa Garcia Gourmet,Confeitaria,"COB FRAC PREMIUM CHOC M AMARGO 1,01KG",MAVALERIO,2176,CX 10,18,2026-08-26 17:42:51,https://casagarciafortaleza.com.br/index.php
Casa Garcia Gourmet,Confeitaria,"COB FRAC PREMIUM CHOC M AMARGO 2,01KG",MAVALERIO,2170,CX 05,18,2026-08-26 17:42:51,https://casagarciafortaleza.com.br/index.php
Casa Garcia Gourmet,Confeitaria,"COB FRAC PREMIUM GOTAS AO LEITE 1,01KG",MAVALERIO,9182,CX 10,18,2026-08-26 17:42:51,https://casagarciafortaleza.com.br/index.php
Casa Garcia Gourmet,Confeitaria,"COB FRAC PREMIUM GOTAS BRANCO 1,01KG",MAVALERIO,9187,CX 10,18,2026-08-26 17:42:51,https://casagarciafortaleza.com.br/index.php
Casa Garcia Gourmet,Confeitaria,"COB FRAC PREMIUM GOTAS CHOC AMARG 1,01KG",MAVALERIO,9151,CX 10,18,2026-08-26 17:42:51,https://casagarciafortaleza.com.br/index.php
Casa Garcia Gourmet,Confeitaria,"COB FRAC PREMIUM GOTAS CHOC BRANCO 2,1KG",MAVALERIO,2624,CX 05,18,2026-08-26 17:42:51,https://casagarciafortaleza.com.br/index.php
Casa Garcia Gourmet,Confeitaria,"COB FRAC PREMIUM GOTAS M AMARGO 1,01KG",MAVALERIO,9183,CX 10,18,2026-08-26 17:42:51,https://casagarciafortaleza.com.br/index.php
Casa Garcia Gourmet,Confeitaria,"COB FRAC PREMIUM GOTAS M AMARGO 2,1KG",MAVALERIO,9188,CX 05,18,2026-08-26 17:42:51,https://casagarciafortaleza.com.br/index.php
Casa Garcia Gourmet,Confeitaria,"COB FRAC SABOR CHOCOLATE BLEND 1,01KG",MAVALERIO,2477,CX 10,18,2026-08-26 17:42:51,https://casagarciafortaleza.com.br/index.php
Casa Garcia Gourmet,Confeitaria,"COB GANACHE CHOC AO LEITE VABENE 1,01KG",VABENE,4025,CX 06,18,2026-08-26 17:42:51,https://casagarciafortaleza.com.br/index.php
Casa Garcia Gourmet,Confeitaria,COB GANACHE CHOC AO LEITE VABENE 4KG,VABENE,9623,CX 04,18,2026-08-26 17:42:51,https://casagarciafortaleza.com.br/index.php
Casa Garcia Gourmet,Confeitaria,"COB GANACHE CHOC BRANCO VABENE 1,01KG",VABENE,4029,CX 06,18,2026-08-26 17:42:51,https://casagarciafortaleza.com.br/index.php
Casa Garcia Gourmet,Confeitaria,"COB GANACHE CHOC MEIO AMAR VABENE 1,01KG",VABENE,4028,CX 06,19,2026-08-26 17:42:52,https://casagarciafortaleza.com.br/index.php
Casa Garcia Gourmet,Confeitaria,"COB GOTAS AVELA 1,050KG TOP",HARALD,5466,CX 10,19,2026-08-26 17:42:52,https://casagarciafortaleza.com.br/index.php
Casa Garcia Gourmet,Confeitaria,"COB GOTAS BLEND 1,050KG TOP",HARALD,5511,CX 10,19,2026-08-26 17:42:52,https://casagarciafortaleza.com.br/index.php
Casa Garcia Gourmet,Confeitaria,"COB GOTAS CHOC BLEND 1,01KG TOP",MELKEN,7648,CX 10,19,2026-08-26 17:42:52,https://casagarciafortaleza.com.br/index.php
Casa Garcia Gourmet,Confeitaria,"COB GOTAS CONFEITEIRO M AMARGO 1,01KG",HARALD,5470,CX 10,19,2026-08-26 17:42:52,https://casagarciafortaleza.com.br/index.php
Casa Garcia Gourmet,Confeitaria,"COB GOTAS INTENSO 1,050KG TOP",HARALD,5467,CX 10,19,2026-08-26 17:42:52,https://casagarciafortaleza.com.br/index.php
Casa Garcia Gourmet,Confeitaria,"COB GOTAS PISTACHE TOP 1,01KG",HARALD,78272,CX 10,19,2026-08-26 17:42:52,https://casagarciafortaleza.com.br/index.php
Casa Garcia Gourmet,Confeitaria,"COB GTS CHOC MEIO AMARGO MIX 2,01KG",MIX,80163,CX 05,19,2026-08-26 17:42:52,https://casagarciafortaleza.com.br/index.php
Casa Garcia Gourmet,Confeitaria,"COB GTS M AMARGO INOVARE INTENSO 2,05KG",HARALD,78601,CX 05,19,2026-08-26 17:42:52,https://casagarciafortaleza.com.br/index.php
Casa Garcia Gourmet,Confeitaria,"COB P/SORVETE CARAMELO 1,3KG",LA RECETTE,2187,CX 12,19,2026-08-26 17:42:52,https://casagarciafortaleza.com.br/index.php
Casa Garcia Gourmet,Confeitaria,"COB P/SORVETE CHOCOLATE 1,3KG",LA RECETTE,2188,CX 12,19,2026-08-26 17:42:52,https://casagarciafortaleza.com.br/index.php
Casa Garcia Gourmet,Confeitaria,"COB P/SORVETE LEITE COND 1,3KG",LA RECETTE,2163,CX 12,19,2026-08-26 17:42:52,https://casagarciafortaleza.com.br/index.php
Casa Garcia Gourmet,Confeitaria,"COB P/SORVETE MORANGO 1,3KG",LA RECETTE,2189,CX 12,20,2026-08-26 17:42:53,https://casagarciafortaleza.com.br/index.php
Casa Garcia Gourmet,Confeitaria,"COB SABOR CHOC AO LEITE 1,01KG SICAO",SICAO,5861,CX 10,20,2026-08-26 17:42:53,https://casagarciafortaleza.com.br/index.php
Casa Garcia Gourmet,Confeitaria,"COB SABOR CHOC BLEND 1,01KG MAIS SICAO",SICAO,5847,CX 10,20,2026-08-26 17:42:53,https://casagarciafortaleza.com.br/index.php
Casa Garcia Gourmet,Confeitaria,"COB SABOR CHOC BRANCO 1,01KG SICAO",SICAO,5849,CX 10,20,2026-08-26 17:42:53,https://casagarciafortaleza.com.br/index.php
Casa Garcia Gourmet,Confeitaria,"COB SABOR CHOC M AMARGO 1,01KG SICAO",SICAO,5843,CX 10,20,2026-08-26 17:42:53,https://casagarciafortaleza.com.br/index.php
Casa Garcia Gourmet,Confeitaria,"COBERT CHOC AO LEITE SUPREM 1,01KG MIX",MIX,80196,CX 10,20,2026-08-26 17:42:53,https://casagarciafortaleza.com.br/index.php
Casa Garcia Gourmet,Confeitaria,"COBERT CHOC MEIO AMARG SUPREM 1,01KG MIX",MIX,80200,CX 10,20,2026-08-26 17:42:53,https://casagarciafortaleza.com.br/index.php
Casa Garcia Gourmet,Confeitaria,"COBERTURA CHOC BLEND SUPREME 1,01KG MIX",MIX,80203,CX 10,20,2026-08-26 17:42:53,https://casagarciafortaleza.com.br/index.php
Casa Garcia Gourmet,Confeitaria,"COBERTURA CHOC BRANCO MIX 2,01KG",MIX,80158,CX 05,20,2026-08-26 17:42:53,https://casagarciafortaleza.com.br/index.php
Casa Garcia Gourmet,Confeitaria,"COBERTURA CHOC BRANCO SUPREM 1,01KG MIX",MIX,80197,CX 10,20,2026-08-26 17:42:53,https://casagarciafortaleza.com.br/index.php
Casa Garcia Gourmet,Confeitaria,COBERTURA CHOCOLATE 4KG,FLEISCHMANN,252,FD 04,20,2026-08-26 17:42:53,https://casagarciafortaleza.com.br/index.php
Casa Garcia Gourmet,Confeitaria,COBERTURA EM PO ACUCAR GELADO NEUTRO 1KG,MIX,80184,CX 10,20,2026-08-26 17:42:53,https://casagarciafortaleza.com.br/index.php
Casa Garcia Gourmet,Confeitaria,"COBERTURA GTS CHOC AO LEITE 2,01KG",MIX,80156,CX 05,21,2026-08-26 17:42:54,https://casagarciafortaleza.com.br/index.php
Casa Garcia Gourmet,Confeitaria,"COBERTURA GTS CHOC BLEND MIX 2,01KG",MIX,80157,CX 05,21,2026-08-26 17:42:54,https://casagarciafortaleza.com.br/index.php
Casa Garcia Gourmet,Confeitaria,COBERTURA RASPAR/COBRIR AO LEITE 5KG,HARALD,5476,CX 05,21,2026-08-26 17:42:54,https://casagarciafortaleza.com.br/index.php
Casa Garcia Gourmet,Confeitaria,COBERTURA RASPAR/COBRIR BRANCO 5KG,HARALD,5475,CX 05,21,2026-08-26 17:42:54,https://casagarciafortaleza.com.br/index.php
Casa Garcia Gourmet,Confeitaria,COBERTURA RASPAR/COBRIR MEIO AMARGO 5KG,HARALD,5477,CX 05,21,2026-08-26 17:42:54,https://casagarciafortaleza.com.br/index.php
Casa Garcia Gourmet,Confeitaria,COCO FLOCOS 1KG,SUPER,2118,PC 10,21,2026-08-26 17:42:54,https://casagarciafortaleza.com.br/index.php
Casa Garcia Gourmet,Confeitaria,COCO FLOCOS 5KG,SUPER,2127,PC 01,21,2026-08-26 17:42:54,https://casagarciafortaleza.com.br/index.php
Casa Garcia Gourmet,Confeitaria,COCO RALADO FINO 1KG,SUPER,2123,CX 10,21,2026-08-26 17:42:54,https://casagarciafortaleza.com.br/index.php
Casa Garcia Gourmet,Confeitaria,COCO RALADO FINO 5KG,SUPER,2126,PC 01,21,2026-08-26 17:42:54,https://casagarciafortaleza.com.br/index.php
Casa Garcia Gourmet,Confeitaria,COCO RALADO MEDIO 1KG,SUPER,2124,FD 10,21,2026-08-26 17:42:54,https://casagarciafortaleza.com.br/index.php
Casa Garcia Gourmet,Confeitaria,COCO RALADO MEDIO 5KG,SUPER,2125,PC 01,21,2026-08-26 17:42:54,https://casagarciafortaleza.com.br/index.php
Casa Garcia Gourmet,Confeitaria,CONF FIG ESTRELINHAS BCO/AZUL/VERM 150G,MIL CORES,2708,CX 16,21,2026-08-26 17:42:54,https://casagarciafortaleza.com.br/index.php
Casa Garcia Gourmet,Confeitaria,CONF FIGURA BORBOLETA 120G,MIL CORES,80977,CX 16,22,2026-08-26 17:42:56,https://casagarciafortaleza.com.br/index.php
Casa Garcia Gourmet,Confeitaria,CONF FIGURA BORBOLETA 150G,MIL CORES,2628,CX 16,22,2026-08-26 17:42:56,https://casagarciafortaleza.com.br/index.php
Casa Garcia Gourmet,Confeitaria,CONF FIGURA BRANCA E PRETA N 0 150G,MIL CORES,2723,CX 24,22,2026-08-26 17:42:56,https://casagarciafortaleza.com.br/index.php
Casa Garcia Gourmet,Confeitaria,CONF FIGURA BRANCA E ROSA N 0 150G,MIL CORES,2725,CX 24,22,2026-08-26 17:42:56,https://casagarciafortaleza.com.br/index.php
Casa Garcia Gourmet,Confeitaria,CONF FIGURA CONFETE 150G,MIL CORES,2641,CX 16,22,2026-08-26 17:42:56,https://casagarciafortaleza.com.br/index.php
Casa Garcia Gourmet,Confeitaria,CONF FIGURA CORACAO 150G,MIL CORES,2640,CX 16,22,2026-08-26 17:42:56,https://casagarciafortaleza.com.br/index.php
Casa Garcia Gourmet,Confeitaria,CONF FIGURA ESTRELINHAS 150G,MIL CORES,2642,CX 16,22,2026-08-26 17:42:56,https://casagarciafortaleza.com.br/index.php
Casa Garcia Gourmet,Confeitaria,CONF FIGURA MINI CONFETE 120G,MAVALERIO,78401,CX 16,22,2026-08-26 17:42:56,https://casagarciafortaleza.com.br/index.php
Casa Garcia Gourmet,Confeitaria,CONF FIGURA MINI CONFETE 150G,MIL CORES,2629,CX 16,22,2026-08-26 17:42:56,https://casagarciafortaleza.com.br/index.php
Casa Garcia Gourmet,Confeitaria,"CONF GRANULADO CROC ESCURO 1,050KG",HARALD,5520,CX 10,22,2026-08-26 17:42:56,https://casagarciafortaleza.com.br/index.php
Casa Garcia Gourmet,Confeitaria,"CONF GRANULADO MACIO ESCURO 1,050KG",HARALD,5518,CX 10,22,2026-08-26 17:42:56,https://casagarciafortaleza.com.br/index.php
Casa Garcia Gourmet,Confeitaria,CONF MICANGA AMARELA N 0 500G,MIL CORES,2192,CX 10,22,2026-08-26 17:42:56,https://casagarciafortaleza.com.br/index.php
Casa Garcia Gourmet,Confeitaria,CONF MICANGA AZUL N 0 500G,MIL CORES,2212,CX 10,23,2026-08-26 17:42:57,https://casagarciafortaleza.com.br/index.php
Casa Garcia Gourmet,Confeitaria,CONF MICANGA BRANCA N 0 500G,MIL CORES,2197,CX 10,23,2026-08-26 17:42:57,https://casagarciafortaleza.com.br/index.php
Casa Garcia Gourmet,Confeitaria,CONF MICANGA CHOCOLATE 500G MIL CORES,MIL CORES,2193,CX 10,23,2026-08-26 17:42:57,https://casagarciafortaleza.com.br/index.php
Casa Garcia Gourmet,Confeitaria,CONF MICANGA COLORIDA N 0 500G,MIL CORES,2194,CX 10,23,2026-08-26 17:42:57,https://casagarciafortaleza.com.br/index.php
Casa Garcia Gourmet,Confeitaria,CONF MICANGA PRETA N 0 500G,MIL CORES,2191,CX 10,23,2026-08-26 17:42:57,https://casagarciafortaleza.com.br/index.php
Casa Garcia Gourmet,Confeitaria,CONF MICANGA ROSA N 0 500G,MIL CORES,2201,CX 10,23,2026-08-26 17:42:57,https://casagarciafortaleza.com.br/index.php
Casa Garcia Gourmet,Confeitaria,CONF MICANGA VERM N 0 500G,MIL CORES,2196,CX 10,23,2026-08-26 17:42:57,https://casagarciafortaleza.com.br/index.php
Casa Garcia Gourmet,Confeitaria,"CONF RECHEIO FORN AO LEITE 1,050KG",MELKEN,5510,CX 08,23,2026-08-26 17:42:57,https://casagarciafortaleza.com.br/index.php
Casa Garcia Gourmet,Confeitaria,CONFEITE VERDE AMARELO TOP 400G,HARALD,81538,CX 12,23,2026-08-26 17:42:57,https://casagarciafortaleza.com.br/index.php
Casa Garcia Gourmet,Confeitaria,CONFEITO BRIGADEIRO MICANGA MIX 500G,MIX,80154,CX 10,23,2026-08-26 17:42:57,https://casagarciafortaleza.com.br/index.php
Casa Garcia Gourmet,Confeitaria,"CONFEITO CHOC ESC FLOCOS MACIO 1,01KG",MIX,80162,CX 10,23,2026-08-26 17:42:57,https://casagarciafortaleza.com.br/index.php
Casa Garcia Gourmet,Confeitaria,"CONFEITO CHOC SUP CHOCOCHIPS MIX 1,01KG",MIX,80165,CX 10,23,2026-08-26 17:42:57,https://casagarciafortaleza.com.br/index.php
Casa Garcia Gourmet,Confeitaria,CONFEITO CONFEITE PISTACHE TOP 400G,HARALD,78454,CX 12,24,2026-08-26 17:42:58,https://casagarciafortaleza.com.br/index.php
Casa Garcia Gourmet,Confeitaria,CONFEITO FLOCOS MACIO CHOC ESC 500G MIX,MIX,80015,CX 18,24,2026-08-26 17:42:58,https://casagarciafortaleza.com.br/index.php
Casa Garcia Gourmet,Confeitaria,CONFEITO FLOCOS MACIO CHOC MESC 500G MIX,MIX,80016,CX 18,24,2026-08-26 17:42:58,https://casagarciafortaleza.com.br/index.php
Casa Garcia Gourmet,Confeitaria,CONFEITO FLOCOS MACIO PISTACHE 500G MIX,MIX,80014,CX 18,24,2026-08-26 17:42:58,https://casagarciafortaleza.com.br/index.php
Casa Garcia Gourmet,Confeitaria,CONFEITO MICANGA 8 CORES MIX 500G,MIX,80148,CX 10,24,2026-08-26 17:42:58,https://casagarciafortaleza.com.br/index.php
Casa Garcia Gourmet,Confeitaria,COOKIES GOTAS CHOC VABENE 1KG,VABENE,9699,CX 06,24,2026-08-26 17:42:58,https://casagarciafortaleza.com.br/index.php
Casa Garcia Gourmet,Confeitaria,COOKIES SABOR BAUNILHA VABENE 1KG,VABENE,9658,CX 06,24,2026-08-26 17:42:58,https://casagarciafortaleza.com.br/index.php
Casa Garcia Gourmet,Confeitaria,COOKIES SABOR CHOC VABENE 1KG,VABENE,3992,CX 06,24,2026-08-26 17:42:58,https://casagarciafortaleza.com.br/index.php
Casa Garcia Gourmet,Confeitaria,COOKIES SABOR MORANGO VABENE 1KG,VABENE,4003,CX 06,24,2026-08-26 17:42:58,https://casagarciafortaleza.com.br/index.php
Casa Garcia Gourmet,Confeitaria,CORANTE AMARELO GEMA 1KG EMBRAMIX,EMBRAMIX,81424,CX 01,24,2026-08-26 17:42:58,https://casagarciafortaleza.com.br/index.php
Casa Garcia Gourmet,Confeitaria,CORANTE AMARELO GEMA LIQ 960ML,LA RECETTE,369,CX 12,24,2026-08-26 17:42:58,https://casagarciafortaleza.com.br/index.php
Casa Garcia Gourmet,Confeitaria,CORANTE AMARELO OVO 100G,LA RECETTE,370,CX 30,24,2026-08-26 17:42:58,https://casagarciafortaleza.com.br/index.php
Casa Garcia Gourmet,Confeitaria,CORANTE ART PRETO INTENSO 150G MIX,MIX,80191,CX 06,25,2026-08-26 17:42:59,https://casagarciafortaleza.com.br/index.php
Casa Garcia Gourmet,Confeitaria,CORANTE ART VERDE FOLHA SOFTGEL 150G MIX,MIX,80192,CX 06,25,2026-08-26 17:42:59,https://casagarciafortaleza.com.br/index.php
Casa Garcia Gourmet,Confeitaria,CORANTE ART VERM MORANG SOFTGEL 150G MIX,MIX,80194,CX 06,25,2026-08-26 17:42:59,https://casagarciafortaleza.com.br/index.php
Casa Garcia Gourmet,Confeitaria,CORANTE ART VERM NATAL 150G MIX,MIX,80195,CX 06,25,2026-08-26 17:42:59,https://casagarciafortaleza.com.br/index.php
Casa Garcia Gourmet,Confeitaria,"CORANTE CARAMELO LIQ 6,5KG",LA RECETTE,2289,UN 01,25,2026-08-26 17:42:59,https://casagarciafortaleza.com.br/index.php
Casa Garcia Gourmet,Confeitaria,CORANTE EM PO DIOXIDO DE TITANIO BCO 15G,MAGO,883,CX 08,25,2026-08-26 17:42:59,https://casagarciafortaleza.com.br/index.php
Casa Garcia Gourmet,Confeitaria,CORANTE EM PO HIDROSSOLUVEL AMARELO 5G,MAGO,534,CX 08,25,2026-08-26 17:42:59,https://casagarciafortaleza.com.br/index.php
Casa Garcia Gourmet,Confeitaria,CORANTE EM PO HIDROSSOLUVEL AZUL 5G,MAGO,535,CX 08,25,2026-08-26 17:42:59,https://casagarciafortaleza.com.br/index.php
Casa Garcia Gourmet,Confeitaria,CORANTE EM PO P/CHOCOLATE AMARELO 5G,MAGO,886,CX 08,25,2026-08-26 17:42:59,https://casagarciafortaleza.com.br/index.php
Casa Garcia Gourmet,Confeitaria,CORANTE EM PO P/CHOCOLATE AZUL 5G,MAGO,890,CX 08,25,2026-08-26 17:42:59,https://casagarciafortaleza.com.br/index.php
Casa Garcia Gourmet,Confeitaria,CORANTE EM PO P/CHOCOLATE LARANJA 5G,MAGO,887,CX 08,25,2026-08-26 17:42:59,https://casagarciafortaleza.com.br/index.php
Casa Garcia Gourmet,Confeitaria,CORANTE EM PO P/CHOCOLATE ROSA 5G,MAGO,888,CX 08,25,2026-08-26 17:42:59,https://casagarciafortaleza.com.br/index.php
Casa Garcia Gourmet,Confeitaria,CORANTE EM PO P/CHOCOLATE VERDE 5G,MAGO,885,CX 08,26,2026-08-26 17:43:00,https://casagarciafortaleza.com.br/index.php
Casa Garcia Gourmet,Confeitaria,CORANTE EM PO P/CHOCOLATE VERMELHO 5G,MAGO,889,CX 08,26,2026-08-26 17:43:00,https://casagarciafortaleza.com.br/index.php
Casa Garcia Gourmet,Confeitaria,CORANTE EM PO P/CHOCOLATE VIOLETA 5G,MAGO,884,CX 08,26,2026-08-26 17:43:00,https://casagarciafortaleza.com.br/index.php
Casa Garcia Gourmet,Confeitaria,CORANTE LIQ GEL AMARELO O 60G ICEBERG,ICEBERG,11944,CX 12,26,2026-08-26 17:43:00,https://casagarciafortaleza.com.br/index.php
Casa Garcia Gourmet,Confeitaria,CORANTE LIQ GEL AZUL 60G ICEBERG,ICEBERG,11948,CX 12,26,2026-08-26 17:43:00,https://casagarciafortaleza.com.br/index.php
Casa Garcia Gourmet,Confeitaria,CORANTE LIQ GEL AZUL ROYAL 60G ICEBERG,ICEBERG,11945,CX 12,26,2026-08-26 17:43:00,https://casagarciafortaleza.com.br/index.php
Casa Garcia Gourmet,Confeitaria,CORANTE LIQ GEL LARANJA 60G ICEBERG,ICEBERG,11951,CX 12,26,2026-08-26 17:43:00,https://casagarciafortaleza.com.br/index.php
Casa Garcia Gourmet,Confeitaria,CORANTE LIQ GEL PINK 60G ICEBERG,ICEBERG,11942,CX 12,26,2026-08-26 17:43:00,https://casagarciafortaleza.com.br/index.php
Casa Garcia Gourmet,Confeitaria,CORANTE LIQ GEL ROSA CHICLET 60G ICEBERG,ICEBERG,11943,CX 12,26,2026-08-26 17:43:00,https://casagarciafortaleza.com.br/index.php
Casa Garcia Gourmet,Confeitaria,CORANTE LIQ GEL ROSA CLARO 60G ICEBERG,ICEBERG,11949,CX 12,26,2026-08-26 17:43:00,https://casagarciafortaleza.com.br/index.php
Casa Garcia Gourmet,Confeitaria,CORANTE LIQ GEL ROSA SECO 60G ICEBERG,ICEBERG,11947,CX 12,26,2026-08-26 17:43:00,https://casagarciafortaleza.com.br/index.php
Casa Garcia Gourmet,Confeitaria,CORANTE LIQ GEL ROXO 60G ICEBERG,ICEBERG,11941,CX 12,26,2026-08-26 17:43:00,https://casagarciafortaleza.com.br/index.php
Casa Garcia Gourmet,Confeitaria,CORANTE LIQ GEL VERDE BANDEI 60G ICEBERG,ICEBERG,11946,CX 12,27,2026-08-26 17:43:01,https://casagarciafortaleza.com.br/index.php
Casa Garcia Gourmet,Confeitaria,CORANTE LIQ GEL VERDE FOLHA 60G ICEBERG,ICEBERG,11950,CX 12,27,2026-08-26 17:43:01,https://casagarciafortaleza.com.br/index.php
Casa Garcia Gourmet,Confeitaria,CORANTE NEOCOLOR AMARELO 25G FAB,FAB,6398,CX 06,27,2026-08-26 17:43:01,https://casagarciafortaleza.com.br/index.php
Casa Garcia Gourmet,Confeitaria,CORANTE NEOCOLOR AZUL 25G FAB,FAB,6399,CX 06,27,2026-08-26 17:43:01,https://casagarciafortaleza.com.br/index.php
Casa Garcia Gourmet,Confeitaria,CORANTE NEOCOLOR AZUL MARINHO 25G FAB,FAB,6420,CX 06,27,2026-08-26 17:43:01,https://casagarciafortaleza.com.br/index.php
Casa Garcia Gourmet,Confeitaria,CORANTE NEOCOLOR LARANJA 25G FAB,FAB,6431,CX 06,27,2026-08-26 17:43:01,https://casagarciafortaleza.com.br/index.php
Casa Garcia Gourmet,Confeitaria,CORANTE NEOCOLOR MARROM 25G FAB,FAB,6421,CX 06,27,2026-08-26 17:43:01,https://casagarciafortaleza.com.br/index.php
Casa Garcia Gourmet,Confeitaria,CORANTE NEOCOLOR ROSA 25G FAB,FAB,6433,CX 06,27,2026-08-26 17:43:01,https://casagarciafortaleza.com.br/index.php
Casa Garcia Gourmet,Confeitaria,CORANTE NEOCOLOR ROSA SECO 25G FAB,FAB,6434,CX 06,27,2026-08-26 17:43:01,https://casagarciafortaleza.com.br/index.php
Casa Garcia Gourmet,Confeitaria,CORANTE NEOCOLOR SUPER PRETO 25G FAB,FAB,6432,CX 06,27,2026-08-26 17:43:01,https://casagarciafortaleza.com.br/index.php
Casa Garcia Gourmet,Confeitaria,CORANTE NEOCOLOR SUPER VERMELHO 25G FAB,FAB,6467,CX 06,27,2026-08-26 17:43:01,https://casagarciafortaleza.com.br/index.php
Casa Garcia Gourmet,Confeitaria,CORANTE NEOCOLOR VERDE 25G FAB,FAB,6455,CX 06,27,2026-08-26 17:43:01,https://casagarciafortaleza.com.br/index.php
Casa Garcia Gourmet,Confeitaria,CORANTE NEOCOLOR VERMELHO RUBI 25G FAB,FAB,6456,CX 06,28,2026-08-26 17:43:02,https://casagarciafortaleza.com.br/index.php
Casa Garcia Gourmet,Confeitaria,CORANTE PO AMARELO GEMA 1KG LA RECETTE,LA RECETTE,371,CX 22,28,2026-08-26 17:43:02,https://casagarciafortaleza.com.br/index.php
Casa Garcia Gourmet,Confeitaria,CORANTE SOFTGEL AMARELO 25G FAB,FAB,6392,CX 06,28,2026-08-26 17:43:02,https://casagarciafortaleza.com.br/index.php
Casa Garcia Gourmet,Confeitaria,CORANTE SOFTGEL AMARELO 60G,MAGO,379,PC 06,28,2026-08-26 17:43:02,https://casagarciafortaleza.com.br/index.php
Casa Garcia Gourmet,Confeitaria,CORANTE SOFTGEL AMARELO GEMA 25G FAB,FAB,7862,CX 06,28,2026-08-26 17:43:02,https://casagarciafortaleza.com.br/index.php
Casa Garcia Gourmet,Confeitaria,CORANTE SOFTGEL AMARELO GEMA 60G,MAGO,3046,CX 06,28,2026-08-26 17:43:02,https://casagarciafortaleza.com.br/index.php
Casa Garcia Gourmet,Confeitaria,CORANTE SOFTGEL AZUL 25G FAB,FAB,6393,CX 06,28,2026-08-26 17:43:02,https://casagarciafortaleza.com.br/index.php
Casa Garcia Gourmet,Confeitaria,CORANTE SOFTGEL AZUL 60G,MAGO,374,PC 06,28,2026-08-26 17:43:02,https://casagarciafortaleza.com.br/index.php
Casa Garcia Gourmet,Confeitaria,CORANTE SOFTGEL AZUL JEANS 60G,MAGO,845,CX 06,28,2026-08-26 17:43:02,https://casagarciafortaleza.com.br/index.php
Casa Garcia Gourmet,Confeitaria,CORANTE SOFTGEL AZUL MARINHO 25G FAB,FAB,6457,CX 06,28,2026-08-26 17:43:02,https://casagarciafortaleza.com.br/index.php
Casa Garcia Gourmet,Confeitaria,CORANTE SOFTGEL AZUL MARINHO 60G,MAGO,840,CX 06,28,2026-08-26 17:43:02,https://casagarciafortaleza.com.br/index.php
Casa Garcia Gourmet,Confeitaria,CORANTE SOFTGEL AZUL ROYAL 25G FAB,FAB,7863,CX 06,28,2026-08-26 17:43:02,https://casagarciafortaleza.com.br/index.php
Casa Garcia Gourmet,Confeitaria,CORANTE SOFTGEL AZUL TIFFANY 25G FAB,FAB,6458,CX 06,29,2026-08-26 17:43:04,https://casagarciafortaleza.com.br/index.php
Casa Garcia Gourmet,Confeitaria,CORANTE SOFTGEL AZUL TURQUESA 60G,MAGO,3043,CX 06,29,2026-08-26 17:43:04,https://casagarciafortaleza.com.br/index.php
Casa Garcia Gourmet,Confeitaria,CORANTE SOFTGEL BRANCO 25G FAB,FAB,7864,CX 06,29,2026-08-26 17:43:04,https://casagarciafortaleza.com.br/index.php
Casa Garcia Gourmet,Confeitaria,CORANTE SOFTGEL BRANCO 60G,MAGO,3045,CX 06,29,2026-08-26 17:43:04,https://casagarciafortaleza.com.br/index.php
Casa Garcia Gourmet,Confeitaria,CORANTE SOFTGEL CORAL 60G,MAGO,1113,CX 06,29,2026-08-26 17:43:04,https://casagarciafortaleza.com.br/index.php
Casa Garcia Gourmet,Confeitaria,CORANTE SOFTGEL LARANJA 25G FAB,FAB,6459,CX 06,29,2026-08-26 17:43:04,https://casagarciafortaleza.com.br/index.php
Casa Garcia Gourmet,Confeitaria,CORANTE SOFTGEL LARANJA 60G,MAGO,3040,PC 06,29,2026-08-26 17:43:04,https://casagarciafortaleza.com.br/index.php
Casa Garcia Gourmet,Confeitaria,CORANTE SOFTGEL LILAS 25G FAB,FAB,6422,CX 06,29,2026-08-26 17:43:04,https://casagarciafortaleza.com.br/index.php
Casa Garcia Gourmet,Confeitaria,CORANTE SOFTGEL MARFIM 60G,MAGO,3049,CX 06,29,2026-08-26 17:43:04,https://casagarciafortaleza.com.br/index.php
Casa Garcia Gourmet,Confeitaria,CORANTE SOFTGEL MARROM 25G FAB,FAB,6423,CX 06,29,2026-08-26 17:43:04,https://casagarciafortaleza.com.br/index.php
Casa Garcia Gourmet,Confeitaria,CORANTE SOFTGEL MARROM 60G,MAGO,3042,PC 06,29,2026-08-26 17:43:04,https://casagarciafortaleza.com.br/index.php
Casa Garcia Gourmet,Confeitaria,CORANTE SOFTGEL PINK 25G FAB,FAB,6460,CX 06,29,2026-08-26 17:43:04,https://casagarciafortaleza.com.br/index.php
Casa Garcia Gourmet,Confeitaria,CORANTE SOFTGEL PRETO 60G,MAGO,376,PC 05,30,2026-08-26 17:43:05,https://casagarciafortaleza.com.br/index.php
Casa Garcia Gourmet,Confeitaria,CORANTE SOFTGEL ROSA 25G FAB,FAB,6396,CX 06,30,2026-08-26 17:43:05,https://casagarciafortaleza.com.br/index.php
Casa Garcia Gourmet,Confeitaria,CORANTE SOFTGEL ROSA BEBE 60G,MAGO,375,PC 06,30,2026-08-26 17:43:05,https://casagarciafortaleza.com.br/index.php
Casa Garcia Gourmet,Confeitaria,CORANTE SOFTGEL ROSA BONECA 60G,MAGO,1325,CX 06,30,2026-08-26 17:43:05,https://casagarciafortaleza.com.br/index.php
Casa Garcia Gourmet,Confeitaria,CORANTE SOFTGEL ROSA CHICLETE 60G,MAGO,838,CX 06,30,2026-08-26 17:43:05,https://casagarciafortaleza.com.br/index.php
Casa Garcia Gourmet,Confeitaria,CORANTE SOFTGEL ROSA PINK 60G,MAGO,3047,CX 06,30,2026-08-26 17:43:05,https://casagarciafortaleza.com.br/index.php
Casa Garcia Gourmet,Confeitaria,CORANTE SOFTGEL ROSA SECO 25G FAB,FAB,6461,CX 06,30,2026-08-26 17:43:05,https://casagarciafortaleza.com.br/index.php
Casa Garcia Gourmet,Confeitaria,CORANTE SOFTGEL ROSA SECO 60G,MAGO,1114,CX 06,30,2026-08-26 17:43:05,https://casagarciafortaleza.com.br/index.php
Casa Garcia Gourmet,Confeitaria,CORANTE SOFTGEL ROXO 25G FAB,FAB,6462,CX 06,30,2026-08-26 17:43:05,https://casagarciafortaleza.com.br/index.php
Casa Garcia Gourmet,Confeitaria,CORANTE SOFTGEL ROXO UVA 60G,MAGO,839,CX 06,30,2026-08-26 17:43:05,https://casagarciafortaleza.com.br/index.php
Casa Garcia Gourmet,Confeitaria,CORANTE SOFTGEL SUPER PRETO 25G FAB,FAB,6394,CX 06,30,2026-08-26 17:43:05,https://casagarciafortaleza.com.br/index.php
Casa Garcia Gourmet,Confeitaria,CORANTE SOFTGEL SUPER VERMELHO 25G FAB,FAB,6395,CX 06,30,2026-08-26 17:43:05,https://casagarciafortaleza.com.br/index.php
Casa Garcia Gourmet,Confeitaria,CORANTE SOFTGEL VERDE 25G FAB,FAB,6397,CX 06,31,2026-08-26 17:43:06,https://casagarciafortaleza.com.br/index.php
Casa Garcia Gourmet,Confeitaria,CORANTE SOFTGEL VERDE 60G,MAGO,377,PC 06,31,2026-08-26 17:43:06,https://casagarciafortaleza.com.br/index.php
Casa Garcia Gourmet,Confeitaria,CORANTE SOFTGEL VERDE FOLHA 25G FAB,FAB,6463,CX 06,31,2026-08-26 17:43:06,https://casagarciafortaleza.com.br/index.php
Casa Garcia Gourmet,Confeitaria,CORANTE SOFTGEL VERDE FOLHA 60G,MAGO,3044,CX 06,31,2026-08-26 17:43:06,https://casagarciafortaleza.com.br/index.php
Casa Garcia Gourmet,Confeitaria,CORANTE SOFTGEL VERDE LIMAO 25G FAB,FAB,7852,CX 06,31,2026-08-26 17:43:06,https://casagarciafortaleza.com.br/index.php
Casa Garcia Gourmet,Confeitaria,CORANTE SOFTGEL VERDE LIMAO 60G,MAGO,3048,CX 06,31,2026-08-26 17:43:06,https://casagarciafortaleza.com.br/index.php
Casa Garcia Gourmet,Confeitaria,CORANTE SOFTGEL VERDE MENTA 25G FAB,FAB,6464,CX 06,31,2026-08-26 17:43:06,https://casagarciafortaleza.com.br/index.php
Casa Garcia Gourmet,Confeitaria,CORANTE SOFTGEL VERDE MENTA 60G,MAGO,9388,CX 06,31,2026-08-26 17:43:06,https://casagarciafortaleza.com.br/index.php
Casa Garcia Gourmet,Confeitaria,CORANTE SOFTGEL VERDE SECO 60G,MAGO,837,CX 06,31,2026-08-26 17:43:06,https://casagarciafortaleza.com.br/index.php
Casa Garcia Gourmet,Confeitaria,CORANTE SOFTGEL VERMELHO 60G,MAGO,378,CX 06,31,2026-08-26 17:43:06,https://casagarciafortaleza.com.br/index.php
Casa Garcia Gourmet,Confeitaria,CORANTE SOFTGEL VERMELHO MARSALA 60G,MAGO,848,CX 06,31,2026-08-26 17:43:06,https://casagarciafortaleza.com.br/index.php
Casa Garcia Gourmet,Confeitaria,CORANTE SOFTGEL VERMELHO NATAL 25G FAB,FAB,6465,CX 06,31,2026-08-26 17:43:06,https://casagarciafortaleza.com.br/index.php
Casa Garcia Gourmet,Confeitaria,CORANTE SOFTGEL VERMELHO RUBI 25G FAB,FAB,6466,CX 06,32,2026-08-26 17:43:07,https://casagarciafortaleza.com.br/index.php
Casa Garcia Gourmet,Confeitaria,CORANTE SOFTGEL VIOLETA 60G,MAGO,3041,CX 06,32,2026-08-26 17:43:07,https://casagarciafortaleza.com.br/index.php
Casa Garcia Gourmet,Confeitaria,"CREME AVELA CACAU VABENE 1,01KG BISNAGA",VABENE,9657,CX 09,32,2026-08-26 17:43:07,https://casagarciafortaleza.com.br/index.php
Casa Garcia Gourmet,Confeitaria,"CREME AVELA COM CACAU VABENE 1,01KG POTE",VABENE,9704,CX 06,32,2026-08-26 17:43:07,https://casagarciafortaleza.com.br/index.php
Casa Garcia Gourmet,Confeitaria,CREME AVELA COM CACAU VABENE 250G POTE,VABENE,4008,CX 12,32,2026-08-26 17:43:07,https://casagarciafortaleza.com.br/index.php
Casa Garcia Gourmet,Confeitaria,CREME AVELA COM CACAU VABENE 3KG,VABENE,3993,CX 04,32,2026-08-26 17:43:07,https://casagarciafortaleza.com.br/index.php
Casa Garcia Gourmet,Confeitaria,CREME AVELA COM CACAU VABENE 550G POTE,VABENE,4009,CX 06,32,2026-08-26 17:43:07,https://casagarciafortaleza.com.br/index.php
Casa Garcia Gourmet,Confeitaria,CREME CONFEITEIRO EMBRAMIX 1KG,EMBRAMIX,78471,CX 10,32,2026-08-26 17:43:07,https://casagarciafortaleza.com.br/index.php
Casa Garcia Gourmet,Confeitaria,CREME CULINARIO BIANCO BRIO 1L,MASTER MARTINI,10521,CX 12,32,2026-08-26 17:43:07,https://casagarciafortaleza.com.br/index.php
Casa Garcia Gourmet,Confeitaria,CREME GANACHE AO LEITE 4KG MELKEN,MELKEN,5453,CX 04,32,2026-08-26 17:43:07,https://casagarciafortaleza.com.br/index.php
Casa Garcia Gourmet,Confeitaria,CREME GANACHE AO LEITE 4KG MIX,MIX,6033,CX 04,32,2026-08-26 17:43:07,https://casagarciafortaleza.com.br/index.php
Casa Garcia Gourmet,Confeitaria,CREME GANACHE BRANCO 4KG MELKEN,MELKEN,5104,CX 04,32,2026-08-26 17:43:07,https://casagarciafortaleza.com.br/index.php
Casa Garcia Gourmet,Confeitaria,CREME GANACHE BRANCO 4KG MIX,MIX,6168,CX 04,33,2026-08-26 17:43:08,https://casagarciafortaleza.com.br/index.php
Casa Garcia Gourmet,Confeitaria,CREME GANACHE M AMARGO 4KG MELKEN,MELKEN,5105,CX 04,33,2026-08-26 17:43:08,https://casagarciafortaleza.com.br/index.php
Casa Garcia Gourmet,Confeitaria,CREME GANACHE MEIO AMARGO 4KG MIX,MIX,6050,CX 04,33,2026-08-26 17:43:08,https://casagarciafortaleza.com.br/index.php
Casa Garcia Gourmet,Confeitaria,CREME RECHEIO 1KG,FLEISCHMANN,212,CX 12,33,2026-08-26 17:43:08,https://casagarciafortaleza.com.br/index.php
Casa Garcia Gourmet,Confeitaria,"CROCANTE CARAMELLO SALATO VABENE 1,05KG",VABENE,9697,CX 06,33,2026-08-26 17:43:08,https://casagarciafortaleza.com.br/index.php
Casa Garcia Gourmet,Confeitaria,"CROCANTE CASTANHA DE CAJU VABENE 1,05KG",VABENE,3973,CX 06,33,2026-08-26 17:43:08,https://casagarciafortaleza.com.br/index.php
Casa Garcia Gourmet,Confeitaria,"CROCANTE DE AMENDOIM FINO VABENE 1,05KG",VABENE,9698,CX 06,33,2026-08-26 17:43:08,https://casagarciafortaleza.com.br/index.php
Casa Garcia Gourmet,Confeitaria,"CROCANTE DE AMENDOIM VABENE 1,05KG",VABENE,3972,CX 06,33,2026-08-26 17:43:08,https://casagarciafortaleza.com.br/index.php
Casa Garcia Gourmet,Confeitaria,"CROCANTE DE AMENDOIM VABENE 2,5KG",VABENE,3990,CX 04,33,2026-08-26 17:43:08,https://casagarciafortaleza.com.br/index.php
Casa Garcia Gourmet,Confeitaria,"CROCANTE DOCE DE LEITE VABENE 1,05KG",VABENE,3980,CX 06,33,2026-08-26 17:43:08,https://casagarciafortaleza.com.br/index.php
Casa Garcia Gourmet,Confeitaria,DESMOLDANTE SPRAY 180ML ECO UNTAFACIL,UNTAFACIL,6867,CX 12,33,2026-08-26 17:43:08,https://casagarciafortaleza.com.br/index.php
Casa Garcia Gourmet,Confeitaria,DESMOLDANTE SPRAY 180ML UNTAFACIL,UNTAFACIL,6870,CX 12,33,2026-08-26 17:43:08,https://casagarciafortaleza.com.br/index.php
Casa Garcia Gourmet,Confeitaria,DESMOLDANTE SPRAY 400ML ECO UNTAFACIL,UNTAFACIL,6868,CX 12,34,2026-08-26 17:43:09,https://casagarciafortaleza.com.br/index.php
Casa Garcia Gourmet,Confeitaria,DESMOLDANTE SPRAY 400ML UNTAFACIL,UNTAFACIL,6872,CX 12,34,2026-08-26 17:43:09,https://casagarciafortaleza.com.br/index.php
Casa Garcia Gourmet,Confeitaria,DESMOLDANTE SPRAY 600ML ECO UNTAFACIL,UNTAFACIL,6869,CX 12,34,2026-08-26 17:43:09,https://casagarciafortaleza.com.br/index.php
Casa Garcia Gourmet,Confeitaria,DESMOLDANTE SPRAY 600ML UNTAFACIL,UNTAFACIL,6866,CX 12,34,2026-08-26 17:43:09,https://casagarciafortaleza.com.br/index.php
Casa Garcia Gourmet,Confeitaria,"DOCE DE BANANA E MACA CREM 1,01G AUREA",AUREA,3787,CX 12,34,2026-08-26 17:43:09,https://casagarciafortaleza.com.br/index.php
Casa Garcia Gourmet,Confeitaria,"DOCE DE GOIABA E MACA CREM 1,01KG AUREA",AUREA,3784,CX 12,34,2026-08-26 17:43:09,https://casagarciafortaleza.com.br/index.php
Casa Garcia Gourmet,Confeitaria,"DOCE DE LEITE 4,5KG BOCARDO",BOCARDO,4939,CX 01,34,2026-08-26 17:43:09,https://casagarciafortaleza.com.br/index.php
Casa Garcia Gourmet,Confeitaria,"DOCE DE LEITE C/CHOC 4,8KG AUREA CHOCAU",BOCARDO,4860,CX 01,34,2026-08-26 17:43:09,https://casagarciafortaleza.com.br/index.php
Casa Garcia Gourmet,Confeitaria,"DOCE DE LEITE CHOCAU 1,01KG BISNAGA AUREA",AUREA,4991,CX 06,34,2026-08-26 17:43:09,https://casagarciafortaleza.com.br/index.php
Casa Garcia Gourmet,Confeitaria,"DOCE DE LEITE CLASSICO 9,8KG AUREA",AUREA,2110,UN 01,34,2026-08-26 17:43:09,https://casagarciafortaleza.com.br/index.php
Casa Garcia Gourmet,Confeitaria,DOCE DE LEITE CLASSICO 950G AUREA,AUREA,2111,CX 12,34,2026-08-26 17:43:09,https://casagarciafortaleza.com.br/index.php
Casa Garcia Gourmet,Confeitaria,"DOCE DE LEITE CONF 1,01KG BISNAGA AUREA",AUREA,4990,CX 06,34,2026-08-26 17:43:09,https://casagarciafortaleza.com.br/index.php
Casa Garcia Gourmet,Confeitaria,"DOCE DE LEITE SEM AMIDO 4,5KG AUREA",AUREA,8541,UN 01,35,2026-08-26 17:43:10,https://casagarciafortaleza.com.br/index.php
Casa Garcia Gourmet,Confeitaria,"DOCE DE LEITE SEM AMIDO 9,8KG AUREA",AUREA,8540,CX 12,35,2026-08-26 17:43:10,https://casagarciafortaleza.com.br/index.php
Casa Garcia Gourmet,Confeitaria,"DOCE DE LEITE ZERO ACUCAR RMINAS 1,01KG",RESERVA DE MINAS,8259,CX 12,35,2026-08-26 17:43:10,https://casagarciafortaleza.com.br/index.php
Casa Garcia Gourmet,Confeitaria,"DOCE DE UVA E MACA CREMOSO 1,01KG AUREA",AUREA,4977,CX 12,35,2026-08-26 17:43:10,https://casagarciafortaleza.com.br/index.php
Casa Garcia Gourmet,Confeitaria,DOCE SORO DE LEITE 1KG BOCARDO,BOCARDO,4927,CX 12,35,2026-08-26 17:43:10,https://casagarciafortaleza.com.br/index.php
Casa Garcia Gourmet,Confeitaria,"DOCE SORO DE LEITE 4,8KG BOCARDO",BOCARDO,2106,CX 02,35,2026-08-26 17:43:10,https://casagarciafortaleza.com.br/index.php
Casa Garcia Gourmet,Confeitaria,"DOCE SORO DE LEITE 9,8KG BOCARDO",BOCARDO,2109,CX 02,35,2026-08-26 17:43:10,https://casagarciafortaleza.com.br/index.php
Casa Garcia Gourmet,Confeitaria,"DOCE SORO DE LEITE BAG 4,8KG BOCARDO",BOCARDO,4968,CX 02,35,2026-08-26 17:43:10,https://casagarciafortaleza.com.br/index.php
Casa Garcia Gourmet,Confeitaria,"DOCE SORO DE LEITE CHOC 4,8KG BOCARDO",BOCARDO,2107,CX 01,35,2026-08-26 17:43:10,https://casagarciafortaleza.com.br/index.php
Casa Garcia Gourmet,Confeitaria,"DOCE SORO DE LEITE CHOC 9,8KG BOCARDO",BOCARDO,2108,CX 02,35,2026-08-26 17:43:10,https://casagarciafortaleza.com.br/index.php
Casa Garcia Gourmet,Confeitaria,DOURATTO DOURADOR DE PAES UHT 1L,IN LOCO FOODS,77907,CX 12,35,2026-08-26 17:43:10,https://casagarciafortaleza.com.br/index.php
Casa Garcia Gourmet,Confeitaria,EMULSAO SABORIZANTE AVELA 60ML,MAGO,1313,CX 06,35,2026-08-26 17:43:10,https://casagarciafortaleza.com.br/index.php
Casa Garcia Gourmet,Confeitaria,EMULSAO SABORIZANTE BAUNILHA 60ML,MAGO,1317,CX 06,36,2026-08-26 17:43:11,https://casagarciafortaleza.com.br/index.php
Casa Garcia Gourmet,Confeitaria,EMULSAO SABORIZANTE FRUTAS VERM 60ML,MAGO,1314,CX 06,36,2026-08-26 17:43:11,https://casagarciafortaleza.com.br/index.php
Casa Garcia Gourmet,Confeitaria,EMULSAO SABORIZANTE LARANJA 60ML,MAGO,1311,CX 06,36,2026-08-26 17:43:11,https://casagarciafortaleza.com.br/index.php
Casa Garcia Gourmet,Confeitaria,EMULSAO SABORIZANTE LIMAO 60ML,MAGO,1318,CX 06,36,2026-08-26 17:43:11,https://casagarciafortaleza.com.br/index.php
Casa Garcia Gourmet,Confeitaria,EMULSAO SABORIZANTE MORANGO 60ML,MAGO,1312,CX 06,36,2026-08-26 17:43:11,https://casagarciafortaleza.com.br/index.php
Casa Garcia Gourmet,Confeitaria,EMULSAO SABORIZANTE PISTACHE 60ML,MAGO,1310,CX 06,36,2026-08-26 17:43:11,https://casagarciafortaleza.com.br/index.php
Casa Garcia Gourmet,Confeitaria,EMULSAO SABORIZANTE RUM 60ML,MAGO,1309,CX 06,36,2026-08-26 17:43:11,https://casagarciafortaleza.com.br/index.php
Casa Garcia Gourmet,Confeitaria,EMULSIFICANTE 13KG LARECETTE,LA RECETTE,2302,UN 01,36,2026-08-26 17:43:11,https://casagarciafortaleza.com.br/index.php
Casa Garcia Gourmet,Confeitaria,EMULSIFICANTE 1KG LA RECETTE,LA RECETTE,2299,CX 12,36,2026-08-26 17:43:11,https://casagarciafortaleza.com.br/index.php
Casa Garcia Gourmet,Confeitaria,EMULSIFICANTE 3KG LARECETTE,LA RECETTE,2301,CX 01,36,2026-08-26 17:43:11,https://casagarciafortaleza.com.br/index.php
Casa Garcia Gourmet,Confeitaria,EMULSIFICANTE CONFEITEIR NEUTRO 3KG MIX,MIX,80185,CX 04,36,2026-08-26 17:43:11,https://casagarciafortaleza.com.br/index.php
Casa Garcia Gourmet,Confeitaria,EMULSIFICANTE CX 20KG LARECETTE,LA RECETTE,2297,CX 01,36,2026-08-26 17:43:11,https://casagarciafortaleza.com.br/index.php
Casa Garcia Gourmet,Confeitaria,ESCAMAS CROC SABOR CHOCOLATE 500G,HARALD,5519,CX 24,37,2026-08-26 17:43:13,https://casagarciafortaleza.com.br/index.php
Casa Garcia Gourmet,Confeitaria,ESSENCIA BAUNILHA 960ML ARCOLOR,ARCOLOR,6253,pc06,37,2026-08-26 17:43:13,https://casagarciafortaleza.com.br/index.php
Casa Garcia Gourmet,Confeitaria,ESSENCIA BAUNILHA BRANCA960ML ARCOLOR,ARCOLOR,6254,pc06,37,2026-08-26 17:43:13,https://casagarciafortaleza.com.br/index.php
Casa Garcia Gourmet,Confeitaria,ESSENCIA CEBOLA 960ML ARCOLOR,ARCOLOR,10226,CX 06,37,2026-08-26 17:43:13,https://casagarciafortaleza.com.br/index.php
Casa Garcia Gourmet,Confeitaria,ESSENCIA COCO 960ML ARCOLOR,ARCOLOR,10207,cx06,37,2026-08-26 17:43:13,https://casagarciafortaleza.com.br/index.php
Casa Garcia Gourmet,Confeitaria,ESSENCIA LARANJA 960ML ARCOLOR,ARCOLOR,10208,cx06,37,2026-08-26 17:43:13,https://casagarciafortaleza.com.br/index.php
Casa Garcia Gourmet,Confeitaria,ESSENCIA LIMAO 960ML ARCOLOR,ARCOLOR,342,cx06,37,2026-08-26 17:43:13,https://casagarciafortaleza.com.br/index.php
Casa Garcia Gourmet,Confeitaria,ESSENCIA MANTEIGA 960ML ARCOLOR,ARCOLOR,10209,cx06,37,2026-08-26 17:43:13,https://casagarciafortaleza.com.br/index.php
Casa Garcia Gourmet,Confeitaria,ESSENCIA QUEIJO 960ML ARCOLOR,ARCOLOR,10227,CX 06,37,2026-08-26 17:43:13,https://casagarciafortaleza.com.br/index.php
Casa Garcia Gourmet,Confeitaria,"FARINHA DE AMENDOIM VABENE 1,05KG",VABENE,3978,CX 12,37,2026-08-26 17:43:13,https://casagarciafortaleza.com.br/index.php
Casa Garcia Gourmet,Confeitaria,FARINHA DE TRIGO COM FERMENTO FINNA 1KG,FINNA,9952,CX 10,37,2026-08-26 17:43:13,https://casagarciafortaleza.com.br/index.php
Casa Garcia Gourmet,Confeitaria,FARINHA DE TRIGO TIPO 1 FINNA 1KG,FINNA,9655,CX 10,37,2026-08-26 17:43:13,https://casagarciafortaleza.com.br/index.php
Casa Garcia Gourmet,Confeitaria,"FAROFA CROC DE AMENDOIM VABENE 1,05KG",VABENE,3979,CX 12,38,2026-08-26 17:43:14,https://casagarciafortaleza.com.br/index.php
Casa Garcia Gourmet,Confeitaria,FERMENTO EM PO QUIMICO 900G EMBRAMIX,EMBRAMIX,79561,CX 10,38,2026-08-26 17:43:14,https://casagarciafortaleza.com.br/index.php
Casa Garcia Gourmet,Confeitaria,FERMENTO PO QUIMICO 20KG,FLEISCHMANN,134,SC 01,38,2026-08-26 17:43:14,https://casagarciafortaleza.com.br/index.php
Casa Garcia Gourmet,Confeitaria,FERMENTO PO QUIMICO 2KG,FLEISCHMANN,133,CX 10,38,2026-08-26 17:43:14,https://casagarciafortaleza.com.br/index.php
Casa Garcia Gourmet,Confeitaria,FERMENTO QUIMICO EM PO 1KG BIGMIX,LA RECETTE,493,SC 16,38,2026-08-26 17:43:14,https://casagarciafortaleza.com.br/index.php
Casa Garcia Gourmet,Confeitaria,FLOCOS CROCANT SABOR CHOC MIL CORES 500G,MIL CORES,2278,CX 20,38,2026-08-26 17:43:14,https://casagarciafortaleza.com.br/index.php
Casa Garcia Gourmet,Confeitaria,FLOCOS DE ARROZ TOP 500G,HARALD,5482,CX 10,38,2026-08-26 17:43:14,https://casagarciafortaleza.com.br/index.php
Casa Garcia Gourmet,Confeitaria,FLOCOS DE CEREAIS CROC 400G,MAVALERIO,2257,CX 10,38,2026-08-26 17:43:14,https://casagarciafortaleza.com.br/index.php
Casa Garcia Gourmet,Confeitaria,FLOCOS MACIO BRANCO MIL CORES 500G,MAVALERIO,9174,CX 20,38,2026-08-26 17:43:14,https://casagarciafortaleza.com.br/index.php
Casa Garcia Gourmet,Confeitaria,FLOCOS MACIO SABOR CHOC MIL CORES 500G,MIL CORES,2258,CX 20,38,2026-08-26 17:43:14,https://casagarciafortaleza.com.br/index.php
Casa Garcia Gourmet,Confeitaria,FLOCOS MACIO VERMELHO 500G,MIX,80863,CX 18,38,2026-08-26 17:43:14,https://casagarciafortaleza.com.br/index.php
Casa Garcia Gourmet,Confeitaria,FONDANT 2KG,FLEISCHMANN,183,CX 06,38,2026-08-26 17:43:14,https://casagarciafortaleza.com.br/index.php
Casa Garcia Gourmet,Confeitaria,"FORN SABOR CHOC AO LEITE 1,01KG",HARALD,5509,CX 08,39,2026-08-26 17:43:15,https://casagarciafortaleza.com.br/index.php
Casa Garcia Gourmet,Confeitaria,"FORN SABOR CHOC BRANCO 1,05KG",HARALD,5507,CX 08,39,2026-08-26 17:43:15,https://casagarciafortaleza.com.br/index.php
Casa Garcia Gourmet,Confeitaria,FRUTA CRISTALIZADA 10KG,MAGUI,2265,CX 01,39,2026-08-26 17:43:15,https://casagarciafortaleza.com.br/index.php
Casa Garcia Gourmet,Confeitaria,FRUTA CRISTALIZADA 1KG,MAGUI,2279,CX 10,39,2026-08-26 17:43:15,https://casagarciafortaleza.com.br/index.php
Casa Garcia Gourmet,Confeitaria,G3500-35CJ GARRAFA PET 1.000ML TAMPA PR,GALVANOTEK,8723,UN 01,39,2026-08-26 17:43:15,https://casagarciafortaleza.com.br/index.php
Casa Garcia Gourmet,Confeitaria,GANACHE SABOR CARAMELO TOFFEE VABENE 4KG,VABENE,4018,CX 04,39,2026-08-26 17:43:15,https://casagarciafortaleza.com.br/index.php
Casa Garcia Gourmet,Confeitaria,GEL P/DECORACAO DOURADO 15G FAB,FAB,6367,CX 12,39,2026-08-26 17:43:15,https://casagarciafortaleza.com.br/index.php
Casa Garcia Gourmet,Confeitaria,GEL P/DECORACAO PEROLADO 15G FAB,FAB,6369,CX 12,39,2026-08-26 17:43:15,https://casagarciafortaleza.com.br/index.php
Casa Garcia Gourmet,Confeitaria,GEL P/DECORACAO PRATEADO 15G FAB,FAB,6368,CX 12,39,2026-08-26 17:43:15,https://casagarciafortaleza.com.br/index.php
Casa Garcia Gourmet,Confeitaria,GELATINA SEM SABOR TECNUTRI 500G,TECNUTRI,6692,CX 10,39,2026-08-26 17:43:15,https://casagarciafortaleza.com.br/index.php
Casa Garcia Gourmet,Confeitaria,GELEIA BRILHO E COB CHOCOLATE 4KG AUREA,BOCARDO,4905,UN 01,39,2026-08-26 17:43:15,https://casagarciafortaleza.com.br/index.php
Casa Garcia Gourmet,Confeitaria,GELEIA BRILHO E COB MARACUJA 4KG AUREA,AUREA,4951,UN 01,39,2026-08-26 17:43:15,https://casagarciafortaleza.com.br/index.php
Casa Garcia Gourmet,Confeitaria,GELEIA BRILHO E COB MORANGO 4KG AUREA,AUREA,4952,UN 01,40,2026-08-26 17:43:16,https://casagarciafortaleza.com.br/index.php
Casa Garcia Gourmet,Confeitaria,GELEIA BRILHO E COB NEUTRO 4KG AUREA,AUREA,4950,UN 01,40,2026-08-26 17:43:16,https://casagarciafortaleza.com.br/index.php
Casa Garcia Gourmet,Confeitaria,GELEIA BRILHO MARACUJA 4KG,FLEISCHMANN,260,PC 04,40,2026-08-26 17:43:16,https://casagarciafortaleza.com.br/index.php
Casa Garcia Gourmet,Confeitaria,GELEIA BRILHO MORANGO C/SEM 4KG,FLEISCHMANN,261,PC 04,40,2026-08-26 17:43:16,https://casagarciafortaleza.com.br/index.php
Casa Garcia Gourmet,Confeitaria,GELEIA BRILHO MORANGO S/SEM 4KG,FLEISCHMANN,263,PC 04,40,2026-08-26 17:43:16,https://casagarciafortaleza.com.br/index.php
Casa Garcia Gourmet,Confeitaria,GELEIA BRILHO NEUTRA 4KG,FLEISCHMANN,262,PC 04,40,2026-08-26 17:43:16,https://casagarciafortaleza.com.br/index.php
Casa Garcia Gourmet,Confeitaria,GEMA DE OVO PAST RESF 1KG,FLEISCHEGG'S,225,CX 12,40,2026-08-26 17:43:16,https://casagarciafortaleza.com.br/index.php
Casa Garcia Gourmet,Confeitaria,GEMA DE OVO PAST RESF AVINE 1KG,AVINE,681,CX 10,40,2026-08-26 17:43:16,https://casagarciafortaleza.com.br/index.php
Casa Garcia Gourmet,Confeitaria,GLACE REAL EM PO MAVALERIO 500G,MAVALERIO,2709,CX 20,40,2026-08-26 17:43:16,https://casagarciafortaleza.com.br/index.php
Casa Garcia Gourmet,Confeitaria,GLICERINA BRANCA 60G FAB,FAB,6349,CX 12,40,2026-08-26 17:43:16,https://casagarciafortaleza.com.br/index.php
Casa Garcia Gourmet,Confeitaria,GLITTER HOLOGRAFICO AZUL 5G FAB,FAB,7853,CX 12,40,2026-08-26 17:43:16,https://casagarciafortaleza.com.br/index.php
Casa Garcia Gourmet,Confeitaria,GLITTER HOLOGRAFICO DOURADO 5G FAB,FAB,7854,CX 12,40,2026-08-26 17:43:16,https://casagarciafortaleza.com.br/index.php
Casa Garcia Gourmet,Confeitaria,GLITTER HOLOGRAFICO LILAS 5G FAB,FAB,7855,CX 12,41,2026-08-26 17:43:17,https://casagarciafortaleza.com.br/index.php
Casa Garcia Gourmet,Confeitaria,GLITTER HOLOGRAFICO PINK 5G FAB,FAB,7856,CX 12,41,2026-08-26 17:43:17,https://casagarciafortaleza.com.br/index.php
Casa Garcia Gourmet,Confeitaria,GLITTER HOLOGRAFICO PRATA 5G FAB,FAB,7857,CX 12,41,2026-08-26 17:43:17,https://casagarciafortaleza.com.br/index.php
Casa Garcia Gourmet,Confeitaria,GLITTER HOLOGRAFICO ROSA 5G FAB,FAB,7858,CX 12,41,2026-08-26 17:43:17,https://casagarciafortaleza.com.br/index.php
Casa Garcia Gourmet,Confeitaria,GLITTER HOLOGRAFICO ROSA SECO 5G FAB,FAB,6507,CX 12,41,2026-08-26 17:43:17,https://casagarciafortaleza.com.br/index.php
Casa Garcia Gourmet,Confeitaria,GLITTER HOLOGRAFICO VERMELHO 5G FAB,FAB,7859,CX 12,41,2026-08-26 17:43:17,https://casagarciafortaleza.com.br/index.php
Casa Garcia Gourmet,Confeitaria,GLITTER P/DECORACAO AZUL 5G FAB,FAB,6468,CX 12,41,2026-08-26 17:43:17,https://casagarciafortaleza.com.br/index.php
Casa Garcia Gourmet,Confeitaria,GLITTER P/DECORACAO AZUL TIFFANY 5G FAB,FAB,6469,CX 12,41,2026-08-26 17:43:17,https://casagarciafortaleza.com.br/index.php
Casa Garcia Gourmet,Confeitaria,GLITTER P/DECORACAO CHAMPANHE 5G FAB,FAB,6470,CX 12,41,2026-08-26 17:43:17,https://casagarciafortaleza.com.br/index.php
Casa Garcia Gourmet,Confeitaria,GLITTER P/DECORACAO CRISTAL 5G FAB,FAB,6471,CX 12,41,2026-08-26 17:43:17,https://casagarciafortaleza.com.br/index.php
Casa Garcia Gourmet,Confeitaria,GLITTER P/DECORACAO DOUR EGIPCIO 5G FAB,FAB,6481,CX 12,41,2026-08-26 17:43:17,https://casagarciafortaleza.com.br/index.php
Casa Garcia Gourmet,Confeitaria,GLITTER P/DECORACAO DOURADO 5G FAB,FAB,6472,CX 12,41,2026-08-26 17:43:17,https://casagarciafortaleza.com.br/index.php
Casa Garcia Gourmet,Confeitaria,GLITTER P/DECORACAO LILAS 5G FAB,FAB,6482,CX 12,42,2026-08-26 17:43:18,https://casagarciafortaleza.com.br/index.php
Casa Garcia Gourmet,Confeitaria,GLITTER P/DECORACAO PINK 5G FAB,FAB,6501,CX 12,42,2026-08-26 17:43:18,https://casagarciafortaleza.com.br/index.php
Casa Garcia Gourmet,Confeitaria,GLITTER P/DECORACAO PRATEADO 5G FAB,FAB,6502,CX 12,42,2026-08-26 17:43:18,https://casagarciafortaleza.com.br/index.php
Casa Garcia Gourmet,Confeitaria,GLITTER P/DECORACAO PRETO 5G FAB,FAB,6503,CX 12,42,2026-08-26 17:43:18,https://casagarciafortaleza.com.br/index.php
Casa Garcia Gourmet,Confeitaria,GLITTER P/DECORACAO ROSA 5G FAB,FAB,6504,CX 12,42,2026-08-26 17:43:18,https://casagarciafortaleza.com.br/index.php
Casa Garcia Gourmet,Confeitaria,GLITTER P/DECORACAO VERDE 5G FAB,FAB,6505,CX 12,42,2026-08-26 17:43:18,https://casagarciafortaleza.com.br/index.php
Casa Garcia Gourmet,Confeitaria,GLITTER P/DECORACAO VERMELHO 5G FAB,FAB,6506,CX 12,42,2026-08-26 17:43:18,https://casagarciafortaleza.com.br/index.php
Casa Garcia Gourmet,Confeitaria,GLUCOSE DE MILHO ARCOLOR 1KG,ARCOLOR,2251,FD 01,42,2026-08-26 17:43:18,https://casagarciafortaleza.com.br/index.php
Casa Garcia Gourmet,Confeitaria,GLUCOSE LA RECETTE 1KG,BIG MIX,2294,FD 01,42,2026-08-26 17:43:18,https://casagarciafortaleza.com.br/index.php
Casa Garcia Gourmet,Confeitaria,GLUCOSE LA RECETTE 5KG,BIG MIX,2295,CX 12,42,2026-08-26 17:43:18,https://casagarciafortaleza.com.br/index.php
Casa Garcia Gourmet,Confeitaria,"GOIABADA FORNEAVEL R.MINAS 1,01KG",RESERVA DE MINAS,8258,CX 12,42,2026-08-26 17:43:18,https://casagarciafortaleza.com.br/index.php
Casa Garcia Gourmet,Confeitaria,GORDURA FRY 14KG GME,FRY,78852,CX 01,42,2026-08-26 17:43:18,https://casagarciafortaleza.com.br/index.php
Casa Garcia Gourmet,Confeitaria,"GOTA CHIPSHOW BRANCO TOP 1,05KG",MELKEN,5579,CX 10,43,2026-08-26 17:43:19,https://casagarciafortaleza.com.br/index.php
Casa Garcia Gourmet,Confeitaria,"GOTA PINGO CHOC 1,01KG MAVALERIO",MAVALERIO,2239,CX 10,43,2026-08-26 17:43:19,https://casagarciafortaleza.com.br/index.php
Casa Garcia Gourmet,Confeitaria,"GOTA PINGO CHOC 2,5KG MAVALERIO",MAVALERIO,2254,CX 04,43,2026-08-26 17:43:19,https://casagarciafortaleza.com.br/index.php
Casa Garcia Gourmet,Confeitaria,GRANULADO CROC AMARELO 500G MIL CORES,MIL CORES,2635,CX 20,43,2026-08-26 17:43:19,https://casagarciafortaleza.com.br/index.php
Casa Garcia Gourmet,Confeitaria,GRANULADO CROC AZUL 500G MIL CORES,MIL CORES,2639,CX 10,43,2026-08-26 17:43:19,https://casagarciafortaleza.com.br/index.php
Casa Garcia Gourmet,Confeitaria,GRANULADO CROC BRANCO 500G MAVALERIO,MAVALERIO,2234,PC 10,43,2026-08-26 17:43:19,https://casagarciafortaleza.com.br/index.php
Casa Garcia Gourmet,Confeitaria,"GRANULADO CROC CHOC 1,01KG MIL CORES",MIL CORES,2631,CX 10,43,2026-08-26 17:43:19,https://casagarciafortaleza.com.br/index.php
Casa Garcia Gourmet,Confeitaria,GRANULADO CROC CHOC 500G MIL CORES,MAVALERIO,2633,CX 20,43,2026-08-26 17:43:19,https://casagarciafortaleza.com.br/index.php
Casa Garcia Gourmet,Confeitaria,"GRANULADO CROC COLORIDO 1,01KG MIL CORES",MAVALERIO,2632,CX 10,43,2026-08-26 17:43:19,https://casagarciafortaleza.com.br/index.php
Casa Garcia Gourmet,Confeitaria,GRANULADO CROC COLORIDO 500G MIL CORES,MIL CORES,2233,CX 20,43,2026-08-26 17:43:19,https://casagarciafortaleza.com.br/index.php
Casa Garcia Gourmet,Confeitaria,GRANULADO CROC MESCLADO 500G MIL CORES,MIL CORES,2630,CX 20,43,2026-08-26 17:43:19,https://casagarciafortaleza.com.br/index.php
Casa Garcia Gourmet,Confeitaria,GRANULADO CROC ROSA 500G MIL CORES,MIL CORES,2636,CX 10,43,2026-08-26 17:43:19,https://casagarciafortaleza.com.br/index.php
Casa Garcia Gourmet,Confeitaria,GRANULADO CROC VERDE 500G MIL CORES,MIL CORES,2637,CX 10,44,2026-08-26 17:43:21,https://casagarciafortaleza.com.br/index.php
Casa Garcia Gourmet,Confeitaria,GRANULADO CROC VERMELHO 500G MIL CO,MIL CORES,2638,CX 10,44,2026-08-26 17:43:21,https://casagarciafortaleza.com.br/index.php
Casa Garcia Gourmet,Confeitaria,GRANULADO DE CHOC AO LEITE SICAO 300G,SICAO,9047,CX 12,44,2026-08-26 17:43:21,https://casagarciafortaleza.com.br/index.php
Casa Garcia Gourmet,Confeitaria,GRANULADO DE CHOC BRANCO SICAO 300G,SICAO,9048,CX12,44,2026-08-26 17:43:21,https://casagarciafortaleza.com.br/index.php
Casa Garcia Gourmet,Confeitaria,"GRANULADO ESCURO MACIO 1,01KG MIX",MIX,80172,CX 10,44,2026-08-26 17:43:21,https://casagarciafortaleza.com.br/index.php
Casa Garcia Gourmet,Confeitaria,"GRANULADO MACIO MESCLADO 1,01KG MIX",MIX,80180,CX 10,44,2026-08-26 17:43:21,https://casagarciafortaleza.com.br/index.php
Casa Garcia Gourmet,Confeitaria,GRANULADO MACIO MISTO CONFEITO 500G MIX,MIX,80181,CX 18,44,2026-08-26 17:43:21,https://casagarciafortaleza.com.br/index.php
Casa Garcia Gourmet,Confeitaria,"GRANULADO MACIO SAB CHOC 1,01KG MIL CORE",MIL CORES,2232,CX 10,44,2026-08-26 17:43:21,https://casagarciafortaleza.com.br/index.php
Casa Garcia Gourmet,Confeitaria,GRANULADO MACIO SAB CHOC 500G MIL CORES,MIL CORES,2230,CX 20,44,2026-08-26 17:43:21,https://casagarciafortaleza.com.br/index.php
Casa Garcia Gourmet,Confeitaria,GRANULE CHOC AO LEITE 400G MELKEN,MELKEN,5439,CX 12,44,2026-08-26 17:43:21,https://casagarciafortaleza.com.br/index.php
Casa Garcia Gourmet,Confeitaria,GRANULE CHOC BRANCO 400G MELKEN,MELKEN,5473,CX 12,44,2026-08-26 17:43:21,https://casagarciafortaleza.com.br/index.php
Casa Garcia Gourmet,Confeitaria,GRANULE CHOC MEIO AMARGO 400G MELKEN,MELKEN,5454,CX 12,44,2026-08-26 17:43:21,https://casagarciafortaleza.com.br/index.php
Casa Garcia Gourmet,Confeitaria,"INOVARE COB GOTAS CHOC AO LEITE 2,05KG",HARALD,78566,CX 05,45,2026-08-26 17:43:22,https://casagarciafortaleza.com.br/index.php
Casa Garcia Gourmet,Confeitaria,"INOVARE COB GTS BRANCO 2,05KG",HARALD,78851,CX 05,45,2026-08-26 17:43:22,https://casagarciafortaleza.com.br/index.php
Casa Garcia Gourmet,Confeitaria,LEITE CONDENSADO AUREA BAG 5KG,AUREA,4967,CX 02,45,2026-08-26 17:43:22,https://casagarciafortaleza.com.br/index.php
Casa Garcia Gourmet,Confeitaria,LEITE CONDENSADO BOCARDO BAG 5KG,BOCARDO,2241,FD 02,45,2026-08-26 17:43:22,https://casagarciafortaleza.com.br/index.php
Casa Garcia Gourmet,Confeitaria,LEITE CONDENSADO SEMIDESNATADO 5KG AUREA,BOCARDO,8702,CX 02,45,2026-08-26 17:43:22,https://casagarciafortaleza.com.br/index.php
Casa Garcia Gourmet,Confeitaria,LEITE DE COCO SUPER 500ML,SUPER,2772,PC 01,45,2026-08-26 17:43:22,https://casagarciafortaleza.com.br/index.php
Casa Garcia Gourmet,Confeitaria,LIGA NEUTRA LA RECETTE 1KG,LA RECETTE,2288,PC 01,45,2026-08-26 17:43:22,https://casagarciafortaleza.com.br/index.php
Casa Garcia Gourmet,Confeitaria,MALT 7KG BIG MIX,BIG MIX,10841,CX 04,45,2026-08-26 17:43:22,https://casagarciafortaleza.com.br/index.php
Casa Garcia Gourmet,Confeitaria,MARG 80% MEDALHA DE OURO 15KG,MEDALHA DE OURO,78474,CX 01,45,2026-08-26 17:43:22,https://casagarciafortaleza.com.br/index.php
Casa Garcia Gourmet,Confeitaria,MARG AMELIA 80% 14KG,AMELIA,3422,cx12,45,2026-08-26 17:43:22,https://casagarciafortaleza.com.br/index.php
Casa Garcia Gourmet,Confeitaria,"MARG AMELIA CREME 1,01KG",AMELIA,3420,cx12,45,2026-08-26 17:43:22,https://casagarciafortaleza.com.br/index.php
Casa Garcia Gourmet,Confeitaria,MARG AMELIA FOLHADOS 2KG,AMELIA,2219,cx06,45,2026-08-26 17:43:22,https://casagarciafortaleza.com.br/index.php
Casa Garcia Gourmet,Confeitaria,"MARG80 AMELIA COM SAL 1,01KG",AMELIA,2226,cx12,46,2026-08-26 17:43:23,https://casagarciafortaleza.com.br/index.php
Casa Garcia Gourmet,Confeitaria,"MARG80 AMELIA SEM SAL 1,01KG",AMELIA,3421,cx12,46,2026-08-26 17:43:23,https://casagarciafortaleza.com.br/index.php
Casa Garcia Gourmet,Confeitaria,MARGARINA C/SAL 80% CUKIN 15KG,CUKIN,1256,CX 06,46,2026-08-26 17:43:23,https://casagarciafortaleza.com.br/index.php
Casa Garcia Gourmet,Confeitaria,MARGARINA FOLHADA PLACA SINA 2KG,SINA CHEFF,10700,CX 06,46,2026-08-26 17:43:23,https://casagarciafortaleza.com.br/index.php
Casa Garcia Gourmet,Confeitaria,MARGARINA FOLHADA RICCA 2KG BUNGE,BUNGE,2222,CX 06,46,2026-08-26 17:43:23,https://casagarciafortaleza.com.br/index.php
Casa Garcia Gourmet,Confeitaria,MIST BOLO ABACAXI 5KG,FLEISCHMANN,190,FD 03,46,2026-08-26 17:43:23,https://casagarciafortaleza.com.br/index.php
Casa Garcia Gourmet,Confeitaria,"MIST BOLO ABACAXI VO LUZIA 5,01KG",VO LUZIA,81020,CX 04,46,2026-08-26 17:43:23,https://casagarciafortaleza.com.br/index.php
Casa Garcia Gourmet,Confeitaria,MIST BOLO AIPIM 5KG,FLEISCHMANN,195,FD 03,46,2026-08-26 17:43:23,https://casagarciafortaleza.com.br/index.php
Casa Garcia Gourmet,Confeitaria,MIST BOLO BANANA 5KG,FLEISCHMANN,208,FD 03,46,2026-08-26 17:43:23,https://casagarciafortaleza.com.br/index.php
Casa Garcia Gourmet,Confeitaria,"MIST BOLO BANOFFE VO LUZIA 5,01KG",VO LUZIA,81439,CX 04,46,2026-08-26 17:43:23,https://casagarciafortaleza.com.br/index.php
Casa Garcia Gourmet,Confeitaria,"MIST BOLO BAUNILHA INSEPARAVEL 5,01KG",INSEPARAVEL,81240,CX 04,46,2026-08-26 17:43:23,https://casagarciafortaleza.com.br/index.php
Casa Garcia Gourmet,Confeitaria,MIST BOLO BROWNIE PET GATEAU 5KG,FLEISCHMANN,207,FD 03,46,2026-08-26 17:43:23,https://casagarciafortaleza.com.br/index.php
Casa Garcia Gourmet,Confeitaria,"MIST BOLO CACAROLA C/QUE VO LUZIA 5,01KG",VO LUZIA,81450,CX 04,47,2026-08-26 17:43:24,https://casagarciafortaleza.com.br/index.php
Casa Garcia Gourmet,Confeitaria,MIST BOLO CENOURA 5KG,FLEISCHMANN,192,FD 03,47,2026-08-26 17:43:24,https://casagarciafortaleza.com.br/index.php
Casa Garcia Gourmet,Confeitaria,"MIST BOLO CENOURA VO LUZIA 5,01KG",VO LUZIA,81015,CX 04,47,2026-08-26 17:43:24,https://casagarciafortaleza.com.br/index.php
Casa Garcia Gourmet,Confeitaria,MIST BOLO CHOCOLATE 5KG,FLEISCHMANN,188,FD 03,47,2026-08-26 17:43:24,https://casagarciafortaleza.com.br/index.php
Casa Garcia Gourmet,Confeitaria,"MIST BOLO CHOCOLATE INSEPARAVEL 5,01KG",INSEPARAVEL,81021,CX 04,47,2026-08-26 17:43:24,https://casagarciafortaleza.com.br/index.php
Casa Garcia Gourmet,Confeitaria,"MIST BOLO CHOCOLATE VO LUZIA 5,01KG",VO LUZIA,81013,CX 04,47,2026-08-26 17:43:24,https://casagarciafortaleza.com.br/index.php
Casa Garcia Gourmet,Confeitaria,MIST BOLO CHOCOMOUSSE 5KG,FLEISCHMANN,198,FD 03,47,2026-08-26 17:43:24,https://casagarciafortaleza.com.br/index.php
Casa Garcia Gourmet,Confeitaria,MIST BOLO CHOCOMOUSSE BANANA FLAMB 5KG,FLEISCHMANN,258,FD 03,47,2026-08-26 17:43:24,https://casagarciafortaleza.com.br/index.php
Casa Garcia Gourmet,Confeitaria,MIST BOLO CHOCOMOUSSE CAPPUCCINO 5KG,FLEISCHMANN,257,FD 03,47,2026-08-26 17:43:24,https://casagarciafortaleza.com.br/index.php
Casa Garcia Gourmet,Confeitaria,MIST BOLO CHOCOMOUSSE FUDGE 5KG,FLEISCHMANN,256,FD 03,47,2026-08-26 17:43:24,https://casagarciafortaleza.com.br/index.php
Casa Garcia Gourmet,Confeitaria,"MIST BOLO CHURROS VO LUZIA 5,01KG",VO LUZIA,81018,CX 04,47,2026-08-26 17:43:24,https://casagarciafortaleza.com.br/index.php
Casa Garcia Gourmet,Confeitaria,MIST BOLO COCO 5KG,FLEISCHMANN,191,FD 03,47,2026-08-26 17:43:24,https://casagarciafortaleza.com.br/index.php
Casa Garcia Gourmet,Confeitaria,"MIST BOLO COCO INSEPARAVEL 5,01KG",INSEPARAVEL,81241,CX 04,48,2026-08-26 17:43:25,https://casagarciafortaleza.com.br/index.php
Casa Garcia Gourmet,Confeitaria,"MIST BOLO CREM AIPIM VO LUZIA  5,01KG",VO LUZIA,81237,CX 04,48,2026-08-26 17:43:25,https://casagarciafortaleza.com.br/index.php
Casa Garcia Gourmet,Confeitaria,"MIST BOLO CREMO CHOCOLAT VO LUZIA 5,01KG",VO LUZIA,81023,CX 04,48,2026-08-26 17:43:25,https://casagarciafortaleza.com.br/index.php
Casa Garcia Gourmet,Confeitaria,"MIST BOLO CREMO FRUT VERM VO LUZI 5,01KG",VO LUZIA,81035,CX 04,48,2026-08-26 17:43:25,https://casagarciafortaleza.com.br/index.php
Casa Garcia Gourmet,Confeitaria,"MIST BOLO CREMO QUEIJADI VO LUZIA 5,01KG",VO LUZIA,81025,CX 04,48,2026-08-26 17:43:25,https://casagarciafortaleza.com.br/index.php
Casa Garcia Gourmet,Confeitaria,"MIST BOLO CREMO TAPIOCA VO LUZIA  5,01KG",VO LUZIA,81024,CX 04,48,2026-08-26 17:43:25,https://casagarciafortaleza.com.br/index.php
Casa Garcia Gourmet,Confeitaria,"MIST BOLO CREMOSO MILHO VO LUZIA 5 ,01KG",VO LUZIA,81034,CX 04,48,2026-08-26 17:43:25,https://casagarciafortaleza.com.br/index.php
Casa Garcia Gourmet,Confeitaria,MIST BOLO FUBA 5KG,FLEISCHMANN,199,FD 03,48,2026-08-26 17:43:25,https://casagarciafortaleza.com.br/index.php
Casa Garcia Gourmet,Confeitaria,"MIST BOLO FUBA VO LUZIA 5,01KG",VO LUZIA,81017,CX 04,48,2026-08-26 17:43:25,https://casagarciafortaleza.com.br/index.php
Casa Garcia Gourmet,Confeitaria,MIST BOLO LARANJA 5KG,FLEISCHMANN,189,FD 03,48,2026-08-26 17:43:25,https://casagarciafortaleza.com.br/index.php
Casa Garcia Gourmet,Confeitaria,"MIST BOLO LARANJA VO LUZIA 5,01KG",VO LUZIA,81014,CX 04,48,2026-08-26 17:43:25,https://casagarciafortaleza.com.br/index.php
Casa Garcia Gourmet,Confeitaria,"MIST BOLO LEITE CONDENS VO LUZIA  5,01KG",VO LUZIA,81019,CX 04,48,2026-08-26 17:43:25,https://casagarciafortaleza.com.br/index.php
Casa Garcia Gourmet,Confeitaria,MIST BOLO LIMAO CREMOSO 5KG,FLEISCHMANN,196,FD 03,49,2026-08-26 17:43:26,https://casagarciafortaleza.com.br/index.php
Casa Garcia Gourmet,Confeitaria,"MIST BOLO LIMAO VO LUZIA  5,01KG",VO LUZIA,81239,CX 04,49,2026-08-26 17:43:26,https://casagarciafortaleza.com.br/index.php
Casa Garcia Gourmet,Confeitaria,"MIST BOLO MARACUJA INSEPARAVEL 5,01 KG",INSEPARAVEL,81022,CX 04,49,2026-08-26 17:43:26,https://casagarciafortaleza.com.br/index.php
Casa Garcia Gourmet,Confeitaria,MIST BOLO MILHO CREMOSO 5KG,FLEISCHMANN,200,FD 03,49,2026-08-26 17:43:26,https://casagarciafortaleza.com.br/index.php
Casa Garcia Gourmet,Confeitaria,"MIST BOLO MILHO VO LUZIA 5,01KG",VO LUZIA,81016,CX 04,49,2026-08-26 17:43:26,https://casagarciafortaleza.com.br/index.php
Casa Garcia Gourmet,Confeitaria,MIST BOLO NEUTRO 5KG,FLEISCHMANN,187,FD 03,49,2026-08-26 17:43:26,https://casagarciafortaleza.com.br/index.php
Casa Garcia Gourmet,Confeitaria,"MIST BOLO NEUTRO VO LUZIA  5,01KG",VO LUZIA,81238,CX 04,49,2026-08-26 17:43:26,https://casagarciafortaleza.com.br/index.php
Casa Garcia Gourmet,Confeitaria,MIST BROWNIE VO LUZIA 2KG,VO LUZIA,81033,CX 10,49,2026-08-26 17:43:26,https://casagarciafortaleza.com.br/index.php
Casa Garcia Gourmet,Confeitaria,MIST CAKE ABACAXI VO LUZIA 2KG,VO LUZIA,81027,CX 10,49,2026-08-26 17:43:26,https://casagarciafortaleza.com.br/index.php
Casa Garcia Gourmet,Confeitaria,MIST CAKE CHOCOLATE 3KG,FLEISCHMANN,202,FD 05,49,2026-08-26 17:43:26,https://casagarciafortaleza.com.br/index.php
Casa Garcia Gourmet,Confeitaria,MIST CAKE CHOCOLATE VO LUZIA 2KG,VO LUZIA,81026,CX 10,49,2026-08-26 17:43:26,https://casagarciafortaleza.com.br/index.php
Casa Garcia Gourmet,Confeitaria,MIST CAKE DOCE DE LEITE VO LUZIA 2KG,VO LUZIA,81438,CX 10,49,2026-08-26 17:43:26,https://casagarciafortaleza.com.br/index.php
Casa Garcia Gourmet,Confeitaria,MIST CAKE ESPECIARIAS VO LUZIA 2KG,VO LUZIA,81028,CX 10,50,2026-08-26 17:43:27,https://casagarciafortaleza.com.br/index.php
Casa Garcia Gourmet,Confeitaria,MIST CAKE NEUTRO 3KG,FLEISCHMANN,201,FD 05,50,2026-08-26 17:43:27,https://casagarciafortaleza.com.br/index.php
Casa Garcia Gourmet,Confeitaria,MIST CAKE RED VELVET VO LUZIA 2KG,VO LUZIA,81029,CX 10,50,2026-08-26 17:43:27,https://casagarciafortaleza.com.br/index.php
Casa Garcia Gourmet,Confeitaria,MIST MOUSSE CAKE CAFE VO LUZIA 2KG,VO LUZIA,81437,CX 10,50,2026-08-26 17:43:27,https://casagarciafortaleza.com.br/index.php
Casa Garcia Gourmet,Confeitaria,"MIST PANET ABACAXI CASTAN FELICCI 5,01KG",FELICCI,81031,CX 04,50,2026-08-26 17:43:27,https://casagarciafortaleza.com.br/index.php
Casa Garcia Gourmet,Confeitaria,MIST PAO DE LO 4KG,FLEISCHMANN,177,FD 04,50,2026-08-26 17:43:27,https://casagarciafortaleza.com.br/index.php
Casa Garcia Gourmet,Confeitaria,MIX PUDIM DE LEITE PAST RESF 1KG,FLEISCHEGG'S,223,CX 12,50,2026-08-26 17:43:27,https://casagarciafortaleza.com.br/index.php
Casa Garcia Gourmet,Confeitaria,OVO INTEGRAL PAST RESF 1KG,FLEISCHEGG'S,224,CX 12,50,2026-08-26 17:43:27,https://casagarciafortaleza.com.br/index.php
Casa Garcia Gourmet,Confeitaria,OVO INTEGRAL PAST RESF AVINE 1KG,AVINE,680,CX 10,50,2026-08-26 17:43:27,https://casagarciafortaleza.com.br/index.php
Casa Garcia Gourmet,Confeitaria,"PAPEL MANTEIGA 7,5MX28CM BOMPACK",BOMPACK,2846,CX 25,50,2026-08-26 17:43:27,https://casagarciafortaleza.com.br/index.php
Casa Garcia Gourmet,Confeitaria,PAPEL MANTEIGA GLASSPEL 50X70,GLASSPEL,2269,FD 400,50,2026-08-26 17:43:27,https://casagarciafortaleza.com.br/index.php
Casa Garcia Gourmet,Confeitaria,"PASTA DE AMENDOIM VABENE 1,005KG",VABENE,3974,CX 06,50,2026-08-26 17:43:27,https://casagarciafortaleza.com.br/index.php
Casa Garcia Gourmet,Confeitaria,PASTA DE AMENDOIM VABENE 4KG,VABENE,3994,CX 04,51,2026-08-26 17:43:29,https://casagarciafortaleza.com.br/index.php
Casa Garcia Gourmet,Confeitaria,PASTA P/PANETONE 4KG,BIG MIX,494,CX 04,51,2026-08-26 17:43:29,https://casagarciafortaleza.com.br/index.php
Casa Garcia Gourmet,Confeitaria,PECTINA 50G,MAGO,2473,CX 12,51,2026-08-26 17:43:29,https://casagarciafortaleza.com.br/index.php
Casa Garcia Gourmet,Confeitaria,PO P/DECOR AZUL CLARO 10G,MAGO,849,CX 12,51,2026-08-26 17:43:29,https://casagarciafortaleza.com.br/index.php
Casa Garcia Gourmet,Confeitaria,PO P/DECOR C/REFLEXO AMARELO 10G,MAGO,3001,CX 12,51,2026-08-26 17:43:29,https://casagarciafortaleza.com.br/index.php
Casa Garcia Gourmet,Confeitaria,PO P/DECOR C/REFLEXO AZUL 10G,MAGO,3000,CX 12,51,2026-08-26 17:43:29,https://casagarciafortaleza.com.br/index.php
Casa Garcia Gourmet,Confeitaria,PO P/DECOR C/REFLEXO LILAS 10G,MAGO,3002,CX 12,51,2026-08-26 17:43:29,https://casagarciafortaleza.com.br/index.php
Casa Garcia Gourmet,Confeitaria,PO P/DECOR C/REFLEXO VERM 10G,MAGO,2999,CX 12,51,2026-08-26 17:43:29,https://casagarciafortaleza.com.br/index.php
Casa Garcia Gourmet,Confeitaria,PO P/DECOR COBRE 8G,MAGO,1108,CX 12,51,2026-08-26 17:43:29,https://casagarciafortaleza.com.br/index.php
Casa Garcia Gourmet,Confeitaria,PO P/DECOR NACAR 10G,MAGO,3003,CX 12,51,2026-08-26 17:43:29,https://casagarciafortaleza.com.br/index.php
Casa Garcia Gourmet,Confeitaria,PO P/DECOR NACAR 8G,MAGO,2441,CX 12,51,2026-08-26 17:43:29,https://casagarciafortaleza.com.br/index.php
Casa Garcia Gourmet,Confeitaria,PO P/DECOR OURO 50G,MAGO,1115,CX 01,51,2026-08-26 17:43:29,https://casagarciafortaleza.com.br/index.php
Casa Garcia Gourmet,Confeitaria,PO P/DECOR OURO 8G,MAGO,2442,CX 12,52,2026-08-26 17:43:30,https://casagarciafortaleza.com.br/index.php
Casa Garcia Gourmet,Confeitaria,PO P/DECOR OURO BRILHANTE 10G,MAGO,850,CX 01,52,2026-08-26 17:43:30,https://casagarciafortaleza.com.br/index.php
Casa Garcia Gourmet,Confeitaria,PO P/DECOR OURO ILUSAO 5G,MAGO,1326,CX 12,52,2026-08-26 17:43:30,https://casagarciafortaleza.com.br/index.php
Casa Garcia Gourmet,Confeitaria,PO P/DECOR OURO ROSE 5G,MAGO,1327,CX 12,52,2026-08-26 17:43:30,https://casagarciafortaleza.com.br/index.php
Casa Garcia Gourmet,Confeitaria,PO P/DECOR OURO ROSE 8G,MAGO,9384,CX 12,52,2026-08-26 17:43:30,https://casagarciafortaleza.com.br/index.php
Casa Garcia Gourmet,Confeitaria,PO P/DECOR PEROLA 10G,MAGO,2997,CX 12,52,2026-08-26 17:43:30,https://casagarciafortaleza.com.br/index.php
Casa Garcia Gourmet,Confeitaria,PO P/DECOR PEROLA 50G,MAGO,2444,CX 01,52,2026-08-26 17:43:30,https://casagarciafortaleza.com.br/index.php
Casa Garcia Gourmet,Confeitaria,PO P/DECOR PEROLA 5G,MAGO,3004,CX 12,52,2026-08-26 17:43:30,https://casagarciafortaleza.com.br/index.php
Casa Garcia Gourmet,Confeitaria,PO P/DECOR PINK 10G,MAGO,851,CX 12,52,2026-08-26 17:43:30,https://casagarciafortaleza.com.br/index.php
Casa Garcia Gourmet,Confeitaria,PO P/DECOR PRATA 10G,MAGO,2998,CX 12,52,2026-08-26 17:43:30,https://casagarciafortaleza.com.br/index.php
Casa Garcia Gourmet,Confeitaria,PO P/DECOR PRATA 8G,MAGO,2443,CX 12,52,2026-08-26 17:43:30,https://casagarciafortaleza.com.br/index.php
Casa Garcia Gourmet,Confeitaria,PO P/DECOR PRATA UNICORNIO 10G,MAGO,852,CX 12,52,2026-08-26 17:43:30,https://casagarciafortaleza.com.br/index.php
Casa Garcia Gourmet,Confeitaria,PO P/DECOR PRETO 10G,MAGO,853,CX 12,53,2026-08-26 17:43:31,https://casagarciafortaleza.com.br/index.php
Casa Garcia Gourmet,Confeitaria,PO P/DECOR ROSE 10G,MAGO,854,CX 12,53,2026-08-26 17:43:31,https://casagarciafortaleza.com.br/index.php
Casa Garcia Gourmet,Confeitaria,PO P/DECOR VERMELHO BRILHANTE 10G,MAGO,855,CX 12,53,2026-08-26 17:43:31,https://casagarciafortaleza.com.br/index.php
Casa Garcia Gourmet,Confeitaria,PO P/DECORACAO ACOBREADO 3G FAB,FAB,6352,CX 12,53,2026-08-26 17:43:31,https://casagarciafortaleza.com.br/index.php
Casa Garcia Gourmet,Confeitaria,PO P/DECORACAO AMARELO DAMASCO 3G FAB,FAB,6361,CX 12,53,2026-08-26 17:43:31,https://casagarciafortaleza.com.br/index.php
Casa Garcia Gourmet,Confeitaria,PO P/DECORACAO AMARELO GEMA 3G FAB,FAB,6355,CX 12,53,2026-08-26 17:43:31,https://casagarciafortaleza.com.br/index.php
Casa Garcia Gourmet,Confeitaria,PO P/DECORACAO AZUL ANIS 3G FAB,FAB,6356,CX 12,53,2026-08-26 17:43:31,https://casagarciafortaleza.com.br/index.php
Casa Garcia Gourmet,Confeitaria,PO P/DECORACAO AZUL JEANS 3G FAB,FAB,6424,CX 12,53,2026-08-26 17:43:31,https://casagarciafortaleza.com.br/index.php
Casa Garcia Gourmet,Confeitaria,PO P/DECORACAO AZUL MARINHO 3G FAB,FAB,7860,CX 12,53,2026-08-26 17:43:31,https://casagarciafortaleza.com.br/index.php
Casa Garcia Gourmet,Confeitaria,PO P/DECORACAO AZUL ROYAL 3G FAB,FAB,6716,CX 12,53,2026-08-26 17:43:31,https://casagarciafortaleza.com.br/index.php
Casa Garcia Gourmet,Confeitaria,PO P/DECORACAO AZUL TIFFANY 3G FAB,FAB,6346,CX 12,53,2026-08-26 17:43:31,https://casagarciafortaleza.com.br/index.php
Casa Garcia Gourmet,Confeitaria,PO P/DECORACAO BRANCO 3G FAB,FAB,6715,CX 12,53,2026-08-26 17:43:31,https://casagarciafortaleza.com.br/index.php
Casa Garcia Gourmet,Confeitaria,PO P/DECORACAO DOURADO 20G FAB,FAB,10688,CX 04,54,2026-08-26 17:43:32,https://casagarciafortaleza.com.br/index.php
Casa Garcia Gourmet,Confeitaria,PO P/DECORACAO DOURADO 40G FAB,FAB,10686,CX 04,54,2026-08-26 17:43:32,https://casagarciafortaleza.com.br/index.php
Casa Garcia Gourmet,Confeitaria,PO P/DECORACAO DOURADO 5G FAB,FAB,6350,CX 12,54,2026-08-26 17:43:32,https://casagarciafortaleza.com.br/index.php
Casa Garcia Gourmet,Confeitaria,PO P/DECORACAO DOURADO ANTIGO 3G FAB,FAB,6351,CX12,54,2026-08-26 17:43:32,https://casagarciafortaleza.com.br/index.php
Casa Garcia Gourmet,Confeitaria,PO P/DECORACAO DOURADO EGIPCIO 5G FAB,FAB,6345,CX 12,54,2026-08-26 17:43:32,https://casagarciafortaleza.com.br/index.php
Casa Garcia Gourmet,Confeitaria,PO P/DECORACAO DOURADO ROSE 5G FAB,FAB,6344,CX 12,54,2026-08-26 17:43:32,https://casagarciafortaleza.com.br/index.php
Casa Garcia Gourmet,Confeitaria,PO P/DECORACAO LARANJA 3G FAB,FAB,6425,CX 12,54,2026-08-26 17:43:32,https://casagarciafortaleza.com.br/index.php
Casa Garcia Gourmet,Confeitaria,PO P/DECORACAO LILAS 3G FAB,FAB,6714,CX 12,54,2026-08-26 17:43:32,https://casagarciafortaleza.com.br/index.php
Casa Garcia Gourmet,Confeitaria,PO P/DECORACAO MARROM 3G FAB,FAB,6426,CX 12,54,2026-08-26 17:43:32,https://casagarciafortaleza.com.br/index.php
Casa Garcia Gourmet,Confeitaria,PO P/DECORACAO NEON AMARELO 5G FAB,FAB,6705,CX 12,54,2026-08-26 17:43:32,https://casagarciafortaleza.com.br/index.php
Casa Garcia Gourmet,Confeitaria,PO P/DECORACAO NEON AZUL 5G FAB,FAB,6706,CX 12,54,2026-08-26 17:43:32,https://casagarciafortaleza.com.br/index.php
Casa Garcia Gourmet,Confeitaria,PO P/DECORACAO NEON AZUL MARINHO 5G FAB,FAB,6707,CX 12,54,2026-08-26 17:43:32,https://casagarciafortaleza.com.br/index.php
Casa Garcia Gourmet,Confeitaria,PO P/DECORACAO NEON LARANJA 5G FAB,FAB,6708,CX 12,55,2026-08-26 17:43:33,https://casagarciafortaleza.com.br/index.php
Casa Garcia Gourmet,Confeitaria,PO P/DECORACAO NEON PINK 5G FAB,FAB,6709,CX 12,55,2026-08-26 17:43:33,https://casagarciafortaleza.com.br/index.php
Casa Garcia Gourmet,Confeitaria,PO P/DECORACAO NEON ROSA 5G FAB,FAB,6710,CX 12,55,2026-08-26 17:43:33,https://casagarciafortaleza.com.br/index.php
Casa Garcia Gourmet,Confeitaria,PO P/DECORACAO NEON ROXO 5G FAB,FAB,6711,CX 12,55,2026-08-26 17:43:33,https://casagarciafortaleza.com.br/index.php
Casa Garcia Gourmet,Confeitaria,PO P/DECORACAO NEON VERDE 5G FAB,FAB,6712,CX 12,55,2026-08-26 17:43:33,https://casagarciafortaleza.com.br/index.php
Casa Garcia Gourmet,Confeitaria,PO P/DECORACAO NEON VERMELHO 5G FAB,FAB,6713,CX 12,55,2026-08-26 17:43:33,https://casagarciafortaleza.com.br/index.php
Casa Garcia Gourmet,Confeitaria,PO P/DECORACAO PEROLADO 10G FAB,FAB,10689,CX 04,55,2026-08-26 17:43:33,https://casagarciafortaleza.com.br/index.php
Casa Garcia Gourmet,Confeitaria,PO P/DECORACAO PEROLADO 20G FAB,FAB,10687,CX 04,55,2026-08-26 17:43:33,https://casagarciafortaleza.com.br/index.php
Casa Garcia Gourmet,Confeitaria,PO P/DECORACAO PEROLADO 3G FAB,FAB,6354,CX 12,55,2026-08-26 17:43:33,https://casagarciafortaleza.com.br/index.php
Casa Garcia Gourmet,Confeitaria,PO P/DECORACAO PRATEADO 3G FAB,FAB,6353,CX 12,55,2026-08-26 17:43:33,https://casagarciafortaleza.com.br/index.php
Casa Garcia Gourmet,Confeitaria,PO P/DECORACAO PRETO 3G FAB,FAB,6391,CX 12,55,2026-08-26 17:43:33,https://casagarciafortaleza.com.br/index.php
Casa Garcia Gourmet,Confeitaria,PO P/DECORACAO ROSA CEREJA 3G FAB,FAB,6358,CX 12,55,2026-08-26 17:43:33,https://casagarciafortaleza.com.br/index.php
Casa Garcia Gourmet,Confeitaria,PO P/DECORACAO ROSA SECO 3G FAB,FAB,6348,CX 12,56,2026-08-26 17:43:34,https://casagarciafortaleza.com.br/index.php
Casa Garcia Gourmet,Confeitaria,PO P/DECORACAO ULTRA VIOLETA 3G FAB,FAB,6387,CX 12,56,2026-08-26 17:43:34,https://casagarciafortaleza.com.br/index.php
Casa Garcia Gourmet,Confeitaria,PO P/DECORACAO VERDE FOLHA 3G FAB,FAB,6359,CX 12,56,2026-08-26 17:43:34,https://casagarciafortaleza.com.br/index.php
Casa Garcia Gourmet,Confeitaria,PO P/DECORACAO VERDE MENTA 3G FAB,FAB,6386,CX 12,56,2026-08-26 17:43:34,https://casagarciafortaleza.com.br/index.php
Casa Garcia Gourmet,Confeitaria,PO P/DECORACAO VERMELHO MARSALA 3G FAB,FAB,6717,CX 12,56,2026-08-26 17:43:34,https://casagarciafortaleza.com.br/index.php
Casa Garcia Gourmet,Confeitaria,PO P/DECORACAO VERMELHO MORANGO 3G FAB,FAB,6427,CX 12,56,2026-08-26 17:43:34,https://casagarciafortaleza.com.br/index.php
Casa Garcia Gourmet,Confeitaria,PO P/DECORACAO VERMELHO NATAL 3G FAB,FAB,6357,CX 12,56,2026-08-26 17:43:34,https://casagarciafortaleza.com.br/index.php
Casa Garcia Gourmet,Confeitaria,PO P/DECORACAO VERMELHO RUBI 3G FAB,FAB,6347,CX 12,56,2026-08-26 17:43:34,https://casagarciafortaleza.com.br/index.php
Casa Garcia Gourmet,Confeitaria,PO P/PREPARO DE LIMAO 100G,MAVALERIO,2507,CX 24,56,2026-08-26 17:43:34,https://casagarciafortaleza.com.br/index.php
Casa Garcia Gourmet,Confeitaria,PO P/PREPARO DE MARACUJA 100G,MAVALERIO,2506,CX 24,56,2026-08-26 17:43:34,https://casagarciafortaleza.com.br/index.php
Casa Garcia Gourmet,Confeitaria,PO P/PREPARO DE MORANGO 100G,MAVALERIO,2508,CX 24,56,2026-08-26 17:43:34,https://casagarciafortaleza.com.br/index.php
Casa Garcia Gourmet,Confeitaria,"PREPARADO DE ABACAXI 1,02KG",RICAELI,4743,CX 06,56,2026-08-26 17:43:34,https://casagarciafortaleza.com.br/index.php
Casa Garcia Gourmet,Confeitaria,"PREPARADO DE ABACAXI 4,1KG",RICAELI,4732,CX 04,57,2026-08-26 17:43:35,https://casagarciafortaleza.com.br/index.php
Casa Garcia Gourmet,Confeitaria,"PREPARADO DE AMEIXA 1,02KG",RICAELI,4740,CX 06,57,2026-08-26 17:43:35,https://casagarciafortaleza.com.br/index.php
Casa Garcia Gourmet,Confeitaria,"PREPARADO DE AMEIXA 4,7KG",RICAELI,4730,CX 04,57,2026-08-26 17:43:35,https://casagarciafortaleza.com.br/index.php
Casa Garcia Gourmet,Confeitaria,"PREPARADO DE AMORA 1,02KG",RICAELI,4744,CX 06,57,2026-08-26 17:43:35,https://casagarciafortaleza.com.br/index.php
Casa Garcia Gourmet,Confeitaria,"PREPARADO DE FRAMBOESA 1,02KG",RICAELI,4745,CX 06,57,2026-08-26 17:43:35,https://casagarciafortaleza.com.br/index.php
Casa Garcia Gourmet,Confeitaria,"PREPARADO DE FRUTAS VERM 1,02KG",RICAELI,4746,CX 06,57,2026-08-26 17:43:35,https://casagarciafortaleza.com.br/index.php
Casa Garcia Gourmet,Confeitaria,"PREPARADO DE FRUTAS VERM 4,2KG",RICAELI,4734,CX 04,57,2026-08-26 17:43:35,https://casagarciafortaleza.com.br/index.php
Casa Garcia Gourmet,Confeitaria,"PREPARADO DE MARACUJA 1,02KG",RICAELI,4742,CX 06,57,2026-08-26 17:43:35,https://casagarciafortaleza.com.br/index.php
Casa Garcia Gourmet,Confeitaria,"PREPARADO DE MARACUJA 4,7KG",RICAELI,4731,CX 04,57,2026-08-26 17:43:35,https://casagarciafortaleza.com.br/index.php
Casa Garcia Gourmet,Confeitaria,"PREPARADO DE MORANGO 1,02KG",RICAELI,4741,CX 06,57,2026-08-26 17:43:35,https://casagarciafortaleza.com.br/index.php
Casa Garcia Gourmet,Confeitaria,"PREPARADO DE MORANGO 4,1KG",RICAELI,4736,CX 04,57,2026-08-26 17:43:35,https://casagarciafortaleza.com.br/index.php
Casa Garcia Gourmet,Confeitaria,PROPIONATO DE SODIO 1KG,METALLOYS,2311,SC 25,57,2026-08-26 17:43:35,https://casagarciafortaleza.com.br/index.php
Casa Garcia Gourmet,Confeitaria,PROPIONATO DE SODIO 20KG,DIVERSOS,79179,SC 01,58,2026-08-26 17:43:37,https://casagarciafortaleza.com.br/index.php
Casa Garcia Gourmet,Confeitaria,PULVERIZADOR MULTIUSO GUARANY,GUARANY,9880,CX 01,58,2026-08-26 17:43:37,https://casagarciafortaleza.com.br/index.php
Casa Garcia Gourmet,Confeitaria,"RECHEIO ART CREME AMENDOIM C/PED 1,01KG",VABENE,4016,CX 08,58,2026-08-26 17:43:37,https://casagarciafortaleza.com.br/index.php
Casa Garcia Gourmet,Confeitaria,"RECHEIO ART CREME BOMBOM 1,01KG",VABENE,81149,CX 08,58,2026-08-26 17:43:37,https://casagarciafortaleza.com.br/index.php
Casa Garcia Gourmet,Confeitaria,"RECHEIO ART CREME CHOCOMALTE 1,01KG",VABENE,4098,CX 08,58,2026-08-26 17:43:37,https://casagarciafortaleza.com.br/index.php
Casa Garcia Gourmet,Confeitaria,"RECHEIO ART CREME CHOCOWAFER 1,01KG",VABENE,4097,CX 08,58,2026-08-26 17:43:37,https://casagarciafortaleza.com.br/index.php
Casa Garcia Gourmet,Confeitaria,"RECHEIO ART CREME CONFEITEIRO 1,01KG",VABENE,3788,CX 08,58,2026-08-26 17:43:37,https://casagarciafortaleza.com.br/index.php
Casa Garcia Gourmet,Confeitaria,"RECHEIO ART CREME LEITINHO VABENE 1,01KG",VABENE,4017,CX 08,58,2026-08-26 17:43:37,https://casagarciafortaleza.com.br/index.php
Casa Garcia Gourmet,Confeitaria,"RECHEIO ART CREME LEITINHO VABENE 1,05KG",VABENE,9659,CX 08,58,2026-08-26 17:43:37,https://casagarciafortaleza.com.br/index.php
Casa Garcia Gourmet,Confeitaria,"RECHEIO ART CREME MORANGO 1,01KG",VABENE,81148,CX 08,58,2026-08-26 17:43:37,https://casagarciafortaleza.com.br/index.php
Casa Garcia Gourmet,Confeitaria,RECHEIO ARTIFICIAL AMARENA MIX 3KG,MIX,80151,CX 04,58,2026-08-26 17:43:37,https://casagarciafortaleza.com.br/index.php
Casa Garcia Gourmet,Confeitaria,RECHEIO BAUNILHA 4KG,FLEISCHMANN,233,FD 04,58,2026-08-26 17:43:37,https://casagarciafortaleza.com.br/index.php
Casa Garcia Gourmet,Confeitaria,RECHEIO BRIGADEIRO 4KG,FLEISCHMANN,235,FD 04,59,2026-08-26 17:43:38,https://casagarciafortaleza.com.br/index.php
Casa Garcia Gourmet,Confeitaria,RECHEIO CHOC AO LEITE 4KG,FLEISCHMANN,249,FD 04,59,2026-08-26 17:43:38,https://casagarciafortaleza.com.br/index.php
Casa Garcia Gourmet,Confeitaria,RECHEIO CHOC CROCANTE MIX 3KG,MIX,80161,CX 04,59,2026-08-26 17:43:38,https://casagarciafortaleza.com.br/index.php
Casa Garcia Gourmet,Confeitaria,"RECHEIO CHOC LEITE C/AVELA VABENE 1,01KG",VABENE,4026,CX 06,59,2026-08-26 17:43:38,https://casagarciafortaleza.com.br/index.php
Casa Garcia Gourmet,Confeitaria,RECHEIO CHOC TRUFADO 4KG,FLEISCHMANN,236,FD 04,59,2026-08-26 17:43:38,https://casagarciafortaleza.com.br/index.php
Casa Garcia Gourmet,Confeitaria,"RECHEIO CHOCOLATE 1,01KG BISNAGA AUREA",AUREA,8545,UN 01,59,2026-08-26 17:43:38,https://casagarciafortaleza.com.br/index.php
Casa Garcia Gourmet,Confeitaria,RECHEIO COCO 4KG,FLEISCHMANN,237,FD 04,59,2026-08-26 17:43:38,https://casagarciafortaleza.com.br/index.php
Casa Garcia Gourmet,Confeitaria,"RECHEIO CONF FORN BRANCO 1,01KG",MELKEN,5097,CX 08,59,2026-08-26 17:43:38,https://casagarciafortaleza.com.br/index.php
Casa Garcia Gourmet,Confeitaria,"RECHEIO CONF FORN CHOC AO LEITE 1,01KG",MELKEN,5562,CX 08,59,2026-08-26 17:43:38,https://casagarciafortaleza.com.br/index.php
Casa Garcia Gourmet,Confeitaria,RECHEIO CR AMENDOIM C/ PEDACOS MIX 3KG,MIX,80167,CX 04,59,2026-08-26 17:43:38,https://casagarciafortaleza.com.br/index.php
Casa Garcia Gourmet,Confeitaria,"RECHEIO CR AVELA CACAU MIX 1,01KG",MIX,80168,CX 12,59,2026-08-26 17:43:38,https://casagarciafortaleza.com.br/index.php
Casa Garcia Gourmet,Confeitaria,"RECHEIO CREM GOIABA 1,01KG BISNAGA AUREA",AUREA,8544,UN 01,59,2026-08-26 17:43:38,https://casagarciafortaleza.com.br/index.php
Casa Garcia Gourmet,Confeitaria,"RECHEIO CREM GOIABA 2,5KG BISNAGA AUREA",AUREA,4975,CX 06,60,2026-08-26 17:43:39,https://casagarciafortaleza.com.br/index.php
Casa Garcia Gourmet,Confeitaria,RECHEIO CREME DE AVELA CACAU MIX 3KG,MIX,80169,CX 04,60,2026-08-26 17:43:39,https://casagarciafortaleza.com.br/index.php
Casa Garcia Gourmet,Confeitaria,RECHEIO CREME DE COCCO BIANCO MIX 3KG,MIX,80170,CX 04,60,2026-08-26 17:43:39,https://casagarciafortaleza.com.br/index.php
Casa Garcia Gourmet,Confeitaria,RECHEIO CREME DE MIX LEITINHO 3KG,MIX,80176,CX 04,60,2026-08-26 17:43:39,https://casagarciafortaleza.com.br/index.php
Casa Garcia Gourmet,Confeitaria,RECHEIO CREMOSO AMEIXA 4KG AUREA,AUREA,4988,CX 02,60,2026-08-26 17:43:39,https://casagarciafortaleza.com.br/index.php
Casa Garcia Gourmet,Confeitaria,RECHEIO CREMOSO AMEIXA 4KG BOCARDO,BOCARDO,4857,CX 02,60,2026-08-26 17:43:39,https://casagarciafortaleza.com.br/index.php
Casa Garcia Gourmet,Confeitaria,RECHEIO CREMOSO GOIABA 4KG AUREA,AUREA,4976,CX 02,60,2026-08-26 17:43:39,https://casagarciafortaleza.com.br/index.php
Casa Garcia Gourmet,Confeitaria,RECHEIO CREMOSO GOIABA 4KG BOCARDO,BOCARDO,4858,CX 02,60,2026-08-26 17:43:39,https://casagarciafortaleza.com.br/index.php
Casa Garcia Gourmet,Confeitaria,"RECHEIO CREMOSO MORANGO 1,01KG AUREA",BOCARDO,4910,CX 06,60,2026-08-26 17:43:39,https://casagarciafortaleza.com.br/index.php
Casa Garcia Gourmet,Confeitaria,RECHEIO CREMOSO MORANGO 4KG AUREA,AUREA,4969,CX 02,60,2026-08-26 17:43:39,https://casagarciafortaleza.com.br/index.php
Casa Garcia Gourmet,Confeitaria,RECHEIO DOCE DE LEITE 4KG,FLEISCHMANN,246,FD 04,60,2026-08-26 17:43:39,https://casagarciafortaleza.com.br/index.php
Casa Garcia Gourmet,Confeitaria,"RECHEIO FORN CHOC AO LEITE 1,01KG",MAVALERIO,2173,CX 08,60,2026-08-26 17:43:39,https://casagarciafortaleza.com.br/index.php
Casa Garcia Gourmet,Confeitaria,"RECHEIO FORN CHOC BRANCO MIX 1,01KG",MIX,80159,CX 12,61,2026-08-26 17:43:40,https://casagarciafortaleza.com.br/index.php
Casa Garcia Gourmet,Confeitaria,"RECHEIO FORN CHOC MEIO AMARGO MIX 1,01KG",MIX,80164,CX 12,61,2026-08-26 17:43:40,https://casagarciafortaleza.com.br/index.php
Casa Garcia Gourmet,Confeitaria,"RECHEIO FORN CHOCOLATE AVELA MIX 1,01KG",MIX,80160,CX 12,61,2026-08-26 17:43:40,https://casagarciafortaleza.com.br/index.php
Casa Garcia Gourmet,Confeitaria,"RECHEIO FORN DOCE DE LEITE VABENE 1,01KG",VABENE,8735,CX 08,61,2026-08-26 17:43:40,https://casagarciafortaleza.com.br/index.php
Casa Garcia Gourmet,Confeitaria,"RECHEIO FORN GOIABA 1,05KG GRAN FINALE",GRAN FINALE,639,CX 06,61,2026-08-26 17:43:40,https://casagarciafortaleza.com.br/index.php
Casa Garcia Gourmet,Confeitaria,"RECHEIO FORN GOIABA MIX 1,01KG",MIX,80174,CX 12,61,2026-08-26 17:43:40,https://casagarciafortaleza.com.br/index.php
Casa Garcia Gourmet,Confeitaria,"RECHEIO FORN GOIABA VABENE 1,01KG",VABENE,4766,CX 08,61,2026-08-26 17:43:40,https://casagarciafortaleza.com.br/index.php
Casa Garcia Gourmet,Confeitaria,"RECHEIO FORN MARACUJA VABENE 1,01KG",VABENE,4767,CX 08,61,2026-08-26 17:43:40,https://casagarciafortaleza.com.br/index.php
Casa Garcia Gourmet,Confeitaria,"RECHEIO FORN MORANGO GRAN FINALE 1,5KG",GRAN FINALE,640,CX 06,61,2026-08-26 17:43:40,https://casagarciafortaleza.com.br/index.php
Casa Garcia Gourmet,Confeitaria,"RECHEIO FORN MORANGO VABENE 1,01KG",VABENE,4769,CX 08,61,2026-08-26 17:43:40,https://casagarciafortaleza.com.br/index.php
Casa Garcia Gourmet,Confeitaria,"RECHEIO FORNEAVEL ABACAXI MIX 1,01KG",MIX,80149,CX 12,61,2026-08-26 17:43:40,https://casagarciafortaleza.com.br/index.php
Casa Garcia Gourmet,Confeitaria,"RECHEIO FORNEAVEL CARAMELO MIX 1,01KG",MIX,80155,CX 12,61,2026-08-26 17:43:40,https://casagarciafortaleza.com.br/index.php
Casa Garcia Gourmet,Confeitaria,"RECHEIO FORNEAVEL DE MARACUJA 1,01KG",MIX,80179,CX 12,62,2026-08-26 17:43:41,https://casagarciafortaleza.com.br/index.php
Casa Garcia Gourmet,Confeitaria,"RECHEIO FORNEAVEL LEITINHO MIX 1,01KG",MIX,80177,CX 12,62,2026-08-26 17:43:41,https://casagarciafortaleza.com.br/index.php
Casa Garcia Gourmet,Confeitaria,"RECHEIO FORNEAVEL MORANGO 1,01KG",MIX,80183,CX 12,62,2026-08-26 17:43:41,https://casagarciafortaleza.com.br/index.php
Casa Garcia Gourmet,Confeitaria,"RECHEIO FORNEAVEL PACOCA 1,01KG MIX",MIX,80186,CX 12,62,2026-08-26 17:43:41,https://casagarciafortaleza.com.br/index.php
Casa Garcia Gourmet,Confeitaria,"RECHEIO FORNEAVEL PISTACHE 1,01KG MIX",MIX,80188,CX 12,62,2026-08-26 17:43:41,https://casagarciafortaleza.com.br/index.php
Casa Garcia Gourmet,Confeitaria,RECHEIO FRUTAS AMARELAS MIX 3KG,MIX,80173,CX 04,62,2026-08-26 17:43:41,https://casagarciafortaleza.com.br/index.php
Casa Garcia Gourmet,Confeitaria,RECHEIO GOIABADA 4KG,FLEISCHMANN,247,FD 04,62,2026-08-26 17:43:41,https://casagarciafortaleza.com.br/index.php
Casa Garcia Gourmet,Confeitaria,"RECHEIO LEITE COND 1,01KG BISNAGA AUREA",AUREA,8546,UN 01,62,2026-08-26 17:43:41,https://casagarciafortaleza.com.br/index.php
Casa Garcia Gourmet,Confeitaria,RECHEIO LEITE CONDENS 4KG,FLEISCHMANN,240,FD 04,62,2026-08-26 17:43:41,https://casagarciafortaleza.com.br/index.php
Casa Garcia Gourmet,Confeitaria,"RECHEIO LEITE CONDENSADO 1,01KG BOCARDO",BOCARDO,8701,CX 06,62,2026-08-26 17:43:41,https://casagarciafortaleza.com.br/index.php
Casa Garcia Gourmet,Confeitaria,RECHEIO LIMAO CREMOSO 4KG,FLEISCHMANN,241,FD 04,62,2026-08-26 17:43:41,https://casagarciafortaleza.com.br/index.php
Casa Garcia Gourmet,Confeitaria,RECHEIO MARACUJA CREMOSO 4KG,FLEISCHMANN,245,FD 04,62,2026-08-26 17:43:41,https://casagarciafortaleza.com.br/index.php
Casa Garcia Gourmet,Confeitaria,RECHEIO MORANGO 4KG,FLEISCHMANN,242,FD 04,63,2026-08-26 17:43:42,https://casagarciafortaleza.com.br/index.php
Casa Garcia Gourmet,Confeitaria,"RECHEIO MORANGO CREM GRAN FINALE 1,8KG",GRAN FINALE,632,CX 06,63,2026-08-26 17:43:42,https://casagarciafortaleza.com.br/index.php
Casa Garcia Gourmet,Confeitaria,RECHEIO MORANGO CREME DE MIX 3KG,MIX,80182,CX 04,63,2026-08-26 17:43:42,https://casagarciafortaleza.com.br/index.php
Casa Garcia Gourmet,Confeitaria,RECHEIO MORANGO CREMOSO 4KG,FLEISCHMANN,248,FD 04,63,2026-08-26 17:43:42,https://casagarciafortaleza.com.br/index.php
Casa Garcia Gourmet,Confeitaria,"RECHEIO MORANGO FORNEAVEL 1,01KG AUREA",BOCARDO,3782,CX 06,63,2026-08-26 17:43:42,https://casagarciafortaleza.com.br/index.php
Casa Garcia Gourmet,Confeitaria,"RECHEIO SABOR PISTACHE 1,01KG MIX",MIX,80189,CX 12,63,2026-08-26 17:43:42,https://casagarciafortaleza.com.br/index.php
Casa Garcia Gourmet,Confeitaria,RECHEIO SABOR PISTACHE 3KG MIX,MIX,80190,CX 04,63,2026-08-26 17:43:42,https://casagarciafortaleza.com.br/index.php
Casa Garcia Gourmet,Confeitaria,RECHEIO/COB COM CHOCOLATE 2KG AUREA,AUREA,3780,CX 04,63,2026-08-26 17:43:42,https://casagarciafortaleza.com.br/index.php
Casa Garcia Gourmet,Confeitaria,RECHEIO/COB COM CHOCOLATE 4KG AUREA,AUREA,3781,CX 02,63,2026-08-26 17:43:42,https://casagarciafortaleza.com.br/index.php
Casa Garcia Gourmet,Confeitaria,RECHEIO/COB LEITE CONDENSADO 2KG AUREA,AUREA,3779,CX 04,63,2026-08-26 17:43:42,https://casagarciafortaleza.com.br/index.php
Casa Garcia Gourmet,Confeitaria,RECHEIO/COB LEITE CONDENSADO 4KG AUREA,AUREA,3778,CX 02,63,2026-08-26 17:43:42,https://casagarciafortaleza.com.br/index.php
Casa Garcia Gourmet,Confeitaria,REFRESCO ABACAXI 15X25G BOCARDO DISPLAY,BOCARDO,4940,CX 08,63,2026-08-26 17:43:42,https://casagarciafortaleza.com.br/index.php
Casa Garcia Gourmet,Confeitaria,REFRESCO ABACAXI FRUTADO 200G,BOCARDO,8697,CX 12,64,2026-08-26 17:43:43,https://casagarciafortaleza.com.br/index.php
Casa Garcia Gourmet,Confeitaria,REFRESCO CAJU 15X25G FRUTADO DISPLAY,BOCARDO/FRUTADO,2034,CX 08,64,2026-08-26 17:43:43,https://casagarciafortaleza.com.br/index.php
Casa Garcia Gourmet,Confeitaria,REFRESCO GOIABA 15X20G FRUTADO DISPLAY,BOCARDO/FRUTADO,4944,CX 08,64,2026-08-26 17:43:43,https://casagarciafortaleza.com.br/index.php
Casa Garcia Gourmet,Confeitaria,REFRESCO LARANJA 15X20G BOCARDO DISPLAY,BOCARDO,4942,CX 08,64,2026-08-26 17:43:43,https://casagarciafortaleza.com.br/index.php
Casa Garcia Gourmet,Confeitaria,REFRESCO LIMAO 15X20G BOCARDO DISPLAY,BOCARDO,2042,CX 08,64,2026-08-26 17:43:43,https://casagarciafortaleza.com.br/index.php
Casa Garcia Gourmet,Confeitaria,REFRESCO MANGA 15X20G FRUTADO DISPLAY,BOCARDO/FRUTADO,2043,CX 08,64,2026-08-26 17:43:43,https://casagarciafortaleza.com.br/index.php
Casa Garcia Gourmet,Confeitaria,REFRESCO MARACUJA 15X20G BOCARDO DISPLAY,BOCARDO,4943,CX 08,64,2026-08-26 17:43:43,https://casagarciafortaleza.com.br/index.php
Casa Garcia Gourmet,Confeitaria,REFRESCO MORANGO 15X20G FRUTADO DISPLAY,BOCARDO/FRUTADO,2044,CX 08,64,2026-08-26 17:43:43,https://casagarciafortaleza.com.br/index.php
Casa Garcia Gourmet,Confeitaria,REFRESCO TANGERINA 15X20G BOC DISPLAY,BOCARDO,2036,CX 08,64,2026-08-26 17:43:43,https://casagarciafortaleza.com.br/index.php
Casa Garcia Gourmet,Confeitaria,REFRESCO UVA 15X20G BOCARDO DISPLAY,BOCARDO,2045,CX 08,64,2026-08-26 17:43:43,https://casagarciafortaleza.com.br/index.php
Casa Garcia Gourmet,Confeitaria,SOBREMESA LACTEA LEITE CONDENSAD BAG 5KG,BOCARDO,2242,CX 02,64,2026-08-26 17:43:43,https://casagarciafortaleza.com.br/index.php
Casa Garcia Gourmet,Confeitaria,SOLUCAO ALCOOLICA NEUTRA 270ML FAB,FAB,6389,CX 12,64,2026-08-26 17:43:43,https://casagarciafortaleza.com.br/index.php
Casa Garcia Gourmet,Confeitaria,SORBATO DE POTASSIO GRANULADO 1KG,WIGOCHEM,2316,SC 25,65,2026-08-26 17:43:45,https://casagarciafortaleza.com.br/index.php
Casa Garcia Gourmet,Confeitaria,SORBATO DE POTASSIO GRANULADO 25KG,DIVERSOS,79181,SC 01,65,2026-08-26 17:43:45,https://casagarciafortaleza.com.br/index.php
Casa Garcia Gourmet,Confeitaria,VERMICELLI AO LEITE 400G MELKEN,MELKEN,5474,CX 12,65,2026-08-26 17:43:45,https://casagarciafortaleza.com.br/index.php
Casa Garcia Gourmet,Confeitaria,VERMICELLI CONF CHOC BRANCO 400G MELKEN,MELKEN,5098,CX 12,65,2026-08-26 17:43:45,https://casagarciafortaleza.com.br/index.php
Casa Garcia Gourmet,Panificação,AMILOGILL CARGILL 25KG,CARGILL,2325,SC 01,1,2026-08-26 17:43:46,https://casagarciafortaleza.com.br/index.php
Casa Garcia Gourmet,Panificação,ANTIMOFO FL 1KG,FLEISCHMANN,155,FD 12,1,2026-08-26 17:43:46,https://casagarciafortaleza.com.br/index.php
Casa Garcia Gourmet,Panificação,ANTIMOFO LIQ CONCENTRADO 5L,LA RECETTE,2303,CX 04,1,2026-08-26 17:43:46,https://casagarciafortaleza.com.br/index.php
Casa Garcia Gourmet,Panificação,ANTIMOFO LIQ PRONTO P/ USAR 5L,LA RECETTE,2304,CX 04,1,2026-08-26 17:43:46,https://casagarciafortaleza.com.br/index.php
Casa Garcia Gourmet,Panificação,ARKADY 5KG,FLEISCHMANN,138,FD 03,1,2026-08-26 17:43:46,https://casagarciafortaleza.com.br/index.php
Casa Garcia Gourmet,Panificação,BICARBONATO DE AMONIA 1KG,DAXIA,2318,PC 25,1,2026-08-26 17:43:46,https://casagarciafortaleza.com.br/index.php
Casa Garcia Gourmet,Panificação,BICARBONATO DE AMONIA 25KG,DAXIA,2317,SC 01,1,2026-08-26 17:43:46,https://casagarciafortaleza.com.br/index.php
Casa Garcia Gourmet,Panificação,COMPOSTO LACTEO ACAI 1KG LEITINO,LEITINO,80710,CX 10,1,2026-08-26 17:43:46,https://casagarciafortaleza.com.br/index.php
Casa Garcia Gourmet,Panificação,"COMPOSTO LACTEO CULIN DAMARE FOOD 1,01KG",DAMARE,948,FD 10,1,2026-08-26 17:43:46,https://casagarciafortaleza.com.br/index.php
Casa Garcia Gourmet,Panificação,COMPOSTO LACTEO D+ DAMARE 800G,DAMARE,949,CX 12,1,2026-08-26 17:43:46,https://casagarciafortaleza.com.br/index.php
Casa Garcia Gourmet,Panificação,"COMPOSTO LACTEO PANIF DAMARE FOOD 1,01KG",DAMARE,950,FD 10,1,2026-08-26 17:43:46,https://casagarciafortaleza.com.br/index.php
Casa Garcia Gourmet,Panificação,DESMOLDANTE 5L FLEISCHMANN,FLEISCHMANN,156,CX 04,1,2026-08-26 17:43:46,https://casagarciafortaleza.com.br/index.php
Casa Garcia Gourmet,Panificação,DOURATTO GALAO DOURADOR DE PAES 5L,DOURATTO,78443,CX 02,2,2026-08-26 17:43:47,https://casagarciafortaleza.com.br/index.php
Casa Garcia Gourmet,Panificação,DOURATTO SPRAY DOURADOR DE PAES 500ML,DOURATTO,78442,CX 12,2,2026-08-26 17:43:47,https://casagarciafortaleza.com.br/index.php
Casa Garcia Gourmet,Panificação,EMULSIFICANTE OLEOSO 5KG BIGMIX,LA RECETTE,2300,CX 04,2,2026-08-26 17:43:47,https://casagarciafortaleza.com.br/index.php
Casa Garcia Gourmet,Panificação,EMULSIFICANTE OLEOSO DAPANE 5KG,LA RECETTE,2298,CX 04,2,2026-08-26 17:43:47,https://casagarciafortaleza.com.br/index.php
Casa Garcia Gourmet,Panificação,EMULSIFICANTE OLEOSO NEUTRO 5KG BIGMIX,BIG MIX,2460,CX 04,2,2026-08-26 17:43:47,https://casagarciafortaleza.com.br/index.php
Casa Garcia Gourmet,Panificação,FERMENTO FRESCO M CONG 500G,FLEISCHMANN,102,CX 50,2,2026-08-26 17:43:47,https://casagarciafortaleza.com.br/index.php
Casa Garcia Gourmet,Panificação,FERMENTO FRESCO MD FL 500G,FLEISCHMANN,101,CX 50,2,2026-08-26 17:43:47,https://casagarciafortaleza.com.br/index.php
Casa Garcia Gourmet,Panificação,FERMENTO FRESCO MS FL 500G,FLEISCHMANN,100,CX 50,2,2026-08-26 17:43:47,https://casagarciafortaleza.com.br/index.php
Casa Garcia Gourmet,Panificação,FERMENTO INST MD FL 500G,FLEISCHMANN,119,CX 20,2,2026-08-26 17:43:47,https://casagarciafortaleza.com.br/index.php
Casa Garcia Gourmet,Panificação,FERMENTO INST MS FL 500G,FLEISCHMANN,118,CX 20,2,2026-08-26 17:43:47,https://casagarciafortaleza.com.br/index.php
Casa Garcia Gourmet,Panificação,GLUTEN 25KG,METALLOYS,10028,SC 01,2,2026-08-26 17:43:47,https://casagarciafortaleza.com.br/index.php
Casa Garcia Gourmet,Panificação,MAIS MACIO SACHET 20X20G,FLEISCHMANN,149,DS 16,2,2026-08-26 17:43:47,https://casagarciafortaleza.com.br/index.php
Casa Garcia Gourmet,Panificação,MEHLROADOR PO CI-250 1KG,FLEISCHMANN,108,CX 10,3,2026-08-26 17:43:48,https://casagarciafortaleza.com.br/index.php
Casa Garcia Gourmet,Panificação,MELHORADOR EM PASTA 150G PLENO,PLENO,79159,CX 40,3,2026-08-26 17:43:48,https://casagarciafortaleza.com.br/index.php
Casa Garcia Gourmet,Panificação,MELHORADOR MACIEZ SN 100 20KG ABM,FLEISCHMANN,81346,CX 01,3,2026-08-26 17:43:48,https://casagarciafortaleza.com.br/index.php
Casa Garcia Gourmet,Panificação,MELHORADOR P/MACIEZ SN-100 20KG FLM,FLEISCHMANN,652,CX 01,3,2026-08-26 17:43:48,https://casagarciafortaleza.com.br/index.php
Casa Garcia Gourmet,Panificação,MELHORADOR PAES P/ MACIEZ 1OKG,FLEISCHMANN,218,CX 01,3,2026-08-26 17:43:48,https://casagarciafortaleza.com.br/index.php
Casa Garcia Gourmet,Panificação,MELHORADOR PO CI-250 10KG,FLEISCHMANN,8165,FD 01,3,2026-08-26 17:43:48,https://casagarciafortaleza.com.br/index.php
Casa Garcia Gourmet,Panificação,MELHORADOR PO PLATINUM 500G FLM,FLEISCHMANN,81038,CX 30,3,2026-08-26 17:43:48,https://casagarciafortaleza.com.br/index.php
Casa Garcia Gourmet,Panificação,MELHORADOR PO PLATINUM EXTEND 500G FLM,FLEISCHMANN,80931,CX 30,3,2026-08-26 17:43:48,https://casagarciafortaleza.com.br/index.php
Casa Garcia Gourmet,Panificação,MELHORADOR PO PLATINUM FL 5KG,FLEISCHMANN,81039,CX 03,3,2026-08-26 17:43:48,https://casagarciafortaleza.com.br/index.php
Casa Garcia Gourmet,Panificação,MELHORADOR PO PLATINUM MAX-3 500G FLM,FLEISCHMANN,80930,CX 30,3,2026-08-26 17:43:48,https://casagarciafortaleza.com.br/index.php
Casa Garcia Gourmet,Panificação,METABISSULFITO DE SODIO 1KG,METALLOYS,2315,SC 25,3,2026-08-26 17:43:48,https://casagarciafortaleza.com.br/index.php
Casa Garcia Gourmet,Panificação,METABISSULFITO DE SODIO 25KG,DIVERSOS,79182,SC 01,3,2026-08-26 17:43:48,https://casagarciafortaleza.com.br/index.php
Casa Garcia Gourmet,Panificação,MIST BRIOCHE 5KG,FLEISCHMANN,274,FD 03,4,2026-08-26 17:43:49,https://casagarciafortaleza.com.br/index.php
Casa Garcia Gourmet,Panificação,MIST BRIOCHE CONC 25%  20KG ABM,FLEISCHMANN,81344,CX 01,4,2026-08-26 17:43:49,https://casagarciafortaleza.com.br/index.php
Casa Garcia Gourmet,Panificação,MIST CHIPA FELICCI 2KG,FELICCI,81032,CX 10,4,2026-08-26 17:43:49,https://casagarciafortaleza.com.br/index.php
Casa Garcia Gourmet,Panificação,MIST CHIPA FLEISCHMANN 1KG,FLEISCHMANN,3776,FD 12,4,2026-08-26 17:43:49,https://casagarciafortaleza.com.br/index.php
Casa Garcia Gourmet,Panificação,MIST CROISSANT 5KG,FLEISCHMANN,271,FD 03,4,2026-08-26 17:43:49,https://casagarciafortaleza.com.br/index.php
Casa Garcia Gourmet,Panificação,MIST CROISSANT CONC 25%  20KG ABM,FLEISCHMANN,81345,CX 01,4,2026-08-26 17:43:49,https://casagarciafortaleza.com.br/index.php
Casa Garcia Gourmet,Panificação,MIST FOLHADOS 5KG,FLEISCHMANN,272,FD 03,4,2026-08-26 17:43:49,https://casagarciafortaleza.com.br/index.php
Casa Garcia Gourmet,Panificação,MIST MULTIMIX 1KG,FLEISCHMANN,163,PC 12,4,2026-08-26 17:43:49,https://casagarciafortaleza.com.br/index.php
Casa Garcia Gourmet,Panificação,MIST PAO ARTESANAL CIABATTA 5KG,FLEISCHMANN,284,FD 03,4,2026-08-26 17:43:49,https://casagarciafortaleza.com.br/index.php
Casa Garcia Gourmet,Panificação,MIST PAO ARTESANAL ITALIANO 5KG,FLEISCHMANN,283,CX 03,4,2026-08-26 17:43:49,https://casagarciafortaleza.com.br/index.php
Casa Garcia Gourmet,Panificação,MIST PAO AUSTRALIANO 5KG,FLEISCHMANN,282,FD 03,4,2026-08-26 17:43:49,https://casagarciafortaleza.com.br/index.php
Casa Garcia Gourmet,Panificação,MIST PAO AUSTRALIANO CONC 25% 10KG FLM,FLEISCHMANN,80372,CX 01,4,2026-08-26 17:43:49,https://casagarciafortaleza.com.br/index.php
Casa Garcia Gourmet,Panificação,MIST PAO BRIOCHE CHOCOLATE FELICCI 2KG,FELICCI,81030,CX 10,5,2026-08-26 17:43:50,https://casagarciafortaleza.com.br/index.php
Casa Garcia Gourmet,Panificação,"MIST PAO BRIOCHE FELICCI 5,01KG",FELICCI,81243,CX 04,5,2026-08-26 17:43:50,https://casagarciafortaleza.com.br/index.php
Casa Garcia Gourmet,Panificação,MIST PAO DE BATATA 1KG,FLEISCHMANN,164,FD 12,5,2026-08-26 17:43:50,https://casagarciafortaleza.com.br/index.php
Casa Garcia Gourmet,Panificação,"MIST PAO DE BATATA FELICCI 5,01KG",FELICCI,81244,CX 04,5,2026-08-26 17:43:50,https://casagarciafortaleza.com.br/index.php
Casa Garcia Gourmet,Panificação,MIST PAO DE QUEIJO 1KG,FLEISCHMANN,165,PC 12,5,2026-08-26 17:43:50,https://casagarciafortaleza.com.br/index.php
Casa Garcia Gourmet,Panificação,MIST PAO DE QUEIJO 5KG,FLEISCHMANN,166,PC 03,5,2026-08-26 17:43:50,https://casagarciafortaleza.com.br/index.php
Casa Garcia Gourmet,Panificação,MIST PAO DE QUEIJO FELICCI 2KG,FELICCI,81242,CX 10,5,2026-08-26 17:43:50,https://casagarciafortaleza.com.br/index.php
Casa Garcia Gourmet,Panificação,MIST PAO LEVE INTEGRAL 10KG,FLEISCHMANN,171,FD 01,5,2026-08-26 17:43:50,https://casagarciafortaleza.com.br/index.php
Casa Garcia Gourmet,Panificação,MIST PAO LEVE INTEGRAL 5KG,FLEISCHMANN,169,FD 03,5,2026-08-26 17:43:50,https://casagarciafortaleza.com.br/index.php
Casa Garcia Gourmet,Panificação,MISTURA BRIOCHE CONC 25% 10KG FLM,FLEISCHMANN,80147,CX 01,5,2026-08-26 17:43:50,https://casagarciafortaleza.com.br/index.php
Casa Garcia Gourmet,Panificação,MISTURA CROISSANT CONC 25% 10KG FLM,FLEISCHMANN,81236,CX 01,5,2026-08-26 17:43:50,https://casagarciafortaleza.com.br/index.php
Casa Garcia Gourmet,Panificação,MISTURA DONUTS CONC 25% 10KG FLM,FLEISCHMANN,81219,CX 01,5,2026-08-26 17:43:50,https://casagarciafortaleza.com.br/index.php
Casa Garcia Gourmet,Panificação,MISTURA PAO DE QUEIJO EMBRAMIX 1KG,EMBRAMIX,78472,CX 10,6,2026-08-26 17:43:51,https://casagarciafortaleza.com.br/index.php
Casa Garcia Gourmet,Panificação,POLVILHO AZEDO INDEMIL 25KG,INDEMIL,80145,SC 01,6,2026-08-26 17:43:51,https://casagarciafortaleza.com.br/index.php
Casa Garcia Gourmet,Panificação,PREPARADO PANIF GR 300 20KG ABM,FLEISCHMANN,81347,CX 01,6,2026-08-26 17:43:51,https://casagarciafortaleza.com.br/index.php
Casa Garcia Gourmet,Panificação,PROPIONATO DE CALCIO 1KG,PROFINA,2309,FD 01,6,2026-08-26 17:43:51,https://casagarciafortaleza.com.br/index.php
Casa Garcia Gourmet,Panificação,PROPIONATO DE CALCIO 20KG,PROFINA,2310,SC 01,6,2026-08-26 17:43:51,https://casagarciafortaleza.com.br/index.php
Casa Garcia Gourmet,Panificação,PROPIONATO DE SODIO 25KG,DIVERSOS,81351,SC 01,6,2026-08-26 17:43:51,https://casagarciafortaleza.com.br/index.php
Casa Garcia Gourmet,Panificação,UNTA FORMA 5L,LA RECETTE,2271,CX 02,6,2026-08-26 17:43:51,https://casagarciafortaleza.com.br/index.php
Casa Garcia Gourmet,Panificação,UNTA FORMA EMBRAMIX 5L,EMBRAMIX,78473,CX 02,6,2026-08-26 17:43:51,https://casagarciafortaleza.com.br/index.php
Casa Garcia Gourmet,Food Service,ALHO ROXO POLPA NAT 1KG,ALIMEMPRO,79722,CX 12,1,2026-08-26 17:43:53,https://casagarciafortaleza.com.br/index.php
Casa Garcia Gourmet,Food Service,ALHO ROXO POLPA NAT 3KG,ALIMEMPRO,79724,CX 04,1,2026-08-26 17:43:53,https://casagarciafortaleza.com.br/index.php
Casa Garcia Gourmet,Food Service,ALHO ROXO VACUO NAT 1KG,ALIMEMPRO,79720,CX 10,1,2026-08-26 17:43:53,https://casagarciafortaleza.com.br/index.php
Casa Garcia Gourmet,Food Service,"AMACIANTE CARNE TECNUTRI 1,01KG",TECNUTRI,6620,CX 10,1,2026-08-26 17:43:53,https://casagarciafortaleza.com.br/index.php
Casa Garcia Gourmet,Food Service,AMEIXA SECA SEM CAROCO 10KG,DIVERSOS,79180,SC 01,1,2026-08-26 17:43:53,https://casagarciafortaleza.com.br/index.php
Casa Garcia Gourmet,Food Service,AMEIXA SECA SEM CAROCO 1KG,JANDIRA,2323,CX 10,1,2026-08-26 17:43:53,https://casagarciafortaleza.com.br/index.php
Casa Garcia Gourmet,Food Service,AMENDOIM GRANULADO TORRADO 1KG,CEARALIMENTOS,2619,CX 22,1,2026-08-26 17:43:53,https://casagarciafortaleza.com.br/index.php
Casa Garcia Gourmet,Food Service,AMENDOIM TORRADO BANDAS 1KG,CEARALIMENTOS,2617,CX 22,1,2026-08-26 17:43:53,https://casagarciafortaleza.com.br/index.php
Casa Garcia Gourmet,Food Service,AZEITE DE OLIVA EXT VIRGEM TERRANO 500ML,AJINOMOTO,1901,CX 12,1,2026-08-26 17:43:53,https://casagarciafortaleza.com.br/index.php
Casa Garcia Gourmet,Food Service,"AZEITE DE OLIVA TERRANO 5,01L",AJINOMOTO,1904,CX 03,1,2026-08-26 17:43:53,https://casagarciafortaleza.com.br/index.php
Casa Garcia Gourmet,Food Service,"AZEITE DE OLIVA UNICO TERRANO 5,1L",AJINOMOTO,1898,CX 03,1,2026-08-26 17:43:53,https://casagarciafortaleza.com.br/index.php
Casa Garcia Gourmet,Food Service,AZEITE SACHE 4MLX200UN BOM SABOR,BOM SABOR,80077,CX 01,1,2026-08-26 17:43:53,https://casagarciafortaleza.com.br/index.php
Casa Garcia Gourmet,Food Service,AZEITONA VERDE FATIADA 2KG CAMPO BELO,CAMPO BELO,6496,CX 06,2,2026-08-26 17:43:54,https://casagarciafortaleza.com.br/index.php
Casa Garcia Gourmet,Food Service,AZEITONA VERDE INTEIRA MD 2KG CAMPO BELO,CAMPO BELO,6497,CX 06,2,2026-08-26 17:43:54,https://casagarciafortaleza.com.br/index.php
Casa Garcia Gourmet,Food Service,AZEITONA VERDE INTEIRA MIUDA 2KG CAMPO B,CAMPO BELO,6508,CX 06,2,2026-08-26 17:43:54,https://casagarciafortaleza.com.br/index.php
Casa Garcia Gourmet,Food Service,BATATA PALHA FEULEN 400G,ALIMEMPRO,79718,CX 10,2,2026-08-26 17:43:54,https://casagarciafortaleza.com.br/index.php
Casa Garcia Gourmet,Food Service,"CALDO CARNE 1,1KG AJINOMOTO",AJINOMOTO,1917,CX 06,2,2026-08-26 17:43:54,https://casagarciafortaleza.com.br/index.php
Casa Garcia Gourmet,Food Service,"CALDO CARNE TECNUTRI 1,01KG",TECNUTRI,6622,CX 10,2,2026-08-26 17:43:54,https://casagarciafortaleza.com.br/index.php
Casa Garcia Gourmet,Food Service,"CALDO GALINHA TECNUTRI 1,01KG",TECNUTRI,6621,CX 10,2,2026-08-26 17:43:54,https://casagarciafortaleza.com.br/index.php
Casa Garcia Gourmet,Food Service,"CALDO SAZON BACON 1,01KG",AJINOMOTO,80932,CX 06,2,2026-08-26 17:43:54,https://casagarciafortaleza.com.br/index.php
Casa Garcia Gourmet,Food Service,"CALDO SAZON CARNE 1,1KG",AJINOMOTO,1919,CX 06,2,2026-08-26 17:43:54,https://casagarciafortaleza.com.br/index.php
Casa Garcia Gourmet,Food Service,"CALDO SAZON FRUTOS DO MAR 1,1 KG",AJINOMOTO,1897,CX 06,2,2026-08-26 17:43:54,https://casagarciafortaleza.com.br/index.php
Casa Garcia Gourmet,Food Service,"CALDO SAZON GALINHA 1,1KG",AJINOMOTO,1920,CX 06,2,2026-08-26 17:43:54,https://casagarciafortaleza.com.br/index.php
Casa Garcia Gourmet,Food Service,"CALDO SAZON LEGUMES 1,1KG",AJINOMOTO,1923,CX 06,2,2026-08-26 17:43:54,https://casagarciafortaleza.com.br/index.php
Casa Garcia Gourmet,Food Service,CASTANHA INTEIRA 1KG WB,CEARALIMENTOS,2378,CX 22,3,2026-08-26 17:43:55,https://casagarciafortaleza.com.br/index.php
Casa Garcia Gourmet,Food Service,CASTANHA QUEBRADA 1KG BB,CEARALIMENTOS,2377,CX 22,3,2026-08-26 17:43:55,https://casagarciafortaleza.com.br/index.php
Casa Garcia Gourmet,Food Service,CASTANHA XEREM FINA 1KG XT,CEARALIMENTOS,2376,CX 22,3,2026-08-26 17:43:55,https://casagarciafortaleza.com.br/index.php
Casa Garcia Gourmet,Food Service,CASTANHA XEREM GROSSA 1KG GT,CEARALIMENTOS,2375,CX 22,3,2026-08-26 17:43:55,https://casagarciafortaleza.com.br/index.php
Casa Garcia Gourmet,Food Service,"CEREJA MARRASQUINO C/TALO CURICO 1,65KG",FRUTAS DE CURICO,3379,CX 06,3,2026-08-26 17:43:55,https://casagarciafortaleza.com.br/index.php
Casa Garcia Gourmet,Food Service,"CREAM CHEESE DUDICO BISNAGA 1,2KG",DUDICO,81218,CX 15,3,2026-08-26 17:43:55,https://casagarciafortaleza.com.br/index.php
Casa Garcia Gourmet,Food Service,"CREAM CHEESE SABOR & VIDA 3,6KG",SABOR E VIDA,10490,UN 01,3,2026-08-26 17:43:55,https://casagarciafortaleza.com.br/index.php
Casa Garcia Gourmet,Food Service,"CREAM CHEESE SABOR & VIDA BISNAGA 1,5KG",SABOR E VIDA,10492,FD 12,3,2026-08-26 17:43:55,https://casagarciafortaleza.com.br/index.php
Casa Garcia Gourmet,Food Service,"CREME CULINARIO UHT DAMARE FOOD 1,01KG",DAMARE,951,CX 12,3,2026-08-26 17:43:55,https://casagarciafortaleza.com.br/index.php
Casa Garcia Gourmet,Food Service,CREME DE CEBOLA 1KG AJINOMOTO,AJINOMOTO,1933,CX 06,3,2026-08-26 17:43:55,https://casagarciafortaleza.com.br/index.php
Casa Garcia Gourmet,Food Service,"CREME DE CEBOLA TECNUTRI 1,01KG",TECNUTRI,6624,CX 10,3,2026-08-26 17:43:55,https://casagarciafortaleza.com.br/index.php
Casa Garcia Gourmet,Food Service,"CREME DE LEITE LEVE UHT DAMARE 1,01KG",DAMARE,952,CX 12,3,2026-08-26 17:43:55,https://casagarciafortaleza.com.br/index.php
Casa Garcia Gourmet,Food Service,CREME DE LEITE LEVE UHT DAMARE 200G,DAMARE,955,CX 27,4,2026-08-26 17:43:56,https://casagarciafortaleza.com.br/index.php
Casa Garcia Gourmet,Food Service,"ERVILHA EM CONSERVA SACHE 1,7KG",FUGINI,2962,CX 06,4,2026-08-26 17:43:56,https://casagarciafortaleza.com.br/index.php
Casa Garcia Gourmet,Food Service,"EXTRATO DE TOMATE 1,7KG VAL",VAL ALIMENTOS,3410,CX 06,4,2026-08-26 17:43:56,https://casagarciafortaleza.com.br/index.php
Casa Garcia Gourmet,Food Service,EXTRATO DE TOMATE 2KG AJINOMOTO,AJINOMOTO,2088,CX 08,4,2026-08-26 17:43:56,https://casagarciafortaleza.com.br/index.php
Casa Garcia Gourmet,Food Service,"EXTRATO DE TOMATE CONCENTRADO SACH 1,7KG",FUGINI,2957,CX 06,4,2026-08-26 17:43:56,https://casagarciafortaleza.com.br/index.php
Casa Garcia Gourmet,Food Service,FARINHA DE AMENDOIM 1KG,CEARALIMENTOS,2618,CX 22,4,2026-08-26 17:43:56,https://casagarciafortaleza.com.br/index.php
Casa Garcia Gourmet,Food Service,GERGELIM BRANCO 1KG,KAMAL,1890,CX 01,4,2026-08-26 17:43:56,https://casagarciafortaleza.com.br/index.php
Casa Garcia Gourmet,Food Service,GERGELIM PRETO 1KG,KAMAL,1949,CX 01,4,2026-08-26 17:43:56,https://casagarciafortaleza.com.br/index.php
Casa Garcia Gourmet,Food Service,GOIABADA CASCAO 7KG AUREA,AUREA,8537,CX 01,4,2026-08-26 17:43:56,https://casagarciafortaleza.com.br/index.php
Casa Garcia Gourmet,Food Service,GOIABADA CASCAO 7KG BOCARDO,BOCARDO,2097,UN 01,4,2026-08-26 17:43:56,https://casagarciafortaleza.com.br/index.php
Casa Garcia Gourmet,Food Service,"GORDURA DE PALMA PURIPALMA 14,5KG",PURIPALMA,81314,CX 18,4,2026-08-26 17:43:56,https://casagarciafortaleza.com.br/index.php
Casa Garcia Gourmet,Food Service,KETCHUP SACHE 6GX154 HABITO,BOCARDO,8543,CX 18,4,2026-08-26 17:43:56,https://casagarciafortaleza.com.br/index.php
Casa Garcia Gourmet,Food Service,KETCHUP SACHE 6GX189 BOCARDO,BOCARDO,1954,CX 18,5,2026-08-26 17:43:57,https://casagarciafortaleza.com.br/index.php
Casa Garcia Gourmet,Food Service,KETCHUP SACHE 7GX144UN FUGINI,FUGINI,80012,CX 01,5,2026-08-26 17:43:57,https://casagarciafortaleza.com.br/index.php
Casa Garcia Gourmet,Food Service,KETCHUP TRAD 3KG BOCARDO,BOCARDO,78849,CX 06,5,2026-08-26 17:43:57,https://casagarciafortaleza.com.br/index.php
Casa Garcia Gourmet,Food Service,LEITE DE COCO DIKOKO 500ML,DIKOKO,2761,CX 12,5,2026-08-26 17:43:57,https://casagarciafortaleza.com.br/index.php
Casa Garcia Gourmet,Food Service,LEITE EM PO INTEGRAL DAMARE 800G,DAMARE,953,CX 12,5,2026-08-26 17:43:57,https://casagarciafortaleza.com.br/index.php
Casa Garcia Gourmet,Food Service,MAIONESE BISNAGA VIGOR 1KG,VIGOR,78920,CX 06,5,2026-08-26 17:43:57,https://casagarciafortaleza.com.br/index.php
Casa Garcia Gourmet,Food Service,MAIONESE SACHE 6GX154 HABITO,BOCARDO,8542,CX 18,5,2026-08-26 17:43:57,https://casagarciafortaleza.com.br/index.php
Casa Garcia Gourmet,Food Service,MAIONESE SACHE 6GX189 BOCARDO,BOCARDO,1960,CX 18,5,2026-08-26 17:43:57,https://casagarciafortaleza.com.br/index.php
Casa Garcia Gourmet,Food Service,MAIONESE SACHE 7G X144UN FUGINI,FUGINI,80011,CX 01,5,2026-08-26 17:43:57,https://casagarciafortaleza.com.br/index.php
Casa Garcia Gourmet,Food Service,MAIONESE TRAD 3KG AUREA,AUREA,8548,CX 20,5,2026-08-26 17:43:57,https://casagarciafortaleza.com.br/index.php
Casa Garcia Gourmet,Food Service,MAIONESE TRAD 3KG BOCARDO,BOCARDO,1959,CX 20,5,2026-08-26 17:43:57,https://casagarciafortaleza.com.br/index.php
Casa Garcia Gourmet,Food Service,MANTEIGA C/ SAL 500G PIRACANJUBA,PIRACANJUBA,79559,CX 20,5,2026-08-26 17:43:57,https://casagarciafortaleza.com.br/index.php
Casa Garcia Gourmet,Food Service,MARG 80% ELOGIATA 15KG,ELOGIATA,81367,CX 06,6,2026-08-26 17:43:58,https://casagarciafortaleza.com.br/index.php
Casa Garcia Gourmet,Food Service,"MILHO VERDE EM CONSERVA SACHE 1,7KG",FUGINI,3216,CX 06,6,2026-08-26 17:43:58,https://casagarciafortaleza.com.br/index.php
Casa Garcia Gourmet,Food Service,MOLHO BRANCO BECHAMEL 1KG,AJINOMOTO,2013,CX 06,6,2026-08-26 17:43:58,https://casagarciafortaleza.com.br/index.php
Casa Garcia Gourmet,Food Service,MOLHO DE TOMATE 2KG AJINOMOTO,AJINOMOTO,2009,CX 08,6,2026-08-26 17:43:58,https://casagarciafortaleza.com.br/index.php
Casa Garcia Gourmet,Food Service,"MOLHO DE TOMATE PIZZA 1,7KG VAL",VAL ALIMENTOS,3408,CX 06,6,2026-08-26 17:43:58,https://casagarciafortaleza.com.br/index.php
Casa Garcia Gourmet,Food Service,"MOLHO DE TOMATE PIZZA SACHE 1,7KG",FUGINI,2958,CX 06,6,2026-08-26 17:43:58,https://casagarciafortaleza.com.br/index.php
Casa Garcia Gourmet,Food Service,"MOLHO DE TOMATE TRAD 1,7KG VAL",VAL ALIMENTOS,3409,CX 06,6,2026-08-26 17:43:58,https://casagarciafortaleza.com.br/index.php
Casa Garcia Gourmet,Food Service,"MOLHO DE TOMATE TRADICIONAL SACHE 1,7KG",FUGINI,2959,CX 06,6,2026-08-26 17:43:58,https://casagarciafortaleza.com.br/index.php
Casa Garcia Gourmet,Food Service,MOLHO ESCURO DEMI GLACE 1KG,AJINOMOTO,2012,CX 06,6,2026-08-26 17:43:58,https://casagarciafortaleza.com.br/index.php
Casa Garcia Gourmet,Food Service,MOLHO VERDE SACHE 6GX189 AUREA,AUREA,2058,CX 01,6,2026-08-26 17:43:58,https://casagarciafortaleza.com.br/index.php
Casa Garcia Gourmet,Food Service,"MOSTARDA TRAD 2,9KG AUREA",BOCARDO,78850,CX 06,6,2026-08-26 17:43:58,https://casagarciafortaleza.com.br/index.php
Casa Garcia Gourmet,Food Service,OLEO DE PALMA CRISTALIZADO 3KG ELOGIATA,ELOGIATA,81366,,6,2026-08-26 17:43:58,https://casagarciafortaleza.com.br/index.php
Casa Garcia Gourmet,Food Service,OREGANO 250G,AGRONUTTS,2005,FD 20,7,2026-08-26 17:43:59,https://casagarciafortaleza.com.br/index.php
Casa Garcia Gourmet,Food Service,PURE DE BATATA 1KG AJINOMOTO,AJINOMOTO,2046,CX 06,7,2026-08-26 17:43:59,https://casagarciafortaleza.com.br/index.php
Casa Garcia Gourmet,Food Service,PURE DE BATATA TECNUTRI 800G,TECNUTRI,6625,CX 10,7,2026-08-26 17:43:59,https://casagarciafortaleza.com.br/index.php
Casa Garcia Gourmet,Food Service,QUEIJO PARMESAO RALADO 1KG QUATA,QUATA,9710,CX 10,7,2026-08-26 17:43:59,https://casagarciafortaleza.com.br/index.php
Casa Garcia Gourmet,Food Service,REALCADOR AJINOMOTO UMAMI 2KG,AJINOMOTO,1987,CX 06,7,2026-08-26 17:43:59,https://casagarciafortaleza.com.br/index.php
Casa Garcia Gourmet,Food Service,"REQUEIJAO CHEDDAR JANGADA BISNAGA 1,5KG",JANGADA,10494,FD 12,7,2026-08-26 17:43:59,https://casagarciafortaleza.com.br/index.php
Casa Garcia Gourmet,Food Service,"REQUEIJAO CULIN JANGADA BISNAGA 1,5KG",JANGADA,10493,FD 12,7,2026-08-26 17:43:59,https://casagarciafortaleza.com.br/index.php
Casa Garcia Gourmet,Food Service,"REQUEIJAO SABOR REQUEIJAO Q&S 1,5KG",QUEIJO & SABOR,9841,CX 10,7,2026-08-26 17:43:59,https://casagarciafortaleza.com.br/index.php
Casa Garcia Gourmet,Food Service,"REQUEIJAO TAINA 1,8KG",TAINá,1974,CX 08,7,2026-08-26 17:43:59,https://casagarciafortaleza.com.br/index.php
Casa Garcia Gourmet,Food Service,"REQUEIJAO TRAD SABOR&VIDA BISNAGA 1,8KG",SABOR E VIDA,10491,FD 10,7,2026-08-26 17:43:59,https://casagarciafortaleza.com.br/index.php
Casa Garcia Gourmet,Food Service,SABOR A MI C/ PIMENTA 5KG,AJINOMOTO,1981,,7,2026-08-26 17:43:59,https://casagarciafortaleza.com.br/index.php
Casa Garcia Gourmet,Food Service,SABOR A MI S/ PIMENTA 5KG,AJINOMOTO,1982,,7,2026-08-26 17:43:59,https://casagarciafortaleza.com.br/index.php
Casa Garcia Gourmet,Food Service,TEMP HONDASHI PROF 500G,AJINOMOTO,1988,CX 06,8,2026-08-26 17:44:01,https://casagarciafortaleza.com.br/index.php
Casa Garcia Gourmet,Food Service,TEMP SAZON FS ALECRIM 900G,AJINOMOTO,1986,CX 06,8,2026-08-26 17:44:01,https://casagarciafortaleza.com.br/index.php
Casa Garcia Gourmet,Food Service,TEMP SAZON FS ALHO 900G,AJINOMOTO,1985,CX 06,8,2026-08-26 17:44:01,https://casagarciafortaleza.com.br/index.php
Casa Garcia Gourmet,Food Service,TEMP SAZON PRO VERMELHO 900G (CARNE),AJINOMOTO,1991,CX 06,8,2026-08-26 17:44:01,https://casagarciafortaleza.com.br/index.php
Casa Garcia Gourmet,Food Service,TEMP SAZON PROF LOURO 900G,AJINOMOTO,1020,CX 06,8,2026-08-26 17:44:01,https://casagarciafortaleza.com.br/index.php
Casa Garcia Gourmet,Food Service,TEMP SAZON PROF VERDE 900G (AVES),AJINOMOTO,1989,CX 06,8,2026-08-26 17:44:01,https://casagarciafortaleza.com.br/index.php
Casa Garcia Gourmet,Food Service,TEMP SAZON PROF VERME 900G (CARNE) POTE,AJINOMOTO,2086,CX 06,8,2026-08-26 17:44:01,https://casagarciafortaleza.com.br/index.php
Casa Garcia Gourmet,Food Service,UVA PASSAS PRETA S/SEMENTES 10KG,GLEBA,2284,CX 01,8,2026-08-26 17:44:01,https://casagarciafortaleza.com.br/index.php
Casa Garcia Gourmet,Food Service,UVA PASSAS PRETA S/SEMENTES 1KG,MAGUI,2280,CX 10,8,2026-08-26 17:44:01,https://casagarciafortaleza.com.br/index.php
Casa Garcia Gourmet,Acessórios,ADAPTADOR DOMESTICO P/BICOS PAR PEQUENO,MAGO,858,UN 10,1,2026-08-26 17:44:02,https://casagarciafortaleza.com.br/index.php
Casa Garcia Gourmet,Acessórios,ADAPTADOR IND P/BICOS GRANDE,MAGO,859,UN 05,1,2026-08-26 17:44:02,https://casagarciafortaleza.com.br/index.php
Casa Garcia Gourmet,Acessórios,ARMADOR DE FLORES METAL,MAGO,1321,PC 05,1,2026-08-26 17:44:02,https://casagarciafortaleza.com.br/index.php
Casa Garcia Gourmet,Acessórios,ARO CORT CAMADAS QUAD 25X9 2113,CAPARROZ,5750,CX 01,1,2026-08-26 17:44:02,https://casagarciafortaleza.com.br/index.php
Casa Garcia Gourmet,Acessórios,ARO CORT CAMADAS QUAD 30X9 2114,CAPARROZ,5751,CX 01,1,2026-08-26 17:44:02,https://casagarciafortaleza.com.br/index.php
Casa Garcia Gourmet,Acessórios,ARO CORT CAMADAS RED INOX 30X9 2107,CAPARROZ,5753,CX 01,1,2026-08-26 17:44:02,https://casagarciafortaleza.com.br/index.php
Casa Garcia Gourmet,Acessórios,ARO CORT CORACAO DUPLO 30X5 INOX 2996,CAPARROZ,5837,UN 01,1,2026-08-26 17:44:02,https://casagarciafortaleza.com.br/index.php
Casa Garcia Gourmet,Acessórios,"ARO P/BOLO 12X100X0,1CM BCO ARO-001",SOLRAC,77989,UN 01,1,2026-08-26 17:44:02,https://casagarciafortaleza.com.br/index.php
Casa Garcia Gourmet,Acessórios,"ARO P/BOLO 15X100X0,1CM BCO AR-002",SOLRAC,77810,UN 01,1,2026-08-26 17:44:02,https://casagarciafortaleza.com.br/index.php
Casa Garcia Gourmet,Acessórios,"ARO P/BOLO 18X100X0,1CM BCO ARO-003",SOLRAC,77811,UN 01,1,2026-08-26 17:44:02,https://casagarciafortaleza.com.br/index.php
Casa Garcia Gourmet,Acessórios,ASSA PRATSY 31X41 CX30 1076,ALFA SEVEN,6076,CX 30,1,2026-08-26 17:44:02,https://casagarciafortaleza.com.br/index.php
Casa Garcia Gourmet,Acessórios,"ASSAD 58X70 ALUMINIO EST 0,8MM",IMECA,508,CX 20,1,2026-08-26 17:44:02,https://casagarciafortaleza.com.br/index.php
Casa Garcia Gourmet,Acessórios,"ASSAD 58X70X3,5 ALUM PERF ESTAMP 0,8MM",IMECA,750,UN 01,2,2026-08-26 17:44:03,https://casagarciafortaleza.com.br/index.php
Casa Garcia Gourmet,Acessórios,"ASSAD FORNINHO 21X15X1,5 1248",CAPARROZ,5966,UN 01,2,2026-08-26 17:44:03,https://casagarciafortaleza.com.br/index.php
Casa Garcia Gourmet,Acessórios,"ASSAD MADELEINE 31,5X30 2931",CAPARROZ,5836,PC 01,2,2026-08-26 17:44:03,https://casagarciafortaleza.com.br/index.php
Casa Garcia Gourmet,Acessórios,ASSAD QUINDIM BANHO MARIA 1810,CAPARROZ,5755,CX 01,2,2026-08-26 17:44:03,https://casagarciafortaleza.com.br/index.php
Casa Garcia Gourmet,Acessórios,ASSAD ROCAMBOLE ALUM 43X33X2CM 609,CAPARROZ,5754,CX 01,2,2026-08-26 17:44:03,https://casagarciafortaleza.com.br/index.php
Casa Garcia Gourmet,Acessórios,ASSADEIRA BROWNIE ANTIADERENTE 1 IMECA,IMECA,81359,UN 01,2,2026-08-26 17:44:03,https://casagarciafortaleza.com.br/index.php
Casa Garcia Gourmet,Acessórios,ASSADEIRA BROWNIE ANTIADERENTE 2 IMECA,IMECA,81355,UN 01,2,2026-08-26 17:44:03,https://casagarciafortaleza.com.br/index.php
Casa Garcia Gourmet,Acessórios,ASSADEIRA BROWNIE ANTIADERENTE 3 IMECA,IMECA,81356,UN 01,2,2026-08-26 17:44:03,https://casagarciafortaleza.com.br/index.php
Casa Garcia Gourmet,Acessórios,ASSADEIRA BROWNIE ANTIADERENTE 4 IMECA,IMECA,81357,UN 01,2,2026-08-26 17:44:03,https://casagarciafortaleza.com.br/index.php
Casa Garcia Gourmet,Acessórios,ASSADEIRA BROWNIE ANTIADERENTE 5 IMECA,IMECA,81358,UN 01,2,2026-08-26 17:44:03,https://casagarciafortaleza.com.br/index.php
Casa Garcia Gourmet,Acessórios,ASSADEIRA CUPCAKE C/12 35X27X3 ALUM 51,CAPARROZ,10076,UN 01,2,2026-08-26 17:44:03,https://casagarciafortaleza.com.br/index.php
Casa Garcia Gourmet,Acessórios,ASSADEIRA MINI BALLERINE C/6 ALUM 3278,CAPARROZ,10075,UN 01,2,2026-08-26 17:44:03,https://casagarciafortaleza.com.br/index.php
Casa Garcia Gourmet,Acessórios,B1 BANDEJA 150X150 100UN CRL-001,INCOPLAST,1200,PC 04,3,2026-08-26 17:44:04,https://casagarciafortaleza.com.br/index.php
Casa Garcia Gourmet,Acessórios,B4 BANDEJA 275X150 100UN CRL-004,INCOPLAST,1203,PC 04,3,2026-08-26 17:44:04,https://casagarciafortaleza.com.br/index.php
Casa Garcia Gourmet,Acessórios,BAILARINA BRANCA 30CM CAPARROZ 3087,CAPARROZ,6133,CX 01,3,2026-08-26 17:44:04,https://casagarciafortaleza.com.br/index.php
Casa Garcia Gourmet,Acessórios,BAILARINA PREMIUM 30X15CM RS BA-104,SOLRAC,77809,UN 01,3,2026-08-26 17:44:04,https://casagarciafortaleza.com.br/index.php
Casa Garcia Gourmet,Acessórios,BAILARINA VERDE 30CM CAPARROZ 3105,CAPARROZ,6135,CX 01,3,2026-08-26 17:44:04,https://casagarciafortaleza.com.br/index.php
Casa Garcia Gourmet,Acessórios,BAILARINA VERMELHA 30CM 3086,CAPARROZ,6148,CX 01,3,2026-08-26 17:44:04,https://casagarciafortaleza.com.br/index.php
Casa Garcia Gourmet,Acessórios,BANDEJA FLORAL BCA MP27R 344X285X20 1UN,MACROPAC,6693,FD 100,3,2026-08-26 17:44:04,https://casagarciafortaleza.com.br/index.php
Casa Garcia Gourmet,Acessórios,BANDEJA FLORAL BCA MP32R 440X340X22 1UN,MACROPAC,6694,FD 100,3,2026-08-26 17:44:04,https://casagarciafortaleza.com.br/index.php
Casa Garcia Gourmet,Acessórios,BANDEJA FLORAL BCA MP37R 470X390X27 1UN,MACROPAC,6695,FD 50,3,2026-08-26 17:44:04,https://casagarciafortaleza.com.br/index.php
Casa Garcia Gourmet,Acessórios,BANDEJA FUNDA C/ TAMPA 100UN CF-001,INCOPLAST,1195,CX 01,3,2026-08-26 17:44:04,https://casagarciafortaleza.com.br/index.php
Casa Garcia Gourmet,Acessórios,BANDEJA FUNDA C/ TAMPA 100UN CF-002,INCOPLAST,1196,CX 01,3,2026-08-26 17:44:04,https://casagarciafortaleza.com.br/index.php
Casa Garcia Gourmet,Acessórios,BANDEJA FUNDA C/ TAMPA 100UN CF-003,INCOPLAST,1197,CX 01,3,2026-08-26 17:44:04,https://casagarciafortaleza.com.br/index.php
Casa Garcia Gourmet,Acessórios,BANDEJA RASA C/ TAMPA 100UN CR-001,INCOPLAST,1198,CX 01,4,2026-08-26 17:44:05,https://casagarciafortaleza.com.br/index.php
Casa Garcia Gourmet,Acessórios,BANDEJA RASA C/ TAMPA 100UN CR-002,INCOPLAST,1199,CX 01,4,2026-08-26 17:44:05,https://casagarciafortaleza.com.br/index.php
Casa Garcia Gourmet,Acessórios,BANDEJA RASA C/ TAMPA 100UN CR-003,INCOPLAST,1211,CX 01,4,2026-08-26 17:44:05,https://casagarciafortaleza.com.br/index.php
Casa Garcia Gourmet,Acessórios,BATEDOR TIPO PERA 25CM BRANCO BP-25,SOLRAC,1139,UN 01,4,2026-08-26 17:44:05,https://casagarciafortaleza.com.br/index.php
Casa Garcia Gourmet,Acessórios,BATEDOR TIPO PERA 25CM ROSA BPR-25,SOLRAC,1133,UN 01,4,2026-08-26 17:44:05,https://casagarciafortaleza.com.br/index.php
Casa Garcia Gourmet,Acessórios,BATEDOR TIPO PERA 30CM BRANCO BP-30,SOLRAC,1136,UN 01,4,2026-08-26 17:44:05,https://casagarciafortaleza.com.br/index.php
Casa Garcia Gourmet,Acessórios,"BATEDOR TIPO PERA INOX 24,5CM IBP-002",SOLRAC,78000,UN 01,4,2026-08-26 17:44:05,https://casagarciafortaleza.com.br/index.php
Casa Garcia Gourmet,Acessórios,BATEDOR TIPO PERA INOX 28CM IBP-003,SOLRAC,78001,UN 01,4,2026-08-26 17:44:05,https://casagarciafortaleza.com.br/index.php
Casa Garcia Gourmet,Acessórios,BATEDORES PERA 25CM ROSA PINK BPK-25,SOLRAC,77802,UN 01,4,2026-08-26 17:44:05,https://casagarciafortaleza.com.br/index.php
Casa Garcia Gourmet,Acessórios,BICO INOX ESPECIAL  MOD 795,MAGO,936,PC 01,4,2026-08-26 17:44:05,https://casagarciafortaleza.com.br/index.php
Casa Garcia Gourmet,Acessórios,BICO INOX ESPECIAL MOD 796,MAGO,937,PC 01,4,2026-08-26 17:44:05,https://casagarciafortaleza.com.br/index.php
Casa Garcia Gourmet,Acessórios,BICO INOX GD ESPECIAL MOD 252,MAGO,2608,PC 05,4,2026-08-26 17:44:05,https://casagarciafortaleza.com.br/index.php
Casa Garcia Gourmet,Acessórios,BICO INOX GD PETALAS MOD 123,MAGO,2591,PC 05,5,2026-08-26 17:44:06,https://casagarciafortaleza.com.br/index.php
Casa Garcia Gourmet,Acessórios,BICO INOX GD PITANGA ABERTA MOD 1M,MAGO,2584,UN 01,5,2026-08-26 17:44:06,https://casagarciafortaleza.com.br/index.php
Casa Garcia Gourmet,Acessórios,BICO INOX GD PITANGA MOD 2E,MAGO,2562,UN 05,5,2026-08-26 17:44:06,https://casagarciafortaleza.com.br/index.php
Casa Garcia Gourmet,Acessórios,BICO INOX GD PITANGA MOD 2F,MAGO,912,UN 05,5,2026-08-26 17:44:06,https://casagarciafortaleza.com.br/index.php
Casa Garcia Gourmet,Acessórios,BICO INOX GD SERRA MOD 1A,MAGO,2615,UN 01,5,2026-08-26 17:44:06,https://casagarciafortaleza.com.br/index.php
Casa Garcia Gourmet,Acessórios,BICO INOX PQ BABADO MOD 070,MAGO,2559,UN 12,5,2026-08-26 17:44:06,https://casagarciafortaleza.com.br/index.php
Casa Garcia Gourmet,Acessórios,BICO INOX PQ BABADO MOD 090,MAGO,2561,PC 12,5,2026-08-26 17:44:06,https://casagarciafortaleza.com.br/index.php
Casa Garcia Gourmet,Acessórios,BICO INOX PQ BABADO MOD 63,MAGO,2544,UN 12,5,2026-08-26 17:44:06,https://casagarciafortaleza.com.br/index.php
Casa Garcia Gourmet,Acessórios,BICO INOX PQ BABADO MOD 64,MAGO,2603,PC 12,5,2026-08-26 17:44:06,https://casagarciafortaleza.com.br/index.php
Casa Garcia Gourmet,Acessórios,BICO INOX PQ BABADO MOD 86,MAGO,899,UN 01,5,2026-08-26 17:44:06,https://casagarciafortaleza.com.br/index.php
Casa Garcia Gourmet,Acessórios,BICO INOX PQ BABADO MOD 98,MAGO,2550,UN 12,5,2026-08-26 17:44:06,https://casagarciafortaleza.com.br/index.php
Casa Garcia Gourmet,Acessórios,BICO INOX PQ ESPECIAL MOD 232 RECHEADOR,MAGO,2609,PC 05,5,2026-08-26 17:44:06,https://casagarciafortaleza.com.br/index.php
Casa Garcia Gourmet,Acessórios,BICO INOX PQ ESPECIAL MOD 250,MAGO,2607,PC 05,6,2026-08-26 17:44:08,https://casagarciafortaleza.com.br/index.php
Casa Garcia Gourmet,Acessórios,BICO INOX PQ ESPECIAL MOD 95,MAGO,2588,PC 05,6,2026-08-26 17:44:08,https://casagarciafortaleza.com.br/index.php
Casa Garcia Gourmet,Acessórios,BICO INOX PQ FLOR ESPECIAL MOD 106,MAGO,2530,UN 12,6,2026-08-26 17:44:08,https://casagarciafortaleza.com.br/index.php
Casa Garcia Gourmet,Acessórios,BICO INOX PQ FLOR ESPECIAL MOD 107,MAGO,904,UN 12,6,2026-08-26 17:44:08,https://casagarciafortaleza.com.br/index.php
Casa Garcia Gourmet,Acessórios,BICO INOX PQ FLOR ESPECIAL MOD 131,MAGO,2614,PC 01,6,2026-08-26 17:44:08,https://casagarciafortaleza.com.br/index.php
Casa Garcia Gourmet,Acessórios,BICO INOX PQ FLOR ESPECIAL MOD 138,MAGO,2532,UN 12,6,2026-08-26 17:44:08,https://casagarciafortaleza.com.br/index.php
Casa Garcia Gourmet,Acessórios,BICO INOX PQ FLOR ESPECIAL MOD 146,MAGO,2612,PC 01,6,2026-08-26 17:44:08,https://casagarciafortaleza.com.br/index.php
Casa Garcia Gourmet,Acessórios,BICO INOX PQ FLOR ESPECIAL MOD 191,MAGO,2533,UN 12,6,2026-08-26 17:44:08,https://casagarciafortaleza.com.br/index.php
Casa Garcia Gourmet,Acessórios,BICO INOX PQ FLOR ESPECIAL MOD 220,MAGO,905,UN 12,6,2026-08-26 17:44:08,https://casagarciafortaleza.com.br/index.php
Casa Garcia Gourmet,Acessórios,BICO INOX PQ FLOR ESPECIAL MOD 225,MAGO,2605,PC 12,6,2026-08-26 17:44:08,https://casagarciafortaleza.com.br/index.php
Casa Garcia Gourmet,Acessórios,BICO INOX PQ FOLHA MOD 65,MAGO,2545,UN 12,6,2026-08-26 17:44:08,https://casagarciafortaleza.com.br/index.php
Casa Garcia Gourmet,Acessórios,BICO INOX PQ FOLHA MOD 66,MAGO,2587,PC 12,6,2026-08-26 17:44:08,https://casagarciafortaleza.com.br/index.php
Casa Garcia Gourmet,Acessórios,BICO INOX PQ FOLHA MOD 68,MAGO,898,UN 12,7,2026-08-26 17:44:09,https://casagarciafortaleza.com.br/index.php
Casa Garcia Gourmet,Acessórios,BICO INOX PQ FOLHA MOD 69,MAGO,931,CX 12,7,2026-08-26 17:44:09,https://casagarciafortaleza.com.br/index.php
Casa Garcia Gourmet,Acessórios,BICO INOX PQ FOLHA MOD 70,MAGO,903,UN 12,7,2026-08-26 17:44:09,https://casagarciafortaleza.com.br/index.php
Casa Garcia Gourmet,Acessórios,BICO INOX PQ FOLHA MOD 75,MAGO,2546,UN 12,7,2026-08-26 17:44:09,https://casagarciafortaleza.com.br/index.php
Casa Garcia Gourmet,Acessórios,BICO INOX PQ FOLHA MOD 78,MAGO,2547,UN 12,7,2026-08-26 17:44:09,https://casagarciafortaleza.com.br/index.php
Casa Garcia Gourmet,Acessórios,BICO INOX PQ MULTIPLO MOD 42,MAGO,2540,UN 12,7,2026-08-26 17:44:09,https://casagarciafortaleza.com.br/index.php
Casa Garcia Gourmet,Acessórios,BICO INOX PQ PERLE ESPECIAL MOD 105,MAGO,901,UN 12,7,2026-08-26 17:44:09,https://casagarciafortaleza.com.br/index.php
Casa Garcia Gourmet,Acessórios,BICO INOX PQ PERLE MOD 3,MAGO,2557,UN 12,7,2026-08-26 17:44:09,https://casagarciafortaleza.com.br/index.php
Casa Garcia Gourmet,Acessórios,BICO INOX PQ PERLE RISADO MOD 199,MAGO,2534,UN 12,7,2026-08-26 17:44:09,https://casagarciafortaleza.com.br/index.php
Casa Garcia Gourmet,Acessórios,BICO INOX PQ PERLE RISCADO MOD 362,MAGO,2538,UN 12,7,2026-08-26 17:44:09,https://casagarciafortaleza.com.br/index.php
Casa Garcia Gourmet,Acessórios,BICO INOX PQ PETALA MOD 102,MAGO,2613,PC 01,7,2026-08-26 17:44:09,https://casagarciafortaleza.com.br/index.php
Casa Garcia Gourmet,Acessórios,BICO INOX PQ PETALA MOD 103,MAGO,900,UN 12,7,2026-08-26 17:44:09,https://casagarciafortaleza.com.br/index.php
Casa Garcia Gourmet,Acessórios,BICO INOX PQ PETALA MOD 104,MAGO,2600,PC 12,8,2026-08-26 17:44:10,https://casagarciafortaleza.com.br/index.php
Casa Garcia Gourmet,Acessórios,BICO INOX PQ PETALA MOD 401,MAGO,2539,UN 12,8,2026-08-26 17:44:10,https://casagarciafortaleza.com.br/index.php
Casa Garcia Gourmet,Acessórios,BICO INOX PQ PETALA MOD 59,MAGO,2543,UN 12,8,2026-08-26 17:44:10,https://casagarciafortaleza.com.br/index.php
Casa Garcia Gourmet,Acessórios,BICO INOX PQ PETALA MOD 61,MAGO,2558,UN 12,8,2026-08-26 17:44:10,https://casagarciafortaleza.com.br/index.php
Casa Garcia Gourmet,Acessórios,BICO INOX PQ PETALA MOD 81,MAGO,2548,UN 12,8,2026-08-26 17:44:10,https://casagarciafortaleza.com.br/index.php
Casa Garcia Gourmet,Acessórios,BICO INOX PQ PITANGA MOD 13,MAGO,2531,UN 12,8,2026-08-26 17:44:10,https://casagarciafortaleza.com.br/index.php
Casa Garcia Gourmet,Acessórios,BICO INOX PQ PITANGA MOD 16,MAGO,2566,PC 12,8,2026-08-26 17:44:10,https://casagarciafortaleza.com.br/index.php
Casa Garcia Gourmet,Acessórios,BICO INOX PQ PITANGA MOD 19,MAGO,2555,UN 12,8,2026-08-26 17:44:10,https://casagarciafortaleza.com.br/index.php
Casa Garcia Gourmet,Acessórios,BICO INOX PQ PITANGA MOD 26,MAGO,2568,PC 12,8,2026-08-26 17:44:10,https://casagarciafortaleza.com.br/index.php
Casa Garcia Gourmet,Acessórios,BICO INOX PQ PITANGA MOD 27,MAGO,2551,UN 12,8,2026-08-26 17:44:10,https://casagarciafortaleza.com.br/index.php
Casa Garcia Gourmet,Acessórios,BICO INOX PQ PITANGA MOD 28,MAGO,2536,UN 12,8,2026-08-26 17:44:10,https://casagarciafortaleza.com.br/index.php
Casa Garcia Gourmet,Acessórios,BICO INOX PQ PITANGA MOD 29,MAGO,2569,PC 12,8,2026-08-26 17:44:10,https://casagarciafortaleza.com.br/index.php
Casa Garcia Gourmet,Acessórios,BICO INOX PQ PITANGA MOD 96,MAGO,2549,UN 12,9,2026-08-26 17:44:11,https://casagarciafortaleza.com.br/index.php
Casa Garcia Gourmet,Acessórios,BICO INOX PQ SERRA MOD 46,MAGO,2541,UN 12,9,2026-08-26 17:44:11,https://casagarciafortaleza.com.br/index.php
Casa Garcia Gourmet,Acessórios,BICO INOX PQ SERRA MOD 47,MAGO,896,UN 12,9,2026-08-26 17:44:11,https://casagarciafortaleza.com.br/index.php
Casa Garcia Gourmet,Acessórios,BICO INOX PQ SERRA MOD 47D,MAGO,2602,PC 12,9,2026-08-26 17:44:11,https://casagarciafortaleza.com.br/index.php
Casa Garcia Gourmet,Acessórios,BICO INOX PQ SERRA MOD 48D,MAGO,2542,UN 12,9,2026-08-26 17:44:11,https://casagarciafortaleza.com.br/index.php
Casa Garcia Gourmet,Acessórios,BICO RUSSO INOX GD ESPECIAL MOD 244,MAGO,2577,PC 01,9,2026-08-26 17:44:11,https://casagarciafortaleza.com.br/index.php
Casa Garcia Gourmet,Acessórios,BICO RUSSO INOX GD ESPECIAL MOD 246,MAGO,2579,PC 01,9,2026-08-26 17:44:11,https://casagarciafortaleza.com.br/index.php
Casa Garcia Gourmet,Acessórios,BISNAGA C/T UMEDECER BOLO 300ML IBB-001,SOLRAC,78025,UN 01,9,2026-08-26 17:44:11,https://casagarciafortaleza.com.br/index.php
Casa Garcia Gourmet,Acessórios,BISNAGA GRADUADA 1000ML IBG-003,SOLRAC,77996,UN 01,9,2026-08-26 17:44:11,https://casagarciafortaleza.com.br/index.php
Casa Garcia Gourmet,Acessórios,BISNAGA INVERTIDA 550ML IBI-003,SOLRAC,78026,UN 01,9,2026-08-26 17:44:11,https://casagarciafortaleza.com.br/index.php
Casa Garcia Gourmet,Acessórios,BISNAGA INVERTIDA 720ML IBI-002,SOLRAC,77998,UN 01,9,2026-08-26 17:44:11,https://casagarciafortaleza.com.br/index.php
Casa Garcia Gourmet,Acessórios,BISNAGA TEMPERO 300ML IBT-001,SOLRAC,77813,UN 01,9,2026-08-26 17:44:11,https://casagarciafortaleza.com.br/index.php
Casa Garcia Gourmet,Acessórios,BISTURI CORTE P/PAES ANGULADO,ROSANA SILVESTRE DE ASSIS,2983,CX 100,10,2026-08-26 17:44:12,https://casagarciafortaleza.com.br/index.php
Casa Garcia Gourmet,Acessórios,BISTURI CORTE P/PAES GILETE,ROSANA SILVESTRE DE ASSIS,2981,CX 100,10,2026-08-26 17:44:12,https://casagarciafortaleza.com.br/index.php
Casa Garcia Gourmet,Acessórios,BISTURI CORTE P/PAES RETRATIL 1,ROSANA SILVESTRE DE ASSIS,2982,CX 100,10,2026-08-26 17:44:12,https://casagarciafortaleza.com.br/index.php
Casa Garcia Gourmet,Acessórios,BISTURI CORTE P/PAES RETRATIL 2 FAQUINHA,ROSANA SILVESTRE DE ASSIS,2979,CX 100,10,2026-08-26 17:44:12,https://casagarciafortaleza.com.br/index.php
Casa Garcia Gourmet,Acessórios,BOLEADOR DE METAL 3UN,MAGO,2994,CX 01,10,2026-08-26 17:44:12,https://casagarciafortaleza.com.br/index.php
Casa Garcia Gourmet,Acessórios,BOLEIRA SUP/BOLO POLIPROPILENO AM BL-05,SOLRAC,77799,UN 01,10,2026-08-26 17:44:12,https://casagarciafortaleza.com.br/index.php
Casa Garcia Gourmet,Acessórios,BOLEIRA SUP/BOLO POLIPROPILENO AZ BL-04,SOLRAC,77798,UN 01,10,2026-08-26 17:44:12,https://casagarciafortaleza.com.br/index.php
Casa Garcia Gourmet,Acessórios,BOLEIRA SUP/BOLO POLIPROPILENO BCO BL-01,SOLRAC,77795,UN 01,10,2026-08-26 17:44:12,https://casagarciafortaleza.com.br/index.php
Casa Garcia Gourmet,Acessórios,BOLEIRA SUP/BOLO POLIPROPILENO RS BL-02,SOLRAC,77796,UN 01,10,2026-08-26 17:44:12,https://casagarciafortaleza.com.br/index.php
Casa Garcia Gourmet,Acessórios,BOLEIRA SUP/BOLO POLIPROPILENO VM BL-03,SOLRAC,77797,UN 01,10,2026-08-26 17:44:12,https://casagarciafortaleza.com.br/index.php
Casa Garcia Gourmet,Acessórios,BORRIFADOR DE PO DECORATIVO,MAGO,862,PC 05,10,2026-08-26 17:44:12,https://casagarciafortaleza.com.br/index.php
Casa Garcia Gourmet,Acessórios,"CAIXA PLASTICA MS48 VERDE R 58X66,5CM",MERCOPLASMA,79562,CX 01,10,2026-08-26 17:44:12,https://casagarciafortaleza.com.br/index.php
Casa Garcia Gourmet,Acessórios,CALHA RETANGULAR COM TUBO 27X7X6 2462,CAPARROZ,5739,UN 01,11,2026-08-26 17:44:13,https://casagarciafortaleza.com.br/index.php
Casa Garcia Gourmet,Acessórios,"CARRETILHA CRESPA INOX 19X6,3CM ICA-003",SOLRAC,78002,UN 01,11,2026-08-26 17:44:13,https://casagarciafortaleza.com.br/index.php
Casa Garcia Gourmet,Acessórios,COLHER DOSADO CALDA INOX 18X3CM ICC-001,SOLRAC,78004,UN 01,11,2026-08-26 17:44:13,https://casagarciafortaleza.com.br/index.php
Casa Garcia Gourmet,Acessórios,COLHER DOSADO CALDA INOX 23X4CM ICC-002,SOLRAC,78005,UN 01,11,2026-08-26 17:44:13,https://casagarciafortaleza.com.br/index.php
Casa Garcia Gourmet,Acessórios,COLHER MASTER ROXA PC 50UN,PRAFESTA,5254,CX 10,11,2026-08-26 17:44:13,https://casagarciafortaleza.com.br/index.php
Casa Garcia Gourmet,Acessórios,COLHER NYLON  45CM CCF-45,SOLRAC,1265,UN 01,11,2026-08-26 17:44:13,https://casagarciafortaleza.com.br/index.php
Casa Garcia Gourmet,Acessórios,CONCHA DE SORVETE POLIDA CS-03,SOLRAC,1308,UN 01,11,2026-08-26 17:44:13,https://casagarciafortaleza.com.br/index.php
Casa Garcia Gourmet,Acessórios,CONCHA SORVETE EXTRATOR 22X5CM ICE-003,SOLRAC,77997,UN 01,11,2026-08-26 17:44:13,https://casagarciafortaleza.com.br/index.php
Casa Garcia Gourmet,Acessórios,"CONCHA SORVETE INOX 19,5X4,2CM ICE-001",SOLRAC,78006,UN 01,11,2026-08-26 17:44:13,https://casagarciafortaleza.com.br/index.php
Casa Garcia Gourmet,Acessórios,CONJUNTO 4 PCS 32X10X10 ALUMINIZADA,IMECA,2384,UN 01,11,2026-08-26 17:44:13,https://casagarciafortaleza.com.br/index.php
Casa Garcia Gourmet,Acessórios,COPO DIAMANTE C/TAMPA 10UN 180ML,PLASTILANIA,4851,CX 40,11,2026-08-26 17:44:13,https://casagarciafortaleza.com.br/index.php
Casa Garcia Gourmet,Acessórios,COPO DIAMANTINHO C/TAMPA 10UN 150ML,PLASTILANIA,4852,CX 50,11,2026-08-26 17:44:13,https://casagarciafortaleza.com.br/index.php
Casa Garcia Gourmet,Acessórios,COPO PIC 101 10UN 100ML,PLASTILANIA,4855,CX 100,12,2026-08-26 17:44:14,https://casagarciafortaleza.com.br/index.php
Casa Garcia Gourmet,Acessórios,COPO PIC 151 10UN 150ML,PLASTILANIA,4853,CX 100,12,2026-08-26 17:44:14,https://casagarciafortaleza.com.br/index.php
Casa Garcia Gourmet,Acessórios,COPO PIC 151 C/TAMPA 10UN 150ML,PLASTILANIA,4854,CX 40,12,2026-08-26 17:44:14,https://casagarciafortaleza.com.br/index.php
Casa Garcia Gourmet,Acessórios,COPO PLAST 500ML TRANSP 50UN PPT-550,COPOBRAS,4807,CX 20,12,2026-08-26 17:44:14,https://casagarciafortaleza.com.br/index.php
Casa Garcia Gourmet,Acessórios,COPO PLAST BALADA 300ML AZUL PPT-330,COPOBRAS,4805,CX 20,12,2026-08-26 17:44:14,https://casagarciafortaleza.com.br/index.php
Casa Garcia Gourmet,Acessórios,COPO PLAST BALADA 300ML LARANJA PPT-330,COPOBRAS,4801,CX 20,12,2026-08-26 17:44:14,https://casagarciafortaleza.com.br/index.php
Casa Garcia Gourmet,Acessórios,COPO PLAST BALADA 300ML ROSA PPT-330,COPOBRAS,4800,CX 20,12,2026-08-26 17:44:14,https://casagarciafortaleza.com.br/index.php
Casa Garcia Gourmet,Acessórios,COPO PLAST BALADA 300ML ROXO PPT-330,COPOBRAS,4803,CX 20,12,2026-08-26 17:44:14,https://casagarciafortaleza.com.br/index.php
Casa Garcia Gourmet,Acessórios,COPO PLAST BALADA 300ML VERDE PPT-330,COPOBRAS,4804,CX 20,12,2026-08-26 17:44:14,https://casagarciafortaleza.com.br/index.php
Casa Garcia Gourmet,Acessórios,COPO PLAST BALADA 300ML VERMELHO PPT-330,COPOBRAS,4806,CX 20,12,2026-08-26 17:44:14,https://casagarciafortaleza.com.br/index.php
Casa Garcia Gourmet,Acessórios,COPO PLAST BRANCO PS 400ML CF-400,COPOBRAS,1096,CX 20,12,2026-08-26 17:44:14,https://casagarciafortaleza.com.br/index.php
Casa Garcia Gourmet,Acessórios,COPO PLAST FESTA 300ML AMAR/BCO CF-300,COPOBRAS,4813,CX 20,12,2026-08-26 17:44:14,https://casagarciafortaleza.com.br/index.php
Casa Garcia Gourmet,Acessórios,COPO PLAST FESTA 300ML AZUL/BCO CF-300,COPOBRAS,4814,CX 20,13,2026-08-26 17:44:15,https://casagarciafortaleza.com.br/index.php
Casa Garcia Gourmet,Acessórios,COPO PLAST FESTA 300ML AZUL/MARR PPT-330,COPOBRAS,4817,CX 10,13,2026-08-26 17:44:15,https://casagarciafortaleza.com.br/index.php
Casa Garcia Gourmet,Acessórios,COPO PLAST FESTA 300ML COLOR PPT-330,COPOBRAS,4819,CX 10,13,2026-08-26 17:44:15,https://casagarciafortaleza.com.br/index.php
Casa Garcia Gourmet,Acessórios,COPO PLAST FESTA 300ML FL DE NEVE PP-330,COPOBRAS,4820,CX 10,13,2026-08-26 17:44:15,https://casagarciafortaleza.com.br/index.php
Casa Garcia Gourmet,Acessórios,COPO PLAST FESTA 300ML ONCA PINK PPT-330,COPOBRAS,4811,CX 10,13,2026-08-26 17:44:15,https://casagarciafortaleza.com.br/index.php
Casa Garcia Gourmet,Acessórios,COPO PLAST FESTA 300ML PTO/PINK PPT-330,COPOBRAS,4810,CX 10,13,2026-08-26 17:44:15,https://casagarciafortaleza.com.br/index.php
Casa Garcia Gourmet,Acessórios,COPO PLAST FESTA 300ML ROSA/MARR PPT-330,COPOBRAS,4818,CX 10,13,2026-08-26 17:44:15,https://casagarciafortaleza.com.br/index.php
Casa Garcia Gourmet,Acessórios,COPO PLAST FESTA 300ML VERDE/BCO CF-300,COPOBRAS,4815,CX 20,13,2026-08-26 17:44:15,https://casagarciafortaleza.com.br/index.php
Casa Garcia Gourmet,Acessórios,COPO PLAST FESTA 300ML VERM/BCO CF-300,COPOBRAS,4812,CX 20,13,2026-08-26 17:44:15,https://casagarciafortaleza.com.br/index.php
Casa Garcia Gourmet,Acessórios,COPO PLAST PREM TRANSP 200ML 20UN CPT201,COPOBRAS,4823,CX 40,13,2026-08-26 17:44:15,https://casagarciafortaleza.com.br/index.php
Casa Garcia Gourmet,Acessórios,COPO PLAST PREMIUN 250ML TRANSP CPT-253,COPOBRAS,4822,CX 25,13,2026-08-26 17:44:15,https://casagarciafortaleza.com.br/index.php
Casa Garcia Gourmet,Acessórios,COPO PLAST TRANSP 400ML 50UN CFT-400,COPOBRAS,1090,CX 20,13,2026-08-26 17:44:15,https://casagarciafortaleza.com.br/index.php
Casa Garcia Gourmet,Acessórios,COPO PLAST TRANSP 400ML 50UN PPT-440,INCOPLAST,1099,CX 20,14,2026-08-26 17:44:17,https://casagarciafortaleza.com.br/index.php
Casa Garcia Gourmet,Acessórios,COPO TERMICO 240ML 25UNID ISOPOR,INCOPLAST,1102,PC 40,14,2026-08-26 17:44:17,https://casagarciafortaleza.com.br/index.php
Casa Garcia Gourmet,Acessórios,COPO TERMICO 300ML 25UNID ISOPOR,INCOPLAST,1103,PC 25,14,2026-08-26 17:44:17,https://casagarciafortaleza.com.br/index.php
Casa Garcia Gourmet,Acessórios,CORT ESTRELA C/ ASAS INOX 2135,CAPARROZ,5762,CX 01,14,2026-08-26 17:44:17,https://casagarciafortaleza.com.br/index.php
Casa Garcia Gourmet,Acessórios,CORT LANTERNA INOX 2137,CAPARROZ,5758,CX 01,14,2026-08-26 17:44:17,https://casagarciafortaleza.com.br/index.php
Casa Garcia Gourmet,Acessórios,CORT RAIO INOX 2134,CAPARROZ,5764,CX 01,14,2026-08-26 17:44:17,https://casagarciafortaleza.com.br/index.php
Casa Garcia Gourmet,Acessórios,CORT ROSTO ARANHA INOX 2136,CAPARROZ,5765,CX 01,14,2026-08-26 17:44:17,https://casagarciafortaleza.com.br/index.php
Casa Garcia Gourmet,Acessórios,CORTA BOLO INOX 1888,CAPARROZ,5768,CX 01,14,2026-08-26 17:44:17,https://casagarciafortaleza.com.br/index.php
Casa Garcia Gourmet,Acessórios,CORTADOR DE PIZZA INOX 19X7CM ICP-001,SOLRAC,78003,UN 01,14,2026-08-26 17:44:17,https://casagarciafortaleza.com.br/index.php
Casa Garcia Gourmet,Acessórios,CORTADOR RED 8PCS POLIESTIRENO BCO JC-01,SOLRAC,77801,UN 01,14,2026-08-26 17:44:17,https://casagarciafortaleza.com.br/index.php
Casa Garcia Gourmet,Acessórios,CX P/BOLO REI GUIRLANDA 25X25X10 1UN,CROMUS,77908,CX 01,14,2026-08-26 17:44:17,https://casagarciafortaleza.com.br/index.php
Casa Garcia Gourmet,Acessórios,CX P/BOLO REI MAGIC OUR/VER 25X25X10 1UN,CROMUS,77910,CX 01,14,2026-08-26 17:44:17,https://casagarciafortaleza.com.br/index.php
Casa Garcia Gourmet,Acessórios,DISCO ISOPOR 35CM 200UN DI-035,INCOPLAST,1229,PC 02,15,2026-08-26 17:44:18,https://casagarciafortaleza.com.br/index.php
Casa Garcia Gourmet,Acessórios,"DISP INOX 4 PRATEL 1,50X0,50 TUBOLAR",IMECA,2392,UN 01,15,2026-08-26 17:44:18,https://casagarciafortaleza.com.br/index.php
Casa Garcia Gourmet,Acessórios,EJETOR P/ MASSA 24UN DISCOS,MAGO,1323,PC 10,15,2026-08-26 17:44:18,https://casagarciafortaleza.com.br/index.php
Casa Garcia Gourmet,Acessórios,"EMB AL P/TRUFA AZUL ESC 14,5X15,5 100UN",CROMUS,77830,CX 01,15,2026-08-26 17:44:18,https://casagarciafortaleza.com.br/index.php
Casa Garcia Gourmet,Acessórios,"EMB AL P/TRUFA MARACUJA 14,5X15,5 100UN",CROMUS,77829,CX 01,15,2026-08-26 17:44:18,https://casagarciafortaleza.com.br/index.php
Casa Garcia Gourmet,Acessórios,"EMB AL P/TRUFA MARROM 14,5X15,5 100UN",CROMUS,77832,CX 01,15,2026-08-26 17:44:18,https://casagarciafortaleza.com.br/index.php
Casa Garcia Gourmet,Acessórios,"EMB AL P/TRUFA PINK 14,5X15,5 100UN",CROMUS,77831,CX 01,15,2026-08-26 17:44:18,https://casagarciafortaleza.com.br/index.php
Casa Garcia Gourmet,Acessórios,ESCOVINHA P/BICOS 2UNID,MAGO,2834,PC 12,15,2026-08-26 17:44:18,https://casagarciafortaleza.com.br/index.php
Casa Garcia Gourmet,Acessórios,ESPATULA ANGULAR PONTA FINA INOX,MAGO,530,UN 01,15,2026-08-26 17:44:18,https://casagarciafortaleza.com.br/index.php
Casa Garcia Gourmet,Acessórios,ESPATULA ANGULAR PONTA REDONDA INOX,MAGO,529,UN 01,15,2026-08-26 17:44:18,https://casagarciafortaleza.com.br/index.php
Casa Garcia Gourmet,Acessórios,ESPATULA CONF INOX 3UN PRETA ESP-11,SOLRAC,77987,UN 01,15,2026-08-26 17:44:18,https://casagarciafortaleza.com.br/index.php
Casa Garcia Gourmet,Acessórios,ESPATULA CONF INOX 3UN ROSA PINK ESP-15,SOLRAC,78027,UN 01,15,2026-08-26 17:44:18,https://casagarciafortaleza.com.br/index.php
Casa Garcia Gourmet,Acessórios,ESPATULA CONFEITEIRO INOX 3PCS RS ESP-10,SOLRAC,77794,UN 01,16,2026-08-26 17:44:19,https://casagarciafortaleza.com.br/index.php
Casa Garcia Gourmet,Acessórios,ESPATULA CURVA INOX RS PINK 18CM ECG-181,SOLRAC,77806,UN 01,16,2026-08-26 17:44:19,https://casagarciafortaleza.com.br/index.php
Casa Garcia Gourmet,Acessórios,ESPATULA CURVA INOX RS PINK 23CM ECG-231,SOLRAC,77807,UN 01,16,2026-08-26 17:44:19,https://casagarciafortaleza.com.br/index.php
Casa Garcia Gourmet,Acessórios,ESPATULA CURVA INOX RS PINK 28CM ECG-281,SOLRAC,77808,UN 01,16,2026-08-26 17:44:19,https://casagarciafortaleza.com.br/index.php
Casa Garcia Gourmet,Acessórios,ESPATULA FACA PLASTICA,MAGO,1174,PC 10,16,2026-08-26 17:44:19,https://casagarciafortaleza.com.br/index.php
Casa Garcia Gourmet,Acessórios,ESPATULA FLEXIVEL CURVA 23CM ECG-233,SOLRAC,1190,UN 01,16,2026-08-26 17:44:19,https://casagarciafortaleza.com.br/index.php
Casa Garcia Gourmet,Acessórios,ESPATULA FLEXIVEL CURVA PT 15CM IECG-151,SOLRAC,78007,UN 01,16,2026-08-26 17:44:19,https://casagarciafortaleza.com.br/index.php
Casa Garcia Gourmet,Acessórios,ESPATULA FLEXIVEL CURVA PT 20CM IECG-201,SOLRAC,78008,UN 01,16,2026-08-26 17:44:19,https://casagarciafortaleza.com.br/index.php
Casa Garcia Gourmet,Acessórios,ESPATULA FLEXIVEL RETA 20CM ESG-200,SOLRAC,5083,UN 01,16,2026-08-26 17:44:19,https://casagarciafortaleza.com.br/index.php
Casa Garcia Gourmet,Acessórios,ESPATULA FLEXIVEL RETA 25CM ESG-250,SOLRAC,5084,UN 01,16,2026-08-26 17:44:19,https://casagarciafortaleza.com.br/index.php
Casa Garcia Gourmet,Acessórios,ESPATULA FLEXIVEL RETA 30CM ESG-300,SOLRAC,5085,UN 01,16,2026-08-26 17:44:19,https://casagarciafortaleza.com.br/index.php
Casa Garcia Gourmet,Acessórios,ESPATULA FLEXIVEL RETA PT 15CM IESG-151,SOLRAC,78009,UN 01,16,2026-08-26 17:44:19,https://casagarciafortaleza.com.br/index.php
Casa Garcia Gourmet,Acessórios,ESPATULA FLEXIVEL RETA PT 20CM IESG-201,SOLRAC,78010,UN 01,17,2026-08-26 17:44:20,https://casagarciafortaleza.com.br/index.php
Casa Garcia Gourmet,Acessórios,ESPATULA PARA ALISAR BOLO INOX MAGO,MAGO,847,UN 01,17,2026-08-26 17:44:20,https://casagarciafortaleza.com.br/index.php
Casa Garcia Gourmet,Acessórios,ESPATULA RETA INOX RS PINK 20CM ESG-201,SOLRAC,77803,UN 01,17,2026-08-26 17:44:20,https://casagarciafortaleza.com.br/index.php
Casa Garcia Gourmet,Acessórios,ESPATULA RETA INOX RS PINK 25CM ESG-251,SOLRAC,77804,UN 01,17,2026-08-26 17:44:20,https://casagarciafortaleza.com.br/index.php
Casa Garcia Gourmet,Acessórios,ESPATULA RETA INOX RS PINK 30CM ESG-301,SOLRAC,77805,UN 01,17,2026-08-26 17:44:20,https://casagarciafortaleza.com.br/index.php
Casa Garcia Gourmet,Acessórios,ESPATULA RETA PONTA FINA INOX,MAGO,861,PC 05,17,2026-08-26 17:44:20,https://casagarciafortaleza.com.br/index.php
Casa Garcia Gourmet,Acessórios,ESPATULA RETA PONTA REDONDA INOX 25CM,MAGO,1122,UN 01,17,2026-08-26 17:44:20,https://casagarciafortaleza.com.br/index.php
Casa Garcia Gourmet,Acessórios,ESTECAS GD C/4UN MOD 1,MAGO,1109,PC 10,17,2026-08-26 17:44:20,https://casagarciafortaleza.com.br/index.php
Casa Garcia Gourmet,Acessórios,ESTECAS GD C/8UN,MAGO,1111,PC 10,17,2026-08-26 17:44:20,https://casagarciafortaleza.com.br/index.php
Casa Garcia Gourmet,Acessórios,ESTEIRA CANAL 60X40 PERF 5 ONDAS,IMECA,2412,UN 01,17,2026-08-26 17:44:20,https://casagarciafortaleza.com.br/index.php
Casa Garcia Gourmet,Acessórios,ESTEIRA PAO FRANCES 58X70 5 TALAS,IMECA,2413,UN 01,17,2026-08-26 17:44:20,https://casagarciafortaleza.com.br/index.php
Casa Garcia Gourmet,Acessórios,ESTEIRA PAO FRANCES 58X70 6 TALAS,IMECA,2424,UN 01,17,2026-08-26 17:44:20,https://casagarciafortaleza.com.br/index.php
Casa Garcia Gourmet,Acessórios,EXPOSITOR CORANTES PEQUENO FAB,FAB,7866,UN 01,18,2026-08-26 17:44:21,https://casagarciafortaleza.com.br/index.php
Casa Garcia Gourmet,Acessórios,F BALLERINE COELHO CENOURA 22X11X5 1143,CAPARROZ,5144,UN 01,18,2026-08-26 17:44:21,https://casagarciafortaleza.com.br/index.php
Casa Garcia Gourmet,Acessórios,"F BALLERINE CORACAO G 22,5X25X7 0886",CAPARROZ,5155,UN 01,18,2026-08-26 17:44:21,https://casagarciafortaleza.com.br/index.php
Casa Garcia Gourmet,Acessórios,"F BALLERINE CORACAO P 13X12X4,5 1069",CAPARROZ,5156,UN 01,18,2026-08-26 17:44:21,https://casagarciafortaleza.com.br/index.php
Casa Garcia Gourmet,Acessórios,FACA FIO LISO 30CM FGL-30,SOLRAC,1188,UN 01,18,2026-08-26 17:44:21,https://casagarciafortaleza.com.br/index.php
Casa Garcia Gourmet,Acessórios,FACA FIO LISO 40CM FFL-040,SOLRAC,1180,UN 01,18,2026-08-26 17:44:21,https://casagarciafortaleza.com.br/index.php
Casa Garcia Gourmet,Acessórios,FACA SERRA 25CM FGO-25,SOLRAC,1176,UN 01,18,2026-08-26 17:44:21,https://casagarciafortaleza.com.br/index.php
Casa Garcia Gourmet,Acessórios,"FACA SERRA INOX 25CM 1,0MM IFS-25",SOLRAC,78021,UN 01,18,2026-08-26 17:44:21,https://casagarciafortaleza.com.br/index.php
Casa Garcia Gourmet,Acessórios,FATIA CERTA PLASTICA,MAGO,2262,UN 01,18,2026-08-26 17:44:21,https://casagarciafortaleza.com.br/index.php
Casa Garcia Gourmet,Acessórios,FILME DE PVC 30CMX1000M BOMPACK,BOMPACK,78194,CX 01,18,2026-08-26 17:44:21,https://casagarciafortaleza.com.br/index.php
Casa Garcia Gourmet,Acessórios,FILME DE PVC CH FILMS 38CMX1000M,CH FILMS,5028,CX 01,18,2026-08-26 17:44:21,https://casagarciafortaleza.com.br/index.php
Casa Garcia Gourmet,Acessórios,FOLHA ALUM BANDEJA 200X345 CX100 1178,ALFA SEVEN,6095,CX 01,18,2026-08-26 17:44:21,https://casagarciafortaleza.com.br/index.php
Casa Garcia Gourmet,Acessórios,FOLHA ALUM BANDEJA 255X335 CX100 1179,ALFA SEVEN,6096,CX 01,19,2026-08-26 17:44:22,https://casagarciafortaleza.com.br/index.php
Casa Garcia Gourmet,Acessórios,"FOLHA ALUM BANDEJA 3,5L AL22 CX50 1170",ALFA SEVEN,6093,CX 02,19,2026-08-26 17:44:22,https://casagarciafortaleza.com.br/index.php
Casa Garcia Gourmet,Acessórios,FOLHA ALUM BANDEJA 3DIV-Y CX100 1012,ALFA SEVEN,6097,CX 01,19,2026-08-26 17:44:22,https://casagarciafortaleza.com.br/index.php
Casa Garcia Gourmet,Acessórios,FOLHA ALUM BANDEJA AL0 CX100 1023,ALFA SEVEN,6079,CX 04,19,2026-08-26 17:44:22,https://casagarciafortaleza.com.br/index.php
Casa Garcia Gourmet,Acessórios,FOLHA ALUM BANDEJA AL1 CX200 1006,ALFA SEVEN,6080,CX 02,19,2026-08-26 17:44:22,https://casagarciafortaleza.com.br/index.php
Casa Garcia Gourmet,Acessórios,FOLHA ALUM BANDEJA AL11 CX200 1042,ALFA SEVEN,6088,CX 02,19,2026-08-26 17:44:22,https://casagarciafortaleza.com.br/index.php
Casa Garcia Gourmet,Acessórios,FOLHA ALUM BANDEJA AL4 CX100 1010,ALFA SEVEN,6082,CX 01,19,2026-08-26 17:44:22,https://casagarciafortaleza.com.br/index.php
Casa Garcia Gourmet,Acessórios,FOLHA ALUM BANDEJA AL5 CX100 1008,ALFA SEVEN,6083,CX 01,19,2026-08-26 17:44:22,https://casagarciafortaleza.com.br/index.php
Casa Garcia Gourmet,Acessórios,FOLHA ALUM BANDEJA AL7 CX100 1049,ALFA SEVEN,6084,CX 01,19,2026-08-26 17:44:22,https://casagarciafortaleza.com.br/index.php
Casa Garcia Gourmet,Acessórios,FOLHA ALUM BANDEJA AL8 CX100 1026,ALFA SEVEN,6085,CX 01,19,2026-08-26 17:44:22,https://casagarciafortaleza.com.br/index.php
Casa Garcia Gourmet,Acessórios,FOLHA ALUM EMPADA 60G AL28 650UN 1066,ALFA SEVEN,6092,CX 05,19,2026-08-26 17:44:22,https://casagarciafortaleza.com.br/index.php
Casa Garcia Gourmet,Acessórios,FOLHA ALUM FORM EMPADA AL18 CX2000 1166,ALFA SEVEN,6091,CX 01,19,2026-08-26 17:44:22,https://casagarciafortaleza.com.br/index.php
Casa Garcia Gourmet,Acessórios,FOLHA ALUM PRATO 9 MANUAL CX100 1070,ALFA SEVEN,6078,CX 01,20,2026-08-26 17:44:24,https://casagarciafortaleza.com.br/index.php
Casa Garcia Gourmet,Acessórios,FOLHA ALUM PRATSY CAKE CX50 1199,ALFA SEVEN,6098,CX 02,20,2026-08-26 17:44:24,https://casagarciafortaleza.com.br/index.php
Casa Garcia Gourmet,Acessórios,FOLHA ALUM PUDIM 100G AL26 CX450 1060,ALFA SEVEN,6094,CX 05,20,2026-08-26 17:44:24,https://casagarciafortaleza.com.br/index.php
Casa Garcia Gourmet,Acessórios,FOLHA ALUMINIO MOLD-D12 220ML,WYDA PRATIC,961,CX 01,20,2026-08-26 17:44:24,https://casagarciafortaleza.com.br/index.php
Casa Garcia Gourmet,Acessórios,FOLHA ALUMINIO MOLD-D7 750ML,WYDA PRATIC,964,CX 01,20,2026-08-26 17:44:24,https://casagarciafortaleza.com.br/index.php
Casa Garcia Gourmet,Acessórios,FOLHA ALUMINIO MOLD-D8 1500ML,WYDA PRATIC,967,CX 01,20,2026-08-26 17:44:24,https://casagarciafortaleza.com.br/index.php
Casa Garcia Gourmet,Acessórios,FOLHA ALUMINIO MOLD-D9 2000 ML,WYDA PRATIC,968,CX 01,20,2026-08-26 17:44:24,https://casagarciafortaleza.com.br/index.php
Casa Garcia Gourmet,Acessórios,FOLHA ALUMINIO MOLDADA NO 09,WYDA PRATIC,960,CX 01,20,2026-08-26 17:44:24,https://casagarciafortaleza.com.br/index.php
Casa Garcia Gourmet,Acessórios,FOLHA PRATSY FOGAO 27X27 CX30 1063,ALFA SEVEN,6074,CX 30,20,2026-08-26 17:44:24,https://casagarciafortaleza.com.br/index.php
Casa Garcia Gourmet,Acessórios,"FORMA BALLERINE 26X22X8,5 2891",CAPARROZ,9693,UN 01,20,2026-08-26 17:44:24,https://casagarciafortaleza.com.br/index.php
Casa Garcia Gourmet,Acessórios,"FORMA BALLERINE COELHO G 27X17X4,5 1016",CAPARROZ,6055,UN 01,20,2026-08-26 17:44:24,https://casagarciafortaleza.com.br/index.php
Casa Garcia Gourmet,Acessórios,FORMA BALLERINE COELHO M 20X12X4 7236,CAPARROZ,78475,CX 01,20,2026-08-26 17:44:24,https://casagarciafortaleza.com.br/index.php
Casa Garcia Gourmet,Acessórios,"FORMA BALLERINE COELHO P 15X3,5 1037",CAPARROZ,6056,UN 01,21,2026-08-26 17:44:25,https://casagarciafortaleza.com.br/index.php
Casa Garcia Gourmet,Acessórios,"FORMA BALLERINE CORACAO 18X20X4,5 ALUM",CAPARROZ,10074,UN 01,21,2026-08-26 17:44:25,https://casagarciafortaleza.com.br/index.php
Casa Garcia Gourmet,Acessórios,FORMA BALLERINE REBAIXADA M 22X7 0887,CAPARROZ,6199,UN 01,21,2026-08-26 17:44:25,https://casagarciafortaleza.com.br/index.php
Casa Garcia Gourmet,Acessórios,FORMA BOLO DE ROLO 30X40 ALUM 2834,CAPARROZ,6186,UN 01,21,2026-08-26 17:44:25,https://casagarciafortaleza.com.br/index.php
Casa Garcia Gourmet,Acessórios,FORMA BOLO INGLES ABAS/T DEC 100G 5UN,ULTRAFEST,10880,CX 10,21,2026-08-26 17:44:25,https://casagarciafortaleza.com.br/index.php
Casa Garcia Gourmet,Acessórios,FORMA BOLO INGLES ABAS/T DEC 250G 5UN,ULTRAFEST,10881,CX 10,21,2026-08-26 17:44:25,https://casagarciafortaleza.com.br/index.php
Casa Garcia Gourmet,Acessórios,FORMA BOLO INGLES ABAS/T DEC 600G 5UN,ULTRAFEST,10882,CX 05,21,2026-08-26 17:44:25,https://casagarciafortaleza.com.br/index.php
Casa Garcia Gourmet,Acessórios,FORMA BOLO INGLES ABAS/T DEC 750G 5UN,ULTRAFEST,10887,CX 05,21,2026-08-26 17:44:25,https://casagarciafortaleza.com.br/index.php
Casa Garcia Gourmet,Acessórios,FORMA BOLO INGLES N1 21X9X4 ALUM 2123,CAPARROZ,10052,UN 01,21,2026-08-26 17:44:25,https://casagarciafortaleza.com.br/index.php
Casa Garcia Gourmet,Acessórios,FORMA CANAPES ALUMINIZADA 30X05X05,IMECA,1848,UN 01,21,2026-08-26 17:44:25,https://casagarciafortaleza.com.br/index.php
Casa Garcia Gourmet,Acessórios,FORMA CANAPES FLANDRES 30X05X05 C/T,IMECA,2393,UN 01,21,2026-08-26 17:44:25,https://casagarciafortaleza.com.br/index.php
Casa Garcia Gourmet,Acessórios,FORMA COLOMBA TRAD 500G FIORI 5UN,ULTRAFEST,10994,CX 05,21,2026-08-26 17:44:25,https://casagarciafortaleza.com.br/index.php
Casa Garcia Gourmet,Acessórios,FORMA DE PUDIM C/TAMPA 120ML PC 12UN,PRAFESTA,5255,CX 12,22,2026-08-26 17:44:26,https://casagarciafortaleza.com.br/index.php
Casa Garcia Gourmet,Acessórios,FORMA EMPADA LISA MINI N 0 BUFFET 1470,CAPARROZ,6136,UN 01,22,2026-08-26 17:44:26,https://casagarciafortaleza.com.br/index.php
Casa Garcia Gourmet,Acessórios,FORMA ESPIRAL 23X10 2655,CAPARROZ,9690,UN 01,22,2026-08-26 17:44:26,https://casagarciafortaleza.com.br/index.php
Casa Garcia Gourmet,Acessórios,FORMA FLOR 25X5 ALUM 2451,CAPARROZ,10056,UN 01,22,2026-08-26 17:44:26,https://casagarciafortaleza.com.br/index.php
Casa Garcia Gourmet,Acessórios,"FORMA GIRASSOL 25,5X3 2795",CAPARROZ,9765,UN 01,22,2026-08-26 17:44:26,https://casagarciafortaleza.com.br/index.php
Casa Garcia Gourmet,Acessórios,FORMA IMP AMARELA 1000UN N 5L,MAGO,1588,PC 01,22,2026-08-26 17:44:26,https://casagarciafortaleza.com.br/index.php
Casa Garcia Gourmet,Acessórios,FORMA IMP AZ BEBE 1000UN N 5L,MAGO,1589,PC 01,22,2026-08-26 17:44:26,https://casagarciafortaleza.com.br/index.php
Casa Garcia Gourmet,Acessórios,FORMA IMP AZ ROYAL 1000UN N 5L,MAGO,1590,PC 01,22,2026-08-26 17:44:26,https://casagarciafortaleza.com.br/index.php
Casa Garcia Gourmet,Acessórios,FORMA IMP BRANCA 1000UN N 4L,MAGO,1697,PC 01,22,2026-08-26 17:44:26,https://casagarciafortaleza.com.br/index.php
Casa Garcia Gourmet,Acessórios,FORMA IMP BRANCA 1000UN N 5L,MAGO,1591,PC 01,22,2026-08-26 17:44:26,https://casagarciafortaleza.com.br/index.php
Casa Garcia Gourmet,Acessórios,FORMA IMP GPEL CUP 45UN AZ ROYAL N 0L,MAGO,1657,PC 20,22,2026-08-26 17:44:26,https://casagarciafortaleza.com.br/index.php
Casa Garcia Gourmet,Acessórios,FORMA IMP GPEL CUP 45UN LARANJA N 0L,MAGO,1661,PC 20,22,2026-08-26 17:44:26,https://casagarciafortaleza.com.br/index.php
Casa Garcia Gourmet,Acessórios,FORMA IMP GPEL CUP 45UN LILAS N 0L,MAGO,1662,PC 20,23,2026-08-26 17:44:27,https://casagarciafortaleza.com.br/index.php
Casa Garcia Gourmet,Acessórios,FORMA IMP GPEL CUP 45UN N 0L AZUL BEBE,MAGO,2665,PC 20,23,2026-08-26 17:44:27,https://casagarciafortaleza.com.br/index.php
Casa Garcia Gourmet,Acessórios,FORMA IMP GPEL CUP 45UN N 0L MARROM,MAGO,1663,PC 20,23,2026-08-26 17:44:27,https://casagarciafortaleza.com.br/index.php
Casa Garcia Gourmet,Acessórios,FORMA IMP GPEL CUP 45UN N 0L ROSA BEBE,MAGO,2666,PC 20,23,2026-08-26 17:44:27,https://casagarciafortaleza.com.br/index.php
Casa Garcia Gourmet,Acessórios,FORMA IMP GPEL CUP 45UN PINK N 0L,MAGO,1664,PC 20,23,2026-08-26 17:44:27,https://casagarciafortaleza.com.br/index.php
Casa Garcia Gourmet,Acessórios,FORMA IMP GPEL CUPCAKE 45UN N 0L NATURAL,MAGO,2654,PC 20,23,2026-08-26 17:44:27,https://casagarciafortaleza.com.br/index.php
Casa Garcia Gourmet,Acessórios,FORMA IMP LARANJA 1000UN N 4R,MAGO,1678,PC 01,23,2026-08-26 17:44:27,https://casagarciafortaleza.com.br/index.php
Casa Garcia Gourmet,Acessórios,FORMA IMP LARANJA 1000UN N 5L,MAGO,1594,PC 01,23,2026-08-26 17:44:27,https://casagarciafortaleza.com.br/index.php
Casa Garcia Gourmet,Acessórios,FORMA IMP LILAS 1000UN N 4R,MAGO,1680,PC 01,23,2026-08-26 17:44:27,https://casagarciafortaleza.com.br/index.php
Casa Garcia Gourmet,Acessórios,FORMA IMP MARROM D/F 1000UN N 5L,MAGO,1618,PC 01,23,2026-08-26 17:44:27,https://casagarciafortaleza.com.br/index.php
Casa Garcia Gourmet,Acessórios,FORMA IMP MINI CUP 45UN AZUL C/BOL BCA,MAGO,1576,PC 20,23,2026-08-26 17:44:27,https://casagarciafortaleza.com.br/index.php
Casa Garcia Gourmet,Acessórios,FORMA IMP P/MINI CUPCAKE 45UN BOLINHO,MAGO,1668,PC 20,23,2026-08-26 17:44:27,https://casagarciafortaleza.com.br/index.php
Casa Garcia Gourmet,Acessórios,FORMA IMP PINK 1000UN N 4R,MAGO,1682,PC 01,24,2026-08-26 17:44:28,https://casagarciafortaleza.com.br/index.php
Casa Garcia Gourmet,Acessórios,FORMA IMP PRETA 1000UN N 5L,MAGO,1597,PC 01,24,2026-08-26 17:44:28,https://casagarciafortaleza.com.br/index.php
Casa Garcia Gourmet,Acessórios,FORMA IMP ROSA BEBE 1000UN N 5L,MAGO,9383,PC 01,24,2026-08-26 17:44:28,https://casagarciafortaleza.com.br/index.php
Casa Garcia Gourmet,Acessórios,FORMA IMP V BANDEIRA 1000UN N 4R,MAGO,1688,PC 01,24,2026-08-26 17:44:28,https://casagarciafortaleza.com.br/index.php
Casa Garcia Gourmet,Acessórios,FORMA IMP V BANDEIRA 1000UN N 5L,MAGO,1599,PC 01,24,2026-08-26 17:44:28,https://casagarciafortaleza.com.br/index.php
Casa Garcia Gourmet,Acessórios,FORMA IMP VERDE BEBE 1000UN N 3R,MAGO,1705,PC 01,24,2026-08-26 17:44:28,https://casagarciafortaleza.com.br/index.php
Casa Garcia Gourmet,Acessórios,FORMA IMP VERDE LIMAO 1000UN N 4R,MAGO,1709,PC 01,24,2026-08-26 17:44:28,https://casagarciafortaleza.com.br/index.php
Casa Garcia Gourmet,Acessórios,FORMA IMP VERM 1000UN N 5L,MAGO,1601,PC 01,24,2026-08-26 17:44:28,https://casagarciafortaleza.com.br/index.php
Casa Garcia Gourmet,Acessórios,FORMA MET VERM 1000UN N 5R,MAGO,1653,PC 01,24,2026-08-26 17:44:28,https://casagarciafortaleza.com.br/index.php
Casa Garcia Gourmet,Acessórios,FORMA MINI CUP 45UN CORACAO 3 N 2L,MAGO,935,PC 20,24,2026-08-26 17:44:28,https://casagarciafortaleza.com.br/index.php
Casa Garcia Gourmet,Acessórios,FORMA MURALHA 22X7 ALUM 852,CAPARROZ,6195,UN 01,24,2026-08-26 17:44:28,https://casagarciafortaleza.com.br/index.php
Casa Garcia Gourmet,Acessórios,"FORMA OVO PASCOA G 20,5X14 ALUM 3243",CAPARROZ,5146,UN 01,24,2026-08-26 17:44:28,https://casagarciafortaleza.com.br/index.php
Casa Garcia Gourmet,Acessórios,"FORMA OVO PASCOA M 15,5X10 ALUM 3242",CAPARROZ,6169,PC 01,25,2026-08-26 17:44:29,https://casagarciafortaleza.com.br/index.php
Casa Garcia Gourmet,Acessórios,"FORMA OVO PASCOA P 8X5,7 2UN ALUM 3241",CAPARROZ,5145,UN 01,25,2026-08-26 17:44:29,https://casagarciafortaleza.com.br/index.php
Casa Garcia Gourmet,Acessórios,FORMA PANETONE 100G DECOR PCT 100UN,TOP LINE,4435,CX 28,25,2026-08-26 17:44:29,https://casagarciafortaleza.com.br/index.php
Casa Garcia Gourmet,Acessórios,FORMA PANETONE 100G PCT 100UN,TOP LINE,4430,CX 28,25,2026-08-26 17:44:29,https://casagarciafortaleza.com.br/index.php
Casa Garcia Gourmet,Acessórios,"FORMA PANETONE 13,4X9,5 VERDE 500G 10UN",ULTRAFEST,10877,CX 10,25,2026-08-26 17:44:29,https://casagarciafortaleza.com.br/index.php
Casa Garcia Gourmet,Acessórios,"FORMA PANETONE 13,4X9,5 VERM 500G 10UN",ULTRAFEST,10878,CX 10,25,2026-08-26 17:44:29,https://casagarciafortaleza.com.br/index.php
Casa Garcia Gourmet,Acessórios,FORMA PANETONE 500G CX 1000UN,TOP LINE,4434,CX 01,25,2026-08-26 17:44:29,https://casagarciafortaleza.com.br/index.php
Casa Garcia Gourmet,Acessórios,FORMA PANETONE 500G DECOR 12UN CURIFEST,CURIFEST,11690,CX 12,25,2026-08-26 17:44:29,https://casagarciafortaleza.com.br/index.php
Casa Garcia Gourmet,Acessórios,FORMA PANETONE 500G DECOR PCT 100UN,TOP LINE,4433,CX 08,25,2026-08-26 17:44:29,https://casagarciafortaleza.com.br/index.php
Casa Garcia Gourmet,Acessórios,FORMA PANETONE 500G PCT 100UN,TOP LINE,4431,CX 08,25,2026-08-26 17:44:29,https://casagarciafortaleza.com.br/index.php
Casa Garcia Gourmet,Acessórios,FORMA PANETONE 7X6CM KRAFT 100G 10UN,ULTRAFEST,11774,CX 10,25,2026-08-26 17:44:29,https://casagarciafortaleza.com.br/index.php
Casa Garcia Gourmet,Acessórios,FORMA PANETONE 7X6CM MARROM 100G 10UN,ULTRAFEST,11775,CX 10,25,2026-08-26 17:44:29,https://casagarciafortaleza.com.br/index.php
Casa Garcia Gourmet,Acessórios,FORMA PANETONE 7X6CM VERM 100G 10UN,ULTRAFEST,11776,CX 10,26,2026-08-26 17:44:31,https://casagarciafortaleza.com.br/index.php
Casa Garcia Gourmet,Acessórios,FORMA PANETONE 9X9 MARROM 250G 10UN,ULTRAFEST,10879,CX 10,26,2026-08-26 17:44:31,https://casagarciafortaleza.com.br/index.php
Casa Garcia Gourmet,Acessórios,FORMA PANETONE 9X9CM KRAFT 250G 10UN,ULTRAFEST,11778,CX 10,26,2026-08-26 17:44:31,https://casagarciafortaleza.com.br/index.php
Casa Garcia Gourmet,Acessórios,FORMA PANETONE 9X9CM VERM 250G 10UN,ULTRAFEST,11777,CX 10,26,2026-08-26 17:44:31,https://casagarciafortaleza.com.br/index.php
Casa Garcia Gourmet,Acessórios,FORMA PANETONE ECO 250G VERDE 12UN CURIF,CURIFEST,11691,CX 12,26,2026-08-26 17:44:31,https://casagarciafortaleza.com.br/index.php
Casa Garcia Gourmet,Acessórios,FORMA PAO DE FORMA 30X10X10 ALUMINOL,IMECA,1841,UN 01,26,2026-08-26 17:44:31,https://casagarciafortaleza.com.br/index.php
Casa Garcia Gourmet,Acessórios,FORMA PAO DE FORMA 30X10X10 FLANDRES,IMECA,1843,UN 01,26,2026-08-26 17:44:31,https://casagarciafortaleza.com.br/index.php
Casa Garcia Gourmet,Acessórios,FORMA PAO DE MEL 25 PECAS ALUM 2056,CAPARROZ,6187,CX 01,26,2026-08-26 17:44:31,https://casagarciafortaleza.com.br/index.php
Casa Garcia Gourmet,Acessórios,"FORMA PAPAI 14,3X4,8 ALUM 1050",CAPARROZ,6161,UN 01,26,2026-08-26 17:44:31,https://casagarciafortaleza.com.br/index.php
Casa Garcia Gourmet,Acessórios,FORMA PARA CONFEITARIA C/TAMPA 120ML 10UN,PLASTILANIA,4846,CX 30,26,2026-08-26 17:44:31,https://casagarciafortaleza.com.br/index.php
Casa Garcia Gourmet,Acessórios,FORMA PIE IMP C/T 16X3 MARROM 5UN,ULTRAFEST,10991,CX 05,26,2026-08-26 17:44:31,https://casagarciafortaleza.com.br/index.php
Casa Garcia Gourmet,Acessórios,FORMA PIE IMP C/T 18X3 MARROM 5UN,ULTRAFEST,10992,CX 05,26,2026-08-26 17:44:31,https://casagarciafortaleza.com.br/index.php
Casa Garcia Gourmet,Acessórios,FORMA PIE IMP C/T 22X25 MARROM 5UN,ULTRAFEST,10993,CX 05,27,2026-08-26 17:44:32,https://casagarciafortaleza.com.br/index.php
Casa Garcia Gourmet,Acessórios,FORMA PIE IMP QUAD C/T 6X5 MARROM P 5UN,ULTRAFEST,10995,CX 10,27,2026-08-26 17:44:32,https://casagarciafortaleza.com.br/index.php
Casa Garcia Gourmet,Acessórios,FORMA PIE RED C/T FIORI 9X2 5UN,ULTRAFEST,10990,CX 10,27,2026-08-26 17:44:32,https://casagarciafortaleza.com.br/index.php
Casa Garcia Gourmet,Acessórios,FORMA PLUMPY C/T MARROM M 250G 5UN,ULTRAFEST,10988,CX 10,27,2026-08-26 17:44:32,https://casagarciafortaleza.com.br/index.php
Casa Garcia Gourmet,Acessórios,FORMA PLUMPY C/T MARROM P 100G 5UN,ULTRAFEST,10888,CX 10,27,2026-08-26 17:44:32,https://casagarciafortaleza.com.br/index.php
Casa Garcia Gourmet,Acessórios,FORMA PLUMPY C/T VERMELHA M 250G 5UN,ULTRAFEST,10989,CX 10,27,2026-08-26 17:44:32,https://casagarciafortaleza.com.br/index.php
Casa Garcia Gourmet,Acessórios,FORMA PLUMPY C/T VERMELHA P 100G 5UN,ULTRAFEST,10889,CX 10,27,2026-08-26 17:44:32,https://casagarciafortaleza.com.br/index.php
Casa Garcia Gourmet,Acessórios,FORMA PUDIM FAMILIA C/TAMPA 1100ML 05UN,PLASTILANIA,4838,CX 10,27,2026-08-26 17:44:32,https://casagarciafortaleza.com.br/index.php
Casa Garcia Gourmet,Acessórios,FORMA PUDIM GRANDE C/TAMPA 500ML 6UN,PLASTILANIA,4849,CX 20,27,2026-08-26 17:44:32,https://casagarciafortaleza.com.br/index.php
Casa Garcia Gourmet,Acessórios,FORMA PUDIM MEDIA C/TAMPA 250ML 08UN,PLASTILANIA,4839,CX 20,27,2026-08-26 17:44:32,https://casagarciafortaleza.com.br/index.php
Casa Garcia Gourmet,Acessórios,FORMA PUDIM PEQUENA C/TAMPA 120ML 10UN,PLASTILANIA,4850,CX 30,27,2026-08-26 17:44:32,https://casagarciafortaleza.com.br/index.php
Casa Garcia Gourmet,Acessórios,FORMA REDONDA FUNDO FALSO 10X7 1913,CAPARROZ,5741,PC 01,27,2026-08-26 17:44:32,https://casagarciafortaleza.com.br/index.php
Casa Garcia Gourmet,Acessórios,FORMA REDONDA FUNDO FALSO 13X5 570,CAPARROZ,5827,CX 01,28,2026-08-26 17:44:33,https://casagarciafortaleza.com.br/index.php
Casa Garcia Gourmet,Acessórios,FORMA REDONDA FUNDO FALSO 20X5 262,CAPARROZ,5830,CX 01,28,2026-08-26 17:44:33,https://casagarciafortaleza.com.br/index.php
Casa Garcia Gourmet,Acessórios,FORMA REDONDA RETA 10X5 52,CAPARROZ,5810,CX 01,28,2026-08-26 17:44:33,https://casagarciafortaleza.com.br/index.php
Casa Garcia Gourmet,Acessórios,FORMA REDONDA RETA 13X5 532,CAPARROZ,5811,CX 01,28,2026-08-26 17:44:33,https://casagarciafortaleza.com.br/index.php
Casa Garcia Gourmet,Acessórios,FORMA REDONDA RETA 13X7 551,CAPARROZ,5819,CX 01,28,2026-08-26 17:44:33,https://casagarciafortaleza.com.br/index.php
Casa Garcia Gourmet,Acessórios,FORMA REDONDA RETA 18X5 539,CAPARROZ,5813,CX 01,28,2026-08-26 17:44:33,https://casagarciafortaleza.com.br/index.php
Casa Garcia Gourmet,Acessórios,FORMA REDONDA RETA 18X7 553,CAPARROZ,5821,CX 01,28,2026-08-26 17:44:33,https://casagarciafortaleza.com.br/index.php
Casa Garcia Gourmet,Acessórios,FORMA REDONDA RETA 25X7 70,CAPARROZ,5824,CX 01,28,2026-08-26 17:44:33,https://casagarciafortaleza.com.br/index.php
Casa Garcia Gourmet,Acessórios,FORMA REDONDA RETA 30X5 260,CAPARROZ,5817,CX 01,28,2026-08-26 17:44:33,https://casagarciafortaleza.com.br/index.php
Casa Garcia Gourmet,Acessórios,FORMA SUICA DECOR N1 MINI 06 PC 3225,CAPARROZ,6224,CX 01,28,2026-08-26 17:44:33,https://casagarciafortaleza.com.br/index.php
Casa Garcia Gourmet,Acessórios,FORMA SUICA DECOR N2 22X18X9 3168,CAPARROZ,5740,CX 01,28,2026-08-26 17:44:33,https://casagarciafortaleza.com.br/index.php
Casa Garcia Gourmet,Acessórios,FORMA SUICA DECOR N3 22X9 3244,CAPARROZ,6225,CX 01,28,2026-08-26 17:44:33,https://casagarciafortaleza.com.br/index.php
Casa Garcia Gourmet,Acessórios,FORMA SUICA DECORADA N 1 ALUM 3085,CAPARROZ,10063,UN 01,29,2026-08-26 17:44:34,https://casagarciafortaleza.com.br/index.php
Casa Garcia Gourmet,Acessórios,FORMA SUICA DECORADA N 2 MINI 6 PCS 446,CAPARROZ,6170,PC 01,29,2026-08-26 17:44:34,https://casagarciafortaleza.com.br/index.php
Casa Garcia Gourmet,Acessórios,FORMA SUICA DECORADA N 4 22X7 ALUM 883,CAPARROZ,6162,UN 01,29,2026-08-26 17:44:34,https://casagarciafortaleza.com.br/index.php
Casa Garcia Gourmet,Acessórios,FORMA SUICA DECORADA N 5 24X9 3258,CAPARROZ,6227,UN 01,29,2026-08-26 17:44:34,https://casagarciafortaleza.com.br/index.php
Casa Garcia Gourmet,Acessórios,FORMA SUICA DECORADA N 7 13X6 ALUM 703,CAPARROZ,6191,UN 01,29,2026-08-26 17:44:34,https://casagarciafortaleza.com.br/index.php
Casa Garcia Gourmet,Acessórios,FORMA SUICA DECORADA N 8 23X9 ALUM 766,CAPARROZ,6192,UN 01,29,2026-08-26 17:44:34,https://casagarciafortaleza.com.br/index.php
Casa Garcia Gourmet,Acessórios,FORMA SUICA DECORADA N1 P 13X6 3174,CAPARROZ,9768,UN 01,29,2026-08-26 17:44:34,https://casagarciafortaleza.com.br/index.php
Casa Garcia Gourmet,Acessórios,FORMA SUICA RETA 21X10 ALUM 690,CAPARROZ,6190,UN 01,29,2026-08-26 17:44:34,https://casagarciafortaleza.com.br/index.php
Casa Garcia Gourmet,Acessórios,FORMA TORTA BALLERINE M 18X5 ALUM 910,CAPARROZ,6069,UN 01,29,2026-08-26 17:44:34,https://casagarciafortaleza.com.br/index.php
Casa Garcia Gourmet,Acessórios,FORMA TORTA SUICA 13X6 286,CAPARROZ,6211,UN 01,29,2026-08-26 17:44:34,https://casagarciafortaleza.com.br/index.php
Casa Garcia Gourmet,Acessórios,FORMA TORTA SUICA 13X8 287,CAPARROZ,6212,UN 01,29,2026-08-26 17:44:34,https://casagarciafortaleza.com.br/index.php
Casa Garcia Gourmet,Acessórios,FORMA TORTA SUICA 15X6 1351,CAPARROZ,6213,UN 01,29,2026-08-26 17:44:34,https://casagarciafortaleza.com.br/index.php
Casa Garcia Gourmet,Acessórios,FORMA TORTA SUICA 15X8 1183,CAPARROZ,6214,UN 01,30,2026-08-26 17:44:35,https://casagarciafortaleza.com.br/index.php
Casa Garcia Gourmet,Acessórios,FORMA TORTA SUICA 18X6 289,CAPARROZ,6216,UN 01,30,2026-08-26 17:44:35,https://casagarciafortaleza.com.br/index.php
Casa Garcia Gourmet,Acessórios,FORMA TORTA SUICA 18X8 1405,CAPARROZ,6217,UN 01,30,2026-08-26 17:44:35,https://casagarciafortaleza.com.br/index.php
Casa Garcia Gourmet,Acessórios,FORMA TORTA SUICA 20X6 290,CAPARROZ,6219,UN 01,30,2026-08-26 17:44:35,https://casagarciafortaleza.com.br/index.php
Casa Garcia Gourmet,Acessórios,FORMA TORTA SUICA 20X8 640,CAPARROZ,6220,UN 01,30,2026-08-26 17:44:35,https://casagarciafortaleza.com.br/index.php
Casa Garcia Gourmet,Acessórios,FORMA TORTA SUICA QUINDAO 15X8 285,CAPARROZ,6223,UN 01,30,2026-08-26 17:44:35,https://casagarciafortaleza.com.br/index.php
Casa Garcia Gourmet,Acessórios,FORMA VULCAO MINI 6 PCS ALUM 448,CAPARROZ,6183,PC 01,30,2026-08-26 17:44:35,https://casagarciafortaleza.com.br/index.php
Casa Garcia Gourmet,Acessórios,FORMA VULCAO P S/CONE 13X6 ALUM 473,CAPARROZ,6189,UN 01,30,2026-08-26 17:44:35,https://casagarciafortaleza.com.br/index.php
Casa Garcia Gourmet,Acessórios,G100-100CJ EMB FRANGO PP BRANCA,GALVANOTEK,1400,CX 100,30,2026-08-26 17:44:35,https://casagarciafortaleza.com.br/index.php
Casa Garcia Gourmet,Acessórios,G1053-24CJ POTE MULTIUSO 3400ML PRETO,GALVANOTEK,8725,UN 01,30,2026-08-26 17:44:35,https://casagarciafortaleza.com.br/index.php
Casa Garcia Gourmet,Acessórios,G1070PR-16CJ POTE BAZAR 1500ML PRETO,GALVANOTEK,8724,UN 01,30,2026-08-26 17:44:35,https://casagarciafortaleza.com.br/index.php
Casa Garcia Gourmet,Acessórios,G1080-12CJ POTE MULTIUSO 700ML BRANCO,GALVANOTEK,9842,CX 12,30,2026-08-26 17:44:35,https://casagarciafortaleza.com.br/index.php
Casa Garcia Gourmet,Acessórios,G1080-12CJ POTE MULTIUSO 700ML PRETO,GALVANOTEK,9479,CX 12,31,2026-08-26 17:44:36,https://casagarciafortaleza.com.br/index.php
Casa Garcia Gourmet,Acessórios,G1113-12CJ POTE MULTIUSO 650ML AMADEIRAD,GALVANOTEK,9480,CX 12,31,2026-08-26 17:44:36,https://casagarciafortaleza.com.br/index.php
Casa Garcia Gourmet,Acessórios,G1119-12CJ POTE MULTIUSO 1100ML AMADEIRA,GALVANOTEK,9478,CX 12,31,2026-08-26 17:44:36,https://casagarciafortaleza.com.br/index.php
Casa Garcia Gourmet,Acessórios,G1124-12CJ POTE MULTIUSO 1400ML AMADEIRA,GALVANOTEK,9481,CX 12,31,2026-08-26 17:44:36,https://casagarciafortaleza.com.br/index.php
Casa Garcia Gourmet,Acessórios,G1420-12CJ POTE MULTIUSO 2000ML BC/PT,GALVANOTEK,8663,UN 01,31,2026-08-26 17:44:36,https://casagarciafortaleza.com.br/index.php
Casa Garcia Gourmet,Acessórios,G1432-18CJ - POTE MULTIUSO 1300ML PRETO,GALVANOTEK,8726,UN 01,31,2026-08-26 17:44:36,https://casagarciafortaleza.com.br/index.php
Casa Garcia Gourmet,Acessórios,G15-100UN 4 DOCES MILLENIUM CRISTAL PET,GALVANOTEK,1435,UN 01,31,2026-08-26 17:44:36,https://casagarciafortaleza.com.br/index.php
Casa Garcia Gourmet,Acessórios,G1500-12CJ JARRA PET 1700ML SORTIDO,GALVANOTEK,8664,UN 01,31,2026-08-26 17:44:36,https://casagarciafortaleza.com.br/index.php
Casa Garcia Gourmet,Acessórios,G307/145-25CJ KIT POTE RED C/T 145ML PP,GALVANOTEK,9475,CX 32,31,2026-08-26 17:44:36,https://casagarciafortaleza.com.br/index.php
Casa Garcia Gourmet,Acessórios,G310 POTE MULTIUSO C/TAMPA 250ML 25UN,GALVANOTEK,1398,CX 18,31,2026-08-26 17:44:36,https://casagarciafortaleza.com.br/index.php
Casa Garcia Gourmet,Acessórios,G310/350-25CJ KIT POTE RED C/T 350ML PP,GALVANOTEK,9471,CX 16,31,2026-08-26 17:44:36,https://casagarciafortaleza.com.br/index.php
Casa Garcia Gourmet,Acessórios,G312 POTE MULTIUSO C/TAMPA 25X500ML,GALVANOTEK,1445,CX 12,31,2026-08-26 17:44:36,https://casagarciafortaleza.com.br/index.php
Casa Garcia Gourmet,Acessórios,G315 POTE MULTIUSO C/TAMPA 20X1000ML,GALVANOTEK,1446,CX 06,32,2026-08-26 17:44:37,https://casagarciafortaleza.com.br/index.php
Casa Garcia Gourmet,Acessórios,G323-100UN EMB 3 DIVIS TP ART PP,GALVANOTEK,1423,CX 100,32,2026-08-26 17:44:37,https://casagarciafortaleza.com.br/index.php
Casa Garcia Gourmet,Acessórios,G32CT-100CJ CONTEMP MINITORTA 750G PRETO,GALVANOTEK,1394,CX 01,32,2026-08-26 17:44:37,https://casagarciafortaleza.com.br/index.php
Casa Garcia Gourmet,Acessórios,G32DE-100CJ BOLO SECO DIAMANTE 750G PRET,GALVANOTEK,1366,CX 01,32,2026-08-26 17:44:37,https://casagarciafortaleza.com.br/index.php
Casa Garcia Gourmet,Acessórios,G32F-100CJ TORTA MINI FLOW M PRETA 750G,GALVANOTEK,1372,CX 100,32,2026-08-26 17:44:37,https://casagarciafortaleza.com.br/index.php
Casa Garcia Gourmet,Acessórios,G32M-100CJ MILLENIUM MINITORTA MEDIA,GALVANOTEK,1410,CX 100,32,2026-08-26 17:44:37,https://casagarciafortaleza.com.br/index.php
Casa Garcia Gourmet,Acessórios,G32MA-100CJ MILLE MINITORTA 1KG ALTA BCO,GALVANOTEK,1377,CX 100,32,2026-08-26 17:44:37,https://casagarciafortaleza.com.br/index.php
Casa Garcia Gourmet,Acessórios,G32MB-100CJ MILLE MINITORT 700G BAIXA BC,GALVANOTEK,1411,CX 100,32,2026-08-26 17:44:37,https://casagarciafortaleza.com.br/index.php
Casa Garcia Gourmet,Acessórios,G34-100CJ COLOMBA IDEAL 2000ML,GALVANOTEK,1439,UN 01,32,2026-08-26 17:44:37,https://casagarciafortaleza.com.br/index.php
Casa Garcia Gourmet,Acessórios,G34P-150CJ EMB MINI COLOMBA 1000ML,GALVANOTEK,1422,CX 150,32,2026-08-26 17:44:37,https://casagarciafortaleza.com.br/index.php
Casa Garcia Gourmet,Acessórios,G3520-70CJ GARRAFA PET 200ML TAMPA PRETA,GALVANOTEK,8665,UN 01,32,2026-08-26 17:44:37,https://casagarciafortaleza.com.br/index.php
Casa Garcia Gourmet,Acessórios,G3530-70CJ GARRAFA PET 300ML TAMPA PRETA,GALVANOTEK,8677,UN 01,32,2026-08-26 17:44:37,https://casagarciafortaleza.com.br/index.php
Casa Garcia Gourmet,Acessórios,G3540-70CJ GARRAFA PET 400ML TAMPA PRETA,GALVANOTEK,8678,UN 01,33,2026-08-26 17:44:38,https://casagarciafortaleza.com.br/index.php
Casa Garcia Gourmet,Acessórios,G3550-70CJ GARRAFA PET 500ML TAMPA PRETA,GALVANOTEK,8679,UN 01,33,2026-08-26 17:44:38,https://casagarciafortaleza.com.br/index.php
Casa Garcia Gourmet,Acessórios,G35CT-100CJ TORTA BOLO ALTA 500G PRETA P,GALVANOTEK,1395,CX 01,33,2026-08-26 17:44:38,https://casagarciafortaleza.com.br/index.php
Casa Garcia Gourmet,Acessórios,G35MA-100CJ MILLE BOLO 15 500G ALTA BCO,GALVANOTEK,1401,CX 100,33,2026-08-26 17:44:38,https://casagarciafortaleza.com.br/index.php
Casa Garcia Gourmet,Acessórios,"G37CT-100CJ TORTA P MEDIA 1,2KG PRET PET",GALVANOTEK,1376,CX 01,33,2026-08-26 17:44:38,https://casagarciafortaleza.com.br/index.php
Casa Garcia Gourmet,Acessórios,"G37MA-100CJ TORTA P MILLE ALTA 1,2KG BCA",GALVANOTEK,1375,CX 01,33,2026-08-26 17:44:38,https://casagarciafortaleza.com.br/index.php
Casa Garcia Gourmet,Acessórios,"G50CT-50CJ CONTEMP TORTA P 1,5KG PRETO",GALVANOTEK,1392,CX 01,33,2026-08-26 17:44:38,https://casagarciafortaleza.com.br/index.php
Casa Garcia Gourmet,Acessórios,"G50CTA-50CJ CONT TORTA P 1,7KG ALTA PRET",GALVANOTEK,1393,CX 01,33,2026-08-26 17:44:38,https://casagarciafortaleza.com.br/index.php
Casa Garcia Gourmet,Acessórios,"G50F-50CJ TORTA PEQ FLOWER M PRETA 1,5KG",GALVANOTEK,1449,CX 50,33,2026-08-26 17:44:38,https://casagarciafortaleza.com.br/index.php
Casa Garcia Gourmet,Acessórios,"G50MA-50CJ MILLE TORTA P 1,7KG ALTA BCO",GALVANOTEK,1426,CX 50,33,2026-08-26 17:44:38,https://casagarciafortaleza.com.br/index.php
Casa Garcia Gourmet,Acessórios,"G50MM-50CJ MILLE TORTA P 1,5KG BCO",GALVANOTEK,1402,CX 50,33,2026-08-26 17:44:38,https://casagarciafortaleza.com.br/index.php
Casa Garcia Gourmet,Acessórios,G50S-50CJ TORTA PEQ SUPREMA MEDIA PRETA,GALVANOTEK,1452,CX 50,33,2026-08-26 17:44:38,https://casagarciafortaleza.com.br/index.php
Casa Garcia Gourmet,Acessórios,G540-100CJ C/4 DIVISORIAS CRISTAL PET,GALVANOTEK,1382,CX 01,34,2026-08-26 17:44:40,https://casagarciafortaleza.com.br/index.php
Casa Garcia Gourmet,Acessórios,G550-100CJ BANDEJA C/DIVISORIA PRETA PET,GALVANOTEK,1381,CX 01,34,2026-08-26 17:44:40,https://casagarciafortaleza.com.br/index.php
Casa Garcia Gourmet,Acessórios,G55CT-25CJ CONT TORTA ALTA GOURMET PRETO,GALVANOTEK,1367,CX 01,34,2026-08-26 17:44:40,https://casagarciafortaleza.com.br/index.php
Casa Garcia Gourmet,Acessórios,"G56CT-50CJ CONT TORTA M 1,7KG PRETO",GALVANOTEK,1390,CX 01,34,2026-08-26 17:44:40,https://casagarciafortaleza.com.br/index.php
Casa Garcia Gourmet,Acessórios,"G56CTA-50CJ TORTA MEDIA 2,2KG PRETA PET",GALVANOTEK,1391,CX 01,34,2026-08-26 17:44:40,https://casagarciafortaleza.com.br/index.php
Casa Garcia Gourmet,Acessórios,G56F-50CJ FLOWER TORTA M BRANCA PET,GALVANOTEK,1431,CX 50,34,2026-08-26 17:44:40,https://casagarciafortaleza.com.br/index.php
Casa Garcia Gourmet,Acessórios,G56MA-50CJ MILLE TORTA M 2KG ALTA BCO,GALVANOTEK,1448,CX 50,34,2026-08-26 17:44:40,https://casagarciafortaleza.com.br/index.php
Casa Garcia Gourmet,Acessórios,G56MB-50CJ MILLENIUM TORTA M BRANCA,GALVANOTEK,1427,CX 50,34,2026-08-26 17:44:40,https://casagarciafortaleza.com.br/index.php
Casa Garcia Gourmet,Acessórios,"G56MM-50CJ MILLE TORTA M 1,7KG BRANCO",GALVANOTEK,1403,CX 50,34,2026-08-26 17:44:40,https://casagarciafortaleza.com.br/index.php
Casa Garcia Gourmet,Acessórios,G58CT-20CJ TORTA ALTA GOURMET PRETA PET,GALVANOTEK,1383,CX 20,34,2026-08-26 17:44:40,https://casagarciafortaleza.com.br/index.php
Casa Garcia Gourmet,Acessórios,G59CT-20CJ TORTA ALTA GOURMET PRETA PET,GALVANOTEK,1374,CX 01,34,2026-08-26 17:44:40,https://casagarciafortaleza.com.br/index.php
Casa Garcia Gourmet,Acessórios,G60CT-50CJ CONTEMP TORTA G 2KG PRETO,GALVANOTEK,1388,CX 01,34,2026-08-26 17:44:40,https://casagarciafortaleza.com.br/index.php
Casa Garcia Gourmet,Acessórios,"G60CTA-50CJ CONT TORTA G 2,2KG ALTA PRET",GALVANOTEK,1389,CX 01,35,2026-08-26 17:44:41,https://casagarciafortaleza.com.br/index.php
Casa Garcia Gourmet,Acessórios,"G60MA-50CJ MILLE TORTA G 2,5KG BCO ALTA",GALVANOTEK,1443,CX 50,35,2026-08-26 17:44:41,https://casagarciafortaleza.com.br/index.php
Casa Garcia Gourmet,Acessórios,G61F-100CJ TORTA CATAR FLOWER 500G PRETA,GALVANOTEK,9474,CX 100,35,2026-08-26 17:44:41,https://casagarciafortaleza.com.br/index.php
Casa Garcia Gourmet,Acessórios,G620-200CJ EMB DOCE CORACAO 260ML,GALVANOTEK,1424,CX 200,35,2026-08-26 17:44:41,https://casagarciafortaleza.com.br/index.php
Casa Garcia Gourmet,Acessórios,G62S-150CJ TORTA/BOLO MINI FATIA SUP PTA,GALVANOTEK,1453,CX 150,35,2026-08-26 17:44:41,https://casagarciafortaleza.com.br/index.php
Casa Garcia Gourmet,Acessórios,G630-300CJ FATIA DE TORTA CONF CRISTAL,GALVANOTEK,1384,CX 300,35,2026-08-26 17:44:41,https://casagarciafortaleza.com.br/index.php
Casa Garcia Gourmet,Acessórios,G63M-100CJ TORTA/BOLO FATIA M BRANCA PET,GALVANOTEK,1432,CX 100,35,2026-08-26 17:44:41,https://casagarciafortaleza.com.br/index.php
Casa Garcia Gourmet,Acessórios,G63MA-100CJ TORTA/BOLO FATIA ALTA BRANCA,GALVANOTEK,1433,CX 100,35,2026-08-26 17:44:41,https://casagarciafortaleza.com.br/index.php
Casa Garcia Gourmet,Acessórios,G640-300CJ EMB DOCE RED PET 170ML,GALVANOTEK,1409,CX 40,35,2026-08-26 17:44:41,https://casagarciafortaleza.com.br/index.php
Casa Garcia Gourmet,Acessórios,G641 BRIGADEIRO INDIVIDUAL 30UN,GALVANOTEK,1368,CX 42,35,2026-08-26 17:44:41,https://casagarciafortaleza.com.br/index.php
Casa Garcia Gourmet,Acessórios,G645-300CJ MILLE MINI DOCE RED 120ML,GALVANOTEK,1408,CX 300,35,2026-08-26 17:44:41,https://casagarciafortaleza.com.br/index.php
Casa Garcia Gourmet,Acessórios,G650-300UN DOCE QUAD CRISTAL 200ML,GALVANOTEK,1387,CX 300,35,2026-08-26 17:44:41,https://casagarciafortaleza.com.br/index.php
Casa Garcia Gourmet,Acessórios,G65M-50CJ MILLE TORTA RET PEQUENA 2KG BC,GALVANOTEK,1428,CX 50,36,2026-08-26 17:44:42,https://casagarciafortaleza.com.br/index.php
Casa Garcia Gourmet,Acessórios,G670-500CJ MILLE MOUSSE TAMPA ALTA 110ML,GALVANOTEK,1405,CX 500,36,2026-08-26 17:44:42,https://casagarciafortaleza.com.br/index.php
Casa Garcia Gourmet,Acessórios,G677SF-25CJ KIT POTE RED C/T 250ML PET,GALVANOTEK,9476,CX 12,36,2026-08-26 17:44:42,https://casagarciafortaleza.com.br/index.php
Casa Garcia Gourmet,Acessórios,G681-240CJ EMB 500ML CRISTAL PET,GALVANOTEK,1379,CX 01,36,2026-08-26 17:44:42,https://casagarciafortaleza.com.br/index.php
Casa Garcia Gourmet,Acessórios,G682-100CJ POTE MULTIUSO 1000ML CRISTAL,GALVANOTEK,1380,CX 01,36,2026-08-26 17:44:42,https://casagarciafortaleza.com.br/index.php
Casa Garcia Gourmet,Acessórios,G687SF-25CJ KIT POTE RED C/T 180ML PET,GALVANOTEK,9477,CX 24,36,2026-08-26 17:44:42,https://casagarciafortaleza.com.br/index.php
Casa Garcia Gourmet,Acessórios,G695-700CJ POTE P MOLHOS MIL 30ML BR P,GALVANOTEK,1438,UN 01,36,2026-08-26 17:44:42,https://casagarciafortaleza.com.br/index.php
Casa Garcia Gourmet,Acessórios,G697SF-20CJ KIT POTE C/T BOLHA 60ML PET,GALVANOTEK,9472,CX 40,36,2026-08-26 17:44:42,https://casagarciafortaleza.com.br/index.php
Casa Garcia Gourmet,Acessórios,G70M-40CJ MILLENIUM TORTA RET BRANCA,GALVANOTEK,1413,CX 40,36,2026-08-26 17:44:42,https://casagarciafortaleza.com.br/index.php
Casa Garcia Gourmet,Acessórios,"G70MB-40CJ TORTA RET GR MIL BAIXA 2,5KG",GALVANOTEK,1437,UN 01,36,2026-08-26 17:44:42,https://casagarciafortaleza.com.br/index.php
Casa Garcia Gourmet,Acessórios,G720-100CJ POTE RETANG C/T ART PET 450ML,GALVANOTEK,78565,CX 01,36,2026-08-26 17:44:42,https://casagarciafortaleza.com.br/index.php
Casa Garcia Gourmet,Acessórios,G750-200UN EMB RED POTE PET,GALVANOTEK,1406,CX 200,36,2026-08-26 17:44:42,https://casagarciafortaleza.com.br/index.php
Casa Garcia Gourmet,Acessórios,G76-50CJ BANDEJA IDEAL 1500ML PET,GALVANOTEK,9473,CX 50,37,2026-08-26 17:44:43,https://casagarciafortaleza.com.br/index.php
Casa Garcia Gourmet,Acessórios,G78M-20CJ TORTA RET JUMBO MILLE M 5KG BC,GALVANOTEK,78515,CX 01,37,2026-08-26 17:44:43,https://casagarciafortaleza.com.br/index.php
Casa Garcia Gourmet,Acessórios,G78M-40CJ MILLENIUM TORTA RET JUMBO,GALVANOTEK,1429,CX 40,37,2026-08-26 17:44:43,https://casagarciafortaleza.com.br/index.php
Casa Garcia Gourmet,Acessórios,G795-200CJ POTE RETANG IDEAL 250ML PET,GALVANOTEK,9469,CX 200,37,2026-08-26 17:44:43,https://casagarciafortaleza.com.br/index.php
Casa Garcia Gourmet,Acessórios,G796-200CJ POTE RETANG IDEAL 500ML PET,GALVANOTEK,9470,CX 200,37,2026-08-26 17:44:43,https://casagarciafortaleza.com.br/index.php
Casa Garcia Gourmet,Acessórios,G80MA-30CJ MILLE TORTA JUMBO 4KG ALTA BC,GALVANOTEK,1412,CX 30,37,2026-08-26 17:44:43,https://casagarciafortaleza.com.br/index.php
Casa Garcia Gourmet,Acessórios,G830 KIT COPO C/TAMPA BOLHA 300ML 10UN,GALVANOTEK,1369,CX 20,37,2026-08-26 17:44:43,https://casagarciafortaleza.com.br/index.php
Casa Garcia Gourmet,Acessórios,G840 KIT COPO C/TAMPA BOLHA 400ML 10UN,GALVANOTEK,1370,CX 20,37,2026-08-26 17:44:43,https://casagarciafortaleza.com.br/index.php
Casa Garcia Gourmet,Acessórios,G850 KIT COPO C/TAMPA BOLHA 500ML 10UN,GALVANOTEK,1371,CX 18,37,2026-08-26 17:44:43,https://casagarciafortaleza.com.br/index.php
Casa Garcia Gourmet,Acessórios,GA10-100UN MILLE LEVA DOCE ALTA,GALVANOTEK,1416,CX 100,37,2026-08-26 17:44:43,https://casagarciafortaleza.com.br/index.php
Casa Garcia Gourmet,Acessórios,GA12-100UN MILLE HAMBURGUEIRA,GALVANOTEK,1418,CX 100,37,2026-08-26 17:44:43,https://casagarciafortaleza.com.br/index.php
Casa Garcia Gourmet,Acessórios,GA20-100UN EMB ROCAMBOLE ALTA PET,GALVANOTEK,1421,CX 100,37,2026-08-26 17:44:43,https://casagarciafortaleza.com.br/index.php
Casa Garcia Gourmet,Acessórios,GUARDANAPO DIPLOMATA 14X14 20X120FLS,BACARIN EMBALAGENS,10605,FD 01,38,2026-08-26 17:44:44,https://casagarciafortaleza.com.br/index.php
Casa Garcia Gourmet,Acessórios,GUARDANAPO SOLIS 18X20 50 FOLHAS,BACARIN EMBALAGENS,10604,FD 48,38,2026-08-26 17:44:44,https://casagarciafortaleza.com.br/index.php
Casa Garcia Gourmet,Acessórios,"GUINDASTE P/BOLO 11CM 30X1,5CM GD-021",SOLRAC,77990,UN 01,38,2026-08-26 17:44:44,https://casagarciafortaleza.com.br/index.php
Casa Garcia Gourmet,Acessórios,"GUINDASTE P/BOLO 16CM 30X1,5CM GD-022",SOLRAC,77991,UN 01,38,2026-08-26 17:44:44,https://casagarciafortaleza.com.br/index.php
Casa Garcia Gourmet,Acessórios,"GUINDASTE P/BOLO 21CM 30X1,5CM GD-023",SOLRAC,77992,UN 01,38,2026-08-26 17:44:44,https://casagarciafortaleza.com.br/index.php
Casa Garcia Gourmet,Acessórios,"GUINDASTE P/BOLO 26CM 30X1,5CM GD-024",SOLRAC,77993,UN 01,38,2026-08-26 17:44:44,https://casagarciafortaleza.com.br/index.php
Casa Garcia Gourmet,Acessórios,HAMBURGUEIRA HOT DOG 225X95X62MM 100UN,COPOBRAS,1207,PC 04,38,2026-08-26 17:44:44,https://casagarciafortaleza.com.br/index.php
Casa Garcia Gourmet,Acessórios,HM06 - EBM PRETA C/TAMPA 150UN,MACROPAC,11784,CX 150,38,2026-08-26 17:44:44,https://casagarciafortaleza.com.br/index.php
Casa Garcia Gourmet,Acessórios,JOGO BAND EXTRA 1 A 5 PCS C/ PINTURA LAT,IMECA,1838,UN 01,38,2026-08-26 17:44:44,https://casagarciafortaleza.com.br/index.php
Casa Garcia Gourmet,Acessórios,JOGO CORT ARCA DE NOE 7PCS 2163,CAPARROZ,5776,CX 01,38,2026-08-26 17:44:44,https://casagarciafortaleza.com.br/index.php
Casa Garcia Gourmet,Acessórios,JOGO CORT BORBOLETA 4PCS 2158,CAPARROZ,5777,CX 01,38,2026-08-26 17:44:44,https://casagarciafortaleza.com.br/index.php
Casa Garcia Gourmet,Acessórios,JOGO CORT CACHORRINHO 7PCS 2160,CAPARROZ,5778,CX 01,38,2026-08-26 17:44:44,https://casagarciafortaleza.com.br/index.php
Casa Garcia Gourmet,Acessórios,JOGO CORT CHA BAR 4PCS 807,CAPARROZ,5792,CX 01,39,2026-08-26 17:44:45,https://casagarciafortaleza.com.br/index.php
Casa Garcia Gourmet,Acessórios,JOGO CORT CHA DE BEBE 3PCS 805,CAPARROZ,5793,CX 01,39,2026-08-26 17:44:45,https://casagarciafortaleza.com.br/index.php
Casa Garcia Gourmet,Acessórios,JOGO CORT CHA DE COZ 5PCS 800,CAPARROZ,5794,CX 01,39,2026-08-26 17:44:45,https://casagarciafortaleza.com.br/index.php
Casa Garcia Gourmet,Acessórios,JOGO CORT FORMANDOS 6PCS 2153,CAPARROZ,5779,CX 01,39,2026-08-26 17:44:45,https://casagarciafortaleza.com.br/index.php
Casa Garcia Gourmet,Acessórios,JOGO CORT FRUTAS 4PCS 2152,CAPARROZ,5780,CX 01,39,2026-08-26 17:44:45,https://casagarciafortaleza.com.br/index.php
Casa Garcia Gourmet,Acessórios,JOGO CORT GATINHOS 7PCS 2157,CAPARROZ,5781,CX 01,39,2026-08-26 17:44:45,https://casagarciafortaleza.com.br/index.php
Casa Garcia Gourmet,Acessórios,JOGO CORT HALLOWEEN 7PCS 2161,CAPARROZ,5782,CX 01,39,2026-08-26 17:44:45,https://casagarciafortaleza.com.br/index.php
Casa Garcia Gourmet,Acessórios,JOGO CORT MAR N1 6PCS 2154,CAPARROZ,5783,CX 01,39,2026-08-26 17:44:45,https://casagarciafortaleza.com.br/index.php
Casa Garcia Gourmet,Acessórios,JOGO CORT MAR N2 6PCS 2155,CAPARROZ,5784,CX 01,39,2026-08-26 17:44:45,https://casagarciafortaleza.com.br/index.php
Casa Garcia Gourmet,Acessórios,JOGO CORT MAR N3 7PCS 2156,CAPARROZ,5785,CX 01,39,2026-08-26 17:44:45,https://casagarciafortaleza.com.br/index.php
Casa Garcia Gourmet,Acessórios,JOGO CORT MARGARIDA 3PCS 347,CAPARROZ,5805,CX 01,39,2026-08-26 17:44:45,https://casagarciafortaleza.com.br/index.php
Casa Garcia Gourmet,Acessórios,JOGO CORT MENINO/MENINA 6PCS 797,CAPARROZ,5796,CX 01,39,2026-08-26 17:44:45,https://casagarciafortaleza.com.br/index.php
Casa Garcia Gourmet,Acessórios,JOGO CORT MODA 3PCS 803,CAPARROZ,5797,CX 01,40,2026-08-26 17:44:46,https://casagarciafortaleza.com.br/index.php
Casa Garcia Gourmet,Acessórios,JOGO CORT MUSICAL 3PCS 1371,CAPARROZ,5798,CX 01,40,2026-08-26 17:44:46,https://casagarciafortaleza.com.br/index.php
Casa Garcia Gourmet,Acessórios,JOGO CORT NAMORADOS 7PCS 2159,CAPARROZ,5786,CX 01,40,2026-08-26 17:44:46,https://casagarciafortaleza.com.br/index.php
Casa Garcia Gourmet,Acessórios,JOGO CORT OUTONO 5PCS 2140,CAPARROZ,5787,CX 01,40,2026-08-26 17:44:46,https://casagarciafortaleza.com.br/index.php
Casa Garcia Gourmet,Acessórios,JOGO CORT PASCOA 5PCS 2139,CAPARROZ,5788,CX 01,40,2026-08-26 17:44:46,https://casagarciafortaleza.com.br/index.php
Casa Garcia Gourmet,Acessórios,JOGO CORT QUAD LISO 7 PCS INOX 352,CAPARROZ,5806,CX 01,40,2026-08-26 17:44:46,https://casagarciafortaleza.com.br/index.php
Casa Garcia Gourmet,Acessórios,JOGO CORT ROUPA DE BEBE 3PCS 804,CAPARROZ,5802,CX 01,40,2026-08-26 17:44:46,https://casagarciafortaleza.com.br/index.php
Casa Garcia Gourmet,Acessórios,JOGO CORT ROUPA DE NOIVO 802,CAPARROZ,5801,CX 01,40,2026-08-26 17:44:46,https://casagarciafortaleza.com.br/index.php
Casa Garcia Gourmet,Acessórios,JOGO CORT TRANSPORTES 7PCS 2162,CAPARROZ,5789,CX 01,40,2026-08-26 17:44:46,https://casagarciafortaleza.com.br/index.php
Casa Garcia Gourmet,Acessórios,JOGO FAMILIA PORQUINHA 6PCS 2077,CAPARROZ,5790,CX 01,40,2026-08-26 17:44:46,https://casagarciafortaleza.com.br/index.php
Casa Garcia Gourmet,Acessórios,KIT ESTACA TUBULAR 30CMX15MM 12UN KIT-33,SOLRAC,77988,UN 01,40,2026-08-26 17:44:46,https://casagarciafortaleza.com.br/index.php
Casa Garcia Gourmet,Acessórios,KIT ESTACA TUBULAR 30CMX15MM 4UN KIT-13,SOLRAC,77986,UN 01,40,2026-08-26 17:44:46,https://casagarciafortaleza.com.br/index.php
Casa Garcia Gourmet,Acessórios,KIT GRAND CHEF N 1 C/ BRINDE,MAGO,1148,PC 01,41,2026-08-26 17:44:48,https://casagarciafortaleza.com.br/index.php
Casa Garcia Gourmet,Acessórios,KIT GRAND CHEF N 2 C/ BRINDE,MAGO,1149,PC 01,41,2026-08-26 17:44:48,https://casagarciafortaleza.com.br/index.php
Casa Garcia Gourmet,Acessórios,LATA P/PANETONE MAGIC COMP 9X11 100G 1UN,CROMUS,77909,CX 01,41,2026-08-26 17:44:48,https://casagarciafortaleza.com.br/index.php
Casa Garcia Gourmet,Acessórios,LONA PARA MODELADORA 22X27,FELTROTEX,987,UN 01,41,2026-08-26 17:44:48,https://casagarciafortaleza.com.br/index.php
Casa Garcia Gourmet,Acessórios,LONA PARA MODELADORA 27X30,FELTROTEX,988,UN 01,41,2026-08-26 17:44:48,https://casagarciafortaleza.com.br/index.php
Casa Garcia Gourmet,Acessórios,LUVA TERMICA GRAF AZUL,LEILANE AGUIAR,569,UN 01,41,2026-08-26 17:44:48,https://casagarciafortaleza.com.br/index.php
Casa Garcia Gourmet,Acessórios,MANGA P/CONF COMFORT GREEN 36X20 C/100,ARTCAKE,525,UN 01,41,2026-08-26 17:44:48,https://casagarciafortaleza.com.br/index.php
Casa Garcia Gourmet,Acessórios,MANGA P/CONF COMFORT GREEN 46X26 C/100,ARTCAKE,556,CX 01,41,2026-08-26 17:44:48,https://casagarciafortaleza.com.br/index.php
Casa Garcia Gourmet,Acessórios,MANGA P/CONF COMFORT GREEN 46X26 PC C/10,ARTCAKE,548,UN 01,41,2026-08-26 17:44:48,https://casagarciafortaleza.com.br/index.php
Casa Garcia Gourmet,Acessórios,MANGA P/CONF COMFORT PINK 30X17 C/10,ARTCAKE,3444,UN 01,41,2026-08-26 17:44:48,https://casagarciafortaleza.com.br/index.php
Casa Garcia Gourmet,Acessórios,MANGA P/CONF LONA G 55CM,LEILANE AGUIAR,552,PC 10,41,2026-08-26 17:44:48,https://casagarciafortaleza.com.br/index.php
Casa Garcia Gourmet,Acessórios,MANGA P/CONF LONA M 45CM,LEILANE AGUIAR,551,UN 01,41,2026-08-26 17:44:48,https://casagarciafortaleza.com.br/index.php
Casa Garcia Gourmet,Acessórios,MANGA P/CONF LONA P 35CM,LEILANE AGUIAR,550,UN 10,42,2026-08-26 17:44:49,https://casagarciafortaleza.com.br/index.php
Casa Garcia Gourmet,Acessórios,MANGA P/CONF MASTERLIN GREEN 36X20 C/100,ARTCAKE,3499,CX 01,42,2026-08-26 17:44:49,https://casagarciafortaleza.com.br/index.php
Casa Garcia Gourmet,Acessórios,MARTELO DE POLIET C/HAST INOX MI-25 25X5,SOLRAC,5065,UN 01,42,2026-08-26 17:44:49,https://casagarciafortaleza.com.br/index.php
Casa Garcia Gourmet,Acessórios,MARTELO DE POLIET C/HAST INOX MI-35 35X6,SOLRAC,5066,UN 01,42,2026-08-26 17:44:49,https://casagarciafortaleza.com.br/index.php
Casa Garcia Gourmet,Acessórios,"MESA 1,90X0,70 INOX 304 C/TESTEIRA E GDE",IMECA,7962,UN 01,42,2026-08-26 17:44:49,https://casagarciafortaleza.com.br/index.php
Casa Garcia Gourmet,Acessórios,MINI BOWL 270ML 1PC BRANCO PP MB-101,SOLRAC,77995,UN 01,42,2026-08-26 17:44:49,https://casagarciafortaleza.com.br/index.php
Casa Garcia Gourmet,Acessórios,MINI BOWL 270ML 5PCS BCO PP MB-001,SOLRAC,77812,UN 01,42,2026-08-26 17:44:49,https://casagarciafortaleza.com.br/index.php
Casa Garcia Gourmet,Acessórios,MINI BOWL 270ML 5PCS COLORIDAS PP MB-009,SOLRAC,77994,UN 01,42,2026-08-26 17:44:49,https://casagarciafortaleza.com.br/index.php
Casa Garcia Gourmet,Acessórios,MINI FORMA PUDIM C/ TAMPA 80ML 20UN,PLASTILANIA,4848,CX 16,42,2026-08-26 17:44:49,https://casagarciafortaleza.com.br/index.php
Casa Garcia Gourmet,Acessórios,MP13 TPA - EBM PRETA C/TAMPA ALTA 100UN,MACROPAC,11786,CX 100,42,2026-08-26 17:44:49,https://casagarciafortaleza.com.br/index.php
Casa Garcia Gourmet,Acessórios,MP13 TPB - EBM PRETA C/TAMPA BAIXA 100UN,MACROPAC,11785,CX 100,42,2026-08-26 17:44:49,https://casagarciafortaleza.com.br/index.php
Casa Garcia Gourmet,Acessórios,MP15 TPA - EBM PRETA C/TAMPA ALTA 150UN,MACROPAC,11788,CX 150,42,2026-08-26 17:44:49,https://casagarciafortaleza.com.br/index.php
Casa Garcia Gourmet,Acessórios,MP15 TPB - EBM PRETA C/TAMPA BAIXA 150UN,MACROPAC,11787,CX 150,43,2026-08-26 17:44:50,https://casagarciafortaleza.com.br/index.php
Casa Garcia Gourmet,Acessórios,MP17 TPB - EBM PRETA C/TAMPA BAIXA 100UN,MACROPAC,11789,CX 100,43,2026-08-26 17:44:50,https://casagarciafortaleza.com.br/index.php
Casa Garcia Gourmet,Acessórios,MP18 TPA - EBM PRETA C/TAMPA ALTA 100UN,MACROPAC,11790,CX 100,43,2026-08-26 17:44:50,https://casagarciafortaleza.com.br/index.php
Casa Garcia Gourmet,Acessórios,MP18 TPB - EBM PRETA C/TAMPA BAIXA 100UN,MACROPAC,11791,CX 100,43,2026-08-26 17:44:50,https://casagarciafortaleza.com.br/index.php
Casa Garcia Gourmet,Acessórios,P32 M EMBALAGEM 100UN,PLASAN EMBALAGENS,11874,CX 01,43,2026-08-26 17:44:50,https://casagarciafortaleza.com.br/index.php
Casa Garcia Gourmet,Acessórios,P50 M EMBALAGEM 50UN,PLASAN EMBALAGENS,11875,CX 01,43,2026-08-26 17:44:50,https://casagarciafortaleza.com.br/index.php
Casa Garcia Gourmet,Acessórios,P60 M EMBALAGEM 50UN,PLASAN EMBALAGENS,11876,CX 01,43,2026-08-26 17:44:50,https://casagarciafortaleza.com.br/index.php
Casa Garcia Gourmet,Acessórios,P640 M EMBALAGEM 300UN,PLASAN EMBALAGENS,11877,CX 01,43,2026-08-26 17:44:50,https://casagarciafortaleza.com.br/index.php
Casa Garcia Gourmet,Acessórios,P642 M EMBALAGEM 300UN,PLASAN EMBALAGENS,11878,CX 01,43,2026-08-26 17:44:50,https://casagarciafortaleza.com.br/index.php
Casa Garcia Gourmet,Acessórios,P650 M EMBALAGEM RED 300UN,PLASAN EMBALAGENS,11879,CX 01,43,2026-08-26 17:44:50,https://casagarciafortaleza.com.br/index.php
Casa Garcia Gourmet,Acessórios,P750 EMBALAGEM RED C/ LACRE 350ML 200UN,PLASAN EMBALAGENS,11880,CX 01,43,2026-08-26 17:44:50,https://casagarciafortaleza.com.br/index.php
Casa Garcia Gourmet,Acessórios,"PA DE POLIETILENO 90X1,5CM PP-901",SOLRAC,1031,UN 01,43,2026-08-26 17:44:50,https://casagarciafortaleza.com.br/index.php
Casa Garcia Gourmet,Acessórios,PA POLIET 90X2CM PD-901,SOLRAC,1060,CX 10,44,2026-08-26 17:44:51,https://casagarciafortaleza.com.br/index.php
Casa Garcia Gourmet,Acessórios,PA POLIET P DURO 120X2CM PD-120,SOLRAC,1059,CX 10,44,2026-08-26 17:44:51,https://casagarciafortaleza.com.br/index.php
Casa Garcia Gourmet,Acessórios,PAO DE FORMA ALUMINIO 30X15X15 C/T,IMECA,1839,UN 01,44,2026-08-26 17:44:51,https://casagarciafortaleza.com.br/index.php
Casa Garcia Gourmet,Acessórios,PAPEL HIGIENICO BIG ROLL 8X300FLS,BACARIN EMBALAGENS,10602,FD 01,44,2026-08-26 17:44:51,https://casagarciafortaleza.com.br/index.php
Casa Garcia Gourmet,Acessórios,PAPEL HIGIENICO NEUTRO BIG ROLL 8X300FLS,BACARIN EMBALAGENS,10603,FD 01,44,2026-08-26 17:44:51,https://casagarciafortaleza.com.br/index.php
Casa Garcia Gourmet,Acessórios,PAPEL TOALHA BOBINA ECO 22G 20X200CM 6UN,BACARIN EMBALAGENS,10601,FD 01,44,2026-08-26 17:44:51,https://casagarciafortaleza.com.br/index.php
Casa Garcia Gourmet,Acessórios,PAPEL TOALHA PREM ECO 20X21CM 2400F,BACARIN EMBALAGENS,10600,FD 01,44,2026-08-26 17:44:51,https://casagarciafortaleza.com.br/index.php
Casa Garcia Gourmet,Acessórios,PEGADOR DE DOCE COM MOLA 386,CAPARROZ,5834,CX 01,44,2026-08-26 17:44:51,https://casagarciafortaleza.com.br/index.php
Casa Garcia Gourmet,Acessórios,PEGADOR DE GELO INOX PG-02,SOLRAC,1287,UN 01,44,2026-08-26 17:44:51,https://casagarciafortaleza.com.br/index.php
Casa Garcia Gourmet,Acessórios,PEGADOR DE PAO INOX PE01,LEILANE AGUIAR,8244,UN 01,44,2026-08-26 17:44:51,https://casagarciafortaleza.com.br/index.php
Casa Garcia Gourmet,Acessórios,PEGADOR UNIVERSAL INOX 18X3CM IPG-001,SOLRAC,78011,UN 01,44,2026-08-26 17:44:51,https://casagarciafortaleza.com.br/index.php
Casa Garcia Gourmet,Acessórios,PENEIRA C/ARO POLIET 30CM PE-31,SOLRAC,1116,UN 01,44,2026-08-26 17:44:51,https://casagarciafortaleza.com.br/index.php
Casa Garcia Gourmet,Acessórios,PENEIRA C/CABO INOX 10CM IPE-110,SOLRAC,78016,UN 01,45,2026-08-26 17:44:52,https://casagarciafortaleza.com.br/index.php
Casa Garcia Gourmet,Acessórios,PENEIRA C/CABO INOX 16CM IPE-116,SOLRAC,78017,UN 01,45,2026-08-26 17:44:52,https://casagarciafortaleza.com.br/index.php
Casa Garcia Gourmet,Acessórios,PENEIRA C/CABO INOX 20CM IPE-120,SOLRAC,78018,UN 01,45,2026-08-26 17:44:52,https://casagarciafortaleza.com.br/index.php
Casa Garcia Gourmet,Acessórios,"PENEIRA C/CABO PLASTICO 13,5X26CM IPE-26",SOLRAC,78019,UN 01,45,2026-08-26 17:44:52,https://casagarciafortaleza.com.br/index.php
Casa Garcia Gourmet,Acessórios,"PENEIRA C/CABO PLASTICO 17,5X31CM IPE-31",SOLRAC,78020,UN 01,45,2026-08-26 17:44:52,https://casagarciafortaleza.com.br/index.php
Casa Garcia Gourmet,Acessórios,PENEIRA COM CABO INOX 12CM IPE-112,SOLRAC,77815,UN 01,45,2026-08-26 17:44:52,https://casagarciafortaleza.com.br/index.php
Casa Garcia Gourmet,Acessórios,PENEIRA COM CABO INOX 8CM IPE-108,SOLRAC,77816,UN 01,45,2026-08-26 17:44:52,https://casagarciafortaleza.com.br/index.php
Casa Garcia Gourmet,Acessórios,PINCEL DO CHEF 01UN,MAGO,1363,PC 10,45,2026-08-26 17:44:52,https://casagarciafortaleza.com.br/index.php
Casa Garcia Gourmet,Acessórios,PINCEL SILIC CULINARIO C/ACRILIC IPS-002,SOLRAC,5114,UN 01,45,2026-08-26 17:44:52,https://casagarciafortaleza.com.br/index.php
Casa Garcia Gourmet,Acessórios,"PLACA DE CORTE C/PEG 20X24X0,6 PL-024",SOLRAC,1191,UN 01,45,2026-08-26 17:44:52,https://casagarciafortaleza.com.br/index.php
Casa Garcia Gourmet,Acessórios,"PLACA DE CORTE C/PEG 24X32X0,6 PL-032",SOLRAC,1192,UN 01,45,2026-08-26 17:44:52,https://casagarciafortaleza.com.br/index.php
Casa Garcia Gourmet,Acessórios,"PLACA DE CORTE C/PEG 24X32X0,6 PLC-032",SOLRAC,1194,UN 01,45,2026-08-26 17:44:52,https://casagarciafortaleza.com.br/index.php
Casa Garcia Gourmet,Acessórios,PLACA DE CORTE C/PEG CANAL 20X24 PL-024,SOLRAC,1193,UN 01,46,2026-08-26 17:44:53,https://casagarciafortaleza.com.br/index.php
Casa Garcia Gourmet,Acessórios,PLACA POLIET BRANCA - 10X300X500MM PL-51,SOLRAC,77792,UN 01,46,2026-08-26 17:44:53,https://casagarciafortaleza.com.br/index.php
Casa Garcia Gourmet,Acessórios,PO P/DECOR DOURADO PURO 5G,MAGO,77981,,46,2026-08-26 17:44:53,https://casagarciafortaleza.com.br/index.php
Casa Garcia Gourmet,Acessórios,PO P/DECOR LILAS 5G,MAGO,77984,,46,2026-08-26 17:44:53,https://casagarciafortaleza.com.br/index.php
Casa Garcia Gourmet,Acessórios,PO P/DECOR NACAR 5G,MAGO,77978,,46,2026-08-26 17:44:53,https://casagarciafortaleza.com.br/index.php
Casa Garcia Gourmet,Acessórios,PO P/DECOR OURO 5G,MAGO,77980,,46,2026-08-26 17:44:53,https://casagarciafortaleza.com.br/index.php
Casa Garcia Gourmet,Acessórios,PO P/DECOR ROSA 5G,MAGO,77982,CX 08,46,2026-08-26 17:44:53,https://casagarciafortaleza.com.br/index.php
Casa Garcia Gourmet,Acessórios,PO P/DECOR ROSA CEREJA 5G,MAGO,77983,CX 08,46,2026-08-26 17:44:53,https://casagarciafortaleza.com.br/index.php
Casa Garcia Gourmet,Acessórios,PO P/DECOR VERDE MENTA 5G,MAGO,77985,CX 08,46,2026-08-26 17:44:53,https://casagarciafortaleza.com.br/index.php
Casa Garcia Gourmet,Acessórios,PO P/DECOR VERMELHO 5G,MAGO,77979,CX 08,46,2026-08-26 17:44:53,https://casagarciafortaleza.com.br/index.php
Casa Garcia Gourmet,Acessórios,POTE EPS MARMITEX S/T 200ML 50UN PT-200,COPOBRAS,1245,CX 08,46,2026-08-26 17:44:53,https://casagarciafortaleza.com.br/index.php
Casa Garcia Gourmet,Acessórios,POTE EPS MARMITEX S/T 300ML 50UN PT-300,COPOBRAS,1246,CX 08,46,2026-08-26 17:44:53,https://casagarciafortaleza.com.br/index.php
Casa Garcia Gourmet,Acessórios,POTE P TERMICO 180ML BRANCO PT-180,COPOBRAS,4832,CX 20,47,2026-08-26 17:44:54,https://casagarciafortaleza.com.br/index.php
Casa Garcia Gourmet,Acessórios,POTE P TERMICO 240ML BRANCO PT-240,COPOBRAS,4831,CX 20,47,2026-08-26 17:44:54,https://casagarciafortaleza.com.br/index.php
Casa Garcia Gourmet,Acessórios,POTE P TERMICO 360ML BRANCO PT-360,COPOBRAS,4830,CX 20,47,2026-08-26 17:44:54,https://casagarciafortaleza.com.br/index.php
Casa Garcia Gourmet,Acessórios,POTE P TERMICO 480ML BRANCO PT-480,COPOBRAS,4829,CX 20,47,2026-08-26 17:44:54,https://casagarciafortaleza.com.br/index.php
Casa Garcia Gourmet,Acessórios,POTE QUADRADO COM TAMPA 220ML 10UN,PLASTILANIA,4847,CX 20,47,2026-08-26 17:44:54,https://casagarciafortaleza.com.br/index.php
Casa Garcia Gourmet,Acessórios,POTE REDONDO 200ML C/TAMPA PC 24UN,PRAFESTA,5256,CX 18,47,2026-08-26 17:44:54,https://casagarciafortaleza.com.br/index.php
Casa Garcia Gourmet,Acessórios,PRANCHA EPS 210X140 MM PN-002 200UN,COPOBRAS,1243,PC 20,47,2026-08-26 17:44:54,https://casagarciafortaleza.com.br/index.php
Casa Garcia Gourmet,Acessórios,PRANCHA EPS 235X180 MM PN-003 200UN,COPOBRAS,1244,PC 02,47,2026-08-26 17:44:54,https://casagarciafortaleza.com.br/index.php
Casa Garcia Gourmet,Acessórios,PRATO FLORAL BRANCO MP15 1UN,MACROPAC,6698,FD 400,47,2026-08-26 17:44:54,https://casagarciafortaleza.com.br/index.php
Casa Garcia Gourmet,Acessórios,PRATO FLORAL BRANCO MP19 1UN,MACROPAC,6697,FD 400,47,2026-08-26 17:44:54,https://casagarciafortaleza.com.br/index.php
Casa Garcia Gourmet,Acessórios,PRATO FLORAL BRANCO MP21 1UN,MACROPAC,6702,FD 200,47,2026-08-26 17:44:54,https://casagarciafortaleza.com.br/index.php
Casa Garcia Gourmet,Acessórios,PRATO FLORAL BRANCO MP25 1UN,MACROPAC,6701,FD 200,47,2026-08-26 17:44:54,https://casagarciafortaleza.com.br/index.php
Casa Garcia Gourmet,Acessórios,PRATO FLORAL BRANCO MP28 1UN,MACROPAC,6700,FD 200,48,2026-08-26 17:44:55,https://casagarciafortaleza.com.br/index.php
Casa Garcia Gourmet,Acessórios,PRATO FLORAL BRANCO MP34 1UN,MACROPAC,6699,FD 100,48,2026-08-26 17:44:55,https://casagarciafortaleza.com.br/index.php
Casa Garcia Gourmet,Acessórios,PRATO FUNDO 12CM 1000UN PRF-012,COPOBRAS,1045,CX 01,48,2026-08-26 17:44:55,https://casagarciafortaleza.com.br/index.php
Casa Garcia Gourmet,Acessórios,PRATO FUNDO 15CM 500UN PRF-015,COPOBRAS,1046,CX 01,48,2026-08-26 17:44:55,https://casagarciafortaleza.com.br/index.php
Casa Garcia Gourmet,Acessórios,"PRATO RASO 17,5CM 500UN PR-018",COPOBRAS,1038,CX 01,48,2026-08-26 17:44:55,https://casagarciafortaleza.com.br/index.php
Casa Garcia Gourmet,Acessórios,PRATO TERM BCO 18CM 25UN CPR-018,COPOBRAS,1048,CX 16,48,2026-08-26 17:44:55,https://casagarciafortaleza.com.br/index.php
Casa Garcia Gourmet,Acessórios,PRATO TERM BCO 23CM 25UN CPR-023,COPOBRAS,1050,CX 08,48,2026-08-26 17:44:55,https://casagarciafortaleza.com.br/index.php
Casa Garcia Gourmet,Acessórios,PRATO TERM BCO 26CM 25UN CPR-026,COPOBRAS,1051,CX 08,48,2026-08-26 17:44:55,https://casagarciafortaleza.com.br/index.php
Casa Garcia Gourmet,Acessórios,PRATO TERM BCO FUNDO 15CM 20UN CPRF-015,COPOBRAS,1049,CX 20,48,2026-08-26 17:44:55,https://casagarciafortaleza.com.br/index.php
Casa Garcia Gourmet,Acessórios,PULVERIZADOR PINK 4 PECAS FAB,FAB,7865,CX 12,48,2026-08-26 17:44:55,https://casagarciafortaleza.com.br/index.php
Casa Garcia Gourmet,Acessórios,RASPADOR DE CHOC 23X7 RA-23,SOLRAC,1013,UN 01,48,2026-08-26 17:44:55,https://casagarciafortaleza.com.br/index.php
Casa Garcia Gourmet,Acessórios,RASPADOR DE PROLIP PEQ 8X5CM RA-15,SOLRAC,5082,UN 01,48,2026-08-26 17:44:55,https://casagarciafortaleza.com.br/index.php
Casa Garcia Gourmet,Acessórios,RASPADOR DOBRADO INOX CB BCO 6CM IRA-004,SOLRAC,78012,UN 01,49,2026-08-26 17:44:57,https://casagarciafortaleza.com.br/index.php
Casa Garcia Gourmet,Acessórios,RASPADOR FLEX POLIP 17X12 RF-12,SOLRAC,1294,UN 01,49,2026-08-26 17:44:57,https://casagarciafortaleza.com.br/index.php
Casa Garcia Gourmet,Acessórios,RASPADOR FLEX POLIPROP 17X12CM RS RF-13,SOLRAC,77800,UN 01,49,2026-08-26 17:44:57,https://casagarciafortaleza.com.br/index.php
Casa Garcia Gourmet,Acessórios,"RASPADOR POLIET P/CHOC 20X19,5X0,5CM",SOLRAC,77817,UN 01,49,2026-08-26 17:44:57,https://casagarciafortaleza.com.br/index.php
Casa Garcia Gourmet,Acessórios,RASPADOR RETO INOX CABO BCO 12CM IRA-002,SOLRAC,78014,UN 01,49,2026-08-26 17:44:57,https://casagarciafortaleza.com.br/index.php
Casa Garcia Gourmet,Acessórios,RASPADOR RETO INOX CABO BCO 8CM IRA-001,SOLRAC,78013,UN 01,49,2026-08-26 17:44:57,https://casagarciafortaleza.com.br/index.php
Casa Garcia Gourmet,Acessórios,RASPADOR RETO INOX CB PRETO 10CM IRA-005,SOLRAC,78015,UN 01,49,2026-08-26 17:44:57,https://casagarciafortaleza.com.br/index.php
Casa Garcia Gourmet,Acessórios,"RASPADOR TRAPEIZOIDAL 15,5CM IRT-002",SOLRAC,77999,UN 01,49,2026-08-26 17:44:57,https://casagarciafortaleza.com.br/index.php
Casa Garcia Gourmet,Acessórios,ROLO CORT DE MASSAS 20X4CM RCD-06,SOLRAC,5090,UN 01,49,2026-08-26 17:44:57,https://casagarciafortaleza.com.br/index.php
Casa Garcia Gourmet,Acessórios,ROLO CORTADOR DE MASSAS 20X1CM RCD-20,SOLRAC,5089,UN 01,49,2026-08-26 17:44:57,https://casagarciafortaleza.com.br/index.php
Casa Garcia Gourmet,Acessórios,"ROLO DE INOX 30X6,3CM CABO BCO ROI-306",SOLRAC,5091,UN 01,49,2026-08-26 17:44:57,https://casagarciafortaleza.com.br/index.php
Casa Garcia Gourmet,Acessórios,"ROLO DE INOX 35X7,5CM CABO BCO ROI-357",SOLRAC,5092,UN 01,49,2026-08-26 17:44:57,https://casagarciafortaleza.com.br/index.php
Casa Garcia Gourmet,Acessórios,"ROLO P/MASSAS C/REG ALTURA 30X4,5 ROR-30",SOLRAC,77789,UN 01,50,2026-08-26 17:44:58,https://casagarciafortaleza.com.br/index.php
Casa Garcia Gourmet,Acessórios,ROLO P/MASSAS POLIET LEVE 20X6 RL-200,SOLRAC,1064,UN 01,50,2026-08-26 17:44:58,https://casagarciafortaleza.com.br/index.php
Casa Garcia Gourmet,Acessórios,ROLO P/MASSAS POLIET LEVE 30X6 RL-300,SOLRAC,1065,UN 01,50,2026-08-26 17:44:58,https://casagarciafortaleza.com.br/index.php
Casa Garcia Gourmet,Acessórios,ROLO P/MASSAS POLIET LEVE ROSA 30X6,SOLRAC,5052,UN 01,50,2026-08-26 17:44:58,https://casagarciafortaleza.com.br/index.php
Casa Garcia Gourmet,Acessórios,ROLO P/PASTA AMERICAN S/ARTIC 30X3 RP-30,SOLRAC,77790,UN 01,50,2026-08-26 17:44:58,https://casagarciafortaleza.com.br/index.php
Casa Garcia Gourmet,Acessórios,ROLO P/PASTA AMERICAN S/ARTIC 40X3 RP-40,SOLRAC,77791,UN 01,50,2026-08-26 17:44:58,https://casagarciafortaleza.com.br/index.php
Casa Garcia Gourmet,Acessórios,SACO ADESIV INCOLOR 10X25+ABA 50UN,CROMUS,77827,CX 01,50,2026-08-26 17:44:58,https://casagarciafortaleza.com.br/index.php
Casa Garcia Gourmet,Acessórios,SACO ADESIV INCOLOR 12X12+ABA 50UN,CROMUS,77828,CX 01,50,2026-08-26 17:44:58,https://casagarciafortaleza.com.br/index.php
Casa Garcia Gourmet,Acessórios,SACO ADESIV INCOLOR 6X7+ABA 50UN,CROMUS,77825,CX 01,50,2026-08-26 17:44:58,https://casagarciafortaleza.com.br/index.php
Casa Garcia Gourmet,Acessórios,SACO ADESIV INCOLOR 7X12+ABA 50UN,CROMUS,77826,CX 01,50,2026-08-26 17:44:58,https://casagarciafortaleza.com.br/index.php
Casa Garcia Gourmet,Acessórios,"SACO P/CONF ACABAMENTO 30X18,5 5UN MAGO",MAGO,1140,PC 01,50,2026-08-26 17:44:58,https://casagarciafortaleza.com.br/index.php
Casa Garcia Gourmet,Acessórios,SACO P/CONF DESC GD 50UN 27X38 MAGO,MAGO,1164,PC 01,50,2026-08-26 17:44:58,https://casagarciafortaleza.com.br/index.php
Casa Garcia Gourmet,Acessórios,SACO P/CONF DESC GD 5UN MAGO,MAGO,1167,PC 10,51,2026-08-26 17:44:59,https://casagarciafortaleza.com.br/index.php
Casa Garcia Gourmet,Acessórios,SACO P/CONF DESC GIGANTE 50UN 47X26 MAGO,MAGO,1162,PC 01,51,2026-08-26 17:44:59,https://casagarciafortaleza.com.br/index.php
Casa Garcia Gourmet,Acessórios,SACO P/CONF DESC GIGANTE 5UN 47X26 MAGO,MAGO,1112,PC 10,51,2026-08-26 17:44:59,https://casagarciafortaleza.com.br/index.php
Casa Garcia Gourmet,Acessórios,SACO P/CONF DESC MEDIO 50UN 22X34 MAGO,MAGO,1121,PC 01,51,2026-08-26 17:44:59,https://casagarciafortaleza.com.br/index.php
Casa Garcia Gourmet,Acessórios,SACO P/CONF DESC PQ 50UN 19X31 MAGO,MAGO,1163,PC 01,51,2026-08-26 17:44:59,https://casagarciafortaleza.com.br/index.php
Casa Garcia Gourmet,Acessórios,SACO P/CONF DESC PQ 5UN MAGO,MAGO,1166,PC 10,51,2026-08-26 17:44:59,https://casagarciafortaleza.com.br/index.php
Casa Garcia Gourmet,Acessórios,SACO P/CONF DESCARTAVEL M 05UN,LEILANE AGUIAR,1154,PC 01,51,2026-08-26 17:44:59,https://casagarciafortaleza.com.br/index.php
Casa Garcia Gourmet,Acessórios,SACO P/CONF DESCARTAVEL M 50UN,LEILANE AGUIAR,1158,PC 01,51,2026-08-26 17:44:59,https://casagarciafortaleza.com.br/index.php
Casa Garcia Gourmet,Acessórios,SACO TRANSP AUTOSSERV NATAL ST 45X59 3UN,CROMUS,77911,CX 01,51,2026-08-26 17:44:59,https://casagarciafortaleza.com.br/index.php
Casa Garcia Gourmet,Acessórios,SACO TRANSP AUTOSSERV NATAL ST 52X70 3UN,CROMUS,77912,CX 01,51,2026-08-26 17:44:59,https://casagarciafortaleza.com.br/index.php
Casa Garcia Gourmet,Acessórios,SACO TRANSP AUTOSSERV NATAL ST 60X75 3UN,CROMUS,77913,CX 01,51,2026-08-26 17:44:59,https://casagarciafortaleza.com.br/index.php
Casa Garcia Gourmet,Acessórios,SUPORTE P/CUPCAKE CORACAO C/3 AND. SS-50,SOLRAC,5117,UN 01,51,2026-08-26 17:44:59,https://casagarciafortaleza.com.br/index.php
Casa Garcia Gourmet,Acessórios,SUPORTE P/CUPCAKE E BOLO C/3 AND. SS-43,SOLRAC,5116,UN 01,52,2026-08-26 17:45:00,https://casagarciafortaleza.com.br/index.php
Casa Garcia Gourmet,Acessórios,TABULEIRO CORACAO TB-09,SOLRAC,5135,UN 01,52,2026-08-26 17:45:00,https://casagarciafortaleza.com.br/index.php
Casa Garcia Gourmet,Acessórios,"TABULEIRO P/BOLO POL BCO TB-01 65X45X0,",SOLRAC,5140,UN 01,52,2026-08-26 17:45:00,https://casagarciafortaleza.com.br/index.php
Casa Garcia Gourmet,Acessórios,"TABULEIRO P/BOLO POL RED TB-02 31X0,8CM",SOLRAC,5136,UN 01,52,2026-08-26 17:45:00,https://casagarciafortaleza.com.br/index.php
Casa Garcia Gourmet,Acessórios,"TABULEIRO P/BOLO POL RED TB-03 41X0,8CM",SOLRAC,5137,UN 01,52,2026-08-26 17:45:00,https://casagarciafortaleza.com.br/index.php
Casa Garcia Gourmet,Acessórios,"TABULEIRO P/BOLO POL RED TB-04 51X0,8CM",SOLRAC,5138,UN 01,52,2026-08-26 17:45:00,https://casagarciafortaleza.com.br/index.php
Casa Garcia Gourmet,Acessórios,"TABULEIRO P/BOLO POL RET TB-05 50X40X0,",SOLRAC,5139,UN 01,52,2026-08-26 17:45:00,https://casagarciafortaleza.com.br/index.php
Casa Garcia Gourmet,Acessórios,"TABULEIRO P/BOLO POL RET TB-08 40X30X0,",SOLRAC,5141,UN 01,52,2026-08-26 17:45:00,https://casagarciafortaleza.com.br/index.php
Casa Garcia Gourmet,Acessórios,TAMPA P FORMA 30X10X10 ALUMINOL,IMECA,2388,UN 01,52,2026-08-26 17:45:00,https://casagarciafortaleza.com.br/index.php
Casa Garcia Gourmet,Acessórios,TAMPA PLAST 500ML 50UN TPT-550,COPOBRAS,4840,CX 20,52,2026-08-26 17:45:00,https://casagarciafortaleza.com.br/index.php
Casa Garcia Gourmet,Acessórios,TAMPA PLAST C/ FURO 500ML 50UN TPT-550,COPOBRAS,4841,CX 20,52,2026-08-26 17:45:00,https://casagarciafortaleza.com.br/index.php
Casa Garcia Gourmet,Acessórios,"TANQUE 0,70X0,66 C/1 CUBA 50X50X30 INOX",IMECA,7961,UN 01,52,2026-08-26 17:45:00,https://casagarciafortaleza.com.br/index.php
Casa Garcia Gourmet,Acessórios,TAPETE SILICONE 40X30CM ITP-001,SOLRAC,77814,UN 01,53,2026-08-26 17:45:01,https://casagarciafortaleza.com.br/index.php
Casa Garcia Gourmet,Acessórios,"TERMOMETRO ESPETO INOX 24,5CM ITM-001",SOLRAC,78022,UN 01,53,2026-08-26 17:45:01,https://casagarciafortaleza.com.br/index.php
Casa Garcia Gourmet,Acessórios,"TERMOMETRO LASER 14,5X8,5X3,5CM ITM-002",SOLRAC,78023,UN 01,53,2026-08-26 17:45:01,https://casagarciafortaleza.com.br/index.php
Casa Garcia Gourmet,Acessórios,"TESOURA CONF PLASTICO 12,5X5CM ITS-001",SOLRAC,78024,UN 01,53,2026-08-26 17:45:01,https://casagarciafortaleza.com.br/index.php
Casa Garcia Gourmet,Acessórios,"TIGELA MULTIUSO C/TP 1,5L CRISTAL TI-01",SOLRAC,77793,UN 01,53,2026-08-26 17:45:01,https://casagarciafortaleza.com.br/index.php
Casa Garcia Gourmet,Acessórios,TIRA DE ACETATO 20CMX4M 9846,BWB EMBALAGENS,5385,CX 21,53,2026-08-26 17:45:01,https://casagarciafortaleza.com.br/index.php
Casa Garcia Gourmet,Equipamentos,"ASSAD 58X70 ALUMINIO EST 0,6MM",IMECA,496,CX 20,1,2026-08-26 17:45:02,https://casagarciafortaleza.com.br/index.php
Casa Garcia Gourmet,Equipamentos,ASSAD 58X70 EST FLANDRES,IMECA,501,CX 20,1,2026-08-26 17:45:02,https://casagarciafortaleza.com.br/index.php
Casa Garcia Gourmet,Equipamentos,ASSAD 58X70 HAMBURGUER ALUM 20 CAV,IMECA,499,CX 20,1,2026-08-26 17:45:02,https://casagarciafortaleza.com.br/index.php
Casa Garcia Gourmet,Equipamentos,"ASSAD 60X40X2 ALUM PERF ESTAMPADA 1,2MM",IMECA,749,UN 01,1,2026-08-26 17:45:02,https://casagarciafortaleza.com.br/index.php
Casa Garcia Gourmet,Equipamentos,"ASSAD 60X40X3,5 EST ALUMINIO",IMECA,497,CX 01,1,2026-08-26 17:45:02,https://casagarciafortaleza.com.br/index.php
Casa Garcia Gourmet,Equipamentos,ASSAD 62X36 EST ALUMINIO,IMECA,507,CX 25,1,2026-08-26 17:45:02,https://casagarciafortaleza.com.br/index.php
Casa Garcia Gourmet,Equipamentos,ASSAD 62X36 EST ALUMINOL,IMECA,500,CX 20,1,2026-08-26 17:45:02,https://casagarciafortaleza.com.br/index.php
Casa Garcia Gourmet,Equipamentos,ASSAD 62X36 EST FLANDRES,IMECA,503,UN 01,1,2026-08-26 17:45:02,https://casagarciafortaleza.com.br/index.php
Casa Garcia Gourmet,Equipamentos,ASSAD 62X36 HAMBURGUER ALUMINIO,IMECA,505,CX 25,1,2026-08-26 17:45:02,https://casagarciafortaleza.com.br/index.php
Casa Garcia Gourmet,Equipamentos,ASSAD 62X36 HOT DOG ALUMINIO,IMECA,506,UN 01,1,2026-08-26 17:45:02,https://casagarciafortaleza.com.br/index.php
Casa Garcia Gourmet,Equipamentos,ASSAD P/BISC CHAMPAGNE ALUMINIO,IMECA,504,CX 20,1,2026-08-26 17:45:02,https://casagarciafortaleza.com.br/index.php
Casa Garcia Gourmet,Equipamentos,"ASSADEIRA ALUMINIZADA 60X40X3,5 ESTAMP",IMECA,2386,UN 01,1,2026-08-26 17:45:02,https://casagarciafortaleza.com.br/index.php
Casa Garcia Gourmet,Equipamentos,"CAMARA C/20 ASSAD 58X70 0,6MM EST ALUM",IMECA,80853,UN 01,2,2026-08-26 17:45:03,https://casagarciafortaleza.com.br/index.php
Casa Garcia Gourmet,Equipamentos,CAMARA C/20 EST 58X70 5 TIRAS,IMECA,2404,UN 01,2,2026-08-26 17:45:03,https://casagarciafortaleza.com.br/index.php
Casa Garcia Gourmet,Equipamentos,CAMARA C/20 EST 58X70 5 TIRAS 9CM EPOXI,IMECA,2383,UN 01,2,2026-08-26 17:45:03,https://casagarciafortaleza.com.br/index.php
Casa Garcia Gourmet,Equipamentos,CAMARA C/20 EST 58X70 CANALETADA 6 ONDAS,IMECA,2405,UN 01,2,2026-08-26 17:45:03,https://casagarciafortaleza.com.br/index.php
Casa Garcia Gourmet,Equipamentos,CAMARA C/20 EST 58X70 REFORCADA,IMECA,2391,UN 01,2,2026-08-26 17:45:03,https://casagarciafortaleza.com.br/index.php
Casa Garcia Gourmet,Equipamentos,CAMARA C/40 ASS 62X36 EST FLANDRES,IMECA,2403,UN 01,2,2026-08-26 17:45:03,https://casagarciafortaleza.com.br/index.php
Casa Garcia Gourmet,Equipamentos,CAMARA P/10 ASS 58X70 INOX VAZIA,IMECA,2395,UN 01,2,2026-08-26 17:45:03,https://casagarciafortaleza.com.br/index.php
Casa Garcia Gourmet,Equipamentos,CAMARA P/10 ASS 58X70 VAZIA,IMECA,2390,UN 01,2,2026-08-26 17:45:03,https://casagarciafortaleza.com.br/index.php
Casa Garcia Gourmet,Equipamentos,CAMARA P/19 ASS 58X70 PORTA RETRATIL,IMECA,2411,UN 01,2,2026-08-26 17:45:03,https://casagarciafortaleza.com.br/index.php
Casa Garcia Gourmet,Equipamentos,CAMARA P/20 ASS 40X80 VAZIA MONT EPOXI,IMECA,7960,UN 01,2,2026-08-26 17:45:03,https://casagarciafortaleza.com.br/index.php
Casa Garcia Gourmet,Equipamentos,CAMARA P/20 ASS 58X70 ESTAMP ALUMINIO,IMECA,2407,UN 01,2,2026-08-26 17:45:03,https://casagarciafortaleza.com.br/index.php
Casa Garcia Gourmet,Equipamentos,CAMARA P/20 ASS 58X70 FLANDRE ESTAMP,IMECA,2401,UN 01,2,2026-08-26 17:45:03,https://casagarciafortaleza.com.br/index.php
Casa Garcia Gourmet,Equipamentos,CAMARA P/20 ASS 58X70 VAZIA ALUMINIO,IMECA,2410,UN 01,3,2026-08-26 17:45:05,https://casagarciafortaleza.com.br/index.php
Casa Garcia Gourmet,Equipamentos,CAMARA P/20 ASS 58X70 VAZIA DESMONTADA,IMECA,2400,UN 01,3,2026-08-26 17:45:05,https://casagarciafortaleza.com.br/index.php
Casa Garcia Gourmet,Equipamentos,CAMARA P/20 ASS 58X70 VAZIA INOX,IMECA,2406,UN 01,3,2026-08-26 17:45:05,https://casagarciafortaleza.com.br/index.php
Casa Garcia Gourmet,Equipamentos,CAMARA P/20 ASS 60X40 VAZIA BH,IMECA,2409,UN 01,3,2026-08-26 17:45:05,https://casagarciafortaleza.com.br/index.php
Casa Garcia Gourmet,Equipamentos,CAMARA P/20 ASS 62X36 VAZIA DESMONTADA,IMECA,2399,UN 01,3,2026-08-26 17:45:05,https://casagarciafortaleza.com.br/index.php
Casa Garcia Gourmet,Equipamentos,CAMARA P/20 ASSAD 58X70 ALUM S/VISOR DES,IMECA,2382,UN 01,3,2026-08-26 17:45:05,https://casagarciafortaleza.com.br/index.php
Casa Garcia Gourmet,Equipamentos,CAMARA P/20 ASSAD 58X70 VAZIA INOX 304,IMECA,79158,UN 01,3,2026-08-26 17:45:05,https://casagarciafortaleza.com.br/index.php
Casa Garcia Gourmet,Equipamentos,CAMARA P/40 ASS 62X36 VAZIA DESMONTADA,IMECA,2402,UN 01,3,2026-08-26 17:45:05,https://casagarciafortaleza.com.br/index.php
Casa Garcia Gourmet,Equipamentos,CAMARA P/40 ASS 62X36 VAZIA REFORCADA,IMECA,2408,UN 01,3,2026-08-26 17:45:05,https://casagarciafortaleza.com.br/index.php
Casa Garcia Gourmet,Equipamentos,DISP P/ MOLDAR PAO-FATIADOR MANUAL,IMECA,2421,UN 01,3,2026-08-26 17:45:05,https://casagarciafortaleza.com.br/index.php
Casa Garcia Gourmet,Equipamentos,"DISP P/CAMARA FRIA 1,10X0,50X1,80",IMECA,2422,UN 01,3,2026-08-26 17:45:05,https://casagarciafortaleza.com.br/index.php
Casa Garcia Gourmet,Equipamentos,DISPOSITIVO P/RESFRIAM PAO FORMA EPOXI,IMECA,2429,UN 01,3,2026-08-26 17:45:05,https://casagarciafortaleza.com.br/index.php
Casa Garcia Gourmet,Equipamentos,ESTANTE ABERTA P/20 ASSAD 58X70 DESMONT,IMECA,2394,UN 01,4,2026-08-26 17:45:06,https://casagarciafortaleza.com.br/index.php
Casa Garcia Gourmet,Equipamentos,ESTANTE ABERTA P/20 ASSAD 62X36 DESMONT,IMECA,2425,UN 01,4,2026-08-26 17:45:06,https://casagarciafortaleza.com.br/index.php
Casa Garcia Gourmet,Equipamentos,ESTANTE ABERTA P/20 ASSAD VAZIA 60X40 IN,IMECA,748,UN 01,4,2026-08-26 17:45:06,https://casagarciafortaleza.com.br/index.php
Casa Garcia Gourmet,Equipamentos,ESTEIRA 58X70 5 TIRAS 9CM GOLD,IMECA,2387,UN 01,4,2026-08-26 17:45:06,https://casagarciafortaleza.com.br/index.php
Casa Garcia Gourmet,Equipamentos,ESTEIRA CANAL 58X70 PERF 6 ONDAS,IMECA,2415,UN 01,4,2026-08-26 17:45:06,https://casagarciafortaleza.com.br/index.php
Casa Garcia Gourmet,Equipamentos,ESTEIRA PAO FRANCES 62X36 4 TALAS,IMECA,2414,UN 01,4,2026-08-26 17:45:06,https://casagarciafortaleza.com.br/index.php
Casa Garcia Gourmet,Equipamentos,EXPOSITOR P/ BANDEJA 440X315MM,IMECA,2397,UN 01,4,2026-08-26 17:45:06,https://casagarciafortaleza.com.br/index.php
Casa Garcia Gourmet,Equipamentos,FORMA BOLO INGLES 22X10X6 FLANDRES,IMECA,1842,UN 01,4,2026-08-26 17:45:06,https://casagarciafortaleza.com.br/index.php
Casa Garcia Gourmet,Equipamentos,FORMA PAO DE FORMA 20X10X10 ALUMINIO,IMECA,1849,UN 01,4,2026-08-26 17:45:06,https://casagarciafortaleza.com.br/index.php
Casa Garcia Gourmet,Equipamentos,FORMA PAO DE FORMA 20X10X10 ALUMINOL,IMECA,1840,UN 01,4,2026-08-26 17:45:06,https://casagarciafortaleza.com.br/index.php
Casa Garcia Gourmet,Equipamentos,FORMA PAO DE FORMA 30X10X10 ALUMINIO,IMECA,1844,UN 01,4,2026-08-26 17:45:06,https://casagarciafortaleza.com.br/index.php
Casa Garcia Gourmet,Equipamentos,FORMA PAO DE FORMA 32X10X10 ALUMINIO,IMECA,1847,UN 01,4,2026-08-26 17:45:06,https://casagarciafortaleza.com.br/index.php
Casa Garcia Gourmet,Equipamentos,FORMA PAO DE FORMA 32X10X10 ALUMINOL,IMECA,1845,UN 01,5,2026-08-26 17:45:07,https://casagarciafortaleza.com.br/index.php
Casa Garcia Gourmet,Equipamentos,FORMA PAO DE FORMA 32X10X10 FLANDRES,IMECA,1846,UN 01,5,2026-08-26 17:45:07,https://casagarciafortaleza.com.br/index.php
Casa Garcia Gourmet,Equipamentos,JOGO BAND EXTRA 1 A 5 PCS,IMECA,1837,UN 01,5,2026-08-26 17:45:07,https://casagarciafortaleza.com.br/index.php
Casa Garcia Gourmet,Equipamentos,JOGO BAND EXTRA 1 A 5 PCS ANTIADERENTE,IMECA,1836,UN 01,5,2026-08-26 17:45:07,https://casagarciafortaleza.com.br/index.php
Casa Garcia Gourmet,Equipamentos,LIXEIRA INOX 430 75L,IMECA,81036,UN 01,5,2026-08-26 17:45:07,https://casagarciafortaleza.com.br/index.php
Casa Garcia Gourmet,Equipamentos,"MESA 1,20X0,70 INOX 2 PRAT INF LISA",IMECA,2396,UN 01,5,2026-08-26 17:45:07,https://casagarciafortaleza.com.br/index.php
Casa Garcia Gourmet,Equipamentos,"MESA 1,50X0,70 C/GRADE INOX CANT REDONDO",IMECA,2418,UN 01,5,2026-08-26 17:45:07,https://casagarciafortaleza.com.br/index.php
Casa Garcia Gourmet,Equipamentos,"MESA 1,78X78 INOX PE8X8 C/GRADE LAT ALT",IMECA,2416,UN 01,5,2026-08-26 17:45:07,https://casagarciafortaleza.com.br/index.php
Casa Garcia Gourmet,Equipamentos,"MESA 1,80X0,80 TOTAL INOX C/GDE FIXA",IMECA,2420,UN 01,5,2026-08-26 17:45:07,https://casagarciafortaleza.com.br/index.php
Casa Garcia Gourmet,Equipamentos,"MESA 1,90X0,70 C/GRADE EPOX CANT REDONDO",IMECA,2428,UN 01,5,2026-08-26 17:45:07,https://casagarciafortaleza.com.br/index.php
Casa Garcia Gourmet,Equipamentos,"MESA 1,90X0,70 C/GRADE INOX CANT REDONDO",IMECA,2427,UN 01,5,2026-08-26 17:45:07,https://casagarciafortaleza.com.br/index.php
Casa Garcia Gourmet,Equipamentos,"MESA 1,90X0,70 INOX 430",IMECA,2389,UN 01,5,2026-08-26 17:45:07,https://casagarciafortaleza.com.br/index.php
Casa Garcia Gourmet,Equipamentos,"MESA 1,90X0,90 C/GRADE INOX CANT REDONDO",IMECA,2432,UN 01,6,2026-08-26 17:45:08,https://casagarciafortaleza.com.br/index.php
Casa Garcia Gourmet,Equipamentos,"MESA 1,90X0,90 INOX 304 C/GDE E TESTEIRA",IMECA,80852,UN 01,6,2026-08-26 17:45:08,https://casagarciafortaleza.com.br/index.php
Casa Garcia Gourmet,Equipamentos,"MESA 2,85X0,90 C/GRADE 6 PES 8X8 FIXA",IMECA,2426,UN 01,6,2026-08-26 17:45:08,https://casagarciafortaleza.com.br/index.php
Casa Garcia Gourmet,Equipamentos,MESA 2X1 PLACA 20M/M PE INOX SUP S/GRADE,IMECA,2417,UN 01,6,2026-08-26 17:45:08,https://casagarciafortaleza.com.br/index.php
