empresa,departamento,produto_original,produto_normalizado,codigo_produto,embalagem_original,quantidade,unidade,quantidade_base,unidade_base,preco,preco_publico,pagina_catalogo,link_produto,data_coleta,fonte,status_validacao
Fortali Distribuidora,Confeitaria,ESSENCIA CANELA ARCOLOR 30ML,ESSENCIA CANELA ARCOLOR 30ML,10000,30ML,30.0,ML,30.0,ML,,Não,36,https://www.fortali.com.br/essencia-canela-arcolor-30ml-10000-1,2026-08-18 13:06:57,https://www.fortali.com.br/confeitaria?page=36,Pronto para comparar
Fortali Distribuidora,Confeitaria,ESSENCIA CEREJA ARCOLOR 30ML,ESSENCIA CEREJA ARCOLOR 30ML,10002,30ML,30.0,ML,30.0,ML,,Não,36,https://www.fortali.com.br/essencia-cereja-arcolor-30ml-10002-1,2026-08-18 13:06:57,https://www.fortali.com.br/confeitaria?page=36,Pronto para comparar
Fortali Distribuidora,Confeitaria,ESSENCIA CHAMPAGNE ARCOLOR 30ML,ESSENCIA CHAMPAGNE ARCOLOR 30ML,10003,30ML,30.0,ML,30.0,ML,,Não,36,https://www.fortali.com.br/essencia-champagne-arcolor-30ml--10003-1,2026-08-18 13:06:57,https://www.fortali.com.br/confeitaria?page=36,Pronto para comparar
Fortali Distribuidora,Confeitaria,ESSÊNCIA DE COCO ARCOLOR 30ML,ESSENCIA DE COCO ARCOLOR 30ML,10005,30ML,30.0,ML,30.0,ML,,Não,36,https://www.fortali.com.br/essencia-de-coco-arcolor-30ml-10005-1,2026-08-18 13:06:57,https://www.fortali.com.br/confeitaria?page=36,Pronto para comparar
Fortali Distribuidora,Confeitaria,ESSENCIA ERVA DOCE ARCOLOR 30ML,ESSENCIA ERVA DOCE ARCOLOR 30ML,10007,30ML,30.0,ML,30.0,ML,,Não,36,https://www.fortali.com.br/essencia-erva-doce-arcolor-30ml-10007-1,2026-08-18 13:06:57,https://www.fortali.com.br/confeitaria?page=36,Pronto para comparar
Fortali Distribuidora,Confeitaria,ESSENCIA FRAMBOESA ARCOLOR 30ML,ESSENCIA FRAMBOESA ARCOLOR 30ML,10008,30ML,30.0,ML,30.0,ML,,Não,36,https://www.fortali.com.br/essencia-framboesa-arcolor-30ml-10008-1,2026-08-18 13:06:57,https://www.fortali.com.br/confeitaria?page=36,Pronto para comparar
Fortali Distribuidora,Confeitaria,ESSENCIA GROSELHA ARCOLOR 30ML,ESSENCIA GROSELHA ARCOLOR 30ML,10009,30ML,30.0,ML,30.0,ML,,Não,36,https://www.fortali.com.br/essencia-groselha-arcolor-30ml-10009-1,2026-08-18 13:06:57,https://www.fortali.com.br/confeitaria?page=36,Pronto para comparar
Fortali Distribuidora,Confeitaria,ESSENCIA GUARANA ARCOLOR 30ML,ESSENCIA GUARANA ARCOLOR 30ML,10010,30ML,30.0,ML,30.0,ML,,Não,36,https://www.fortali.com.br/essencia-guarana-arcolor-30ml-10010-1,2026-08-18 13:06:57,https://www.fortali.com.br/confeitaria?page=36,Pronto para comparar
Fortali Distribuidora,Confeitaria,ESSÊNCIA DE LEITE ARCOLOR 30ML,ESSENCIA DE LEITE ARCOLOR 30ML,10012,30ML,30.0,ML,30.0,ML,,Não,36,https://www.fortali.com.br/essencia-de-leite-arcolor-30ml-10012-1,2026-08-18 13:06:57,https://www.fortali.com.br/confeitaria?page=36,Pronto para comparar
Fortali Distribuidora,Confeitaria,ESSÊNCIA DE LIMAO ARCOLOR 30ML,ESSENCIA DE LIMAO ARCOLOR 30ML,10013,30ML,30.0,ML,30.0,ML,,Não,20,https://www.fortali.com.br/essencia-de-limao-arcolor-30ml-10013-1,2026-08-18 13:06:57,https://www.fortali.com.br/confeitaria?page=20,Pronto para comparar
Fortali Distribuidora,Confeitaria,ESSÊNCIA DE MANTEIGA ARCOLOR 30ML,ESSENCIA DE MANTEIGA ARCOLOR 30ML,10015,30ML,30.0,ML,30.0,ML,,Não,37,https://www.fortali.com.br/essencia-de-manteiga-arcolor-30ml-10015-1,2026-08-18 13:06:57,https://www.fortali.com.br/confeitaria?page=37,Pronto para comparar
Fortali Distribuidora,Confeitaria,ESSÊNCIA DE MARACUJA ARCOLOR 30ML,ESSENCIA DE MARACUJA ARCOLOR 30ML,10016,30ML,30.0,ML,30.0,ML,,Não,20,https://www.fortali.com.br/essencia-de-maracuja-arcolor-30ml-10016-1,2026-08-18 13:06:57,https://www.fortali.com.br/confeitaria?page=20,Pronto para comparar
Fortali Distribuidora,Confeitaria,ESSENCIA MARRASQUINO ARCOLOR 30ML,ESSENCIA MARRASQUINO ARCOLOR 30ML,10017,30ML,30.0,ML,30.0,ML,,Não,37,https://www.fortali.com.br/essencia-marrasquino-arcolor-30ml-10017-1,2026-08-18 13:06:57,https://www.fortali.com.br/confeitaria?page=37,Pronto para comparar
Fortali Distribuidora,Confeitaria,ESSÊNCIA DE MEL ARCOLOR 30ML,ESSENCIA DE MEL ARCOLOR 30ML,10018,30ML,30.0,ML,30.0,ML,,Não,37,https://www.fortali.com.br/essencia-de-mel-arcolor-30ml-10018-1,2026-08-18 13:06:57,https://www.fortali.com.br/confeitaria?page=37,Pronto para comparar
Fortali Distribuidora,Confeitaria,ESSÊNCIA DE MENTA ARCOLOR 30ML,ESSENCIA DE MENTA ARCOLOR 30ML,10019,30ML,30.0,ML,30.0,ML,,Não,20,https://www.fortali.com.br/essencia-de-menta-arcolor-30ml-10019-1,2026-08-18 13:06:57,https://www.fortali.com.br/confeitaria?page=20,Pronto para comparar
Fortali Distribuidora,Confeitaria,ESSENCIA MILHO VDE ARCOLOR 30ML,ESSENCIA MILHO VDE ARCOLOR 30ML,10020,30ML,30.0,ML,30.0,ML,,Não,37,https://www.fortali.com.br/essencia-milho-vde-arcolor-30ml-10020-1,2026-08-18 13:06:57,https://www.fortali.com.br/confeitaria?page=37,Pronto para comparar
Fortali Distribuidora,Confeitaria,ESSÊNCIA DE MORANGO ARCOLOR 30ML,ESSENCIA DE MORANGO ARCOLOR 30ML,10021,30ML,30.0,ML,30.0,ML,,Não,20,https://www.fortali.com.br/essencia-de-morango-arcolor-30ml-10021-1,2026-08-18 13:06:57,https://www.fortali.com.br/confeitaria?page=20,Pronto para comparar
Fortali Distribuidora,Confeitaria,ESSÊNCIA DE PANETONE ARCOLO 30ML,ESSENCIA DE PANETONE ARCOLO 30ML,10023,30ML,30.0,ML,30.0,ML,,Não,9,https://www.fortali.com.br/essencia-de-panetone-arcolo-30ml-10023-1,2026-08-18 13:06:57,https://www.fortali.com.br/confeitaria?page=9,Pronto para comparar
Fortali Distribuidora,Confeitaria,ESSENCIA PESSEGO ARCOLOR 30ML,ESSENCIA PESSEGO ARCOLOR 30ML,10024,30ML,30.0,ML,30.0,ML,,Não,37,https://www.fortali.com.br/essencia-pessego-arcolor-30ml-10024-1,2026-08-18 13:06:57,https://www.fortali.com.br/confeitaria?page=37,Pronto para comparar
Fortali Distribuidora,Confeitaria,ESSENCIA QUEIJO ARCOLOR 30ML,ESSENCIA QUEIJO ARCOLOR 30ML,10025,30ML,30.0,ML,30.0,ML,,Não,37,https://www.fortali.com.br/essencia-queijo-arcolor-30ml-10025-1,2026-08-18 13:06:57,https://www.fortali.com.br/confeitaria?page=37,Pronto para comparar
Fortali Distribuidora,Confeitaria,ESSENCIA RUM JAMAICA ARCOLOR 30ML,ESSENCIA RUM JAMAICA ARCOLOR 30ML,10026,30ML,30.0,ML,30.0,ML,,Não,20,https://www.fortali.com.br/essencia-rum-jamaica-arcolor-30ml-10026-1,2026-08-18 13:06:57,https://www.fortali.com.br/confeitaria?page=20,Pronto para comparar
Fortali Distribuidora,Confeitaria,ESSENCIA TANGERINA ARCOLOR 30ML,ESSENCIA TANGERINA ARCOLOR 30ML,10027,30ML,30.0,ML,30.0,ML,,Não,37,https://www.fortali.com.br/essencia-tangerina-arcolor-30ml-10027-1,2026-08-18 13:06:57,https://www.fortali.com.br/confeitaria?page=37,Pronto para comparar
Fortali Distribuidora,Confeitaria,ESSÊNCIA DE TUTI FRUTTI ARCOLOR 30ML,ESSENCIA DE TUTI FRUTTI ARCOLOR 30ML,10029,30ML,30.0,ML,30.0,ML,,Não,20,https://www.fortali.com.br/essencia-de-tuti-frutti-arcolor-30ml-10029-1,2026-08-18 13:06:57,https://www.fortali.com.br/confeitaria?page=20,Pronto para comparar
Fortali Distribuidora,Confeitaria,COR MARFIM ARCOLOR 10ML,COR MARFIM ARCOLOR 10ML,10032,10ML,10.0,ML,10.0,ML,,Não,37,https://www.fortali.com.br/cor-marfim-arcolor-10ml-10032-1,2026-08-18 13:06:57,https://www.fortali.com.br/confeitaria?page=37,Pronto para comparar
Fortali Distribuidora,Confeitaria,CORANTE MARROM ARCOLOR 10ML,CORANTE MARROM ARCOLOR 10ML,10033,10ML,10.0,ML,10.0,ML,,Não,37,https://www.fortali.com.br/corante-marrom-arcolor-10ml-10033-1,2026-08-18 13:06:57,https://www.fortali.com.br/confeitaria?page=37,Pronto para comparar
Fortali Distribuidora,Confeitaria,CORANTE ROXA ARCOLOR 10ML,CORANTE ROXA ARCOLOR 10ML,10034,10ML,10.0,ML,10.0,ML,,Não,20,https://www.fortali.com.br/corante-roxa-arcolor-10ml-10034-1,2026-08-18 13:06:57,https://www.fortali.com.br/confeitaria?page=20,Pronto para comparar
Fortali Distribuidora,Confeitaria,COR VERDE MAR ARCOLOR 10ML,COR VERDE MAR ARCOLOR 10ML,10036,10ML,10.0,ML,10.0,ML,,Não,37,https://www.fortali.com.br/cor-verde-mar-arcolor-10ml-10036-1,2026-08-18 13:06:57,https://www.fortali.com.br/confeitaria?page=37,Pronto para comparar
Fortali Distribuidora,Confeitaria,CORANTE VERDE OLIVA ARCOLOR 10ML,CORANTE VERDE OLIVA ARCOLOR 10ML,10037,10ML,10.0,ML,10.0,ML,,Não,37,https://www.fortali.com.br/corante-verde-oliva-arcolor-10ml-10037-1,2026-08-18 13:06:57,https://www.fortali.com.br/confeitaria?page=37,Pronto para comparar
Fortali Distribuidora,Confeitaria,CORANTE LIQUIDO VERMELHO BORDO ARCOLOR 10ML,CORANTE LIQUIDO VERMELHO BORDO ARCOLOR 10ML,10038,10ML,10.0,ML,10.0,ML,,Não,37,https://www.fortali.com.br/corante-liquido-vermelho-bordo-arcolor-10ml-10038-1,2026-08-18 13:06:57,https://www.fortali.com.br/confeitaria?page=37,Pronto para comparar
Fortali Distribuidora,Confeitaria,CORANTE VIOLETA ARCOLOR 10ML,CORANTE VIOLETA ARCOLOR 10ML,10039,10ML,10.0,ML,10.0,ML,,Não,37,https://www.fortali.com.br/corante-violeta-arcolor-10ml-10039-1,2026-08-18 13:06:57,https://www.fortali.com.br/confeitaria?page=37,Pronto para comparar
Fortali Distribuidora,Confeitaria,CORANTE AMARELO ARCOLOR 10ML,CORANTE AMARELO ARCOLOR 10ML,10040,10ML,10.0,ML,10.0,ML,,Não,37,https://www.fortali.com.br/corante-amarelo-arcolor-10ml-10040-1,2026-08-18 13:06:57,https://www.fortali.com.br/confeitaria?page=37,Pronto para comparar
Fortali Distribuidora,Confeitaria,CORANTE LIQUIDO AZUL ARCOLOR 10ML,CORANTE LIQUIDO AZUL ARCOLOR 10ML,10041,10ML,10.0,ML,10.0,ML,,Não,37,https://www.fortali.com.br/corante-liquido-azul-arcolor-10ml-10041-1,2026-08-18 13:06:57,https://www.fortali.com.br/confeitaria?page=37,Pronto para comparar
Fortali Distribuidora,Confeitaria,CORANTE CARTELA VERDE ARCOLOR 10ML,CORANTE CARTELA VERDE ARCOLOR 10ML,10043,10ML,10.0,ML,10.0,ML,,Não,37,https://www.fortali.com.br/corante-cartela-verde-arcolor-10ml-10043-1,2026-08-18 13:06:57,https://www.fortali.com.br/confeitaria?page=37,Pronto para comparar
Fortali Distribuidora,Confeitaria,CORANTE EM GEL AZUL TURQUEZA ARCOLOR 30G,CORANTE EM GEL AZUL TURQUEZA ARCOLOR 30G,10045,30G,30.0,G,30.0,G,,Não,37,https://www.fortali.com.br/corante-em-gel-azul-turqueza-arcolor-30g-10045-1,2026-08-18 13:06:57,https://www.fortali.com.br/confeitaria?page=37,Pronto para comparar
Fortali Distribuidora,Confeitaria,CORANTE EM GEL ROSA ARCOLOR 30G,CORANTE EM GEL ROSA ARCOLOR 30G,10051,30G,30.0,G,30.0,G,,Não,37,https://www.fortali.com.br/corante-em-gel-rosa-arcolor-30g-10051-1,2026-08-18 13:06:57,https://www.fortali.com.br/confeitaria?page=37,Pronto para comparar
Fortali Distribuidora,Confeitaria,COR GEL ROXO ARCOLOR 30G,COR GEL ROXO ARCOLOR 30G,10052,30G,30.0,G,30.0,G,,Não,37,https://www.fortali.com.br/cor-gel-roxo-arcolor-30g-10052-1,2026-08-18 13:06:57,https://www.fortali.com.br/confeitaria?page=37,Pronto para comparar
Fortali Distribuidora,Confeitaria,COR GEL VDE LIMAO ARCOLOR 30G,COR GEL VDE LIMAO ARCOLOR 30G,10054,30G,30.0,G,30.0,G,,Não,37,https://www.fortali.com.br/cor-gel-vde-limao-arcolor-30g-10054-1,2026-08-18 13:06:57,https://www.fortali.com.br/confeitaria?page=37,Pronto para comparar
Fortali Distribuidora,Confeitaria,CORANTE EM GEL VERMELHO BORDO ARCOLOR 30G,CORANTE EM GEL VERMELHO BORDO ARCOLOR 30G,10057,30G,30.0,G,30.0,G,,Não,37,https://www.fortali.com.br/corante-em-gel-vermelho-bordo-arcolor-30g-10057-1,2026-08-18 13:06:57,https://www.fortali.com.br/confeitaria?page=37,Pronto para comparar
Fortali Distribuidora,Confeitaria,CORANTE EM GEL VIOLETA ARCOLOR 30G,CORANTE EM GEL VIOLETA ARCOLOR 30G,10058,30G,30.0,G,30.0,G,,Não,37,https://www.fortali.com.br/corante-em-gel-violeta-arcolor-30g-10058-1,2026-08-18 13:06:57,https://www.fortali.com.br/confeitaria?page=37,Pronto para comparar
Fortali Distribuidora,Confeitaria,COR LIQUIGEL AMAR GEMA ARCOLOR 30G,COR LIQUIGEL AMAR GEMA ARCOLOR 30G,10059,30G,30.0,G,30.0,G,,Não,37,https://www.fortali.com.br/cor-liquigel-amar-gema-arcolor-30g-10059-1,2026-08-18 13:06:57,https://www.fortali.com.br/confeitaria?page=37,Pronto para comparar
Fortali Distribuidora,Confeitaria,CORANTE LIQUIGEL BRANCO ARCOLOR 30G,CORANTE LIQUIGEL BRANCO ARCOLOR 30G,10060,30G,30.0,G,30.0,G,,Não,37,https://www.fortali.com.br/corante-liquigel-branco-arcolor-30g-10060-1,2026-08-18 13:06:57,https://www.fortali.com.br/confeitaria?page=37,Pronto para comparar
Fortali Distribuidora,Confeitaria,COR LIQUIGEL MARINHO ARCOLOR 30G,COR LIQUIGEL MARINHO ARCOLOR 30G,10061,30G,30.0,G,30.0,G,,Não,38,https://www.fortali.com.br/cor-liquigel-marinho-arcolor-30g-10061-1,2026-08-18 13:06:57,https://www.fortali.com.br/confeitaria?page=38,Pronto para comparar
Fortali Distribuidora,Confeitaria,COR LIQUIGEL MARR TELHA ARCOLOR 30G,COR LIQUIGEL MARR TELHA ARCOLOR 30G,10062,30G,30.0,G,30.0,G,,Não,38,https://www.fortali.com.br/cor-liquigel-marr-telha-arcolor-30g-10062-1,2026-08-18 13:06:57,https://www.fortali.com.br/confeitaria?page=38,Pronto para comparar
Fortali Distribuidora,Confeitaria,CORANTE LIQUIGEL ROSA CEREJA ARCOLOR 30G,CORANTE LIQUIGEL ROSA CEREJA ARCOLOR 30G,10063,30G,30.0,G,30.0,G,,Não,38,https://www.fortali.com.br/corante-liquigel-rosa-cereja-arcolor-30g-10063-1,2026-08-18 13:06:57,https://www.fortali.com.br/confeitaria?page=38,Pronto para comparar
Fortali Distribuidora,Confeitaria,COR LIQUIGEL ROXO ARCOLOR 30G,COR LIQUIGEL ROXO ARCOLOR 30G,10064,30G,30.0,G,30.0,G,,Não,38,https://www.fortali.com.br/cor-liquigel-roxo-arcolor-30g-10064-1,2026-08-18 13:06:57,https://www.fortali.com.br/confeitaria?page=38,Pronto para comparar
Fortali Distribuidora,Confeitaria,COR  LIQUIGEL SALMAO ARCOLOR 30G,COR LIQUIGEL SALMAO ARCOLOR 30G,10065,30G,30.0,G,30.0,G,,Não,38,https://www.fortali.com.br/cor--liquigel-salmao-arcolor-30g-10065-1,2026-08-18 13:06:57,https://www.fortali.com.br/confeitaria?page=38,Pronto para comparar
Fortali Distribuidora,Confeitaria,COR LIQUIGEL VDE LIMAO ARCOLOR 30G,COR LIQUIGEL VDE LIMAO ARCOLOR 30G,10066,30G,30.0,G,30.0,G,,Não,38,https://www.fortali.com.br/cor-liquigel-vde-limao-arcolor-30g-10066-1,2026-08-18 13:06:57,https://www.fortali.com.br/confeitaria?page=38,Pronto para comparar
Fortali Distribuidora,Confeitaria,CORANTE LIQUIGEL VERDE MAR ARCOLOR 30G,CORANTE LIQUIGEL VERDE MAR ARCOLOR 30G,10067,30G,30.0,G,30.0,G,,Não,38,https://www.fortali.com.br/corante-liquigel-verde-mar-arcolor-30g-10067-1,2026-08-18 13:06:57,https://www.fortali.com.br/confeitaria?page=38,Pronto para comparar
Fortali Distribuidora,Confeitaria,PULVERIZADOR COM 4 TUBOS HOBBYCOR 1 PEÇA,PULVERIZADOR COM 4 TUBOS HOBBYCOR 1 PECA,10105,,,,,,,Não,38,https://www.fortali.com.br/pulverizador-com-4-tubos-hobbycor-1-peca-10105-1,2026-08-18 13:06:57,https://www.fortali.com.br/confeitaria?page=38,Revisar embalagem
Fortali Distribuidora,Confeitaria,MIST LACTEA CONDENSADA TRIANGULO BAG 5KG,MIST LACTEA CONDENSADA TRIANGULO BAG 5KG,10180,5KG,5.0,KG,5000.0,G,,Não,32,https://www.fortali.com.br/mist-lactea-condensada-triangulo-bag-5kg-10180-1,2026-08-18 13:06:57,https://www.fortali.com.br/confeitaria?page=32,Pronto para comparar
Fortali Distribuidora,Confeitaria,MIST LACTEA CONDENSADA TRIANGULO TP 395G,MIST LACTEA CONDENSADA TRIANGULO TP 395G,10182,395G,395.0,G,395.0,G,,Não,29,https://www.fortali.com.br/mist-lactea-condensada-triangulo-tp-395g-10182-1,2026-08-18 13:06:57,https://www.fortali.com.br/confeitaria?page=29,Pronto para comparar
Fortali Distribuidora,Confeitaria,DOCE PAST C LEITE PURO TRIANGULO BLD 5KG,DOCE PAST C LEITE PURO TRIANGULO BLD 5KG,10183,5KG,5.0,KG,5000.0,G,,Não,34,https://www.fortali.com.br/doce-past-c-leite-puro-triangulo-bld-5kg-10183-1,2026-08-18 13:06:57,https://www.fortali.com.br/confeitaria?page=34,Pronto para comparar
Fortali Distribuidora,Confeitaria,DOCE PAST LEITE/CHOC TRIANGULO BLD 5KG,DOCE PAST LEITE CHOC TRIANGULO BLD 5KG,10184,5KG,5.0,KG,5000.0,G,,Não,34,https://www.fortali.com.br/doce-past-leite-choc-triangulo-bld-5kg-10184-1,2026-08-18 13:06:57,https://www.fortali.com.br/confeitaria?page=34,Pronto para comparar
Fortali Distribuidora,Confeitaria,DOCE PAST LEITE PURO TRIANGULO BLD 10KG,DOCE PAST LEITE PURO TRIANGULO BLD 10KG,10185,10KG,10.0,KG,10000.0,G,,Não,33,https://www.fortali.com.br/doce-past-leite-puro-triangulo-bld-10kg-10185-1,2026-08-18 13:06:57,https://www.fortali.com.br/confeitaria?page=33,Pronto para comparar
Fortali Distribuidora,Confeitaria,"FORMA INJET COPINHO ALTO 137,5X275MM","FORMA INJET COPINHO ALTO 137,5X275MM",10196,,,,,,,Não,38,https://www.fortali.com.br/forma-injet-copinho-alto-1375x275mm-10196-1,2026-08-18 13:06:57,https://www.fortali.com.br/confeitaria?page=38,Revisar embalagem
Fortali Distribuidora,Confeitaria,"FORMA INJET M ESFERA 2CM 137,5X275MM","FORMA INJET M ESFERA 2CM 137,5X275MM",10199,,,,,,,Não,38,https://www.fortali.com.br/forma-injet-m-esfera-2cm-1375x275mm-10199-1,2026-08-18 13:06:57,https://www.fortali.com.br/confeitaria?page=38,Revisar embalagem
Fortali Distribuidora,Confeitaria,"FORMA INJET CX PRESENTE MOD 137,5X275MM","FORMA INJET CX PRESENTE MOD 137,5X275MM",10201,,,,,,,Não,38,https://www.fortali.com.br/forma-injet-cx-presente-mod-1375x275mm-10201-1,2026-08-18 13:06:57,https://www.fortali.com.br/confeitaria?page=38,Revisar embalagem
Fortali Distribuidora,Confeitaria,"FORMA INJET TAMPA PRESENTE 137,5X275MM","FORMA INJET TAMPA PRESENTE 137,5X275MM",10202,,,,,,,Não,38,https://www.fortali.com.br/forma-injet-tampa-presente-1375x275mm-10202-1,2026-08-18 13:06:57,https://www.fortali.com.br/confeitaria?page=38,Revisar embalagem
Fortali Distribuidora,Confeitaria,"FORMA INJET BOMBOM ANDARES 137,5X275MM","FORMA INJET BOMBOM ANDARES 137,5X275MM",10206,,,,,,,Não,38,https://www.fortali.com.br/forma-injet-bombom-andares-1375x275mm-10206-1,2026-08-18 13:06:57,https://www.fortali.com.br/confeitaria?page=38,Revisar embalagem
Fortali Distribuidora,Confeitaria,"FORMA INJET BOMBOM OVAL 137,5X275MM","FORMA INJET BOMBOM OVAL 137,5X275MM",10207,,,,,,,Não,38,https://www.fortali.com.br/forma-injet-bombom-oval-1375x275mm-10207-1,2026-08-18 13:06:57,https://www.fortali.com.br/confeitaria?page=38,Revisar embalagem
Fortali Distribuidora,Confeitaria,BANCO P/SUSTENT BOLO 35CM B STAR,BANCO P SUSTENT BOLO 35CM B STAR,10222,,,,,,,Não,38,https://www.fortali.com.br/banco-psustent-bolo-35cm-b-star-10222-1,2026-08-18 13:06:57,https://www.fortali.com.br/confeitaria?page=38,Revisar embalagem
Fortali Distribuidora,Confeitaria,MARCADOR EM FORMATO DE CAPITONE BLUESTAR 5UN,MARCADOR EM FORMATO DE CAPITONE BLUESTAR 5UN,10244,,,,,,,Não,38,https://www.fortali.com.br/marcador-em-formato-de-capitone-bluestar-5un-10244-1,2026-08-18 13:06:57,https://www.fortali.com.br/confeitaria?page=38,Revisar embalagem
Fortali Distribuidora,Confeitaria,"ROLO CORT TIRAS RETAS 2,5CM B STAR UN","ROLO CORT TIRAS RETAS 2,5CM B STAR UN",10247,,,,,,,Não,38,https://www.fortali.com.br/rolo-cort-tiras-retas-25cm-b-star-un-10247-1,2026-08-18 13:06:57,https://www.fortali.com.br/confeitaria?page=38,Revisar embalagem
Fortali Distribuidora,Confeitaria,GRANULADO DE CHOCOLATE CROCANTE MIL CORES PACOTE 80G,GRANULADO DE CHOCOLATE CROCANTE MIL CORES PACOTE 80G,10255,80G,80.0,G,80.0,G,,Não,31,https://www.fortali.com.br/granulado-de-chocolate-crocante-mil-cores-pacote-80g-10255-1,2026-08-18 13:06:57,https://www.fortali.com.br/confeitaria?page=31,Pronto para comparar
Fortali Distribuidora,Confeitaria,GRANULADO CROCANTE CHOCOLATE MIL CORES PACOTE 150G,GRANULADO CROCANTE CHOCOLATE MIL CORES PACOTE 150G,10256,150G,150.0,G,150.0,G,,Não,38,https://www.fortali.com.br/granulado-crocante-chocolate-mil-cores-pacote-150g-10256-1,2026-08-18 13:06:57,https://www.fortali.com.br/confeitaria?page=38,Pronto para comparar
Fortali Distribuidora,Confeitaria,GRANULADO CROCANTE DE CHOCOLATE MIL CORES PACOTE 500G,GRANULADO CROCANTE DE CHOCOLATE MIL CORES PACOTE 500G,10257,500G,500.0,G,500.0,G,,Não,35,https://www.fortali.com.br/granulado-crocante-de-chocolate-mil-cores-pacote-500g-10257-1,2026-08-18 13:06:57,https://www.fortali.com.br/confeitaria?page=35,Pronto para comparar
Fortali Distribuidora,Confeitaria,GRANULADO CROCANTE COLOR MIL CORES PACOTE 80G,GRANULADO CROCANTE COLOR MIL CORES PACOTE 80G,10258,80G,80.0,G,80.0,G,,Não,32,https://www.fortali.com.br/granulado-crocante-color-mil-cores-pacote-80g-10258-1,2026-08-18 13:06:57,https://www.fortali.com.br/confeitaria?page=32,Pronto para comparar
Fortali Distribuidora,Confeitaria,GRANULADO CROCANTE COLOR MIL CORES PACOTE 500G,GRANULADO CROCANTE COLOR MIL CORES PACOTE 500G,10259,500G,500.0,G,500.0,G,,Não,11,https://www.fortali.com.br/granulado-crocante-color-mil-cores-pacote-500g-10259-1,2026-08-18 13:06:57,https://www.fortali.com.br/confeitaria?page=11,Pronto para comparar
Fortali Distribuidora,Confeitaria,FORMA SILIC SAV CORAC 56MM SILIKOMART,FORMA SILIC SAV CORAC 56MM SILIKOMART,10322,,,,,,,Não,38,https://www.fortali.com.br/forma-silic-sav-corac-56mm-silikomart-10322-1,2026-08-18 13:06:57,https://www.fortali.com.br/confeitaria?page=38,Revisar embalagem
Fortali Distribuidora,Confeitaria,MARMIBOX BASE C/6 CAV ISOPLAST,MARMIBOX BASE C 6 CAV ISOPLAST,10449,,,,,,,Não,38,https://www.fortali.com.br/marmibox-base-c6-cav-isoplast-10449-1,2026-08-18 13:06:57,https://www.fortali.com.br/confeitaria?page=38,Revisar embalagem
Fortali Distribuidora,Confeitaria,CONFEITO DE CHOCOLATE MINI COLORETI 500G,CONFEITO DE CHOCOLATE MINI COLORETI 500G,10452,500G,500.0,G,500.0,G,,Não,34,https://www.fortali.com.br/confeito-de-chocolate-mini-coloreti-500g-10452-1,2026-08-18 13:06:57,https://www.fortali.com.br/confeitaria?page=34,Pronto para comparar
Fortali Distribuidora,Confeitaria,CHOCOLATE CONFETES COLORETI 1KG,CHOCOLATE CONFETES COLORETI 1KG,10453,1KG,1.0,KG,1000.0,G,,Não,38,https://www.fortali.com.br/chocolate-confetes-coloreti-1kg-10453-1,2026-08-18 13:06:57,https://www.fortali.com.br/confeitaria?page=38,Pronto para comparar
Fortali Distribuidora,Confeitaria,CROC AMEND JAZAM PT 750G,CROC AMEND JAZAM PT 750G,10458,750G,750.0,G,750.0,G,,Não,38,https://www.fortali.com.br/croc-amend-jazam-pt-750g-10458-1,2026-08-18 13:06:57,https://www.fortali.com.br/confeitaria?page=38,Pronto para comparar
Fortali Distribuidora,Confeitaria,CEREAL BALL MINI LEITE/BRANCO COLORETI 500G,CEREAL BALL MINI LEITE BRANCO COLORETI 500G,10461,500G,500.0,G,500.0,G,,Não,12,https://www.fortali.com.br/cereal-ball-mini-leitebranco-coloreti-500g-10461-1,2026-08-18 13:06:57,https://www.fortali.com.br/confeitaria?page=12,Pronto para comparar
Fortali Distribuidora,Confeitaria,MICROBALL CHOCOLATE BRANCO AO LEITE COLORETI PACOTE 500G,MICROBALL CHOCOLATE BRANCO AO LEITE COLORETI PACOTE 500G,10462,500G,500.0,G,500.0,G,,Não,33,https://www.fortali.com.br/microball-chocolate-branco-ao-leite-coloreti-pacote-500g-10462-1,2026-08-18 13:06:57,https://www.fortali.com.br/confeitaria?page=33,Pronto para comparar
Fortali Distribuidora,Confeitaria,FORMA TORTA MACA CRESPA F FALSO 21X3CM,FORMA TORTA MACA CRESPA F FALSO 21X3CM,10654,,,,,,,Não,38,https://www.fortali.com.br/forma-torta-maca-crespa-f-falso-21x3cm-10654-1,2026-08-18 13:06:57,https://www.fortali.com.br/confeitaria?page=38,Revisar embalagem
Fortali Distribuidora,Confeitaria,GARFO ALUM P/BOMBOM 2 PONTAS UN,GARFO ALUM P BOMBOM 2 PONTAS UN,10678,,,,,,,Não,38,https://www.fortali.com.br/garfo-alum-pbombom-2-pontas-un-10678-1,2026-08-18 13:06:57,https://www.fortali.com.br/confeitaria?page=38,Revisar embalagem
Fortali Distribuidora,Confeitaria,"FORMA ALUM TORTA SUICA 13X6X14,5CM","FORMA ALUM TORTA SUICA 13X6X14,5CM",10709,,,,,,,Não,39,https://www.fortali.com.br/forma-alum-torta-suica-13x6x145cm-10709-1,2026-08-18 13:06:57,https://www.fortali.com.br/confeitaria?page=39,Revisar embalagem
Fortali Distribuidora,Confeitaria,"FORMA ALUM TORTA SUICA 23X6X24,7CM","FORMA ALUM TORTA SUICA 23X6X24,7CM",10712,,,,,,,Não,39,https://www.fortali.com.br/forma-alum-torta-suica-23x6x247cm-10712-1,2026-08-18 13:06:57,https://www.fortali.com.br/confeitaria?page=39,Revisar embalagem
Fortali Distribuidora,Confeitaria,ARO CORTAD RED INOX LISO N3 5X4CM,ARO CORTAD RED INOX LISO N3 5X4CM,10719,,,,,,,Não,39,https://www.fortali.com.br/aro-cortad-red-inox-liso-n3-5x4cm-10719-1,2026-08-18 13:06:57,https://www.fortali.com.br/confeitaria?page=39,Revisar embalagem
Fortali Distribuidora,Confeitaria,"ARO CORTAD RED INOX LISO N4 6,3X4CM","ARO CORTAD RED INOX LISO N4 6,3X4CM",10720,,,,,,,Não,39,https://www.fortali.com.br/aro-cortad-red-inox-liso-n4-63x4cm-10720-1,2026-08-18 13:06:57,https://www.fortali.com.br/confeitaria?page=39,Revisar embalagem
Fortali Distribuidora,Confeitaria,"ARO CORTAD RED INOX LISO N5 7,4X4CM","ARO CORTAD RED INOX LISO N5 7,4X4CM",10721,,,,,,,Não,39,https://www.fortali.com.br/aro-cortad-red-inox-liso-n5-74x4cm-10721-1,2026-08-18 13:06:57,https://www.fortali.com.br/confeitaria?page=39,Revisar embalagem
Fortali Distribuidora,Confeitaria,ARO CORTAD RED INOX LISO N7 10X4CM,ARO CORTAD RED INOX LISO N7 10X4CM,10723,,,,,,,Não,39,https://www.fortali.com.br/aro-cortad-red-inox-liso-n7-10x4cm-10723-1,2026-08-18 13:06:57,https://www.fortali.com.br/confeitaria?page=39,Revisar embalagem
Fortali Distribuidora,Confeitaria,JOGO CORTAD INOX ESFIHA PCT 4PCAS,JOGO CORTAD INOX ESFIHA PCT 4PCAS,10725,,,,,,,Não,39,https://www.fortali.com.br/jogo-cortad-inox-esfiha-pct-4pcas-10725-1,2026-08-18 13:06:57,https://www.fortali.com.br/confeitaria?page=39,Revisar embalagem
Fortali Distribuidora,Confeitaria,JOGO CORTAD INOX RED CRESPO 7PCAS,JOGO CORTAD INOX RED CRESPO 7PCAS,10727,,,,,,,Não,39,https://www.fortali.com.br/jogo-cortad-inox-red-crespo-7pcas-10727-1,2026-08-18 13:06:57,https://www.fortali.com.br/confeitaria?page=39,Revisar embalagem
Fortali Distribuidora,Confeitaria,"ARO CORTAD INOX QUAD LISO 1 D/F 2,2X4CM","ARO CORTAD INOX QUAD LISO 1 D F 2,2X4CM",10744,,,,,,,Não,39,https://www.fortali.com.br/aro-cortad-inox-quad-liso-1-df-22x4cm-10744-1,2026-08-18 13:06:57,https://www.fortali.com.br/confeitaria?page=39,Revisar embalagem
Fortali Distribuidora,Confeitaria,"ARO CORTAD INOX QUAD LISO 2 D/F 3,7X4CM","ARO CORTAD INOX QUAD LISO 2 D F 3,7X4CM",10745,,,,,,,Não,39,https://www.fortali.com.br/aro-cortad-inox-quad-liso-2-df-37x4cm-10745-1,2026-08-18 13:06:57,https://www.fortali.com.br/confeitaria?page=39,Revisar embalagem
Fortali Distribuidora,Confeitaria,"ARO CORTAD INOX QUAD LISO 5 D/F 7,4X4CM","ARO CORTAD INOX QUAD LISO 5 D F 7,4X4CM",10748,,,,,,,Não,39,https://www.fortali.com.br/aro-cortad-inox-quad-liso-5-df-74x4cm-10748-1,2026-08-18 13:06:57,https://www.fortali.com.br/confeitaria?page=39,Revisar embalagem
Fortali Distribuidora,Confeitaria,"ARO CORTAD INOX QUAD LISO 7º D/F 9,8X4CM","ARO CORTAD INOX QUAD LISO 7O D F 9,8X4CM",10750,,,,,,,Não,39,https://www.fortali.com.br/aro-cortad-inox-quad-liso-7-df-98x4cm-10750-1,2026-08-18 13:06:57,https://www.fortali.com.br/confeitaria?page=39,Revisar embalagem
Fortali Distribuidora,Confeitaria,MOUSSE CHOC BCO CARTE DOR PCT 400G,MOUSSE CHOC BCO CARTE DOR PCT 400G,10841,400G,400.0,G,400.0,G,,Não,39,https://www.fortali.com.br/mousse-choc-bco-carte-dor-pct-400g-10841-1,2026-08-18 13:06:57,https://www.fortali.com.br/confeitaria?page=39,Pronto para comparar
Fortali Distribuidora,Confeitaria,DOCE DE LEITE LA SERENISSIMA 400G,DOCE DE LEITE LA SERENISSIMA 400G,11044,400G,400.0,G,400.0,G,,Não,3,https://www.fortali.com.br/doce-de-leite-la-serenissima-400g-11044-1,2026-08-18 13:06:57,https://www.fortali.com.br/confeitaria?page=3,Pronto para comparar
Fortali Distribuidora,Confeitaria,NUTELLA CREME DE AVELA COM CACAU BLD 3KG,NUTELLA CREME DE AVELA COM CACAU BLD 3KG,11104,3KG,3.0,KG,3000.0,G,,Não,1,https://www.fortali.com.br/nutella-creme-de-avela-com-cacau-bld-3kg-11104-1,2026-08-18 13:06:57,https://www.fortali.com.br/confeitaria?page=1,Pronto para comparar
Fortali Distribuidora,Confeitaria,CREME CROCANTE OVOMALTINE 660G,CREME CROCANTE OVOMALTINE 660G,11191,660G,660.0,G,660.0,G,,Não,39,https://www.fortali.com.br/creme-crocante-ovomaltine-660g-11191-1,2026-08-18 13:06:57,https://www.fortali.com.br/confeitaria?page=39,Pronto para comparar
Fortali Distribuidora,Confeitaria,GOIABA EM CALDA CEPERA LT 400G,GOIABA EM CALDA CEPERA LT 400G,1133,400G,400.0,G,400.0,G,,Não,39,https://www.fortali.com.br/goiaba-em-calda-cepera-lt-400g-1133-1,2026-08-18 13:06:57,https://www.fortali.com.br/confeitaria?page=39,Pronto para comparar
Fortali Distribuidora,Confeitaria,ABACAXI EM CALDA CEPERA 400G,ABACAXI EM CALDA CEPERA 400G,1134,400G,400.0,G,400.0,G,,Não,39,https://www.fortali.com.br/abacaxi-em-calda-cepera-400g-1134-1,2026-08-18 13:06:57,https://www.fortali.com.br/confeitaria?page=39,Pronto para comparar
Fortali Distribuidora,Confeitaria,GOIABADA BLOCO CEPERA 7KG,GOIABADA BLOCO CEPERA 7KG,1137,7KG,7.0,KG,7000.0,G,,Não,39,https://www.fortali.com.br/goiabada-bloco-cepera-7kg-1137-1,2026-08-18 13:06:57,https://www.fortali.com.br/confeitaria?page=39,Pronto para comparar
Fortali Distribuidora,Confeitaria,CHANTILLY MIX SUPREME AMÉLIA VIGOR CAIXA 1L,CHANTILLY MIX SUPREME AMELIA VIGOR CAIXA 1L,11378,1L,1.0,L,1000.0,ML,,Não,1,https://www.fortali.com.br/chantilly-mix-supreme-amelia-vigor-caixa-1l-11378-1,2026-08-18 13:06:57,https://www.fortali.com.br/confeitaria?page=1,Pronto para comparar
Fortali Distribuidora,Confeitaria,ACHOCOLATTO 3 CORAC REFIL 700G,ACHOCOLATTO 3 CORAC REFIL 700G,11385,700G,700.0,G,700.0,G,,Não,39,https://www.fortali.com.br/achocolatto-3-corac-refil-700g-11385-1,2026-08-18 13:06:57,https://www.fortali.com.br/confeitaria?page=39,Pronto para comparar
Fortali Distribuidora,Confeitaria,COBERTURA MEIO AMARGA GENUINE BARRA 1KG,COBERTURA MEIO AMARGA GENUINE BARRA 1KG,11437,1KG,1.0,KG,1000.0,G,,Não,2,https://www.fortali.com.br/cobertura-meio-amarga-genuine-barra-1kg-11437-1,2026-08-18 13:06:57,https://www.fortali.com.br/confeitaria?page=2,Pronto para comparar
Fortali Distribuidora,Confeitaria,BISCOITO GRANULADO NEGRESCO PACOTE 1KG,BISCOITO GRANULADO NEGRESCO PACOTE 1KG,11443,1KG,1.0,KG,1000.0,G,,Não,8,https://www.fortali.com.br/biscoito-granulado-negresco-pacote-1kg--11443-1,2026-08-18 13:06:57,https://www.fortali.com.br/confeitaria?page=8,Pronto para comparar
Fortali Distribuidora,Confeitaria,MOUSSE SUFLAIR NESTLE 500G,MOUSSE SUFLAIR NESTLE 500G,11447,500G,500.0,G,500.0,G,,Não,39,https://www.fortali.com.br/mousse-suflair-nestle-500g-11447-1,2026-08-18 13:06:57,https://www.fortali.com.br/confeitaria?page=39,Pronto para comparar
Fortali Distribuidora,Confeitaria,CHOC AO LEITE GENUINE 1KG,CHOC AO LEITE GENUINE 1KG,11449,1KG,1.0,KG,1000.0,G,,Não,3,https://www.fortali.com.br/choc-ao-leite-genuine-1kg-11449-1,2026-08-18 13:06:57,https://www.fortali.com.br/confeitaria?page=3,Pronto para comparar
Fortali Distribuidora,Confeitaria,CHOCOLATE MEIO AMARGO GENUINE 1KG,CHOCOLATE MEIO AMARGO GENUINE 1KG,11450,1KG,1.0,KG,1000.0,G,,Não,2,https://www.fortali.com.br/chocolate-meio-amargo-genuine-1kg-11450-1,2026-08-18 13:06:57,https://www.fortali.com.br/confeitaria?page=2,Pronto para comparar
Fortali Distribuidora,Confeitaria,CHOCOLATE BLEND GENUINE BARRA 1KG,CHOCOLATE BLEND GENUINE BARRA 1KG,11452,1KG,1.0,KG,1000.0,G,,Não,5,https://www.fortali.com.br/chocolate-blend-genuine-barra-1kg-11452-1,2026-08-18 13:06:57,https://www.fortali.com.br/confeitaria?page=5,Pronto para comparar
Fortali Distribuidora,Confeitaria,"RECHEIO E COBERTURA MORANGO MOCA NESTL? 2,6KG","RECHEIO E COBERTURA MORANGO MOCA NESTL 2,6KG",11453,"2,6KG",2.6,KG,2600.0,G,,Não,39,https://www.fortali.com.br/recheio-e-cobertura-morango-moca-nestl-2-6kg-11453-1,2026-08-18 13:06:57,https://www.fortali.com.br/confeitaria?page=39,Pronto para comparar
Fortali Distribuidora,Confeitaria,"RECHEIO E COBERTURA CHOCOLATE COM AMENDOIM CHARGE NESTL¿ 2,4...","RECHEIO E COBERTURA CHOCOLATE COM AMENDOIM CHARGE NESTL 2,4...",11454,,,,,,,Não,39,https://www.fortali.com.br/recheio-e-cobertura-chocolate-com-amendoim-charge-nestl-2-4kg-11454-1,2026-08-18 13:06:57,https://www.fortali.com.br/confeitaria?page=39,Revisar embalagem
Fortali Distribuidora,Confeitaria,"RECHEIO E COBERTURA SABOR CHOCOLATE TRUFADO ALPINO NESTLE 2,...","RECHEIO E COBERTURA SABOR CHOCOLATE TRUFADO ALPINO NESTLE 2,...",11459,,,,,,,Não,39,https://www.fortali.com.br/recheio-e-cobertura-sabor-chocolate-trufado-alpino-nestle-2-54kg-11459-1,2026-08-18 13:06:57,https://www.fortali.com.br/confeitaria?page=39,Revisar embalagem
Fortali Distribuidora,Confeitaria,DOCE LEITE MOCA NESTLE BAG 3KG,DOCE LEITE MOCA NESTLE BAG 3KG,11460,3KG,3.0,KG,3000.0,G,,Não,39,https://www.fortali.com.br/doce-leite-moca-nestle-bag-3kg-11460-1,2026-08-18 13:06:57,https://www.fortali.com.br/confeitaria?page=39,Pronto para comparar
Fortali Distribuidora,Confeitaria,NESTILLY UHT NESTLE 1KG,NESTILLY UHT NESTLE 1KG,11462,1KG,1.0,KG,1000.0,G,,Não,39,https://www.fortali.com.br/nestilly-uht-nestle-1kg-11462-1,2026-08-18 13:06:57,https://www.fortali.com.br/confeitaria?page=39,Pronto para comparar
Fortali Distribuidora,Confeitaria,"RECHEIO GANACHE MEIO AMARGO NESTLE 2,33KG","RECHEIO GANACHE MEIO AMARGO NESTLE 2,33KG",11464,"2,33KG",2.33,KG,2330.0,G,,Não,40,https://www.fortali.com.br/recheio-ganache-meio-amargo-nestle-2-33kg-11464-1,2026-08-18 13:06:57,https://www.fortali.com.br/confeitaria?page=40,Pronto para comparar
Fortali Distribuidora,Confeitaria,CHOC BARRA AO LEITE NESTLE 1KG,CHOC BARRA AO LEITE NESTLE 1KG,11480,1KG,1.0,KG,1000.0,G,,Não,40,https://www.fortali.com.br/choc-barra-ao-leite-nestle-1kg-11480-1,2026-08-18 13:06:57,https://www.fortali.com.br/confeitaria?page=40,Pronto para comparar
Fortali Distribuidora,Confeitaria,CHOC MEIO AMARGO NESTLE BARRA 1KG,CHOC MEIO AMARGO NESTLE BARRA 1KG,11481,1KG,1.0,KG,1000.0,G,,Não,7,https://www.fortali.com.br/choc-meio-amargo-nestle-barra-1kg-11481-1,2026-08-18 13:06:57,https://www.fortali.com.br/confeitaria?page=7,Pronto para comparar
Fortali Distribuidora,Confeitaria,CHOC BARRA BRANCO MARFIM NESTLE 1KG,CHOC BARRA BRANCO MARFIM NESTLE 1KG,11482,1KG,1.0,KG,1000.0,G,,Não,40,https://www.fortali.com.br/choc-barra-branco-marfim-nestle-1kg-11482-1,2026-08-18 13:06:57,https://www.fortali.com.br/confeitaria?page=40,Pronto para comparar
Fortali Distribuidora,Confeitaria,CHOC BLEND BARRA NESTLE 1KG,CHOC BLEND BARRA NESTLE 1KG,11483,1KG,1.0,KG,1000.0,G,,Não,40,https://www.fortali.com.br/choc-blend-barra-nestle-1kg-11483-1,2026-08-18 13:06:57,https://www.fortali.com.br/confeitaria?page=40,Pronto para comparar
Fortali Distribuidora,Confeitaria,ACHOCOLATADO PO ALPINO 1KG,ACHOCOLATADO PO ALPINO 1KG,11484,1KG,1.0,KG,1000.0,G,,Não,40,https://www.fortali.com.br/achocolatado-po-alpino-1kg-11484-1,2026-08-18 13:06:57,https://www.fortali.com.br/confeitaria?page=40,Pronto para comparar
Fortali Distribuidora,Confeitaria,FORMA SILIC CUPCAKE BWB,FORMA SILIC CUPCAKE BWB,11508,,,,,,,Não,40,https://www.fortali.com.br/forma-silic-cupcake-bwb-11508-1,2026-08-18 13:06:57,https://www.fortali.com.br/confeitaria?page=40,Revisar embalagem
Fortali Distribuidora,Confeitaria,FORMA SILICONE CESTINHA BWB,FORMA SILICONE CESTINHA BWB,11512,,,,,,,Não,40,https://www.fortali.com.br/forma-silicone-cestinha-bwb-11512-1,2026-08-18 13:06:57,https://www.fortali.com.br/confeitaria?page=40,Revisar embalagem
Fortali Distribuidora,Confeitaria,FORMA SILIC MINI CUPCAKE FESTA BWB,FORMA SILIC MINI CUPCAKE FESTA BWB,11517,,,,,,,Não,40,https://www.fortali.com.br/forma-silic-mini-cupcake-festa-bwb-11517-1,2026-08-18 13:06:57,https://www.fortali.com.br/confeitaria?page=40,Revisar embalagem
Fortali Distribuidora,Confeitaria,FORMA ESPECIAL TRAD BOLO BOMBOM PEQUENO  BWB,FORMA ESPECIAL TRAD BOLO BOMBOM PEQUENO BWB,11520,,,,,,,Não,40,https://www.fortali.com.br/forma-especial-trad-bolo-bombom-pequeno--bwb-11520-1,2026-08-18 13:06:57,https://www.fortali.com.br/confeitaria?page=40,Revisar embalagem
Fortali Distribuidora,Confeitaria,FORMA SIMPLES MINI DANTOP BWB,FORMA SIMPLES MINI DANTOP BWB,11521,,,,,,,Não,40,https://www.fortali.com.br/forma-simples-mini-dantop-bwb-11521-1,2026-08-18 13:06:57,https://www.fortali.com.br/confeitaria?page=40,Revisar embalagem
Fortali Distribuidora,Confeitaria,FORMA SIL BISCOITO RECHEADO LISO BWB,FORMA SIL BISCOITO RECHEADO LISO BWB,11523,,,,,,,Não,40,https://www.fortali.com.br/forma-sil-biscoito-recheado-liso-bwb-11523-1,2026-08-18 13:06:57,https://www.fortali.com.br/confeitaria?page=40,Revisar embalagem
Fortali Distribuidora,Confeitaria,FORMA SIMPLES CHOQUITO BWB,FORMA SIMPLES CHOQUITO BWB,11537,,,,,,,Não,40,https://www.fortali.com.br/forma-simples-choquito-bwb-11537-1,2026-08-18 13:06:57,https://www.fortali.com.br/confeitaria?page=40,Revisar embalagem
Fortali Distribuidora,Confeitaria,FORMA SIMPLES BOMBOM LANCY BWB,FORMA SIMPLES BOMBOM LANCY BWB,11538,,,,,,,Não,40,https://www.fortali.com.br/forma-simples-bombom-lancy-bwb-11538-1,2026-08-18 13:06:57,https://www.fortali.com.br/confeitaria?page=40,Revisar embalagem
Fortali Distribuidora,Confeitaria,FORMA SIMPLES NANETE BWB,FORMA SIMPLES NANETE BWB,11540,,,,,,,Não,40,https://www.fortali.com.br/forma-simples-nanete-bwb-11540-1,2026-08-18 13:06:57,https://www.fortali.com.br/confeitaria?page=40,Revisar embalagem
Fortali Distribuidora,Confeitaria,FORMA SIMPLES ALPINO ESTRIAS BWB,FORMA SIMPLES ALPINO ESTRIAS BWB,11543,,,,,,,Não,40,https://www.fortali.com.br/forma-simples-alpino-estrias-bwb-11543-1,2026-08-18 13:06:57,https://www.fortali.com.br/confeitaria?page=40,Revisar embalagem
Fortali Distribuidora,Confeitaria,FORMA SIMPLES ABECEDARIO 1 BWB,FORMA SIMPLES ABECEDARIO 1 BWB,11552,,,,,,,Não,40,https://www.fortali.com.br/forma-simples-abecedario-1-bwb-11552-1,2026-08-18 13:06:57,https://www.fortali.com.br/confeitaria?page=40,Revisar embalagem
Fortali Distribuidora,Confeitaria,FORMA SIMPLES ABECEDARIO 2 BWB,FORMA SIMPLES ABECEDARIO 2 BWB,11553,,,,,,,Não,40,https://www.fortali.com.br/forma-simples-abecedario-2-bwb-11553-1,2026-08-18 13:06:57,https://www.fortali.com.br/confeitaria?page=40,Revisar embalagem
Fortali Distribuidora,Confeitaria,FORMA SIMPLES BOMBOM ESTRELA BWB,FORMA SIMPLES BOMBOM ESTRELA BWB,11555,,,,,,,Não,40,https://www.fortali.com.br/forma-simples-bombom-estrela-bwb-11555-1,2026-08-18 13:06:57,https://www.fortali.com.br/confeitaria?page=40,Revisar embalagem
Fortali Distribuidora,Confeitaria,FORMA SIMPLES NUMEROS BWB,FORMA SIMPLES NUMEROS BWB,11557,,,,,,,Não,40,https://www.fortali.com.br/forma-simples-numeros-bwb-11557-1,2026-08-18 13:06:57,https://www.fortali.com.br/confeitaria?page=40,Revisar embalagem
Fortali Distribuidora,Confeitaria,FORMA SIMPLES COLHER 2 BWB,FORMA SIMPLES COLHER 2 BWB,11563,,,,,,,Não,40,https://www.fortali.com.br/forma-simples-colher-2-bwb-11563-1,2026-08-18 13:06:57,https://www.fortali.com.br/confeitaria?page=40,Revisar embalagem
Fortali Distribuidora,Confeitaria,FORMA SIMPLES CORACAO FRAQUE BWB,FORMA SIMPLES CORACAO FRAQUE BWB,11565,,,,,,,Não,40,https://www.fortali.com.br/forma-simples-coracao-fraque-bwb-11565-1,2026-08-18 13:06:57,https://www.fortali.com.br/confeitaria?page=40,Revisar embalagem
Fortali Distribuidora,Confeitaria,FORMA SIMPLES TIPO KITKAT BWB,FORMA SIMPLES TIPO KITKAT BWB,11566,,,,,,,Não,40,https://www.fortali.com.br/forma-simples-tipo-kitkat-bwb-11566-1,2026-08-18 13:06:57,https://www.fortali.com.br/confeitaria?page=40,Revisar embalagem
Fortali Distribuidora,Confeitaria,FORMA SIMPLES PIRULITO CASTELO BWB,FORMA SIMPLES PIRULITO CASTELO BWB,11567,,,,,,,Não,40,https://www.fortali.com.br/forma-simples-pirulito-castelo-bwb-11567-1,2026-08-18 13:06:57,https://www.fortali.com.br/confeitaria?page=40,Revisar embalagem
Fortali Distribuidora,Confeitaria,MOLDE SILIC FONDANT ALFABETO PRIME CHEF,MOLDE SILIC FONDANT ALFABETO PRIME CHEF,11763,,,,,,,Não,40,https://www.fortali.com.br/molde-silic-fondant-alfabeto-prime-chef-11763-1,2026-08-18 13:06:57,https://www.fortali.com.br/confeitaria?page=40,Revisar embalagem
Fortali Distribuidora,Confeitaria,MOLDE SILIC MAMADEIRA PRIME CHEF,MOLDE SILIC MAMADEIRA PRIME CHEF,11798,,,,,,,Não,41,https://www.fortali.com.br/molde-silic-mamadeira-prime-chef-11798-1,2026-08-18 13:06:57,https://www.fortali.com.br/confeitaria?page=41,Revisar embalagem
Fortali Distribuidora,Confeitaria,FORMA ALUM CRESPA TORTA F REBAIX 28X3CM,FORMA ALUM CRESPA TORTA F REBAIX 28X3CM,11833,,,,,,,Não,41,https://www.fortali.com.br/forma-alum-crespa-torta-f-rebaix-28x3cm-11833-1,2026-08-18 13:06:57,https://www.fortali.com.br/confeitaria?page=41,Revisar embalagem
Fortali Distribuidora,Confeitaria,"JOGO CORTAD OVAL INOX 1,5 ALT 3PCAS","JOGO CORTAD OVAL INOX 1,5 ALT 3PCAS",11839,,,,,,,Não,41,https://www.fortali.com.br/jogo-cortad-oval-inox-15-alt-3pcas-11839-1,2026-08-18 13:06:57,https://www.fortali.com.br/confeitaria?page=41,Revisar embalagem
Fortali Distribuidora,Confeitaria,JOGO CORTAD RISOLIS INOX 6PCAS,JOGO CORTAD RISOLIS INOX 6PCAS,11841,,,,,,,Não,41,https://www.fortali.com.br/jogo-cortad-risolis-inox-6pcas-11841-1,2026-08-18 13:06:57,https://www.fortali.com.br/confeitaria?page=41,Revisar embalagem
Fortali Distribuidora,Confeitaria,WAFER RECHEADO OURO BRANCO 1KG,WAFER RECHEADO OURO BRANCO 1KG,11965,1KG,1.0,KG,1000.0,G,,Não,4,https://www.fortali.com.br/wafer-recheado-ouro-branco-1kg-11965-1,2026-08-18 13:06:57,https://www.fortali.com.br/confeitaria?page=4,Pronto para comparar
Fortali Distribuidora,Confeitaria,CANETA DECOR FINA CORES MAGO PACOTE 5UN,CANETA DECOR FINA CORES MAGO PACOTE 5UN,12030,,,,,,,Não,41,https://www.fortali.com.br/caneta-decor-fina-cores-mago-pacote-5un-12030-1,2026-08-18 13:06:57,https://www.fortali.com.br/confeitaria?page=41,Revisar embalagem
Fortali Distribuidora,Confeitaria,SUPORTE P/BOLO MAGO PACOTE 4UN,SUPORTE P BOLO MAGO PACOTE 4UN,12046,,,,,,,Não,20,https://www.fortali.com.br/suporte-pbolo-mago-pacote-4un-12046-1,2026-08-18 13:06:57,https://www.fortali.com.br/confeitaria?page=20,Revisar embalagem
Fortali Distribuidora,Confeitaria,PO P/ DECOR VERMELHO BRILHANTE MAGO 10G,PO P DECOR VERMELHO BRILHANTE MAGO 10G,12092,10G,10.0,G,10.0,G,,Não,41,https://www.fortali.com.br/po-p-decor-vermelho-brilhante-mago-10g-12092-1,2026-08-18 13:06:57,https://www.fortali.com.br/confeitaria?page=41,Pronto para comparar
Fortali Distribuidora,Confeitaria,PO P/ DECORA FURTACOR REFLEXO AZUL 10G,PO P DECORA FURTACOR REFLEXO AZUL 10G,12093,10G,10.0,G,10.0,G,,Não,41,https://www.fortali.com.br/po-p-decora-furtacor-reflexo-azul-10g-12093-1,2026-08-18 13:06:57,https://www.fortali.com.br/confeitaria?page=41,Pronto para comparar
Fortali Distribuidora,Confeitaria,PO P/ DECORA FURTACOR REFLEXO AMAR 10G,PO P DECORA FURTACOR REFLEXO AMAR 10G,12094,10G,10.0,G,10.0,G,,Não,41,https://www.fortali.com.br/po-p-decora-furtacor-reflexo-amar-10g-12094-1,2026-08-18 13:06:57,https://www.fortali.com.br/confeitaria?page=41,Pronto para comparar
Fortali Distribuidora,Confeitaria,PO P/DECORA FURTACOR REFLE ROSA 10G,PO P DECORA FURTACOR REFLE ROSA 10G,12095,10G,10.0,G,10.0,G,,Não,41,https://www.fortali.com.br/po-pdecora-furtacor-refle-rosa-10g-12095-1,2026-08-18 13:06:57,https://www.fortali.com.br/confeitaria?page=41,Pronto para comparar
Fortali Distribuidora,Confeitaria,PO P/ DECORA FURTACOR REFLEXO LILAS 10G,PO P DECORA FURTACOR REFLEXO LILAS 10G,12096,10G,10.0,G,10.0,G,,Não,41,https://www.fortali.com.br/po-p-decora-furtacor-reflexo-lilas-10g-12096-1,2026-08-18 13:06:57,https://www.fortali.com.br/confeitaria?page=41,Pronto para comparar
Fortali Distribuidora,Confeitaria,PO P/ DECORACAO NACAR 8G,PO P DECORACAO NACAR 8G,12097,8G,8.0,G,8.0,G,,Não,41,https://www.fortali.com.br/po-p-decoracao-nacar-8g--12097-1,2026-08-18 13:06:57,https://www.fortali.com.br/confeitaria?page=41,Pronto para comparar
Fortali Distribuidora,Confeitaria,PO P/ DECORACAO PEROLA 10G,PO P DECORACAO PEROLA 10G,12098,10G,10.0,G,10.0,G,,Não,41,https://www.fortali.com.br/po-p-decoracao-perola-10g-12098-1,2026-08-18 13:06:57,https://www.fortali.com.br/confeitaria?page=41,Pronto para comparar
Fortali Distribuidora,Confeitaria,PO P/ DECORACAO OURO 8G,PO P DECORACAO OURO 8G,12099,8G,8.0,G,8.0,G,,Não,41,https://www.fortali.com.br/po-p-decoracao-ouro-8g--12099-1,2026-08-18 13:06:57,https://www.fortali.com.br/confeitaria?page=41,Pronto para comparar
Fortali Distribuidora,Confeitaria,CORANTE SOFT GEL AZUL 60ML,CORANTE SOFT GEL AZUL 60ML,12101,60ML,60.0,ML,60.0,ML,,Não,20,https://www.fortali.com.br/corante-soft-gel-azul-60ml-12101-1,2026-08-18 13:06:57,https://www.fortali.com.br/confeitaria?page=20,Pronto para comparar
Fortali Distribuidora,Confeitaria,CORANTE SOFT GEL LARANJA 60ML,CORANTE SOFT GEL LARANJA 60ML,12102,60ML,60.0,ML,60.0,ML,,Não,41,https://www.fortali.com.br/corante-soft-gel-laranja-60ml-12102-1,2026-08-18 13:06:57,https://www.fortali.com.br/confeitaria?page=41,Pronto para comparar
Fortali Distribuidora,Confeitaria,CORANTE SOFT GEL VIOLETA 60ML,CORANTE SOFT GEL VIOLETA 60ML,12103,60ML,60.0,ML,60.0,ML,,Não,41,https://www.fortali.com.br/corante-soft-gel-violeta-60ml-12103-1,2026-08-18 13:06:57,https://www.fortali.com.br/confeitaria?page=41,Pronto para comparar
Fortali Distribuidora,Confeitaria,CORANTE SOFT GEL AMARELO 60ML,CORANTE SOFT GEL AMARELO 60ML,12104,60ML,60.0,ML,60.0,ML,,Não,20,https://www.fortali.com.br/corante-soft-gel-amarelo-60ml-12104-1,2026-08-18 13:06:57,https://www.fortali.com.br/confeitaria?page=20,Pronto para comparar
Fortali Distribuidora,Confeitaria,CORANTE SOFT GEL VERMELHA 60ML,CORANTE SOFT GEL VERMELHA 60ML,12105,60ML,60.0,ML,60.0,ML,,Não,14,https://www.fortali.com.br/corante-soft-gel-vermelha-60ml-12105-1,2026-08-18 13:06:57,https://www.fortali.com.br/confeitaria?page=14,Pronto para comparar
Fortali Distribuidora,Confeitaria,CORANTE SOFT GEL VERDE 60ML,CORANTE SOFT GEL VERDE 60ML,12106,60ML,60.0,ML,60.0,ML,,Não,41,https://www.fortali.com.br/corante-soft-gel-verde-60ml-12106-1,2026-08-18 13:06:57,https://www.fortali.com.br/confeitaria?page=41,Pronto para comparar
Fortali Distribuidora,Confeitaria,CORANTE SOFT GEL ROSA 60G,CORANTE SOFT GEL ROSA 60G,12107,60G,60.0,G,60.0,G,,Não,41,https://www.fortali.com.br/corante-soft-gel-rosa-60g-12107-1,2026-08-18 13:06:57,https://www.fortali.com.br/confeitaria?page=41,Pronto para comparar
Fortali Distribuidora,Confeitaria,CORANTE SOFT GEL PRETO 60ML,CORANTE SOFT GEL PRETO 60ML,12108,60ML,60.0,ML,60.0,ML,,Não,20,https://www.fortali.com.br/corante-soft-gel-preto-60ml-12108-1,2026-08-18 13:06:57,https://www.fortali.com.br/confeitaria?page=20,Pronto para comparar
Fortali Distribuidora,Confeitaria,CORANTE PO P/CHOC AMARELO MAGO 5G,CORANTE PO P CHOC AMARELO MAGO 5G,12109,5G,5.0,G,5.0,G,,Não,41,https://www.fortali.com.br/corante-po-p-choc-amarelo-mago-5g-12109-1,2026-08-18 13:06:57,https://www.fortali.com.br/confeitaria?page=41,Pronto para comparar
Fortali Distribuidora,Confeitaria,CORANTE PO P/CHOC AZUL MAGO 5G,CORANTE PO P CHOC AZUL MAGO 5G,12110,5G,5.0,G,5.0,G,,Não,41,https://www.fortali.com.br/corante-po-p-choc-azul-mago-5g-12110-1,2026-08-18 13:06:57,https://www.fortali.com.br/confeitaria?page=41,Pronto para comparar
Fortali Distribuidora,Confeitaria,CORANTE PO P/CHOC LAR MAGO 5G,CORANTE PO P CHOC LAR MAGO 5G,12111,5G,5.0,G,5.0,G,,Não,41,https://www.fortali.com.br/corante-po-p-choc-lar-mago-5g-12111-1,2026-08-18 13:06:57,https://www.fortali.com.br/confeitaria?page=41,Pronto para comparar
Fortali Distribuidora,Confeitaria,CORANTE PO P/CHOC ROSA MAGO 5G,CORANTE PO P CHOC ROSA MAGO 5G,12112,5G,5.0,G,5.0,G,,Não,41,https://www.fortali.com.br/corante-po-p-choc-rosa-mago-5g-12112-1,2026-08-18 13:06:57,https://www.fortali.com.br/confeitaria?page=41,Pronto para comparar
Fortali Distribuidora,Confeitaria,CORANTE PO P/CHOC VDE MAGO 5G,CORANTE PO P CHOC VDE MAGO 5G,12113,5G,5.0,G,5.0,G,,Não,41,https://www.fortali.com.br/corante-po-p-choc-vde-mago-5g-12113-1,2026-08-18 13:06:57,https://www.fortali.com.br/confeitaria?page=41,Pronto para comparar
Fortali Distribuidora,Confeitaria,CORANTE PO P/CHOC VERM MAGO 5G,CORANTE PO P CHOC VERM MAGO 5G,12114,5G,5.0,G,5.0,G,,Não,41,https://www.fortali.com.br/corante-po-p-choc-verm-mago-5g-12114-1,2026-08-18 13:06:57,https://www.fortali.com.br/confeitaria?page=41,Pronto para comparar
Fortali Distribuidora,Confeitaria,C.M.C. MAGO 50G,C.M.C. MAGO 50G,12117,50G,50.0,G,50.0,G,,Não,20,https://www.fortali.com.br/cmc-mago-50g-12117-1,2026-08-18 13:06:57,https://www.fortali.com.br/confeitaria?page=20,Pronto para comparar
Fortali Distribuidora,Confeitaria,PECTINA MAGO 50G,PECTINA MAGO 50G,12118,50G,50.0,G,50.0,G,,Não,41,https://www.fortali.com.br/pectina-mago-50g-12118-1,2026-08-18 13:06:57,https://www.fortali.com.br/confeitaria?page=41,Pronto para comparar
Fortali Distribuidora,Confeitaria,GEL BRILHO INCOLOR MAGO 70G,GEL BRILHO INCOLOR MAGO 70G,12119,70G,70.0,G,70.0,G,,Não,20,https://www.fortali.com.br/gel-brilho-incolor-mago-70g-12119-1,2026-08-18 13:06:57,https://www.fortali.com.br/confeitaria?page=20,Pronto para comparar
Fortali Distribuidora,Confeitaria,PO P/DECORACAO DOURADO FAB 5G,PO P DECORACAO DOURADO FAB 5G,12158,5G,5.0,G,5.0,G,,Não,42,https://www.fortali.com.br/po-pdecoracao-dourado-fab-5g-12158-1,2026-08-18 13:06:57,https://www.fortali.com.br/confeitaria?page=42,Pronto para comparar
Fortali Distribuidora,Confeitaria,PO P/DECORACAO DOURADO ANTIGO FAB 3G,PO P DECORACAO DOURADO ANTIGO FAB 3G,12159,3G,3.0,G,3.0,G,,Não,42,https://www.fortali.com.br/po-pdecoracao-dourado-antigo-fab-3g-12159-1,2026-08-18 13:06:57,https://www.fortali.com.br/confeitaria?page=42,Pronto para comparar
Fortali Distribuidora,Confeitaria,PO P/DECORACAO DOUR EGIPCIO FAB 5G,PO P DECORACAO DOUR EGIPCIO FAB 5G,12160,5G,5.0,G,5.0,G,,Não,42,https://www.fortali.com.br/po-pdecoracao-dour-egipcio-fab-5g-12160-1,2026-08-18 13:06:57,https://www.fortali.com.br/confeitaria?page=42,Pronto para comparar
Fortali Distribuidora,Confeitaria,PO P/DECORACAO DOURADO ROSE FAB 5G,PO P DECORACAO DOURADO ROSE FAB 5G,12161,5G,5.0,G,5.0,G,,Não,42,https://www.fortali.com.br/po-pdecoracao-dourado-rose-fab-5g-12161-1,2026-08-18 13:06:57,https://www.fortali.com.br/confeitaria?page=42,Pronto para comparar
Fortali Distribuidora,Confeitaria,PO P/DECORACAO PRATEADO FAB 3G,PO P DECORACAO PRATEADO FAB 3G,12162,3G,3.0,G,3.0,G,,Não,42,https://www.fortali.com.br/po-pdecoracao-prateado-fab-3g-12162-1,2026-08-18 13:06:57,https://www.fortali.com.br/confeitaria?page=42,Pronto para comparar
Fortali Distribuidora,Confeitaria,PO P/DECORACAO ACOBREADO FAB 3G,PO P DECORACAO ACOBREADO FAB 3G,12164,3G,3.0,G,3.0,G,,Não,42,https://www.fortali.com.br/po-pdecoracao-acobreado-fab-3g-12164-1,2026-08-18 13:06:57,https://www.fortali.com.br/confeitaria?page=42,Pronto para comparar
Fortali Distribuidora,Confeitaria,PO P/DECORACAO AMARELO GEMA FAB 3G,PO P DECORACAO AMARELO GEMA FAB 3G,12169,3G,3.0,G,3.0,G,,Não,42,https://www.fortali.com.br/po-pdecoracao-amarelo-gema-fab-3g-12169-1,2026-08-18 13:06:57,https://www.fortali.com.br/confeitaria?page=42,Pronto para comparar
Fortali Distribuidora,Confeitaria,PO P/DECORACAO AZUL ANIS FAB 3G,PO P DECORACAO AZUL ANIS FAB 3G,12173,3G,3.0,G,3.0,G,,Não,42,https://www.fortali.com.br/po-pdecoracao-azul-anis-fab-3g-12173-1,2026-08-18 13:06:57,https://www.fortali.com.br/confeitaria?page=42,Pronto para comparar
Fortali Distribuidora,Confeitaria,PO P/DECORACAO AZUL JEANS FAB 3G,PO P DECORACAO AZUL JEANS FAB 3G,12174,3G,3.0,G,3.0,G,,Não,42,https://www.fortali.com.br/po-pdecoracao-azul-jeans-fab-3g-12174-1,2026-08-18 13:06:57,https://www.fortali.com.br/confeitaria?page=42,Pronto para comparar
Fortali Distribuidora,Confeitaria,PO P/DECORACAO AZUL TIFFANY FAB 3G,PO P DECORACAO AZUL TIFFANY FAB 3G,12176,3G,3.0,G,3.0,G,,Não,42,https://www.fortali.com.br/po-pdecoracao-azul-tiffany-fab-3g-12176-1,2026-08-18 13:06:57,https://www.fortali.com.br/confeitaria?page=42,Pronto para comparar
Fortali Distribuidora,Confeitaria,PO P/DECORACAO VERM MORANGO FAB 3G,PO P DECORACAO VERM MORANGO FAB 3G,12178,3G,3.0,G,3.0,G,,Não,42,https://www.fortali.com.br/po-pdecoracao-verm-morango-fab-3g-12178-1,2026-08-18 13:06:57,https://www.fortali.com.br/confeitaria?page=42,Pronto para comparar
Fortali Distribuidora,Confeitaria,PO P/DECORACAO VERMELHO NATAL FAB 3G,PO P DECORACAO VERMELHO NATAL FAB 3G,12183,3G,3.0,G,3.0,G,,Não,42,https://www.fortali.com.br/po-pdecoracao-vermelho-natal-fab-3g-12183-1,2026-08-18 13:06:57,https://www.fortali.com.br/confeitaria?page=42,Pronto para comparar
Fortali Distribuidora,Confeitaria,PO P/DECORACAO VERMELHO RUBI FAB 3G,PO P DECORACAO VERMELHO RUBI FAB 3G,12184,3G,3.0,G,3.0,G,,Não,42,https://www.fortali.com.br/po-pdecoracao-vermelho-rubi-fab-3g-12184-1,2026-08-18 13:06:57,https://www.fortali.com.br/confeitaria?page=42,Pronto para comparar
Fortali Distribuidora,Confeitaria,PO P/DECORACAO LILAS FAB 3G,PO P DECORACAO LILAS FAB 3G,12185,3G,3.0,G,3.0,G,,Não,42,https://www.fortali.com.br/po-pdecoracao-lilas-fab-3g-12185-1,2026-08-18 13:06:57,https://www.fortali.com.br/confeitaria?page=42,Pronto para comparar
Fortali Distribuidora,Confeitaria,PO P/DECORACAO ROSA CEREJA FAB 3G,PO P DECORACAO ROSA CEREJA FAB 3G,12192,3G,3.0,G,3.0,G,,Não,42,https://www.fortali.com.br/po-pdecoracao-rosa-cereja-fab-3g-12192-1,2026-08-18 13:06:57,https://www.fortali.com.br/confeitaria?page=42,Pronto para comparar
Fortali Distribuidora,Confeitaria,PO P/DECORACAO ROSA SECO FAB 3G,PO P DECORACAO ROSA SECO FAB 3G,12193,3G,3.0,G,3.0,G,,Não,42,https://www.fortali.com.br/po-pdecoracao-rosa-seco-fab-3g-12193-1,2026-08-18 13:06:57,https://www.fortali.com.br/confeitaria?page=42,Pronto para comparar
Fortali Distribuidora,Confeitaria,PO P/DECORACAO ULTRAVIOLETA FAB 3G,PO P DECORACAO ULTRAVIOLETA FAB 3G,12200,3G,3.0,G,3.0,G,,Não,42,https://www.fortali.com.br/po-pdecoracao-ultravioleta-fab-3g-12200-1,2026-08-18 13:06:57,https://www.fortali.com.br/confeitaria?page=42,Pronto para comparar
Fortali Distribuidora,Confeitaria,PO P/DECORACAO VDE FOLHA FAB 3G,PO P DECORACAO VDE FOLHA FAB 3G,12201,3G,3.0,G,3.0,G,,Não,42,https://www.fortali.com.br/po-pdecoracao-vde-folha-fab-3g-12201-1,2026-08-18 13:06:57,https://www.fortali.com.br/confeitaria?page=42,Pronto para comparar
Fortali Distribuidora,Confeitaria,PO P/DECORACAO VDE MENTA FAB 3G,PO P DECORACAO VDE MENTA FAB 3G,12202,3G,3.0,G,3.0,G,,Não,42,https://www.fortali.com.br/po-pdecoracao-vde-menta-fab-3g-12202-1,2026-08-18 13:06:57,https://www.fortali.com.br/confeitaria?page=42,Pronto para comparar
Fortali Distribuidora,Confeitaria,PO P/DECORACAO PEROLADO FAB 3G,PO P DECORACAO PEROLADO FAB 3G,12203,3G,3.0,G,3.0,G,,Não,42,https://www.fortali.com.br/po-pdecoracao-perolado-fab-3g-12203-1,2026-08-18 13:06:57,https://www.fortali.com.br/confeitaria?page=42,Pronto para comparar
Fortali Distribuidora,Confeitaria,PO P/DECORACAO PTO FAB 3G,PO P DECORACAO PTO FAB 3G,12206,3G,3.0,G,3.0,G,,Não,42,https://www.fortali.com.br/po-pdecoracao-pto-fab-3g-12206-1,2026-08-18 13:06:57,https://www.fortali.com.br/confeitaria?page=42,Pronto para comparar
Fortali Distribuidora,Confeitaria,PO P/DECORACAO BCO FAB 3G,PO P DECORACAO BCO FAB 3G,12207,3G,3.0,G,3.0,G,,Não,42,https://www.fortali.com.br/po-pdecoracao-bco-fab-3g-12207-1,2026-08-18 13:06:57,https://www.fortali.com.br/confeitaria?page=42,Pronto para comparar
Fortali Distribuidora,Confeitaria,BRILHO P/DECORACAO AMAR FAB 3G,BRILHO P DECORACAO AMAR FAB 3G,12208,3G,3.0,G,3.0,G,,Não,42,https://www.fortali.com.br/brilho-pdecoracao-amar-fab-3g-12208-1,2026-08-18 13:06:57,https://www.fortali.com.br/confeitaria?page=42,Pronto para comparar
Fortali Distribuidora,Confeitaria,BRILHO P/DECORACAO AZUL FAB 3G,BRILHO P DECORACAO AZUL FAB 3G,12209,3G,3.0,G,3.0,G,,Não,42,https://www.fortali.com.br/brilho-pdecoracao-azul-fab-3g-12209-1,2026-08-18 13:06:57,https://www.fortali.com.br/confeitaria?page=42,Pronto para comparar
Fortali Distribuidora,Confeitaria,BRILHO P/DECORACAO VDE FAB 3G,BRILHO P DECORACAO VDE FAB 3G,12218,3G,3.0,G,3.0,G,,Não,43,https://www.fortali.com.br/brilho-pdecoracao-vde-fab-3g-12218-1,2026-08-18 13:06:57,https://www.fortali.com.br/confeitaria?page=43,Pronto para comparar
Fortali Distribuidora,Confeitaria,BRILHO P/DECORACAO VERM FAB 3G,BRILHO P DECORACAO VERM FAB 3G,12219,3G,3.0,G,3.0,G,,Não,43,https://www.fortali.com.br/brilho-pdecoracao-verm-fab-3g-12219-1,2026-08-18 13:06:57,https://www.fortali.com.br/confeitaria?page=43,Pronto para comparar
Fortali Distribuidora,Confeitaria,BRILHO P/DECORACAO ROSA FAB 3G,BRILHO P DECORACAO ROSA FAB 3G,12220,3G,3.0,G,3.0,G,,Não,43,https://www.fortali.com.br/brilho-pdecoracao-rosa-fab-3g-12220-1,2026-08-18 13:06:57,https://www.fortali.com.br/confeitaria?page=43,Pronto para comparar
Fortali Distribuidora,Confeitaria,BRILHO P/DECORACAO CRISTAL FAB 3G,BRILHO P DECORACAO CRISTAL FAB 3G,12221,3G,3.0,G,3.0,G,,Não,43,https://www.fortali.com.br/brilho-pdecoracao-cristal-fab-3g-12221-1,2026-08-18 13:06:57,https://www.fortali.com.br/confeitaria?page=43,Pronto para comparar
Fortali Distribuidora,Confeitaria,GEL P/DECORACAO DOUR FAB 15G,GEL P DECORACAO DOUR FAB 15G,12222,15G,15.0,G,15.0,G,,Não,43,https://www.fortali.com.br/gel-pdecoracao-dour-fab-15g-12222-1,2026-08-18 13:06:57,https://www.fortali.com.br/confeitaria?page=43,Pronto para comparar
Fortali Distribuidora,Confeitaria,GEL P/DECORACAO PRATEADO FAB 15G,GEL P DECORACAO PRATEADO FAB 15G,12223,15G,15.0,G,15.0,G,,Não,43,https://www.fortali.com.br/gel-pdecoracao-prateado-fab-15g-12223-1,2026-08-18 13:06:57,https://www.fortali.com.br/confeitaria?page=43,Pronto para comparar
Fortali Distribuidora,Confeitaria,GEL P/DECORACAO PEROLADO FAB 15G,GEL P DECORACAO PEROLADO FAB 15G,12224,15G,15.0,G,15.0,G,,Não,43,https://www.fortali.com.br/gel-pdecoracao-perolado-fab-15g-12224-1,2026-08-18 13:06:57,https://www.fortali.com.br/confeitaria?page=43,Pronto para comparar
Fortali Distribuidora,Confeitaria,GLICERINA BRANCA FAB 60G,GLICERINA BRANCA FAB 60G,12225,60G,60.0,G,60.0,G,,Não,19,https://www.fortali.com.br/glicerina-branca-fab-60g-12225-1,2026-08-18 13:06:57,https://www.fortali.com.br/confeitaria?page=19,Pronto para comparar
Fortali Distribuidora,Confeitaria,BICARBONATO DE SODIO FAB 50G,BICARBONATO DE SODIO FAB 50G,12226,50G,50.0,G,50.0,G,,Não,43,https://www.fortali.com.br/bicarbonato-de-sodio-fab-50g-12226-1,2026-08-18 13:06:57,https://www.fortali.com.br/confeitaria?page=43,Pronto para comparar
Fortali Distribuidora,Confeitaria,PASTA AMERICANA NEUTRA MIX 800G,PASTA AMERICANA NEUTRA MIX 800G,12583,800G,800.0,G,800.0,G,,Não,43,https://www.fortali.com.br/pasta-americana-neutra-mix-800g-12583-1,2026-08-18 13:06:57,https://www.fortali.com.br/confeitaria?page=43,Pronto para comparar
Fortali Distribuidora,Confeitaria,AÇUCAR IMPALPAVEL DUAS RODAS 1KG,ACUCAR IMPALPAVEL DUAS RODAS 1KG,12584,1KG,1.0,KG,1000.0,G,,Não,20,https://www.fortali.com.br/acucar-impalpavel-duas-rodas-1kg-12584-1,2026-08-18 13:06:57,https://www.fortali.com.br/confeitaria?page=20,Pronto para comparar
Fortali Distribuidora,Confeitaria,AÇUCAR VANILLE ARCOLOR 40G,ACUCAR VANILLE ARCOLOR 40G,12588,40G,40.0,G,40.0,G,,Não,20,https://www.fortali.com.br/acucar-vanille-arcolor-40g-12588-1,2026-08-18 13:06:57,https://www.fortali.com.br/confeitaria?page=20,Pronto para comparar
Fortali Distribuidora,Confeitaria,LEITE CONDENSADO TRADICIONAL MOCA TETRAPAK 395G,LEITE CONDENSADO TRADICIONAL MOCA TETRAPAK 395G,12669,395G,395.0,G,395.0,G,,Não,1,https://www.fortali.com.br/leite-condensado-tradicional-moca-tetrapak-395g-12669-1,2026-08-18 13:06:57,https://www.fortali.com.br/confeitaria?page=1,Pronto para comparar
Fortali Distribuidora,Confeitaria,MIST BROWNIE BONASSE 1KG,MIST BROWNIE BONASSE 1KG,12687,1KG,1.0,KG,1000.0,G,,Não,43,https://www.fortali.com.br/mist-brownie-bonasse-1kg-12687-1,2026-08-18 13:06:57,https://www.fortali.com.br/confeitaria?page=43,Pronto para comparar
Fortali Distribuidora,Confeitaria,COLUNA C/BASE AVULSA CETAPLAST,COLUNA C BASE AVULSA CETAPLAST,12689,,,,,,,Não,43,https://www.fortali.com.br/coluna-cbase-avulsa-cetaplast-12689-1,2026-08-18 13:06:57,https://www.fortali.com.br/confeitaria?page=43,Revisar embalagem
Fortali Distribuidora,Confeitaria,FORMA TRAD CAUDA SEREIA BWB PCT C/10UN,FORMA TRAD CAUDA SEREIA BWB PCT C 10UN,12725,,,,,,,Não,43,https://www.fortali.com.br/forma-trad-cauda-sereia-bwb-pct-c10un-12725-1,2026-08-18 13:06:57,https://www.fortali.com.br/confeitaria?page=43,Revisar embalagem
Fortali Distribuidora,Confeitaria,FORMA COLHER CORACAO BWB,FORMA COLHER CORACAO BWB,12728,,,,,,,Não,43,https://www.fortali.com.br/forma-colher-coracao-bwb-12728-1,2026-08-18 13:06:57,https://www.fortali.com.br/confeitaria?page=43,Revisar embalagem
Fortali Distribuidora,Confeitaria,FORMA BOMBOM DETALHADO BWB 13,FORMA BOMBOM DETALHADO BWB 13,12729,,,,,,,Não,43,https://www.fortali.com.br/forma-bombom-detalhado-bwb-13-12729-1,2026-08-18 13:06:57,https://www.fortali.com.br/confeitaria?page=43,Revisar embalagem
Fortali Distribuidora,Confeitaria,FORMA TRAD COPO MOUSSE 4 BWB,FORMA TRAD COPO MOUSSE 4 BWB,12734,,,,,,,Não,43,https://www.fortali.com.br/forma-trad-copo-mousse-4-bwb-12734-1,2026-08-18 13:06:57,https://www.fortali.com.br/confeitaria?page=43,Revisar embalagem
Fortali Distribuidora,Confeitaria,CEREJA MARRAQUINO SEM TALO SICOLA LATA 500G,CEREJA MARRAQUINO SEM TALO SICOLA LATA 500G,12759,500G,500.0,G,500.0,G,,Não,8,https://www.fortali.com.br/cereja-marraquino-sem-talo-sicola-lata-500g-12759-1,2026-08-18 13:06:57,https://www.fortali.com.br/confeitaria?page=8,Pronto para comparar
Fortali Distribuidora,Confeitaria,VELA COMETA DOUR N0 M BIZARRO,VELA COMETA DOUR N0 M BIZARRO,12779,,,,,,,Não,43,https://www.fortali.com.br/vela-cometa-dour-n0-m-bizarro-12779-1,2026-08-18 13:06:57,https://www.fortali.com.br/confeitaria?page=43,Revisar embalagem
Fortali Distribuidora,Confeitaria,VELA COMETA DOUR N2 M BIZARRO,VELA COMETA DOUR N2 M BIZARRO,12781,,,,,,,Não,43,https://www.fortali.com.br/vela-cometa-dour-n2-m-bizarro-12781-1,2026-08-18 13:06:57,https://www.fortali.com.br/confeitaria?page=43,Revisar embalagem
Fortali Distribuidora,Confeitaria,VELA COMETA DOUR N4 M BIZARRO,VELA COMETA DOUR N4 M BIZARRO,12783,,,,,,,Não,43,https://www.fortali.com.br/vela-cometa-dour-n4-m-bizarro-12783-1,2026-08-18 13:06:57,https://www.fortali.com.br/confeitaria?page=43,Revisar embalagem
Fortali Distribuidora,Confeitaria,FORMINHA CUPCAKE MINI NATURAL 45UN,FORMINHA CUPCAKE MINI NATURAL 45UN,12809,,,,,,,Não,43,https://www.fortali.com.br/forminha-cupcake-mini-natural-45un-12809-1,2026-08-18 13:06:57,https://www.fortali.com.br/confeitaria?page=43,Revisar embalagem
Fortali Distribuidora,Confeitaria,FORMINHA CUPCAKE MINI VERDE 45UN,FORMINHA CUPCAKE MINI VERDE 45UN,12812,,,,,,,Não,43,https://www.fortali.com.br/forminha-cupcake-mini-verde-45un-12812-1,2026-08-18 13:06:57,https://www.fortali.com.br/confeitaria?page=43,Revisar embalagem
Fortali Distribuidora,Confeitaria,FORMINHA CUPCAKE VDE ESC FLIP PCT 45UN,FORMINHA CUPCAKE VDE ESC FLIP PCT 45UN,12818,,,,,,,Não,43,https://www.fortali.com.br/forminha-cupcake-vde-esc-flip-pct-45un-12818-1,2026-08-18 13:06:57,https://www.fortali.com.br/confeitaria?page=43,Revisar embalagem
Fortali Distribuidora,Confeitaria,GELÉIAS DIET MORANGO/GOIABA 144X15G,GELEIAS DIET MORANGO GOIABA 144X15G,1282,15G,15.0,G,15.0,G,,Não,43,https://www.fortali.com.br/geleias-diet-morangogoiaba-144x15g-1282-1,2026-08-18 13:06:57,https://www.fortali.com.br/confeitaria?page=43,Pronto para comparar
Fortali Distribuidora,Confeitaria,KIT CARIMBOS RATINHO AMARELO PCT,KIT CARIMBOS RATINHO AMARELO PCT,12828,,,,,,,Não,43,https://www.fortali.com.br/kit-carimbos-ratinho-amarelo-pct-12828-1,2026-08-18 13:06:57,https://www.fortali.com.br/confeitaria?page=43,Revisar embalagem
Fortali Distribuidora,Confeitaria,CONJUNTO REGUAS DECOR N3 B STAR C/4PCS,CONJUNTO REGUAS DECOR N3 B STAR C 4PCS,12840,,,,,,,Não,43,https://www.fortali.com.br/conjunto-reguas-decor-n3-b-star-c4pcs-12840-1,2026-08-18 13:06:57,https://www.fortali.com.br/confeitaria?page=43,Revisar embalagem
Fortali Distribuidora,Confeitaria,TABULEIRO REDONDO BCO MDF 25CM,TABULEIRO REDONDO BCO MDF 25CM,12858,,,,,,,Não,44,https://www.fortali.com.br/tabuleiro-redondo-bco-mdf-25cm-12858-1,2026-08-18 13:06:57,https://www.fortali.com.br/confeitaria?page=44,Revisar embalagem
Fortali Distribuidora,Confeitaria,TABULEIRO REDONDO BCO MDF 35CM,TABULEIRO REDONDO BCO MDF 35CM,12860,,,,,,,Não,44,https://www.fortali.com.br/tabuleiro-redondo-bco-mdf-35cm-12860-1,2026-08-18 13:06:57,https://www.fortali.com.br/confeitaria?page=44,Revisar embalagem
Fortali Distribuidora,Confeitaria,TABULEIRO REDONDO BCO MDF 40CM,TABULEIRO REDONDO BCO MDF 40CM,12861,,,,,,,Não,44,https://www.fortali.com.br/tabuleiro-redondo-bco-mdf-40cm-12861-1,2026-08-18 13:06:57,https://www.fortali.com.br/confeitaria?page=44,Revisar embalagem
Fortali Distribuidora,Confeitaria,TABULEIRO QUADRADO BCO MDF 50X50CM,TABULEIRO QUADRADO BCO MDF 50X50CM,12869,,,,,,,Não,44,https://www.fortali.com.br/tabuleiro-quadrado-bco-mdf-50x50cm-12869-1,2026-08-18 13:06:57,https://www.fortali.com.br/confeitaria?page=44,Revisar embalagem
Fortali Distribuidora,Confeitaria,TABULEIRO RETANGULAR BCO MDF 30X40CM,TABULEIRO RETANGULAR BCO MDF 30X40CM,12871,,,,,,,Não,44,https://www.fortali.com.br/tabuleiro-retangular-bco-mdf-30x40cm-12871-1,2026-08-18 13:06:57,https://www.fortali.com.br/confeitaria?page=44,Revisar embalagem
Fortali Distribuidora,Confeitaria,TABULEIRO RETANGULAR BCO MDF 35X45CM,TABULEIRO RETANGULAR BCO MDF 35X45CM,12872,,,,,,,Não,44,https://www.fortali.com.br/tabuleiro-retangular-bco-mdf-35x45cm-12872-1,2026-08-18 13:06:57,https://www.fortali.com.br/confeitaria?page=44,Revisar embalagem
Fortali Distribuidora,Confeitaria,TABULEIRO RETANGULAR BCO MDF 40X50CM,TABULEIRO RETANGULAR BCO MDF 40X50CM,12873,,,,,,,Não,44,https://www.fortali.com.br/tabuleiro-retangular-bco-mdf-40x50cm-12873-1,2026-08-18 13:06:57,https://www.fortali.com.br/confeitaria?page=44,Revisar embalagem
Fortali Distribuidora,Confeitaria,GRANULADO CHOC MESCLADO DORI 500G,GRANULADO CHOC MESCLADO DORI 500G,12875,500G,500.0,G,500.0,G,,Não,44,https://www.fortali.com.br/granulado-choc-mesclado-dori-500g-12875-1,2026-08-18 13:06:57,https://www.fortali.com.br/confeitaria?page=44,Pronto para comparar
Fortali Distribuidora,Confeitaria,"GOTA PINGO CHOC MAVALÉRIO 1,01KG","GOTA PINGO CHOC MAVALERIO 1,01KG",12901,"1,01KG",1.01,KG,1010.0,G,,Não,30,https://www.fortali.com.br/gota-pingo-choc-mavalerio-1-01kg-12901-1,2026-08-18 13:06:57,https://www.fortali.com.br/confeitaria?page=30,Pronto para comparar
Fortali Distribuidora,Confeitaria,CONFEITO MIÇANGA BRANCO COM PRETO MIL CORES PACOTE 150G,CONFEITO MICANGA BRANCO COM PRETO MIL CORES PACOTE 150G,12903,150G,150.0,G,150.0,G,,Não,44,https://www.fortali.com.br/confeito-micanga-branco-com-preto-mil-cores-pacote-150g-12903-1,2026-08-18 13:06:57,https://www.fortali.com.br/confeitaria?page=44,Pronto para comparar
Fortali Distribuidora,Confeitaria,CONFEITO MIÇANGA BRANCA/ROSA N0 MIL CORES 150G,CONFEITO MICANGA BRANCA ROSA N0 MIL CORES 150G,12905,150G,150.0,G,150.0,G,,Não,44,https://www.fortali.com.br/confeito-micanga-brancarosa-n0-mil-cores-150g-12905-1,2026-08-18 13:06:57,https://www.fortali.com.br/confeitaria?page=44,Pronto para comparar
Fortali Distribuidora,Confeitaria,CONFEITO MIÇANGA BRANCA/AZUL N0 MIL CORES 150G,CONFEITO MICANGA BRANCA AZUL N0 MIL CORES 150G,12906,150G,150.0,G,150.0,G,,Não,44,https://www.fortali.com.br/confeito-micanga-brancaazul-n0-mil-cores-150g-12906-1,2026-08-18 13:06:57,https://www.fortali.com.br/confeitaria?page=44,Pronto para comparar
Fortali Distribuidora,Confeitaria,CACAU EM PÓ 100% ALCALINO MAVALÉRIO PACOTE 500G,CACAU EM PO 100% ALCALINO MAVALERIO PACOTE 500G,12907,500G,500.0,G,500.0,G,,Não,33,https://www.fortali.com.br/cacau-em-po-100-alcalino-mavalerio-pacote-500g-12907-1,2026-08-18 13:06:57,https://www.fortali.com.br/confeitaria?page=33,Pronto para comparar
Fortali Distribuidora,Confeitaria,CHOCOLATE EM PO 32% CACAU MAVALERIO 1KG,CHOCOLATE EM PO 32% CACAU MAVALERIO 1KG,12908,1KG,1.0,KG,1000.0,G,,Não,9,https://www.fortali.com.br/chocolate-em-po-32-cacau-mavalerio-1kg-12908-1,2026-08-18 13:06:57,https://www.fortali.com.br/confeitaria?page=9,Pronto para comparar
Fortali Distribuidora,Confeitaria,"CHOCOLATE EM PO 50% MAVALERIO 1,01KG","CHOCOLATE EM PO 50% MAVALERIO 1,01KG",12909,"1,01KG",1.01,KG,1010.0,G,,Não,11,https://www.fortali.com.br/chocolate-em-po-50-mavalerio-101kg-12909-1,2026-08-18 13:06:57,https://www.fortali.com.br/confeitaria?page=11,Pronto para comparar
Fortali Distribuidora,Confeitaria,MARCADOR PEDRAS B STAR C/1UN,MARCADOR PEDRAS B STAR C 1UN,12941,,,,,,,Não,44,https://www.fortali.com.br/marcador-pedras-b-star-c1un-12941-1,2026-08-18 13:06:57,https://www.fortali.com.br/confeitaria?page=44,Revisar embalagem
Fortali Distribuidora,Confeitaria,MARCADOR TEXTURA DE TRONCO BLUESTAR 5UN,MARCADOR TEXTURA DE TRONCO BLUESTAR 5UN,12943,,,,,,,Não,44,https://www.fortali.com.br/marcador-textura-de-tronco-bluestar-5un-12943-1,2026-08-18 13:06:57,https://www.fortali.com.br/confeitaria?page=44,Revisar embalagem
Fortali Distribuidora,Confeitaria,CABO P/ROLOS INDIVIDUAIS B STAR UN,CABO P ROLOS INDIVIDUAIS B STAR UN,12945,,,,,,,Não,44,https://www.fortali.com.br/cabo-prolos-individuais-b-star-un-12945-1,2026-08-18 13:06:57,https://www.fortali.com.br/confeitaria?page=44,Revisar embalagem
Fortali Distribuidora,Confeitaria,ALISADOR CANTO RETO B STAR UN,ALISADOR CANTO RETO B STAR UN,12948,,,,,,,Não,44,https://www.fortali.com.br/alisador-canto-reto-b-star-un-12948-1,2026-08-18 13:06:57,https://www.fortali.com.br/confeitaria?page=44,Revisar embalagem
Fortali Distribuidora,Confeitaria,ALISADOR 8X15 B STAR UN,ALISADOR 8X15 B STAR UN,12950,,,,,,,Não,20,https://www.fortali.com.br/alisador-8x15-b-star-un-12950-1,2026-08-18 13:06:57,https://www.fortali.com.br/confeitaria?page=20,Revisar embalagem
Fortali Distribuidora,Confeitaria,"DISQUETI CHOC COLOR 1,010KG","DISQUETI CHOC COLOR 1,010KG",12964,"1,010KG",1.01,KG,1010.0,G,,Não,44,https://www.fortali.com.br/disqueti-choc-color-1010kg-12964-1,2026-08-18 13:06:57,https://www.fortali.com.br/confeitaria?page=44,Pronto para comparar
Fortali Distribuidora,Confeitaria,CEREAL BALL MESCLADO MICRO CHOCO POWER 500G,CEREAL BALL MESCLADO MICRO CHOCO POWER 500G,12971,500G,500.0,G,500.0,G,,Não,7,https://www.fortali.com.br/cereal-ball-mesclado-micro-choco-power-500g-12971-1,2026-08-18 13:06:57,https://www.fortali.com.br/confeitaria?page=7,Pronto para comparar
Fortali Distribuidora,Confeitaria,CEREAL BALL BRANCO MINI CHOCO POWER 300G,CEREAL BALL BRANCO MINI CHOCO POWER 300G,12972,300G,300.0,G,300.0,G,,Não,9,https://www.fortali.com.br/cereal-ball-branco-mini-choco-power-300g-12972-1,2026-08-18 13:06:57,https://www.fortali.com.br/confeitaria?page=9,Pronto para comparar
Fortali Distribuidora,Confeitaria,BALAO 7 IMPERIAL AZUL ART LATEX 50UN,BALAO 7 IMPERIAL AZUL ART LATEX 50UN,12998,,,,,,,Não,44,https://www.fortali.com.br/balao-7-imperial-azul-art-latex-50un-12998-1,2026-08-18 13:06:57,https://www.fortali.com.br/confeitaria?page=44,Revisar embalagem
Fortali Distribuidora,Confeitaria,BALAO 7 IMPERIAL AZ CLARO ART LATEX 50UN,BALAO 7 IMPERIAL AZ CLARO ART LATEX 50UN,12999,,,,,,,Não,44,https://www.fortali.com.br/balao-7-imperial-az-claro-art-latex-50un-12999-1,2026-08-18 13:06:57,https://www.fortali.com.br/confeitaria?page=44,Revisar embalagem
Fortali Distribuidora,Confeitaria,BALAO 7 IMPERIAL BCO ART LATEX 50UN,BALAO 7 IMPERIAL BCO ART LATEX 50UN,13000,,,,,,,Não,44,https://www.fortali.com.br/balao-7-imperial-bco-art-latex-50un-13000-1,2026-08-18 13:06:57,https://www.fortali.com.br/confeitaria?page=44,Revisar embalagem
Fortali Distribuidora,Confeitaria,BALAO 7 IMPERIAL LARANJA ART LATEX 50UN,BALAO 7 IMPERIAL LARANJA ART LATEX 50UN,13001,,,,,,,Não,44,https://www.fortali.com.br/balao-7-imperial-laranja-art-latex-50un-13001-1,2026-08-18 13:06:57,https://www.fortali.com.br/confeitaria?page=44,Revisar embalagem
Fortali Distribuidora,Confeitaria,BALAO 7 IMPERIAL MARROM ART LATEX 50UN,BALAO 7 IMPERIAL MARROM ART LATEX 50UN,13002,,,,,,,Não,44,https://www.fortali.com.br/balao-7-imperial-marrom-art-latex-50un-13002-1,2026-08-18 13:06:57,https://www.fortali.com.br/confeitaria?page=44,Revisar embalagem
Fortali Distribuidora,Confeitaria,BALAO 7 IMPERIAL VERM ART LATEX 50UN,BALAO 7 IMPERIAL VERM ART LATEX 50UN,13006,,,,,,,Não,44,https://www.fortali.com.br/balao-7-imperial-verm-art-latex-50un-13006-1,2026-08-18 13:06:57,https://www.fortali.com.br/confeitaria?page=44,Revisar embalagem
Fortali Distribuidora,Confeitaria,BALAO 7 IMPERIAL ROSA ART LATEX 50UN,BALAO 7 IMPERIAL ROSA ART LATEX 50UN,13007,,,,,,,Não,44,https://www.fortali.com.br/balao-7-imperial-rosa-art-latex-50un-13007-1,2026-08-18 13:06:57,https://www.fortali.com.br/confeitaria?page=44,Revisar embalagem
Fortali Distribuidora,Confeitaria,BALAO 7 IMPERIAL R PINK ART LATEX 50UN,BALAO 7 IMPERIAL R PINK ART LATEX 50UN,13008,,,,,,,Não,44,https://www.fortali.com.br/balao-7-imperial-r-pink-art-latex-50un-13008-1,2026-08-18 13:06:57,https://www.fortali.com.br/confeitaria?page=44,Revisar embalagem
Fortali Distribuidora,Confeitaria,BALAO 7 IMPERIAL CRISTAL ART LATEX 50UN,BALAO 7 IMPERIAL CRISTAL ART LATEX 50UN,13009,,,,,,,Não,45,https://www.fortali.com.br/balao-7-imperial-cristal-art-latex-50un-13009-1,2026-08-18 13:06:57,https://www.fortali.com.br/confeitaria?page=45,Revisar embalagem
Fortali Distribuidora,Confeitaria,BALAO 7 IMPERIAL METAL OURO ART LATEX,BALAO 7 IMPERIAL METAL OURO ART LATEX,13011,,,,,,,Não,45,https://www.fortali.com.br/balao-7-imperial-metal-ouro-art-latex-13011-1,2026-08-18 13:06:57,https://www.fortali.com.br/confeitaria?page=45,Revisar embalagem
Fortali Distribuidora,Confeitaria,TRANSFER RISCADO ROSA 29X39 STALDEN,TRANSFER RISCADO ROSA 29X39 STALDEN,13034,,,,,,,Não,45,https://www.fortali.com.br/transfer-riscado-rosa-29x39-stalden-13034-1,2026-08-18 13:06:57,https://www.fortali.com.br/confeitaria?page=45,Revisar embalagem
Fortali Distribuidora,Confeitaria,"GRANULADO CROCANTE CHOCOLATE MIL CORES 1,01KG","GRANULADO CROCANTE CHOCOLATE MIL CORES 1,01KG",13263,"1,01KG",1.01,KG,1010.0,G,,Não,4,https://www.fortali.com.br/granulado-crocante-chocolate-mil-cores-101kg-13263-1,2026-08-18 13:06:57,https://www.fortali.com.br/confeitaria?page=4,Pronto para comparar
Fortali Distribuidora,Confeitaria,COOKIES GRANULADO CHOCOLATE VABENE 1KG,COOKIES GRANULADO CHOCOLATE VABENE 1KG,13366,1KG,1.0,KG,1000.0,G,,Não,7,https://www.fortali.com.br/cookies-granulado-chocolate-vabene-1kg-13366-1,2026-08-18 13:06:57,https://www.fortali.com.br/confeitaria?page=7,Pronto para comparar
Fortali Distribuidora,Confeitaria,"COOKIES GRANULADO BAUNILHA VABENE 1,0KG","COOKIES GRANULADO BAUNILHA VABENE 1,0KG",13367,"1,0KG",1.0,KG,1000.0,G,,Não,45,https://www.fortali.com.br/cookies-granulado-baunilha-vabene-10kg--13367-1,2026-08-18 13:06:57,https://www.fortali.com.br/confeitaria?page=45,Pronto para comparar
Fortali Distribuidora,Confeitaria,GRANULADO CONF COLOR DORI 500G,GRANULADO CONF COLOR DORI 500G,13397,500G,500.0,G,500.0,G,,Não,45,https://www.fortali.com.br/granulado-conf-color-dori-500g-13397-1,2026-08-18 13:06:57,https://www.fortali.com.br/confeitaria?page=45,Pronto para comparar
Fortali Distribuidora,Confeitaria,CREME GANACHE CHOC AVELA MELKEN 1KG,CREME GANACHE CHOC AVELA MELKEN 1KG,13424,1KG,1.0,KG,1000.0,G,,Não,4,https://www.fortali.com.br/creme-ganache-choc-avela-melken-1kg-13424-1,2026-08-18 13:06:57,https://www.fortali.com.br/confeitaria?page=4,Pronto para comparar
Fortali Distribuidora,Confeitaria,RISCAPAO MODELO RPG,RISCAPAO MODELO RPG,13470,,,,,,,Não,45,https://www.fortali.com.br/riscapao-modelo-rpg-13470-1,2026-08-18 13:06:57,https://www.fortali.com.br/confeitaria?page=45,Revisar embalagem
Fortali Distribuidora,Confeitaria,BALA MAST MOLE SORTIDA FLORESTAL 500G,BALA MAST MOLE SORTIDA FLORESTAL 500G,13489,500G,500.0,G,500.0,G,,Não,45,https://www.fortali.com.br/bala-mast-mole-sortida-florestal-500g-13489-1,2026-08-18 13:06:57,https://www.fortali.com.br/confeitaria?page=45,Pronto para comparar
Fortali Distribuidora,Confeitaria,PO PREPARO NESQUIK MORANGO NESTLE 380G,PO PREPARO NESQUIK MORANGO NESTLE 380G,13496,380G,380.0,G,380.0,G,,Não,45,https://www.fortali.com.br/po-preparo-nesquik-morango-nestle-380g-13496-1,2026-08-18 13:06:57,https://www.fortali.com.br/confeitaria?page=45,Pronto para comparar
Fortali Distribuidora,Confeitaria,FORMA BOLO INGLÊS PLUMPY P MARROM COM TAMPA SULFORMAS 5UN,FORMA BOLO INGLES PLUMPY P MARROM COM TAMPA SULFORMAS 5UN,13534,,,,,,,Não,45,https://www.fortali.com.br/forma-bolo-ingles-plumpy-p-marrom-com-tampa-sulformas-5un-13534-1,2026-08-18 13:06:57,https://www.fortali.com.br/confeitaria?page=45,Revisar embalagem
Fortali Distribuidora,Confeitaria,FORMA PARA TORTA PIE COM TAMPA MARROM 90X20 SULFORMAS 10UN,FORMA PARA TORTA PIE COM TAMPA MARROM 90X20 SULFORMAS 10UN,13535,,,,,,,Não,45,https://www.fortali.com.br/forma-para-torta-pie-com-tampa-marrom-90x20-sulformas-10un-13535-1,2026-08-18 13:06:57,https://www.fortali.com.br/confeitaria?page=45,Revisar embalagem
Fortali Distribuidora,Confeitaria,FORMA REBAIXADA DOUPAN,FORMA REBAIXADA DOUPAN,13551,,,,,,,Não,45,https://www.fortali.com.br/forma-rebaixada-doupan-13551-1,2026-08-18 13:06:57,https://www.fortali.com.br/confeitaria?page=45,Revisar embalagem
Fortali Distribuidora,Confeitaria,FORMA TORTA MACA CRESPA F/F DOUPAN,FORMA TORTA MACA CRESPA F F DOUPAN,13552,,,,,,,Não,45,https://www.fortali.com.br/forma-torta-maca-crespa-ff-doupan-13552-1,2026-08-18 13:06:57,https://www.fortali.com.br/confeitaria?page=45,Revisar embalagem
Fortali Distribuidora,Confeitaria,"ARO INOX CORTADOR RED CRESPO 3,6X4","ARO INOX CORTADOR RED CRESPO 3,6X4",13561,,,,,,,Não,45,https://www.fortali.com.br/aro-inox-cortador-red-crespo-36x4-13561-1,2026-08-18 13:06:57,https://www.fortali.com.br/confeitaria?page=45,Revisar embalagem
Fortali Distribuidora,Confeitaria,GARFO P/TRUFA 2PONTAS PCT 5 UN,GARFO P TRUFA 2PONTAS PCT 5 UN,13565,,,,,,,Não,45,https://www.fortali.com.br/garfo-ptrufa-2pontas-pct-5-un-13565-1,2026-08-18 13:06:57,https://www.fortali.com.br/confeitaria?page=45,Revisar embalagem
Fortali Distribuidora,Confeitaria,MOLDE SILICONE P/CONF PRIME CHEF,MOLDE SILICONE P CONF PRIME CHEF,13616,,,,,,,Não,45,https://www.fortali.com.br/molde-silicone-pconf-prime-chef-13616-1,2026-08-18 13:06:57,https://www.fortali.com.br/confeitaria?page=45,Revisar embalagem
Fortali Distribuidora,Confeitaria,CHANTILLY PROFISSIONAL NORCAU 1KG,CHANTILLY PROFISSIONAL NORCAU 1KG,13644,1KG,1.0,KG,1000.0,G,,Não,14,https://www.fortali.com.br/chantilly-profissional-norcau-1kg-13644-1,2026-08-18 13:06:57,https://www.fortali.com.br/confeitaria?page=14,Pronto para comparar
Fortali Distribuidora,Confeitaria,"COB BCO PREMIUM NORCAU 1,01KG","COB BCO PREMIUM NORCAU 1,01KG",13650,"1,01KG",1.01,KG,1010.0,G,,Não,45,https://www.fortali.com.br/cob-bco-premium-norcau-101kg-13650-1,2026-08-18 13:06:57,https://www.fortali.com.br/confeitaria?page=45,Pronto para comparar
Fortali Distribuidora,Confeitaria,CREME CHANTILLY SPRAY POLENGHI 250G,CREME CHANTILLY SPRAY POLENGHI 250G,13699,250G,250.0,G,250.0,G,,Não,31,https://www.fortali.com.br/creme-chantilly-spray-polenghi-250g-13699-1,2026-08-18 13:06:57,https://www.fortali.com.br/confeitaria?page=31,Pronto para comparar
Fortali Distribuidora,Confeitaria,BALA QUAL E O SABOR STICK MENTOS 16X37G,BALA QUAL E O SABOR STICK MENTOS 16X37G,13700,37G,37.0,G,37.0,G,,Não,45,https://www.fortali.com.br/bala-qual-e-o-sabor-stick-mentos-16x37g-13700-1,2026-08-18 13:06:57,https://www.fortali.com.br/confeitaria?page=45,Pronto para comparar
Fortali Distribuidora,Confeitaria,BALA FRUTAS VERM STICK MENTOS 16X38G,BALA FRUTAS VERM STICK MENTOS 16X38G,13702,38G,38.0,G,38.0,G,,Não,45,https://www.fortali.com.br/bala-frutas-verm-stick-mentos-16x38g-13702-1,2026-08-18 13:06:57,https://www.fortali.com.br/confeitaria?page=45,Pronto para comparar
Fortali Distribuidora,Confeitaria,BALA MINT  STICK MENTOS 16X38G,BALA MINT STICK MENTOS 16X38G,13704,38G,38.0,G,38.0,G,,Não,45,https://www.fortali.com.br/bala-mint--stick-mentos-16x38g-13704-1,2026-08-18 13:06:57,https://www.fortali.com.br/confeitaria?page=45,Pronto para comparar
Fortali Distribuidora,Confeitaria,BALA YOGURT E MORAN STICK MENTOS 16X38G,BALA YOGURT E MORAN STICK MENTOS 16X38G,13705,38G,38.0,G,38.0,G,,Não,45,https://www.fortali.com.br/bala-yogurt-e-moran-stick-mentos-16x38g-13705-1,2026-08-18 13:06:57,https://www.fortali.com.br/confeitaria?page=45,Pronto para comparar
Fortali Distribuidora,Confeitaria,BALA MONOPECA PURE WHITE POTEMENTOS 240G,BALA MONOPECA PURE WHITE POTEMENTOS 240G,13721,240G,240.0,G,240.0,G,,Não,45,https://www.fortali.com.br/bala-monopeca-pure-white-potementos-240g-13721-1,2026-08-18 13:06:57,https://www.fortali.com.br/confeitaria?page=45,Pronto para comparar
Fortali Distribuidora,Confeitaria,WAFER RECHEADO SONHO DE VALSA 1KG,WAFER RECHEADO SONHO DE VALSA 1KG,13746,1KG,1.0,KG,1000.0,G,,Não,6,https://www.fortali.com.br/wafer-recheado-sonho-de-valsa-1kg-13746-1,2026-08-18 13:06:57,https://www.fortali.com.br/confeitaria?page=6,Pronto para comparar
Fortali Distribuidora,Confeitaria,"FORMA CAV TRUFA INJ 137,5X275MM 21","FORMA CAV TRUFA INJ 137,5X275MM 21",13754,,,,,,,Não,45,https://www.fortali.com.br/forma-cav-trufa-inj-1375x275mm-21-13754-1,2026-08-18 13:06:57,https://www.fortali.com.br/confeitaria?page=45,Revisar embalagem
Fortali Distribuidora,Confeitaria,FORMA SAKURA INJ 175X275MM,FORMA SAKURA INJ 175X275MM,13755,,,,,,,Não,45,https://www.fortali.com.br/forma-sakura-inj-175x275mm-13755-1,2026-08-18 13:06:57,https://www.fortali.com.br/confeitaria?page=45,Revisar embalagem
Fortali Distribuidora,Confeitaria,FORMA PAO MEL INJ 175X275MM,FORMA PAO MEL INJ 175X275MM,13757,,,,,,,Não,45,https://www.fortali.com.br/forma-pao-mel-inj-175x275mm-13757-1,2026-08-18 13:06:57,https://www.fortali.com.br/confeitaria?page=45,Revisar embalagem
Fortali Distribuidora,Confeitaria,CREME CHANTILLY RICCA 1L,CREME CHANTILLY RICCA 1L,13781,1L,1.0,L,1000.0,ML,,Não,46,https://www.fortali.com.br/creme-chantilly-ricca-1l-13781-1,2026-08-18 13:06:57,https://www.fortali.com.br/confeitaria?page=46,Pronto para comparar
Fortali Distribuidora,Confeitaria,PO AVELUDADO FOSCO AMAR MIX PT 3G,PO AVELUDADO FOSCO AMAR MIX PT 3G,13830,3G,3.0,G,3.0,G,,Não,46,https://www.fortali.com.br/po-aveludado-fosco-amar-mix-pt-3g-13830-1,2026-08-18 13:06:57,https://www.fortali.com.br/confeitaria?page=46,Pronto para comparar
Fortali Distribuidora,Confeitaria,PO AVELUDADO FOSCO AZUL MIX PT 3G,PO AVELUDADO FOSCO AZUL MIX PT 3G,13831,3G,3.0,G,3.0,G,,Não,46,https://www.fortali.com.br/po-aveludado-fosco-azul-mix-pt-3g-13831-1,2026-08-18 13:06:57,https://www.fortali.com.br/confeitaria?page=46,Pronto para comparar
Fortali Distribuidora,Confeitaria,PO AVELUDADO FOSCO BCO MIX PT 3G,PO AVELUDADO FOSCO BCO MIX PT 3G,13832,3G,3.0,G,3.0,G,,Não,46,https://www.fortali.com.br/po-aveludado-fosco-bco-mix-pt-3g-13832-1,2026-08-18 13:06:57,https://www.fortali.com.br/confeitaria?page=46,Pronto para comparar
Fortali Distribuidora,Confeitaria,PO AVELUDADO FOSCO LAR MIX PT 3G,PO AVELUDADO FOSCO LAR MIX PT 3G,13834,3G,3.0,G,3.0,G,,Não,46,https://www.fortali.com.br/po-aveludado-fosco-lar-mix-pt-3g-13834-1,2026-08-18 13:06:57,https://www.fortali.com.br/confeitaria?page=46,Pronto para comparar
Fortali Distribuidora,Confeitaria,PO AVELUDADO FOSCO LILAS MIX PT 3G,PO AVELUDADO FOSCO LILAS MIX PT 3G,13835,3G,3.0,G,3.0,G,,Não,46,https://www.fortali.com.br/po-aveludado-fosco-lilas-mix-pt-3g-13835-1,2026-08-18 13:06:57,https://www.fortali.com.br/confeitaria?page=46,Pronto para comparar
Fortali Distribuidora,Confeitaria,PO AVELUDADO FOSCO PTO MIX PT 3G,PO AVELUDADO FOSCO PTO MIX PT 3G,13838,3G,3.0,G,3.0,G,,Não,46,https://www.fortali.com.br/po-aveludado-fosco-pto-mix-pt-3g-13838-1,2026-08-18 13:06:57,https://www.fortali.com.br/confeitaria?page=46,Pronto para comparar
Fortali Distribuidora,Confeitaria,PO AVELUDADO FOSCO ROSA MIX PT 3G,PO AVELUDADO FOSCO ROSA MIX PT 3G,13839,3G,3.0,G,3.0,G,,Não,46,https://www.fortali.com.br/po-aveludado-fosco-rosa-mix-pt-3g-13839-1,2026-08-18 13:06:57,https://www.fortali.com.br/confeitaria?page=46,Pronto para comparar
Fortali Distribuidora,Confeitaria,PO AVELUDADO FOSCO VDE MUSGO MIX PT 3G,PO AVELUDADO FOSCO VDE MUSGO MIX PT 3G,13840,3G,3.0,G,3.0,G,,Não,46,https://www.fortali.com.br/po-aveludado-fosco-vde-musgo-mix-pt-3g-13840-1,2026-08-18 13:06:57,https://www.fortali.com.br/confeitaria?page=46,Pronto para comparar
Fortali Distribuidora,Confeitaria,PO AVELUDADO FOSCO VIOLETA MIX PT 3G,PO AVELUDADO FOSCO VIOLETA MIX PT 3G,13841,3G,3.0,G,3.0,G,,Não,46,https://www.fortali.com.br/po-aveludado-fosco-violeta-mix-pt-3g-13841-1,2026-08-18 13:06:57,https://www.fortali.com.br/confeitaria?page=46,Pronto para comparar
Fortali Distribuidora,Confeitaria,FIGO EM CALDAS CEPERA LATA 400G,FIGO EM CALDAS CEPERA LATA 400G,1395,400G,400.0,G,400.0,G,,Não,7,https://www.fortali.com.br/figo-em-caldas-cepera-lata-400g-1395-1,2026-08-18 13:06:57,https://www.fortali.com.br/confeitaria?page=7,Pronto para comparar
Fortali Distribuidora,Confeitaria,BATON CHOC DUO GAROTO 32X16G,BATON CHOC DUO GAROTO 32X16G,14207,16G,16.0,G,16.0,G,,Não,46,https://www.fortali.com.br/baton-choc-duo-garoto-32x16g-14207-1,2026-08-18 13:06:57,https://www.fortali.com.br/confeitaria?page=46,Pronto para comparar
Fortali Distribuidora,Confeitaria,BOMBOM SERENATA DE AMOR GAROTO 825G,BOMBOM SERENATA DE AMOR GAROTO 825G,14208,825G,825.0,G,825.0,G,,Não,3,https://www.fortali.com.br/bombom-serenata-de-amor-garoto-825g-14208-1,2026-08-18 13:06:57,https://www.fortali.com.br/confeitaria?page=3,Pronto para comparar
Fortali Distribuidora,Confeitaria,"CHOC M AMARGO SICAO NOBRE BARRA 1,01KG","CHOC M AMARGO SICAO NOBRE BARRA 1,01KG",14251,"1,01KG",1.01,KG,1010.0,G,,Não,9,https://www.fortali.com.br/choc-m-amargo-sicao-nobre-barra-1-01kg-14251-1,2026-08-18 13:06:57,https://www.fortali.com.br/confeitaria?page=9,Pronto para comparar
Fortali Distribuidora,Confeitaria,"CHOCOLATE AO LEITE SICAO NOBRE BARRA 1,01KG","CHOCOLATE AO LEITE SICAO NOBRE BARRA 1,01KG",14252,"1,01KG",1.01,KG,1010.0,G,,Não,6,https://www.fortali.com.br/chocolate-ao-leite-sicao-nobre-barra-1-01kg-14252-1,2026-08-18 13:06:57,https://www.fortali.com.br/confeitaria?page=6,Pronto para comparar
Fortali Distribuidora,Confeitaria,"CHOC BLEND SICAO NOBRE BARRA 1,01KG","CHOC BLEND SICAO NOBRE BARRA 1,01KG",14253,"1,01KG",1.01,KG,1010.0,G,,Não,31,https://www.fortali.com.br/choc-blend-sicao-nobre-barra-1-01kg-14253-1,2026-08-18 13:06:57,https://www.fortali.com.br/confeitaria?page=31,Pronto para comparar
Fortali Distribuidora,Confeitaria,"CHOC BRANCO SICAO NOBRE BARRA 1,01KG","CHOC BRANCO SICAO NOBRE BARRA 1,01KG",14254,"1,01KG",1.01,KG,1010.0,G,,Não,32,https://www.fortali.com.br/choc-branco-sicao-nobre-barra-1-01kg-14254-1,2026-08-18 13:06:57,https://www.fortali.com.br/confeitaria?page=32,Pronto para comparar
Fortali Distribuidora,Confeitaria,COBERTURA DE CHOCOLATE AO LEITE SICAO BARRA KG,COBERTURA DE CHOCOLATE AO LEITE SICAO BARRA KG,14255,,,,,,,Não,10,https://www.fortali.com.br/cobertura-de-chocolate-ao-leite-sicao-barra-kg-14255-1,2026-08-18 13:06:57,https://www.fortali.com.br/confeitaria?page=10,Revisar embalagem
Fortali Distribuidora,Confeitaria,"COBERTURA GOTA CHOCOLATE  LEITE CHIPS SICAO 1,01KG","COBERTURA GOTA CHOCOLATE LEITE CHIPS SICAO 1,01KG",14256,"1,01KG",1.01,KG,1010.0,G,,Não,35,https://www.fortali.com.br/cobertura-gota-chocolate-leite-chips-sicao-1-01kg-14256-1,2026-08-18 13:06:57,https://www.fortali.com.br/confeitaria?page=35,Pronto para comparar
Fortali Distribuidora,Confeitaria,"COBERTURA GOTA CHOCOLATE BRANCO CHIPS SICAO 1,01KG","COBERTURA GOTA CHOCOLATE BRANCO CHIPS SICAO 1,01KG",14257,"1,01KG",1.01,KG,1010.0,G,,Não,46,https://www.fortali.com.br/cobertura-gota-chocolate-branco-chips-sicao-1-01kg-14257-1,2026-08-18 13:06:57,https://www.fortali.com.br/confeitaria?page=46,Pronto para comparar
Fortali Distribuidora,Confeitaria,CHOCOLATE PO 50%  NESTLE 25KG,CHOCOLATE PO 50% NESTLE 25KG,1433,25KG,25.0,KG,25000.0,G,,Não,46,https://www.fortali.com.br/chocolate-po-50-nestle-25kg-1433-1,2026-08-18 13:06:57,https://www.fortali.com.br/confeitaria?page=46,Pronto para comparar
Fortali Distribuidora,Confeitaria,KIT LISO TORN 165MM TAMPO 220MM AMAR,KIT LISO TORN 165MM TAMPO 220MM AMAR,14679,,,,,,,Não,46,https://www.fortali.com.br/kit-liso-torn-165mm-tampo-220mm-amar-14679-1,2026-08-18 13:06:57,https://www.fortali.com.br/confeitaria?page=46,Revisar embalagem
Fortali Distribuidora,Confeitaria,KIT LISO TORN 165MM TAMPO 220MM AZ CLARO,KIT LISO TORN 165MM TAMPO 220MM AZ CLARO,14683,,,,,,,Não,46,https://www.fortali.com.br/kit-liso-torn-165mm-tampo-220mm-az-claro-14683-1,2026-08-18 13:06:57,https://www.fortali.com.br/confeitaria?page=46,Revisar embalagem
Fortali Distribuidora,Confeitaria,KIT LISO TORN 165MM TAMPO 320MM VERM,KIT LISO TORN 165MM TAMPO 320MM VERM,14689,,,,,,,Não,46,https://www.fortali.com.br/kit-liso-torn-165mm-tampo-320mm-verm-14689-1,2026-08-18 13:06:57,https://www.fortali.com.br/confeitaria?page=46,Revisar embalagem
Fortali Distribuidora,Confeitaria,KIT LISO TORN 165MM TAMPO 320MM AZUL CEU,KIT LISO TORN 165MM TAMPO 320MM AZUL CEU,14694,,,,,,,Não,46,https://www.fortali.com.br/kit-liso-torn-165mm-tampo-320mm-azul-ceu-14694-1,2026-08-18 13:06:57,https://www.fortali.com.br/confeitaria?page=46,Revisar embalagem
Fortali Distribuidora,Confeitaria,KIT LISO TORN 165MM TAMPO 320MM VDE CLAR,KIT LISO TORN 165MM TAMPO 320MM VDE CLAR,14695,,,,,,,Não,46,https://www.fortali.com.br/kit-liso-torn-165mm-tampo-320mm-vde-clar-14695-1,2026-08-18 13:06:57,https://www.fortali.com.br/confeitaria?page=46,Revisar embalagem
Fortali Distribuidora,Confeitaria,KIT LISO TORN 165MM TAMPO 320MM ROS CLAR,KIT LISO TORN 165MM TAMPO 320MM ROS CLAR,14696,,,,,,,Não,46,https://www.fortali.com.br/kit-liso-torn-165mm-tampo-320mm-ros-clar-14696-1,2026-08-18 13:06:57,https://www.fortali.com.br/confeitaria?page=46,Revisar embalagem
Fortali Distribuidora,Confeitaria,KIT LISO TORN 195MM TAMPO 320MM VERM,KIT LISO TORN 195MM TAMPO 320MM VERM,14700,,,,,,,Não,46,https://www.fortali.com.br/kit-liso-torn-195mm-tampo-320mm-verm-14700-1,2026-08-18 13:06:57,https://www.fortali.com.br/confeitaria?page=46,Revisar embalagem
Fortali Distribuidora,Confeitaria,KIT LISO TORN 195MM TAMPO 320MM VDE CLAR,KIT LISO TORN 195MM TAMPO 320MM VDE CLAR,14706,,,,,,,Não,46,https://www.fortali.com.br/kit-liso-torn-195mm-tampo-320mm-vde-clar-14706-1,2026-08-18 13:06:57,https://www.fortali.com.br/confeitaria?page=46,Revisar embalagem
Fortali Distribuidora,Confeitaria,KIT LISO TORN 195MM TAMPO 320MM PRATA,KIT LISO TORN 195MM TAMPO 320MM PRATA,14709,,,,,,,Não,46,https://www.fortali.com.br/kit-liso-torn-195mm-tampo-320mm-prata-14709-1,2026-08-18 13:06:57,https://www.fortali.com.br/confeitaria?page=46,Revisar embalagem
Fortali Distribuidora,Confeitaria,GELÉIA DE MORANGO HOMEMADE VIDRO 320G,GELEIA DE MORANGO HOMEMADE VIDRO 320G,14749,320G,320.0,G,320.0,G,,Não,11,https://www.fortali.com.br/geleia-de-morango-homemade-vidro-320g-14749-1,2026-08-18 13:06:57,https://www.fortali.com.br/confeitaria?page=11,Pronto para comparar
Fortali Distribuidora,Confeitaria,GELÉIA DE GOIABA HOMEMADE POTE 320G,GELEIA DE GOIABA HOMEMADE POTE 320G,14750,320G,320.0,G,320.0,G,,Não,46,https://www.fortali.com.br/geleia-de-goiaba-homemade-pote-320g-14750-1,2026-08-18 13:06:57,https://www.fortali.com.br/confeitaria?page=46,Pronto para comparar
Fortali Distribuidora,Confeitaria,GELÉIA DE PIMENTA HOMENADE VIDRO 320G,GELEIA DE PIMENTA HOMENADE VIDRO 320G,14751,320G,320.0,G,320.0,G,,Não,4,https://www.fortali.com.br/geleia-de-pimenta-homenade-vidro-320g-14751-1,2026-08-18 13:06:57,https://www.fortali.com.br/confeitaria?page=4,Pronto para comparar
Fortali Distribuidora,Confeitaria,GELÉIA DE MENTA COM HOTELÃ HOMEMADE POTE 320G,GELEIA DE MENTA COM HOTELA HOMEMADE POTE 320G,14752,320G,320.0,G,320.0,G,,Não,5,https://www.fortali.com.br/geleia-de-menta-com-hotela-homemade-pote-320g-14752-1,2026-08-18 13:06:57,https://www.fortali.com.br/confeitaria?page=5,Pronto para comparar
Fortali Distribuidora,Confeitaria,GELEIA ABACAXI C/HORTELA HOMEMADE 320G,GELEIA ABACAXI C HORTELA HOMEMADE 320G,14753,320G,320.0,G,320.0,G,,Não,16,https://www.fortali.com.br/geleia-abacaxi-chortela-homemade-320g-14753-1,2026-08-18 13:06:57,https://www.fortali.com.br/confeitaria?page=16,Pronto para comparar
Fortali Distribuidora,Confeitaria,GELÉIA DE MORANGO COM GOIABA HOMEMADE BLISTER CAIXA 144X15G,GELEIA DE MORANGO COM GOIABA HOMEMADE BLISTER CAIXA 144X15G,14754,15G,15.0,G,15.0,G,,Não,17,https://www.fortali.com.br/geleia-de-morango-com-goiaba-homemade-blister-caixa-144x15g-14754-1,2026-08-18 13:06:57,https://www.fortali.com.br/confeitaria?page=17,Pronto para comparar
Fortali Distribuidora,Confeitaria,GELÉIA DE MORANGO COM UVA HOMEMADE BLISTER CAIXA 144x15G,GELEIA DE MORANGO COM UVA HOMEMADE BLISTER CAIXA 144X15G,14755,15G,15.0,G,15.0,G,,Não,8,https://www.fortali.com.br/geleia-de-morango-com-uva-homemade-blister-caixa-144x15g-14755-1,2026-08-18 13:06:57,https://www.fortali.com.br/confeitaria?page=8,Pronto para comparar
Fortali Distribuidora,Confeitaria,GELÉIA DE MORANGO COM GOIABA BLISTER HOMEMADE CAIXA 144X10G,GELEIA DE MORANGO COM GOIABA BLISTER HOMEMADE CAIXA 144X10G,14756,10G,10.0,G,10.0,G,,Não,16,https://www.fortali.com.br/geleia-de-morango-com-goiaba-blister-homemade-caixa-144x10g-14756-1,2026-08-18 13:06:57,https://www.fortali.com.br/confeitaria?page=16,Pronto para comparar
Fortali Distribuidora,Confeitaria,LEITE COND ZERO ITALAC 395G,LEITE COND ZERO ITALAC 395G,14771,395G,395.0,G,395.0,G,,Não,8,https://www.fortali.com.br/leite-cond-zero-italac-395g-14771-1,2026-08-18 13:06:57,https://www.fortali.com.br/confeitaria?page=8,Pronto para comparar
Fortali Distribuidora,Confeitaria,CORTADOR INOX PETIT FOUR COROA,CORTADOR INOX PETIT FOUR COROA,14876,,,,,,,Não,46,https://www.fortali.com.br/cortador-inox-petit-four-coroa--14876-1,2026-08-18 13:06:57,https://www.fortali.com.br/confeitaria?page=46,Revisar embalagem
Fortali Distribuidora,Confeitaria,"CHOC AMARGO 811 CALLEBAUT 54,5% 400G","CHOC AMARGO 811 CALLEBAUT 54,5% 400G",14961,400G,400.0,G,400.0,G,,Não,11,https://www.fortali.com.br/choc-amargo-811-callebaut-54-5-400g-14961-1,2026-08-18 13:06:57,https://www.fortali.com.br/confeitaria?page=11,Pronto para comparar
Fortali Distribuidora,Confeitaria,"CHOC AMARGO 805 CALLEBAUT 50,7% 400G","CHOC AMARGO 805 CALLEBAUT 50,7% 400G",14963,400G,400.0,G,400.0,G,,Não,10,https://www.fortali.com.br/choc-amargo-805-callebaut-50-7-400g-14963-1,2026-08-18 13:06:57,https://www.fortali.com.br/confeitaria?page=10,Pronto para comparar
Fortali Distribuidora,Confeitaria,"CHOC AO LEITE 823 CALLEBAUT 33,6% 400G","CHOC AO LEITE 823 CALLEBAUT 33,6% 400G",14966,400G,400.0,G,400.0,G,,Não,20,https://www.fortali.com.br/choc-ao-leite-823-callebaut-33-6-400g-14966-1,2026-08-18 13:06:57,https://www.fortali.com.br/confeitaria?page=20,Pronto para comparar
Fortali Distribuidora,Confeitaria,"SOB LACTEA DE LEITE S PROVINCIA 1,5KG","SOB LACTEA DE LEITE S PROVINCIA 1,5KG",15020,"1,5KG",1.5,KG,1500.0,G,,Não,47,https://www.fortali.com.br/sob-lactea-de-leite-s-provincia-15kg-15020-1,2026-08-18 13:06:57,https://www.fortali.com.br/confeitaria?page=47,Pronto para comparar
Fortali Distribuidora,Confeitaria,ACUCAR CONF IMPALPAVEL  BIGMIX 1KG,ACUCAR CONF IMPALPAVEL BIGMIX 1KG,15058,1KG,1.0,KG,1000.0,G,,Não,6,https://www.fortali.com.br/acucar-conf-impalpavel-bigmix-1kg-15058-1,2026-08-18 13:06:57,https://www.fortali.com.br/confeitaria?page=6,Pronto para comparar
Fortali Distribuidora,Confeitaria,AROMA BAUNILHA BIGMIX 960ML,AROMA BAUNILHA BIGMIX 960ML,15063,960ML,960.0,ML,960.0,ML,,Não,47,https://www.fortali.com.br/aroma-baunilha-bigmix-960ml-15063-1,2026-08-18 13:06:57,https://www.fortali.com.br/confeitaria?page=47,Pronto para comparar
Fortali Distribuidora,Confeitaria,AROMA COCO BIGMIX 960ML,AROMA COCO BIGMIX 960ML,15064,960ML,960.0,ML,960.0,ML,,Não,47,https://www.fortali.com.br/aroma-coco-bigmix-960ml-15064-1,2026-08-18 13:06:57,https://www.fortali.com.br/confeitaria?page=47,Pronto para comparar
Fortali Distribuidora,Confeitaria,AROMA ABACAXI BIGMIX 960ML,AROMA ABACAXI BIGMIX 960ML,15065,960ML,960.0,ML,960.0,ML,,Não,47,https://www.fortali.com.br/aroma-abacaxi-bigmix-960ml-15065-1,2026-08-18 13:06:57,https://www.fortali.com.br/confeitaria?page=47,Pronto para comparar
Fortali Distribuidora,Confeitaria,AROMA MARACUJA AL BIGMIX 960ML,AROMA MARACUJA AL BIGMIX 960ML,15066,960ML,960.0,ML,960.0,ML,,Não,47,https://www.fortali.com.br/aroma-maracuja-al-bigmix-960ml-15066-1,2026-08-18 13:06:57,https://www.fortali.com.br/confeitaria?page=47,Pronto para comparar
Fortali Distribuidora,Confeitaria,AROMA MORANGO BIGMIX 960ML,AROMA MORANGO BIGMIX 960ML,15067,960ML,960.0,ML,960.0,ML,,Não,47,https://www.fortali.com.br/aroma-morango-bigmix-960ml-15067-1,2026-08-18 13:06:57,https://www.fortali.com.br/confeitaria?page=47,Pronto para comparar
Fortali Distribuidora,Confeitaria,"CHOC AMARGO 70,5% CACAU CALLEBAUT 400G","CHOC AMARGO 70,5% CACAU CALLEBAUT 400G",15124,400G,400.0,G,400.0,G,,Não,11,https://www.fortali.com.br/choc-amargo-705-cacau-callebaut-400g-15124-1,2026-08-18 13:06:57,https://www.fortali.com.br/confeitaria?page=11,Pronto para comparar
Fortali Distribuidora,Confeitaria,"CHOC EM PO CACAO 31,7% BARRY 1KG","CHOC EM PO CACAO 31,7% BARRY 1KG",15127,1KG,1.0,KG,1000.0,G,,Não,20,https://www.fortali.com.br/choc-em-po-cacao-31-7-barry-1kg-15127-1,2026-08-18 13:06:57,https://www.fortali.com.br/confeitaria?page=20,Pronto para comparar
Fortali Distribuidora,Confeitaria,CEREJAS COM TALO MARRASQUINO LATA 500G,CEREJAS COM TALO MARRASQUINO LATA 500G,15134,500G,500.0,G,500.0,G,,Não,6,https://www.fortali.com.br/cerejas-com-talo-marrasquino-lata-500g-15134-1,2026-08-18 13:06:57,https://www.fortali.com.br/confeitaria?page=6,Pronto para comparar
Fortali Distribuidora,Confeitaria,"RECH E COB CHOC LEITE BOM PRINCIPIO 1,01KG","RECH E COB CHOC LEITE BOM PRINCIPIO 1,01KG",15157,"1,01KG",1.01,KG,1010.0,G,,Não,21,https://www.fortali.com.br/rech-e-cob-choc-leite-bom-principio-1-01kg-15157-1,2026-08-18 13:06:57,https://www.fortali.com.br/confeitaria?page=21,Pronto para comparar
Fortali Distribuidora,Confeitaria,"RECH E COB CHOC MEIO AMARGO BOM PRINCIPIO 1,01KG","RECH E COB CHOC MEIO AMARGO BOM PRINCIPIO 1,01KG",15158,"1,01KG",1.01,KG,1010.0,G,,Não,21,https://www.fortali.com.br/rech-e-cob-choc-meio-amargo-bom-principio-1-01kg-15158-1,2026-08-18 13:06:57,https://www.fortali.com.br/confeitaria?page=21,Pronto para comparar
Fortali Distribuidora,Confeitaria,"RECH E COB CHOC AVELA BOM PRINCIPIO 1,01KG","RECH E COB CHOC AVELA BOM PRINCIPIO 1,01KG",15159,"1,01KG",1.01,KG,1010.0,G,,Não,21,https://www.fortali.com.br/rech-e-cob-choc-avela-bom-principio-1-01kg-15159-1,2026-08-18 13:06:57,https://www.fortali.com.br/confeitaria?page=21,Pronto para comparar
Fortali Distribuidora,Confeitaria,"RECH FORN CHOC BOM PRINCIPIO 1,01KG","RECH FORN CHOC BOM PRINCIPIO 1,01KG",15161,"1,01KG",1.01,KG,1010.0,G,,Não,21,https://www.fortali.com.br/rech-forn-choc-bom-principio-1-01kg-15161-1,2026-08-18 13:06:57,https://www.fortali.com.br/confeitaria?page=21,Pronto para comparar
Fortali Distribuidora,Confeitaria,"DOCE DE LEITE CONF SEM AMIDO BOM PRINCIPIO 1,01KG","DOCE DE LEITE CONF SEM AMIDO BOM PRINCIPIO 1,01KG",15162,"1,01KG",1.01,KG,1010.0,G,,Não,18,https://www.fortali.com.br/doce-de-leite-conf-sem-amido-bom-principio-1-01kg-15162-1,2026-08-18 13:06:57,https://www.fortali.com.br/confeitaria?page=18,Pronto para comparar
Fortali Distribuidora,Confeitaria,"RECH FORN MORANGO BOM PRINCIPIO 1,01KG","RECH FORN MORANGO BOM PRINCIPIO 1,01KG",15164,"1,01KG",1.01,KG,1010.0,G,,Não,21,https://www.fortali.com.br/rech-forn-morango-bom-principio-1-01kg-15164-1,2026-08-18 13:06:57,https://www.fortali.com.br/confeitaria?page=21,Pronto para comparar
Fortali Distribuidora,Confeitaria,"RECH FORN MARACUJA COM SEMENTE BOM PRINCIPIO 1,01KG","RECH FORN MARACUJA COM SEMENTE BOM PRINCIPIO 1,01KG",15165,"1,01KG",1.01,KG,1010.0,G,,Não,21,https://www.fortali.com.br/rech-forn-maracuja-com-semente-bom-principio-1-01kg-15165-1,2026-08-18 13:06:57,https://www.fortali.com.br/confeitaria?page=21,Pronto para comparar
Fortali Distribuidora,Confeitaria,"RECH FORN FRUTAS VERMELHAS BOM PRINCIPIO 1,01KG","RECH FORN FRUTAS VERMELHAS BOM PRINCIPIO 1,01KG",15167,"1,01KG",1.01,KG,1010.0,G,,Não,21,https://www.fortali.com.br/rech-forn-frutas-vermelhas-bom-principio-1-01kg-15167-1,2026-08-18 13:06:57,https://www.fortali.com.br/confeitaria?page=21,Pronto para comparar
Fortali Distribuidora,Confeitaria,"RECH FORN AMEIXA BOM PRINCIPIO 1,01KG","RECH FORN AMEIXA BOM PRINCIPIO 1,01KG",15168,"1,01KG",1.01,KG,1010.0,G,,Não,21,https://www.fortali.com.br/rech-forn-ameixa-bom-principio-1-01kg-15168-1,2026-08-18 13:06:57,https://www.fortali.com.br/confeitaria?page=21,Pronto para comparar
Fortali Distribuidora,Confeitaria,GELEIA DE ABACAXI C/PIMENTA BOM PRINCIPIO 250G,GELEIA DE ABACAXI C PIMENTA BOM PRINCIPIO 250G,15169,250G,250.0,G,250.0,G,,Não,21,https://www.fortali.com.br/geleia-de-abacaxi-c-pimenta-bom-principio-250g-15169-1,2026-08-18 13:06:57,https://www.fortali.com.br/confeitaria?page=21,Pronto para comparar
Fortali Distribuidora,Confeitaria,GELEIA DE MENTA E HORT BOM PRINCIPIO 250G,GELEIA DE MENTA E HORT BOM PRINCIPIO 250G,15170,250G,250.0,G,250.0,G,,Não,21,https://www.fortali.com.br/geleia-de-menta-e-hort-bom-principio-250g-15170-1,2026-08-18 13:06:57,https://www.fortali.com.br/confeitaria?page=21,Pronto para comparar
Fortali Distribuidora,Confeitaria,GELEIA PIMENTA VERMELHA BOM PRINCIPIO 250G,GELEIA PIMENTA VERMELHA BOM PRINCIPIO 250G,15171,250G,250.0,G,250.0,G,,Não,17,https://www.fortali.com.br/geleia-pimenta-vermelha-bom-principio-250g-15171-1,2026-08-18 13:06:57,https://www.fortali.com.br/confeitaria?page=17,Pronto para comparar
Fortali Distribuidora,Confeitaria,"RECH E COB CHOC BRANCO BOM PRINCIPIO 1,01KG","RECH E COB CHOC BRANCO BOM PRINCIPIO 1,01KG",15250,"1,01KG",1.01,KG,1010.0,G,,Não,21,https://www.fortali.com.br/rech-e-cob-choc-branco-bom-principio-1-01kg-15250-1,2026-08-18 13:06:57,https://www.fortali.com.br/confeitaria?page=21,Pronto para comparar
Fortali Distribuidora,Confeitaria,GOIABADA TAMBAÚ BARRA 7KG,GOIABADA TAMBAU BARRA 7KG,15297,7KG,7.0,KG,7000.0,G,,Não,6,https://www.fortali.com.br/goiabada-tambau-barra-7kg-15297-1,2026-08-18 13:06:57,https://www.fortali.com.br/confeitaria?page=6,Pronto para comparar
Fortali Distribuidora,Confeitaria,"RECH MORANGO CONF HARALD 1,05KG","RECH MORANGO CONF HARALD 1,05KG",15400,"1,05KG",1.05,KG,1050.0,G,,Não,47,https://www.fortali.com.br/rech-morango-conf-harald-105kg-15400-1,2026-08-18 13:06:57,https://www.fortali.com.br/confeitaria?page=47,Pronto para comparar
Fortali Distribuidora,Confeitaria,"RECH MARACUJA CONF HARALD 1,05KG","RECH MARACUJA CONF HARALD 1,05KG",15401,"1,05KG",1.05,KG,1050.0,G,,Não,47,https://www.fortali.com.br/rech-maracuja-conf-harald-105kg-15401-1,2026-08-18 13:06:57,https://www.fortali.com.br/confeitaria?page=47,Pronto para comparar
Fortali Distribuidora,Confeitaria,CONFEITO CHOC BRANCO VERMICELLI MELKEN HARALD 400G,CONFEITO CHOC BRANCO VERMICELLI MELKEN HARALD 400G,15412,400G,400.0,G,400.0,G,,Não,30,https://www.fortali.com.br/confeito-choc-branco-vermicelli-melken-harald-400g-15412-1,2026-08-18 13:06:57,https://www.fortali.com.br/confeitaria?page=30,Pronto para comparar
Fortali Distribuidora,Confeitaria,CONFEITO CHOC AO LEITE VERMICELLI MELKEN HARALD 400G,CONFEITO CHOC AO LEITE VERMICELLI MELKEN HARALD 400G,15413,400G,400.0,G,400.0,G,,Não,5,https://www.fortali.com.br/confeito-choc-ao-leite-vermicelli-melken-harald-400g-15413-1,2026-08-18 13:06:57,https://www.fortali.com.br/confeitaria?page=5,Pronto para comparar
Fortali Distribuidora,Confeitaria,GRANULE CHOC BRANCO MELKEN HARALD 400G,GRANULE CHOC BRANCO MELKEN HARALD 400G,15415,400G,400.0,G,400.0,G,,Não,4,https://www.fortali.com.br/granule-choc-branco-melken-harald-400g-15415-1,2026-08-18 13:06:57,https://www.fortali.com.br/confeitaria?page=4,Pronto para comparar
Fortali Distribuidora,Confeitaria,MELKEN GRANULE CHOC LEITE HARALD 400G,MELKEN GRANULE CHOC LEITE HARALD 400G,15416,400G,400.0,G,400.0,G,,Não,2,https://www.fortali.com.br/melken-granule-choc-leite-harald-400g-15416-1,2026-08-18 13:06:57,https://www.fortali.com.br/confeitaria?page=2,Pronto para comparar
Fortali Distribuidora,Confeitaria,COCADA MORENINHA BRANQUINHA 400 G,COCADA MORENINHA BRANQUINHA 400 G,15484,400G,400.0,G,400.0,G,,Não,47,https://www.fortali.com.br/cocada-moreninha-branquinha-400-g-15484-1,2026-08-18 13:06:57,https://www.fortali.com.br/confeitaria?page=47,Pronto para comparar
Fortali Distribuidora,Confeitaria,COCADA MORENINHA TRADICIONAL 400G,COCADA MORENINHA TRADICIONAL 400G,15486,400G,400.0,G,400.0,G,,Não,47,https://www.fortali.com.br/cocada-moreninha-tradicional-400g-15486-1,2026-08-18 13:06:57,https://www.fortali.com.br/confeitaria?page=47,Pronto para comparar
Fortali Distribuidora,Confeitaria,MERENGUE POWDER ARCOLOR 150G,MERENGUE POWDER ARCOLOR 150G,15600,150G,150.0,G,150.0,G,,Não,17,https://www.fortali.com.br/merengue-powder-arcolor-150g-15600-1,2026-08-18 13:06:57,https://www.fortali.com.br/confeitaria?page=17,Pronto para comparar
Fortali Distribuidora,Confeitaria,BICO BABADOS 402-340 WILTON,BICO BABADOS 402 340 WILTON,15606,,,,,,,Não,47,https://www.fortali.com.br/bico-babados-402340-wilton-15606-1,2026-08-18 13:06:57,https://www.fortali.com.br/confeitaria?page=47,Revisar embalagem
Fortali Distribuidora,Confeitaria,BICO FOLHA 402-66 WILTON,BICO FOLHA 402 66 WILTON,15608,,,,,,,Não,47,https://www.fortali.com.br/bico-folha-40266-wilton-15608-1,2026-08-18 13:06:57,https://www.fortali.com.br/confeitaria?page=47,Revisar embalagem
Fortali Distribuidora,Confeitaria,BICO BABADOS 402-86 WILTON,BICO BABADOS 402 86 WILTON,15610,,,,,,,Não,47,https://www.fortali.com.br/bico-babados-40286-wilton-15610-1,2026-08-18 13:06:57,https://www.fortali.com.br/confeitaria?page=47,Revisar embalagem
Fortali Distribuidora,Confeitaria,BICO BABADOS 402-86 WILTON,BICO BABADOS 402 86 WILTON,15611,,,,,,,Não,47,https://www.fortali.com.br/bico-babados-40286-wilton-15611-1,2026-08-18 13:06:57,https://www.fortali.com.br/confeitaria?page=47,Revisar embalagem
Fortali Distribuidora,Confeitaria,BETTERCREME BAUNILHA 907G,BETTERCREME BAUNILHA 907G,15648,907G,907.0,G,907.0,G,,Não,47,https://www.fortali.com.br/bettercreme-baunilha-907g-15648-1,2026-08-18 13:06:57,https://www.fortali.com.br/confeitaria?page=47,Pronto para comparar
Fortali Distribuidora,Confeitaria,CHANTILLY TOPPING NIAGARA FARMS 907G,CHANTILLY TOPPING NIAGARA FARMS 907G,15649,907G,907.0,G,907.0,G,,Não,47,https://www.fortali.com.br/chantilly-topping-niagara-farms-907g-15649-1,2026-08-18 13:06:57,https://www.fortali.com.br/confeitaria?page=47,Pronto para comparar
Fortali Distribuidora,Confeitaria,COCADA MORENINHA BRAN/TRAD 400G,COCADA MORENINHA BRAN TRAD 400G,15676,400G,400.0,G,400.0,G,,Não,47,https://www.fortali.com.br/cocada-moreninha-bran-trad-400g-15676-1,2026-08-18 13:06:57,https://www.fortali.com.br/confeitaria?page=47,Pronto para comparar
Fortali Distribuidora,Confeitaria,COR SOFTGEL AMAR CANDY COLOR 25G,COR SOFTGEL AMAR CANDY COLOR 25G,15679,25G,25.0,G,25.0,G,,Não,47,https://www.fortali.com.br/cor-softgel-amar-candy-color-25g-15679-1,2026-08-18 13:06:57,https://www.fortali.com.br/confeitaria?page=47,Pronto para comparar
Fortali Distribuidora,Confeitaria,COR SOFTGEL LILAS CANDY COLOR 25G,COR SOFTGEL LILAS CANDY COLOR 25G,15680,25G,25.0,G,25.0,G,,Não,47,https://www.fortali.com.br/cor-softgel-lilas-candy-color-25g-15680-1,2026-08-18 13:06:57,https://www.fortali.com.br/confeitaria?page=47,Pronto para comparar
Fortali Distribuidora,Confeitaria,COR SOFTGEL VDE CANDY COLOR 25G,COR SOFTGEL VDE CANDY COLOR 25G,15681,25G,25.0,G,25.0,G,,Não,47,https://www.fortali.com.br/cor-softgel-vde-candy-color-25g-15681-1,2026-08-18 13:06:57,https://www.fortali.com.br/confeitaria?page=47,Pronto para comparar
Fortali Distribuidora,Confeitaria,COR SOFTGEL AZ BEBE 25G,COR SOFTGEL AZ BEBE 25G,15682,25G,25.0,G,25.0,G,,Não,47,https://www.fortali.com.br/cor-softgel-az-bebe-25g-15682-1,2026-08-18 13:06:57,https://www.fortali.com.br/confeitaria?page=47,Pronto para comparar
Fortali Distribuidora,Confeitaria,COR SOFTGEL ROSA BEBE 25G,COR SOFTGEL ROSA BEBE 25G,15683,25G,25.0,G,25.0,G,,Não,47,https://www.fortali.com.br/cor-softgel-rosa-bebe-25g-15683-1,2026-08-18 13:06:57,https://www.fortali.com.br/confeitaria?page=47,Pronto para comparar
Fortali Distribuidora,Confeitaria,GLACÊ REAL DUAS RODAS 1KG,GLACE REAL DUAS RODAS 1KG,15684,1KG,1.0,KG,1000.0,G,,Não,47,https://www.fortali.com.br/glace-real-duas-rodas-1kg-15684-1,2026-08-18 13:06:57,https://www.fortali.com.br/confeitaria?page=47,Pronto para comparar
Fortali Distribuidora,Confeitaria,COBERTURA PREMIUM DE CHOCOLATE BRANCO MAVALERIO BARRA 1.01KG,COBERTURA PREMIUM DE CHOCOLATE BRANCO MAVALERIO BARRA 1.01KG,15694,1.01KG,1.01,KG,1010.0,G,,Não,47,https://www.fortali.com.br/cobertura-premium-de-chocolate-branco-mavalerio-barra-101kg-15694-1,2026-08-18 13:06:57,https://www.fortali.com.br/confeitaria?page=47,Pronto para comparar
Fortali Distribuidora,Confeitaria,"COBERTURA PREMIUM DE CHOCOLATE AO LEITE MAVALERIO 1,01KG","COBERTURA PREMIUM DE CHOCOLATE AO LEITE MAVALERIO 1,01KG",15695,"1,01KG",1.01,KG,1010.0,G,,Não,48,https://www.fortali.com.br/cobertura-premium-de-chocolate-ao-leite-mavalerio-101kg-15695-1,2026-08-18 13:06:57,https://www.fortali.com.br/confeitaria?page=48,Pronto para comparar
Fortali Distribuidora,Confeitaria,COBERTURA PREMIUM MEIO AMARGO MAVALERIO BARRA 1.01KG,COBERTURA PREMIUM MEIO AMARGO MAVALERIO BARRA 1.01KG,15696,1.01KG,1.01,KG,1010.0,G,,Não,11,https://www.fortali.com.br/cobertura-premium-meio-amargo-mavalerio-barra-101kg-15696-1,2026-08-18 13:06:57,https://www.fortali.com.br/confeitaria?page=11,Pronto para comparar
Fortali Distribuidora,Confeitaria,COBERTURA PREMIUM BLEND MAVALERIO BARRA 1.01KG,COBERTURA PREMIUM BLEND MAVALERIO BARRA 1.01KG,15697,1.01KG,1.01,KG,1010.0,G,,Não,21,https://www.fortali.com.br/cobertura-premium-blend-mavalerio-barra-101kg-15697-1,2026-08-18 13:06:57,https://www.fortali.com.br/confeitaria?page=21,Pronto para comparar
Fortali Distribuidora,Confeitaria,BALA BRAZILIAN COFFE FLORESTAL 40G,BALA BRAZILIAN COFFE FLORESTAL 40G,15705,40G,40.0,G,40.0,G,,Não,48,https://www.fortali.com.br/bala-brazilian-coffe-florestal-40g-15705-1,2026-08-18 13:06:57,https://www.fortali.com.br/confeitaria?page=48,Pronto para comparar
Fortali Distribuidora,Confeitaria,GANACHE DE CHOCOLATE BRANCO VABENE BALDE 4KG,GANACHE DE CHOCOLATE BRANCO VABENE BALDE 4KG,15792,4KG,4.0,KG,4000.0,G,,Não,10,https://www.fortali.com.br/ganache-de-chocolate-branco-vabene-balde-4kg-15792-1,2026-08-18 13:06:57,https://www.fortali.com.br/confeitaria?page=10,Pronto para comparar
Fortali Distribuidora,Confeitaria,GANACHE CHOCOLATE AO LEITE VABENE 4KG,GANACHE CHOCOLATE AO LEITE VABENE 4KG,15793,4KG,4.0,KG,4000.0,G,,Não,21,https://www.fortali.com.br/ganache-chocolate-ao-leite-vabene-4kg-15793-1,2026-08-18 13:06:57,https://www.fortali.com.br/confeitaria?page=21,Pronto para comparar
Fortali Distribuidora,Confeitaria,CHOC RECH C/CARAM SNICKERS BARRA 45G,CHOC RECH C CARAM SNICKERS BARRA 45G,15802,45G,45.0,G,45.0,G,,Não,48,https://www.fortali.com.br/choc-rech-ccaram-snickers-barra-45g-15802-1,2026-08-18 13:06:57,https://www.fortali.com.br/confeitaria?page=48,Pronto para comparar
Fortali Distribuidora,Confeitaria,"CHOCOLATE KITKAT AO LEITE TABLETE 41,5G","CHOCOLATE KITKAT AO LEITE TABLETE 41,5G",15810,"41,5G",41.5,G,41.5,G,,Não,2,https://www.fortali.com.br/chocolate-kitkat-ao-leite-tablete-415g-15810-1,2026-08-18 13:06:57,https://www.fortali.com.br/confeitaria?page=2,Pronto para comparar
Fortali Distribuidora,Confeitaria,"CHOCOLATE KITKAT 4 FINGERS DARK 41,5G","CHOCOLATE KITKAT 4 FINGERS DARK 41,5G",15811,"41,5G",41.5,G,41.5,G,,Não,10,https://www.fortali.com.br/chocolate-kitkat-4-fingers-dark-415g-15811-1,2026-08-18 13:06:57,https://www.fortali.com.br/confeitaria?page=10,Pronto para comparar
Fortali Distribuidora,Confeitaria,"CHOCOLATE KITKAT 4 FINGERS BRANCO 41,5G","CHOCOLATE KITKAT 4 FINGERS BRANCO 41,5G",15812,"41,5G",41.5,G,41.5,G,,Não,4,https://www.fortali.com.br/chocolate-kitkat-4-fingers-branco-415g-15812-1,2026-08-18 13:06:57,https://www.fortali.com.br/confeitaria?page=4,Pronto para comparar
Fortali Distribuidora,Confeitaria,FORMA P/TORTA CRESPA REBAIX 7CM CAPARROZ,FORMA P TORTA CRESPA REBAIX 7CM CAPARROZ,15840,,,,,,,Não,48,https://www.fortali.com.br/forma-ptorta-crespa-rebaix-7cm-caparroz-15840-1,2026-08-18 13:06:57,https://www.fortali.com.br/confeitaria?page=48,Revisar embalagem
Fortali Distribuidora,Confeitaria,FORMA ALUM ESPIRAL  23X10 CAPARROZ,FORMA ALUM ESPIRAL 23X10 CAPARROZ,15841,,,,,,,Não,48,https://www.fortali.com.br/forma-alum-espiral--23x10-caparroz-15841-1,2026-08-18 13:06:57,https://www.fortali.com.br/confeitaria?page=48,Revisar embalagem
Fortali Distribuidora,Confeitaria,ACUCAR GELADO PARA DOCES MAVALERIO PACOTE 500G,ACUCAR GELADO PARA DOCES MAVALERIO PACOTE 500G,15862,500G,500.0,G,500.0,G,,Não,31,https://www.fortali.com.br/acucar-gelado-para-doces-mavalerio-pacote-500g-15862-1,2026-08-18 13:06:57,https://www.fortali.com.br/confeitaria?page=31,Pronto para comparar
Fortali Distribuidora,Confeitaria,"GRANULADO MACIO CHOCOLATE DONA JURA 1,005KG","GRANULADO MACIO CHOCOLATE DONA JURA 1,005KG",15907,"1,005KG",1.005,KG,1005.0,G,,Não,30,https://www.fortali.com.br/granulado-macio-chocolate-dona-jura-1005kg-15907-1,2026-08-18 13:06:57,https://www.fortali.com.br/confeitaria?page=30,Pronto para comparar
Fortali Distribuidora,Confeitaria,GRANULADO MACIO CHOC CACAU FOODS 500G,GRANULADO MACIO CHOC CACAU FOODS 500G,15908,500G,500.0,G,500.0,G,,Não,13,https://www.fortali.com.br/granulado-macio-choc-cacau-foods-500g-15908-1,2026-08-18 13:06:57,https://www.fortali.com.br/confeitaria?page=13,Pronto para comparar
Fortali Distribuidora,Confeitaria,MICRO CEREAL DE CHOCOLATE BRANCO COM PRETO CACAU FOODS PACOT...,MICRO CEREAL DE CHOCOLATE BRANCO COM PRETO CACAU FOODS PACOT...,15909,,,,,,,Não,8,https://www.fortali.com.br/micro-cereal-de-chocolate-branco-com-preto-cacau-foods-pacote-500g-15909-1,2026-08-18 13:06:57,https://www.fortali.com.br/confeitaria?page=8,Revisar embalagem
Fortali Distribuidora,Confeitaria,BIG CEREAL CROC MESCLADO DECORA DE 500G,BIG CEREAL CROC MESCLADO DECORA DE 500G,15910,500G,500.0,G,500.0,G,,Não,21,https://www.fortali.com.br/big-cereal-croc-mesclado-decora-de-500g-15910-1,2026-08-18 13:06:57,https://www.fortali.com.br/confeitaria?page=21,Pronto para comparar
Fortali Distribuidora,Confeitaria,GRANUL FLOCOS MACIOS CHOC DONA JURA 500G,GRANUL FLOCOS MACIOS CHOC DONA JURA 500G,15911,500G,500.0,G,500.0,G,,Não,30,https://www.fortali.com.br/granul-flocos-macios-choc-dona-jura-500g-15911-1,2026-08-18 13:06:57,https://www.fortali.com.br/confeitaria?page=30,Pronto para comparar
Fortali Distribuidora,Confeitaria,CACAU EM PO 100% SICAO 500G,CACAU EM PO 100% SICAO 500G,15949,500G,500.0,G,500.0,G,,Não,48,https://www.fortali.com.br/cacau-em-po-100-sicao-500g-15949-1,2026-08-18 13:06:57,https://www.fortali.com.br/confeitaria?page=48,Pronto para comparar
Fortali Distribuidora,Confeitaria,"CHOC EM PO 50% SICAO PCT 1,01KG","CHOC EM PO 50% SICAO PCT 1,01KG",15950,"1,01KG",1.01,KG,1010.0,G,,Não,1,https://www.fortali.com.br/choc-em-po-50-sicao-pct-1-01kg-15950-1,2026-08-18 13:06:57,https://www.fortali.com.br/confeitaria?page=1,Pronto para comparar
Fortali Distribuidora,Confeitaria,BOLO EPS 450 X 150 MM TOP,BOLO EPS 450 X 150 MM TOP,15977,,,,,,,Não,48,https://www.fortali.com.br/bolo-eps-450-x-150-mm-top-15977-1,2026-08-18 13:06:57,https://www.fortali.com.br/confeitaria?page=48,Revisar embalagem
Fortali Distribuidora,Confeitaria,"BRIGADEIRO P/ENROLAR MOCA NESTLE 2,57KG","BRIGADEIRO P ENROLAR MOCA NESTLE 2,57KG",15978,"2,57KG",2.57,KG,2570.0,G,,Não,48,https://www.fortali.com.br/brigadeiro-penrolar-moca-nestle-257kg--15978-1,2026-08-18 13:06:57,https://www.fortali.com.br/confeitaria?page=48,Pronto para comparar
Fortali Distribuidora,Confeitaria,"BEIJINHO P/ ENROLAR MOCA NESTLE 2,4KG","BEIJINHO P ENROLAR MOCA NESTLE 2,4KG",15979,"2,4KG",2.4,KG,2400.0,G,,Não,48,https://www.fortali.com.br/beijinho-p-enrolar-moca-nestle-2-4kg-15979-1,2026-08-18 13:06:57,https://www.fortali.com.br/confeitaria?page=48,Pronto para comparar
Fortali Distribuidora,Confeitaria,"LEITE COND INTEGRAL MOCA LATA 2,6KG","LEITE COND INTEGRAL MOCA LATA 2,6KG",1625,"2,6KG",2.6,KG,2600.0,G,,Não,48,https://www.fortali.com.br/leite-cond-integral-moca-lata-2-6kg-1625-1,2026-08-18 13:06:57,https://www.fortali.com.br/confeitaria?page=48,Pronto para comparar
Fortali Distribuidora,Confeitaria,"CREME DE GOIABA TAMBAU 2,5KG","CREME DE GOIABA TAMBAU 2,5KG",16258,"2,5KG",2.5,KG,2500.0,G,,Não,4,https://www.fortali.com.br/creme-de-goiaba-tambau-2-5kg-16258-1,2026-08-18 13:06:57,https://www.fortali.com.br/confeitaria?page=4,Pronto para comparar
Fortali Distribuidora,Confeitaria,PLACA DE TEXTURA MATELASSE BWB,PLACA DE TEXTURA MATELASSE BWB,16279,,,,,,,Não,48,https://www.fortali.com.br/placa-de-textura-matelasse-bwb-16279-1,2026-08-18 13:06:57,https://www.fortali.com.br/confeitaria?page=48,Revisar embalagem
Fortali Distribuidora,Confeitaria,PLACA DE TEXTURA CORACAO BWB,PLACA DE TEXTURA CORACAO BWB,16280,,,,,,,Não,48,https://www.fortali.com.br/placa-de-textura-coracao-bwb-16280-1,2026-08-18 13:06:57,https://www.fortali.com.br/confeitaria?page=48,Revisar embalagem
Fortali Distribuidora,Confeitaria,PLACA DE TEXTURA ONDAS BWB,PLACA DE TEXTURA ONDAS BWB,16281,,,,,,,Não,48,https://www.fortali.com.br/placa-de-textura-ondas-bwb-16281-1,2026-08-18 13:06:57,https://www.fortali.com.br/confeitaria?page=48,Revisar embalagem
Fortali Distribuidora,Confeitaria,PLACA DE TEXTURA PLUMAS BWB,PLACA DE TEXTURA PLUMAS BWB,16282,,,,,,,Não,48,https://www.fortali.com.br/placa-de-textura-plumas-bwb-16282-1,2026-08-18 13:06:57,https://www.fortali.com.br/confeitaria?page=48,Revisar embalagem
Fortali Distribuidora,Confeitaria,PLACA DE TEXTURA GOUGE BWB,PLACA DE TEXTURA GOUGE BWB,16283,,,,,,,Não,48,https://www.fortali.com.br/placa-de-textura-gouge-bwb-16283-1,2026-08-18 13:06:57,https://www.fortali.com.br/confeitaria?page=48,Revisar embalagem
Fortali Distribuidora,Confeitaria,FLOR SEDA GRANDE AMARELO EB PCT 30UN,FLOR SEDA GRANDE AMARELO EB PCT 30UN,16331,,,,,,,Não,48,https://www.fortali.com.br/flor-seda-grande-amarelo-eb-pct-30un-16331-1,2026-08-18 13:06:57,https://www.fortali.com.br/confeitaria?page=48,Revisar embalagem
Fortali Distribuidora,Confeitaria,FLOR SEDA GRANDE BCO PCT 30UN,FLOR SEDA GRANDE BCO PCT 30UN,16333,,,,,,,Não,48,https://www.fortali.com.br/flor-seda-grande-bco-pct-30un-16333-1,2026-08-18 13:06:57,https://www.fortali.com.br/confeitaria?page=48,Revisar embalagem
Fortali Distribuidora,Confeitaria,FORMA CORACAO MARRON MCU 300G,FORMA CORACAO MARRON MCU 300G,16411,300G,300.0,G,300.0,G,,Não,48,https://www.fortali.com.br/forma-coracao-marron-mcu-300g-16411-1,2026-08-18 13:06:57,https://www.fortali.com.br/confeitaria?page=48,Pronto para comparar
Fortali Distribuidora,Confeitaria,CHOCOLATE M E M AO LEITE 45G,CHOCOLATE M E M AO LEITE 45G,16447,45G,45.0,G,45.0,G,,Não,48,https://www.fortali.com.br/chocolate-m-e-m-ao-leite-45g-16447-1,2026-08-18 13:06:57,https://www.fortali.com.br/confeitaria?page=48,Pronto para comparar
Fortali Distribuidora,Confeitaria,GELATINA S/ SABOR ROYAL INC 24G PADRAO,GELATINA S SABOR ROYAL INC 24G PADRAO,16469,24G,24.0,G,24.0,G,,Não,48,https://www.fortali.com.br/gelatina-s-sabor-royal-inc-24g-padrao-16469-1,2026-08-18 13:06:57,https://www.fortali.com.br/confeitaria?page=48,Pronto para comparar
Fortali Distribuidora,Confeitaria,PUDIM ROYAL CHOC 50G,PUDIM ROYAL CHOC 50G,16470,50G,50.0,G,50.0,G,,Não,48,https://www.fortali.com.br/pudim-royal-choc-50g-16470-1,2026-08-18 13:06:57,https://www.fortali.com.br/confeitaria?page=48,Pronto para comparar
Fortali Distribuidora,Confeitaria,GELATINA ROYAL MORANGO 15X25G,GELATINA ROYAL MORANGO 15X25G,16473,25G,25.0,G,25.0,G,,Não,48,https://www.fortali.com.br/gelatina-royal-morango-15x25g-16473-1,2026-08-18 13:06:57,https://www.fortali.com.br/confeitaria?page=48,Pronto para comparar
Fortali Distribuidora,Confeitaria,CHOCO BIS XTRA AO LEITE 45G,CHOCO BIS XTRA AO LEITE 45G,16474,45G,45.0,G,45.0,G,,Não,48,https://www.fortali.com.br/choco-bis-xtra-ao-leite-45g-16474-1,2026-08-18 13:06:57,https://www.fortali.com.br/confeitaria?page=48,Pronto para comparar
Fortali Distribuidora,Confeitaria,"CHOC BIS BLACK 100,8G","CHOC BIS BLACK 100,8G",16478,"100,8G",100.8,G,100.8,G,,Não,48,https://www.fortali.com.br/choc-bis-black-1008g-16478-1,2026-08-18 13:06:57,https://www.fortali.com.br/confeitaria?page=48,Pronto para comparar
Fortali Distribuidora,Confeitaria,AÇÚCAR CONFIMPAL SNOWSUGAR MAVALÉRIO 1KG,ACUCAR CONFIMPAL SNOWSUGAR MAVALERIO 1KG,16502,1KG,1.0,KG,1000.0,G,,Não,7,https://www.fortali.com.br/acucar-confimpal-snowsugar-mavalerio-1kg-16502-1,2026-08-18 13:06:57,https://www.fortali.com.br/confeitaria?page=7,Pronto para comparar
Fortali Distribuidora,Confeitaria,FORM PAPEL P/DOC MARROM N4 BAX PCT 100UN,FORM PAPEL P DOC MARROM N4 BAX PCT 100UN,16657,,,,,,,Não,49,https://www.fortali.com.br/form-papel-pdoc-marrom-n4-bax-pct-100un-16657-1,2026-08-18 13:06:57,https://www.fortali.com.br/confeitaria?page=49,Revisar embalagem
Fortali Distribuidora,Confeitaria,CALICE DE CHOC MEIO AMARGO 320G 60UND,CALICE DE CHOC MEIO AMARGO 320G 60UND,16722,320G,320.0,G,320.0,G,,Não,49,https://www.fortali.com.br/calice-de-choc-meio-amargo-320g-60und-16722-1,2026-08-18 13:06:57,https://www.fortali.com.br/confeitaria?page=49,Pronto para comparar
Fortali Distribuidora,Confeitaria,FLOCOS MACIOS CHOC BCO DONA JURA 500G,FLOCOS MACIOS CHOC BCO DONA JURA 500G,16724,500G,500.0,G,500.0,G,,Não,8,https://www.fortali.com.br/flocos-macios-choc-bco-dona-jura-500g-16724-1,2026-08-18 13:06:57,https://www.fortali.com.br/confeitaria?page=8,Pronto para comparar
Fortali Distribuidora,Confeitaria,GLITTERS P/DECOR GLOW AMAR 5G,GLITTERS P DECOR GLOW AMAR 5G,16732,5G,5.0,G,5.0,G,,Não,49,https://www.fortali.com.br/glitters-pdecor-glow-amar-5g--16732-1,2026-08-18 13:06:57,https://www.fortali.com.br/confeitaria?page=49,Pronto para comparar
Fortali Distribuidora,Confeitaria,GLITTERS P/DECOR GLOW AZUL CLARO 5G,GLITTERS P DECOR GLOW AZUL CLARO 5G,16733,5G,5.0,G,5.0,G,,Não,49,https://www.fortali.com.br/glitters-pdecor-glow-azul-claro-5g--16733-1,2026-08-18 13:06:57,https://www.fortali.com.br/confeitaria?page=49,Pronto para comparar
Fortali Distribuidora,Confeitaria,GLITTERS P/DECOR GLOW AZUL ESCURO 5G,GLITTERS P DECOR GLOW AZUL ESCURO 5G,16734,5G,5.0,G,5.0,G,,Não,49,https://www.fortali.com.br/glitters-pdecor-glow-azul-escuro-5g--16734-1,2026-08-18 13:06:57,https://www.fortali.com.br/confeitaria?page=49,Pronto para comparar
Fortali Distribuidora,Confeitaria,GLITTERS P/DECOR GLOW BRONZE 5G,GLITTERS P DECOR GLOW BRONZE 5G,16735,5G,5.0,G,5.0,G,,Não,49,https://www.fortali.com.br/glitters-pdecor-glow-bronze-5g--16735-1,2026-08-18 13:06:57,https://www.fortali.com.br/confeitaria?page=49,Pronto para comparar
Fortali Distribuidora,Confeitaria,GLITTERS P/DECOR GLOW CHAMPANGNE 5G,GLITTERS P DECOR GLOW CHAMPANGNE 5G,16736,5G,5.0,G,5.0,G,,Não,49,https://www.fortali.com.br/glitters-pdecor-glow-champangne-5g--16736-1,2026-08-18 13:06:57,https://www.fortali.com.br/confeitaria?page=49,Pronto para comparar
Fortali Distribuidora,Confeitaria,GLITTERS P/DECOR GLOW CRIST 5G,GLITTERS P DECOR GLOW CRIST 5G,16737,5G,5.0,G,5.0,G,,Não,49,https://www.fortali.com.br/glitters-pdecor-glow-crist-5g--16737-1,2026-08-18 13:06:57,https://www.fortali.com.br/confeitaria?page=49,Pronto para comparar
Fortali Distribuidora,Confeitaria,GLITTERS P/DECOR GLOW LARANJA 5G,GLITTERS P DECOR GLOW LARANJA 5G,16738,5G,5.0,G,5.0,G,,Não,49,https://www.fortali.com.br/glitters-pdecor-glow-laranja-5g--16738-1,2026-08-18 13:06:57,https://www.fortali.com.br/confeitaria?page=49,Pronto para comparar
Fortali Distribuidora,Confeitaria,GLITTERS P/DECOR GLOW LILAS 5G,GLITTERS P DECOR GLOW LILAS 5G,16739,5G,5.0,G,5.0,G,,Não,49,https://www.fortali.com.br/glitters-pdecor-glow-lilas-5g--16739-1,2026-08-18 13:06:57,https://www.fortali.com.br/confeitaria?page=49,Pronto para comparar
Fortali Distribuidora,Confeitaria,GLITTERS P/DECOR GLOW OURO 5G,GLITTERS P DECOR GLOW OURO 5G,16740,5G,5.0,G,5.0,G,,Não,49,https://www.fortali.com.br/glitters-pdecor-glow-ouro-5g--16740-1,2026-08-18 13:06:57,https://www.fortali.com.br/confeitaria?page=49,Pronto para comparar
Fortali Distribuidora,Confeitaria,GLITTERS P/DECOR GLOW OURO CLARO 5G,GLITTERS P DECOR GLOW OURO CLARO 5G,16741,5G,5.0,G,5.0,G,,Não,49,https://www.fortali.com.br/glitters-pdecor-glow-ouro-claro-5g--16741-1,2026-08-18 13:06:57,https://www.fortali.com.br/confeitaria?page=49,Pronto para comparar
Fortali Distribuidora,Confeitaria,GLITTERS P/DECOR GLOW PEROLADO 5G,GLITTERS P DECOR GLOW PEROLADO 5G,16742,5G,5.0,G,5.0,G,,Não,49,https://www.fortali.com.br/glitters-pdecor-glow-perolado-5g--16742-1,2026-08-18 13:06:57,https://www.fortali.com.br/confeitaria?page=49,Pronto para comparar
Fortali Distribuidora,Confeitaria,GLITTERS P/DECOR GLOW PINK 5G,GLITTERS P DECOR GLOW PINK 5G,16743,5G,5.0,G,5.0,G,,Não,49,https://www.fortali.com.br/glitters-pdecor-glow-pink-5g--16743-1,2026-08-18 13:06:57,https://www.fortali.com.br/confeitaria?page=49,Pronto para comparar
Fortali Distribuidora,Confeitaria,GLITTERS P/DECOR GLOW PTO 5G,GLITTERS P DECOR GLOW PTO 5G,16744,5G,5.0,G,5.0,G,,Não,49,https://www.fortali.com.br/glitters-pdecor-glow-pto-5g--16744-1,2026-08-18 13:06:57,https://www.fortali.com.br/confeitaria?page=49,Pronto para comparar
Fortali Distribuidora,Confeitaria,GLITTERS P/DECOR GLOW ROSA CLARO 5G,GLITTERS P DECOR GLOW ROSA CLARO 5G,16745,5G,5.0,G,5.0,G,,Não,49,https://www.fortali.com.br/glitters-pdecor-glow-rosa-claro-5g--16745-1,2026-08-18 13:06:57,https://www.fortali.com.br/confeitaria?page=49,Pronto para comparar
Fortali Distribuidora,Confeitaria,GLITTERS P/DECOR GLOW VDE BANDEIRA 5G,GLITTERS P DECOR GLOW VDE BANDEIRA 5G,16746,5G,5.0,G,5.0,G,,Não,49,https://www.fortali.com.br/glitters-pdecor-glow-vde-bandeira-5g--16746-1,2026-08-18 13:06:57,https://www.fortali.com.br/confeitaria?page=49,Pronto para comparar
Fortali Distribuidora,Confeitaria,GLITTERS P/DECOR GLOW VERM 5G,GLITTERS P DECOR GLOW VERM 5G,16747,5G,5.0,G,5.0,G,,Não,49,https://www.fortali.com.br/glitters-pdecor-glow-verm-5g--16747-1,2026-08-18 13:06:57,https://www.fortali.com.br/confeitaria?page=49,Pronto para comparar
Fortali Distribuidora,Confeitaria,FORMA ESPECIAL TRAD BARRA CHOC BWB,FORMA ESPECIAL TRAD BARRA CHOC BWB,16748,,,,,,,Não,49,https://www.fortali.com.br/forma-especial-trad-barra-choc-bwb-16748-1,2026-08-18 13:06:57,https://www.fortali.com.br/confeitaria?page=49,Revisar embalagem
Fortali Distribuidora,Confeitaria,FORMA ESPECIAL TRAD TLABLET BARRA BWB,FORMA ESPECIAL TRAD TLABLET BARRA BWB,16749,,,,,,,Não,49,https://www.fortali.com.br/forma-especial-trad-tlablet-barra-bwb-16749-1,2026-08-18 13:06:57,https://www.fortali.com.br/confeitaria?page=49,Revisar embalagem
Fortali Distribuidora,Confeitaria,FORMA ESP TRAD PAO DE MEL C/LACO BWB,FORMA ESP TRAD PAO DE MEL C LACO BWB,16750,,,,,,,Não,49,https://www.fortali.com.br/forma-esp-trad-pao-de-mel-claco-bwb-16750-1,2026-08-18 13:06:57,https://www.fortali.com.br/confeitaria?page=49,Revisar embalagem
Fortali Distribuidora,Confeitaria,MARCADOR DE PEDRA CAKHE STAR,MARCADOR DE PEDRA CAKHE STAR,16936,,,,,,,Não,49,https://www.fortali.com.br/marcador-de-pedra-cakhe-star-16936-1,2026-08-18 13:06:57,https://www.fortali.com.br/confeitaria?page=49,Revisar embalagem
Fortali Distribuidora,Confeitaria,CORT GEOMETRICO QUEBRA-CABECA CAKHE STAR,CORT GEOMETRICO QUEBRA CABECA CAKHE STAR,16953,,,,,,,Não,49,https://www.fortali.com.br/cort-geometrico-quebracabeca-cakhe-star-16953-1,2026-08-18 13:06:57,https://www.fortali.com.br/confeitaria?page=49,Revisar embalagem
Fortali Distribuidora,Confeitaria,KIT EJETOR MYOSOTIS CAKHE STAR CAKHE STAR,KIT EJETOR MYOSOTIS CAKHE STAR CAKHE STAR,16956,,,,,,,Não,49,https://www.fortali.com.br/kit-ejetor-myosotis-cakhe-star-cakhe-star-16956-1,2026-08-18 13:06:57,https://www.fortali.com.br/confeitaria?page=49,Revisar embalagem
Fortali Distribuidora,Confeitaria,ESPATULA DECOR AÇO P/BOLO NP CORT,ESPATULA DECOR ACO P BOLO NP CORT,16992,,,,,,,Não,50,https://www.fortali.com.br/espatula-decor-aco-pbolo-np-cort-16992-1,2026-08-18 13:06:57,https://www.fortali.com.br/confeitaria?page=50,Revisar embalagem
Fortali Distribuidora,Confeitaria,ESTENCIL PLAST P/CONFEIT PRIME CHEF,ESTENCIL PLAST P CONFEIT PRIME CHEF,17084,,,,,,,Não,50,https://www.fortali.com.br/estencil-plast-pconfeit-prime-chef-17084-1,2026-08-18 13:06:57,https://www.fortali.com.br/confeitaria?page=50,Revisar embalagem
Fortali Distribuidora,Confeitaria,LEITE COND SEMI DESN MOCA TP 395G,LEITE COND SEMI DESN MOCA TP 395G,1711,395G,395.0,G,395.0,G,,Não,2,https://www.fortali.com.br/leite-cond-semi-desn-moca-tp-395g-1711-1,2026-08-18 13:06:57,https://www.fortali.com.br/confeitaria?page=2,Pronto para comparar
Fortali Distribuidora,Confeitaria,CHOCOLATE EM PÓ 50% CACAU SELECTA PACOTE 1.01KG,CHOCOLATE EM PO 50% CACAU SELECTA PACOTE 1.01KG,17128,1.01KG,1.01,KG,1010.0,G,,Não,35,https://www.fortali.com.br/chocolate-em-po-50-cacau-selecta-pacote-101kg-17128-1,2026-08-18 13:06:57,https://www.fortali.com.br/confeitaria?page=35,Pronto para comparar
Fortali Distribuidora,Confeitaria,COBERTURA MEIO AMARGO RASPAR E COBRIR HARALD BARRA 2.1KG,COBERTURA MEIO AMARGO RASPAR E COBRIR HARALD BARRA 2.1KG,17218,2.1KG,2.1,KG,2100.0,G,,Não,11,https://www.fortali.com.br/cobertura-meio-amargo-raspar-e-cobrir-harald-barra-21kg-17218-1,2026-08-18 13:06:57,https://www.fortali.com.br/confeitaria?page=11,Pronto para comparar
Fortali Distribuidora,Confeitaria,"GRANULADO CROCANTE CHOCOLATE DONA JURA 1,005KG","GRANULADO CROCANTE CHOCOLATE DONA JURA 1,005KG",17269,"1,005KG",1.005,KG,1005.0,G,,Não,3,https://www.fortali.com.br/granulado-crocante-chocolate-dona-jura-1005kg-17269-1,2026-08-18 13:06:57,https://www.fortali.com.br/confeitaria?page=3,Pronto para comparar
Fortali Distribuidora,Confeitaria,BOLEIRA PLASTICA N28 CETA PLAST,BOLEIRA PLASTICA N28 CETA PLAST,17270,,,,,,,Não,50,https://www.fortali.com.br/boleira-plastica-n28-ceta-plast-17270-1,2026-08-18 13:06:57,https://www.fortali.com.br/confeitaria?page=50,Revisar embalagem
Fortali Distribuidora,Confeitaria,BOLEIRA PLASTICA N32 CETA PLAST,BOLEIRA PLASTICA N32 CETA PLAST,17275,,,,,,,Não,50,https://www.fortali.com.br/boleira-plastica-n32-ceta-plast-17275-1,2026-08-18 13:06:57,https://www.fortali.com.br/confeitaria?page=50,Revisar embalagem
Fortali Distribuidora,Confeitaria,"ALCOOL ETILIC CEREAIS 93,8 INPM FAB 50ML","ALCOOL ETILIC CEREAIS 93,8 INPM FAB 50ML",17293,50ML,50.0,ML,50.0,ML,,Não,50,https://www.fortali.com.br/alcool-etilic-cereais-938-inpm-fab-50ml-17293-1,2026-08-18 13:06:57,https://www.fortali.com.br/confeitaria?page=50,Pronto para comparar
Fortali Distribuidora,Confeitaria,SOLUCAO ALCOOLICA NEUTRA FAB 270ML,SOLUCAO ALCOOLICA NEUTRA FAB 270ML,17294,270ML,270.0,ML,270.0,ML,,Não,50,https://www.fortali.com.br/solucao-alcoolica-neutra-fab-270ml-17294-1,2026-08-18 13:06:57,https://www.fortali.com.br/confeitaria?page=50,Pronto para comparar
Fortali Distribuidora,Confeitaria,FORMINHA CUPCAKE PRETO FLIP 45UN,FORMINHA CUPCAKE PRETO FLIP 45UN,17327,,,,,,,Não,50,https://www.fortali.com.br/forminha-cupcake-preto-flip-45un-17327-1,2026-08-18 13:06:57,https://www.fortali.com.br/confeitaria?page=50,Revisar embalagem
Fortali Distribuidora,Confeitaria,FORMINHA CUPCAKE VERDE FLIP 45UN,FORMINHA CUPCAKE VERDE FLIP 45UN,17328,,,,,,,Não,50,https://www.fortali.com.br/forminha-cupcake-verde-flip-45un-17328-1,2026-08-18 13:06:57,https://www.fortali.com.br/confeitaria?page=50,Revisar embalagem
Fortali Distribuidora,Confeitaria,MINI FORMINHA CUPCAKE AZUL ESC FLIP 45UN,MINI FORMINHA CUPCAKE AZUL ESC FLIP 45UN,17330,,,,,,,Não,50,https://www.fortali.com.br/mini-forminha-cupcake-azul-esc-flip-45un-17330-1,2026-08-18 13:06:57,https://www.fortali.com.br/confeitaria?page=50,Revisar embalagem
Fortali Distribuidora,Confeitaria,MINI FORMINHA CUPCAKE LARANJA FLIP 45UN,MINI FORMINHA CUPCAKE LARANJA FLIP 45UN,17331,,,,,,,Não,50,https://www.fortali.com.br/mini-forminha-cupcake-laranja-flip-45un-17331-1,2026-08-18 13:06:57,https://www.fortali.com.br/confeitaria?page=50,Revisar embalagem
Fortali Distribuidora,Confeitaria,MINI FORMINHA CUPCAKE PINK FLIP 45UN,MINI FORMINHA CUPCAKE PINK FLIP 45UN,17334,,,,,,,Não,50,https://www.fortali.com.br/mini-forminha-cupcake-pink-flip-45un-17334-1,2026-08-18 13:06:57,https://www.fortali.com.br/confeitaria?page=50,Revisar embalagem
Fortali Distribuidora,Confeitaria,MINI FORMINHA CUPCAKE VERDE FLIP 45UN,MINI FORMINHA CUPCAKE VERDE FLIP 45UN,17336,,,,,,,Não,50,https://www.fortali.com.br/mini-forminha-cupcake-verde-flip-45un-17336-1,2026-08-18 13:06:57,https://www.fortali.com.br/confeitaria?page=50,Revisar embalagem
Fortali Distribuidora,Confeitaria,MINI FORMINHA CUPCAKE MARRON FLIP 45UN,MINI FORMINHA CUPCAKE MARRON FLIP 45UN,17337,,,,,,,Não,50,https://www.fortali.com.br/mini-forminha-cupcake-marron-flip-45un-17337-1,2026-08-18 13:06:57,https://www.fortali.com.br/confeitaria?page=50,Revisar embalagem
Fortali Distribuidora,Confeitaria,DOCE DE LEITE CONFIANTE 400G,DOCE DE LEITE CONFIANTE 400G,17345,400G,400.0,G,400.0,G,,Não,50,https://www.fortali.com.br/doce-de-leite-confiante-400g-17345-1,2026-08-18 13:06:57,https://www.fortali.com.br/confeitaria?page=50,Pronto para comparar
Fortali Distribuidora,Confeitaria,GOIABADA TAMBAÚ BARRA 1KG,GOIABADA TAMBAU BARRA 1KG,17363,1KG,1.0,KG,1000.0,G,,Não,3,https://www.fortali.com.br/goiabada-tambau-barra-1kg-17363-1,2026-08-18 13:06:57,https://www.fortali.com.br/confeitaria?page=3,Pronto para comparar
Fortali Distribuidora,Confeitaria,GELATINA SEM SABOR TECNUTRI SACHÊ 500G,GELATINA SEM SABOR TECNUTRI SACHE 500G,17364,500G,500.0,G,500.0,G,,Não,31,https://www.fortali.com.br/gelatina-sem-sabor-tecnutri-sache-500g-17364-1,2026-08-18 13:06:57,https://www.fortali.com.br/confeitaria?page=31,Pronto para comparar
Fortali Distribuidora,Confeitaria,LEITE COND INTEGRAL 8% PURELAC TANGARA BAG 5KG,LEITE COND INTEGRAL 8% PURELAC TANGARA BAG 5KG,17403,5KG,5.0,KG,5000.0,G,,Não,50,https://www.fortali.com.br/leite-cond-integral-8-purelac-tangara-bag-5kg-17403-1,2026-08-18 13:06:57,https://www.fortali.com.br/confeitaria?page=50,Pronto para comparar
Fortali Distribuidora,Confeitaria,COR SOFT GEL MARROM MAGO 60G,COR SOFT GEL MARROM MAGO 60G,17419,60G,60.0,G,60.0,G,,Não,50,https://www.fortali.com.br/cor-soft-gel-marrom-mago-60g-17419-1,2026-08-18 13:06:57,https://www.fortali.com.br/confeitaria?page=50,Pronto para comparar
Fortali Distribuidora,Confeitaria,COR SOFT GEL AZUL TURQ MAGO 60G,COR SOFT GEL AZUL TURQ MAGO 60G,17420,60G,60.0,G,60.0,G,,Não,50,https://www.fortali.com.br/cor-soft-gel-azul-turq-mago-60g-17420-1,2026-08-18 13:06:57,https://www.fortali.com.br/confeitaria?page=50,Pronto para comparar
Fortali Distribuidora,Confeitaria,COR SOFT GEL VDE FOLHA MAGO 60G,COR SOFT GEL VDE FOLHA MAGO 60G,17421,60G,60.0,G,60.0,G,,Não,21,https://www.fortali.com.br/cor-soft-gel-vde-folha-mago-60g-17421-1,2026-08-18 13:06:57,https://www.fortali.com.br/confeitaria?page=21,Pronto para comparar
Fortali Distribuidora,Confeitaria,COR SOFT GEL BCO MAGO 60G,COR SOFT GEL BCO MAGO 60G,17422,60G,60.0,G,60.0,G,,Não,50,https://www.fortali.com.br/cor-soft-gel-bco-mago-60g-17422-1,2026-08-18 13:06:57,https://www.fortali.com.br/confeitaria?page=50,Pronto para comparar
Fortali Distribuidora,Confeitaria,COR SOFT GEL AMARELO GEMA MAGO 60G,COR SOFT GEL AMARELO GEMA MAGO 60G,17423,60G,60.0,G,60.0,G,,Não,11,https://www.fortali.com.br/cor-soft-gel-amarelo-gema-mago-60g-17423-1,2026-08-18 13:06:57,https://www.fortali.com.br/confeitaria?page=11,Pronto para comparar
Fortali Distribuidora,Confeitaria,COR SOFT GEL ROSA PINK MAGO 60G,COR SOFT GEL ROSA PINK MAGO 60G,17424,60G,60.0,G,60.0,G,,Não,50,https://www.fortali.com.br/cor-soft-gel-rosa-pink-mago-60g-17424-1,2026-08-18 13:06:57,https://www.fortali.com.br/confeitaria?page=50,Pronto para comparar
Fortali Distribuidora,Confeitaria,COR SOFT GEL VERM MARSALA MAGO 60G,COR SOFT GEL VERM MARSALA MAGO 60G,17425,60G,60.0,G,60.0,G,,Não,50,https://www.fortali.com.br/cor-soft-gel-verm-marsala-mago-60g-17425-1,2026-08-18 13:06:57,https://www.fortali.com.br/confeitaria?page=50,Pronto para comparar
Fortali Distribuidora,Confeitaria,COR SOFT GEL VDE LIMAO MAGO 60G,COR SOFT GEL VDE LIMAO MAGO 60G,17426,60G,60.0,G,60.0,G,,Não,50,https://www.fortali.com.br/cor-soft-gel-vde-limao-mago-60g-17426-1,2026-08-18 13:06:57,https://www.fortali.com.br/confeitaria?page=50,Pronto para comparar
Fortali Distribuidora,Confeitaria,CORANTE SOFT GEL MARFIM MAGO 60G,CORANTE SOFT GEL MARFIM MAGO 60G,17427,60G,60.0,G,60.0,G,,Não,50,https://www.fortali.com.br/corante-soft-gel-marfim-mago-60g-17427-1,2026-08-18 13:06:57,https://www.fortali.com.br/confeitaria?page=50,Pronto para comparar
Fortali Distribuidora,Confeitaria,COR SOFT GEL AMARELO MAGO 15G,COR SOFT GEL AMARELO MAGO 15G,17428,15G,15.0,G,15.0,G,,Não,21,https://www.fortali.com.br/cor-soft-gel-amarelo-mago-15g-17428-1,2026-08-18 13:06:57,https://www.fortali.com.br/confeitaria?page=21,Pronto para comparar
Fortali Distribuidora,Confeitaria,COR SOFT GEL AZUL MAGO 15G,COR SOFT GEL AZUL MAGO 15G,17429,15G,15.0,G,15.0,G,,Não,21,https://www.fortali.com.br/cor-soft-gel-azul-mago-15g-17429-1,2026-08-18 13:06:57,https://www.fortali.com.br/confeitaria?page=21,Pronto para comparar
Fortali Distribuidora,Confeitaria,COR SOFT GEL VERMELHO MAGO 15G,COR SOFT GEL VERMELHO MAGO 15G,17430,15G,15.0,G,15.0,G,,Não,35,https://www.fortali.com.br/cor-soft-gel-vermelho-mago-15g-17430-1,2026-08-18 13:06:57,https://www.fortali.com.br/confeitaria?page=35,Pronto para comparar
Fortali Distribuidora,Confeitaria,COR SOFT GEL ROSA BEBE MAGO 15G,COR SOFT GEL ROSA BEBE MAGO 15G,17431,15G,15.0,G,15.0,G,,Não,21,https://www.fortali.com.br/cor-soft-gel-rosa-bebe-mago-15g-17431-1,2026-08-18 13:06:57,https://www.fortali.com.br/confeitaria?page=21,Pronto para comparar
Fortali Distribuidora,Confeitaria,COR SOFT GEL PRETO MAGO 15G,COR SOFT GEL PRETO MAGO 15G,17432,15G,15.0,G,15.0,G,,Não,21,https://www.fortali.com.br/cor-soft-gel-preto-mago-15g-17432-1,2026-08-18 13:06:57,https://www.fortali.com.br/confeitaria?page=21,Pronto para comparar
Fortali Distribuidora,Confeitaria,COR SOFT GEL LARANJA MAGO 15G,COR SOFT GEL LARANJA MAGO 15G,17433,15G,15.0,G,15.0,G,,Não,50,https://www.fortali.com.br/cor-soft-gel-laranja-mago-15g-17433-1,2026-08-18 13:06:57,https://www.fortali.com.br/confeitaria?page=50,Pronto para comparar
Fortali Distribuidora,Confeitaria,COR SOFT GEL MARROM MAGO 15G,COR SOFT GEL MARROM MAGO 15G,17434,15G,15.0,G,15.0,G,,Não,50,https://www.fortali.com.br/cor-soft-gel-marrom-mago-15g-17434-1,2026-08-18 13:06:57,https://www.fortali.com.br/confeitaria?page=50,Pronto para comparar
Fortali Distribuidora,Confeitaria,COR SOFT GEL VIOLETA MAGO 15G,COR SOFT GEL VIOLETA MAGO 15G,17435,15G,15.0,G,15.0,G,,Não,21,https://www.fortali.com.br/cor-soft-gel-violeta-mago-15g-17435-1,2026-08-18 13:06:57,https://www.fortali.com.br/confeitaria?page=21,Pronto para comparar
Fortali Distribuidora,Confeitaria,CORANTE SOFT GEL AZUL TURQUESA MAGO 15G,CORANTE SOFT GEL AZUL TURQUESA MAGO 15G,17436,15G,15.0,G,15.0,G,,Não,21,https://www.fortali.com.br/corante-soft-gel-azul-turquesa-mago-15g-17436-1,2026-08-18 13:06:57,https://www.fortali.com.br/confeitaria?page=21,Pronto para comparar
Fortali Distribuidora,Confeitaria,COR SOFT GEL VERDE FOLHA MAGO 15G,COR SOFT GEL VERDE FOLHA MAGO 15G,17437,15G,15.0,G,15.0,G,,Não,51,https://www.fortali.com.br/cor-soft-gel-verde-folha-mago-15g-17437-1,2026-08-18 13:06:57,https://www.fortali.com.br/confeitaria?page=51,Pronto para comparar
Fortali Distribuidora,Confeitaria,CORANTE SOFT GEL BCO MAGO 15G,CORANTE SOFT GEL BCO MAGO 15G,17438,15G,15.0,G,15.0,G,,Não,21,https://www.fortali.com.br/corante-soft-gel-bco-mago-15g-17438-1,2026-08-18 13:06:57,https://www.fortali.com.br/confeitaria?page=21,Pronto para comparar
Fortali Distribuidora,Confeitaria,COR SOFT GEL AMARELO GEMA MAGO 15G,COR SOFT GEL AMARELO GEMA MAGO 15G,17439,15G,15.0,G,15.0,G,,Não,21,https://www.fortali.com.br/cor-soft-gel-amarelo-gema-mago-15g-17439-1,2026-08-18 13:06:57,https://www.fortali.com.br/confeitaria?page=21,Pronto para comparar
Fortali Distribuidora,Confeitaria,COR SOFT GEL ROSA PINK MAGO 15G,COR SOFT GEL ROSA PINK MAGO 15G,17440,15G,15.0,G,15.0,G,,Não,21,https://www.fortali.com.br/cor-soft-gel-rosa-pink-mago-15g-17440-1,2026-08-18 13:06:57,https://www.fortali.com.br/confeitaria?page=21,Pronto para comparar
Fortali Distribuidora,Confeitaria,CORANTE SOFT GEL VERM MARSALA MAGO 15G,CORANTE SOFT GEL VERM MARSALA MAGO 15G,17441,15G,15.0,G,15.0,G,,Não,51,https://www.fortali.com.br/corante-soft-gel-verm-marsala-mago-15g-17441-1,2026-08-18 13:06:57,https://www.fortali.com.br/confeitaria?page=51,Pronto para comparar
Fortali Distribuidora,Confeitaria,CORANTE SOFT GEL MARROM MAGO 15G,CORANTE SOFT GEL MARROM MAGO 15G,17442,15G,15.0,G,15.0,G,,Não,51,https://www.fortali.com.br/corante-soft-gel-marrom-mago-15g-17442-1,2026-08-18 13:06:57,https://www.fortali.com.br/confeitaria?page=51,Pronto para comparar
Fortali Distribuidora,Confeitaria,CORANTE SOFT GEL MARFIM MAGO 15G,CORANTE SOFT GEL MARFIM MAGO 15G,17443,15G,15.0,G,15.0,G,,Não,22,https://www.fortali.com.br/corante-soft-gel-marfim-mago-15g-17443-1,2026-08-18 13:06:57,https://www.fortali.com.br/confeitaria?page=22,Pronto para comparar
Fortali Distribuidora,Confeitaria,GLITTERS P/DECOR GLOW PRATA 5G,GLITTERS P DECOR GLOW PRATA 5G,17464,5G,5.0,G,5.0,G,,Não,51,https://www.fortali.com.br/glitters-pdecor-glow-prata-5g--17464-1,2026-08-18 13:06:57,https://www.fortali.com.br/confeitaria?page=51,Pronto para comparar
Fortali Distribuidora,Confeitaria,GLITTERS P/DECOR PEROLIZADA NACARADO 4G,GLITTERS P DECOR PEROLIZADA NACARADO 4G,17465,4G,4.0,G,4.0,G,,Não,51,https://www.fortali.com.br/glitters-pdecor-perolizada-nacarado-4g--17465-1,2026-08-18 13:06:57,https://www.fortali.com.br/confeitaria?page=51,Pronto para comparar
Fortali Distribuidora,Confeitaria,PO P/DECOR PEROLIZADA PISCA 4G,PO P DECOR PEROLIZADA PISCA 4G,17466,4G,4.0,G,4.0,G,,Não,51,https://www.fortali.com.br/po-pdecor-perolizada-pisca-4g--17466-1,2026-08-18 13:06:57,https://www.fortali.com.br/confeitaria?page=51,Pronto para comparar
Fortali Distribuidora,Confeitaria,GRANULE CHOC M AMARG MELKEN HARALD 400G,GRANULE CHOC M AMARG MELKEN HARALD 400G,17467,400G,400.0,G,400.0,G,,Não,2,https://www.fortali.com.br/granule-choc-m-amarg-melken-harald-400g-17467-1,2026-08-18 13:06:57,https://www.fortali.com.br/confeitaria?page=2,Pronto para comparar
Fortali Distribuidora,Confeitaria,"EMB BOLO AMARELA 25X25X13,5 1,5KG PRISB.","EMB BOLO AMARELA 25X25X13,5 1,5KG PRISB.",17517,"1,5KG",1.5,KG,1500.0,G,,Não,51,https://www.fortali.com.br/emb-bolo-amarela-25x25x135-15kg-prisb-17517-1,2026-08-18 13:06:57,https://www.fortali.com.br/confeitaria?page=51,Pronto para comparar
Fortali Distribuidora,Confeitaria,"EMB BOLO BEGE 25X25X13,5 1,5KG PRISB.","EMB BOLO BEGE 25X25X13,5 1,5KG PRISB.",17519,"1,5KG",1.5,KG,1500.0,G,,Não,51,https://www.fortali.com.br/emb-bolo-bege-25x25x135-15kg-prisb-17519-1,2026-08-18 13:06:57,https://www.fortali.com.br/confeitaria?page=51,Pronto para comparar
Fortali Distribuidora,Confeitaria,EMB BOLO AMARELA 315X315X130 2KG PRISB.,EMB BOLO AMARELA 315X315X130 2KG PRISB.,17529,2KG,2.0,KG,2000.0,G,,Não,51,https://www.fortali.com.br/emb-bolo-amarela-315x315x130-2kg-prisb-17529-1,2026-08-18 13:06:57,https://www.fortali.com.br/confeitaria?page=51,Pronto para comparar
Fortali Distribuidora,Confeitaria,EMB BOLO KRAFT NATURAL 31X31X130 PRISB.,EMB BOLO KRAFT NATURAL 31X31X130 PRISB.,17530,,,,,,,Não,51,https://www.fortali.com.br/emb-bolo-kraft-natural-31x31x130-prisb-17530-1,2026-08-18 13:06:57,https://www.fortali.com.br/confeitaria?page=51,Revisar embalagem
Fortali Distribuidora,Confeitaria,PASTA GUSTOSIA FRAGOLA - MORANGO PT 250G,PASTA GUSTOSIA FRAGOLA MORANGO PT 250G,17558,250G,250.0,G,250.0,G,,Não,22,https://www.fortali.com.br/pasta-gustosia-fragola--morango-pt-250g-17558-1,2026-08-18 13:06:57,https://www.fortali.com.br/confeitaria?page=22,Pronto para comparar
Fortali Distribuidora,Confeitaria,PASTA GUSTOSIA FRENCH VANILLA PT 220G,PASTA GUSTOSIA FRENCH VANILLA PT 220G,17562,220G,220.0,G,220.0,G,,Não,33,https://www.fortali.com.br/pasta-gustosia-french-vanilla-pt-220g-17562-1,2026-08-18 13:06:57,https://www.fortali.com.br/confeitaria?page=33,Pronto para comparar
Fortali Distribuidora,Confeitaria,COBERTURA DE CHOCOLATE MEIO AMARGO CARAT PURATOS BARRA 1.01K...,COBERTURA DE CHOCOLATE MEIO AMARGO CARAT PURATOS BARRA 1.01K...,17635,,,,,,,Não,29,https://www.fortali.com.br/cobertura-de-chocolate-meio-amargo-carat-puratos-barra-101kg-17635-1,2026-08-18 13:06:57,https://www.fortali.com.br/confeitaria?page=29,Revisar embalagem
Fortali Distribuidora,Confeitaria,"COBERTURA AO LEITE BARRA COVERLUX CARACT 1,01KG","COBERTURA AO LEITE BARRA COVERLUX CARACT 1,01KG",17636,"1,01KG",1.01,KG,1010.0,G,,Não,51,https://www.fortali.com.br/cobertura-ao-leite-barra-coverlux-caract-101kg-17636-1,2026-08-18 13:06:57,https://www.fortali.com.br/confeitaria?page=51,Pronto para comparar
Fortali Distribuidora,Confeitaria,COBERTURA BRANCA CARAT PURATOS BARRA 1.01KG,COBERTURA BRANCA CARAT PURATOS BARRA 1.01KG,17637,1.01KG,1.01,KG,1010.0,G,,Não,7,https://www.fortali.com.br/cobertura-branca-carat-puratos-barra-101kg-17637-1,2026-08-18 13:06:57,https://www.fortali.com.br/confeitaria?page=7,Pronto para comparar
Fortali Distribuidora,Confeitaria,BASE LAM RETANG PRATA FOSCO 5X10 CROMUS,BASE LAM RETANG PRATA FOSCO 5X10 CROMUS,17640,,,,,,,Não,51,https://www.fortali.com.br/base-lam-retang-prata-fosco-5x10-cromus-17640-1,2026-08-18 13:06:57,https://www.fortali.com.br/confeitaria?page=51,Revisar embalagem
Fortali Distribuidora,Confeitaria,BASE LAM QUAD PRATA FOSCO 18X18 CROMUS,BASE LAM QUAD PRATA FOSCO 18X18 CROMUS,17642,,,,,,,Não,51,https://www.fortali.com.br/base-lam-quad-prata-fosco-18x18-cromus-17642-1,2026-08-18 13:06:57,https://www.fortali.com.br/confeitaria?page=51,Revisar embalagem
Fortali Distribuidora,Confeitaria,GRANULADO CHOCOLATE MEIO AMARGO SICAO PACOTE 1.01KG,GRANULADO CHOCOLATE MEIO AMARGO SICAO PACOTE 1.01KG,17649,1.01KG,1.01,KG,1010.0,G,,Não,51,https://www.fortali.com.br/granulado-chocolate-meio-amargo-sicao-pacote-1-01kg-17649-1,2026-08-18 13:06:57,https://www.fortali.com.br/confeitaria?page=51,Pronto para comparar
Fortali Distribuidora,Confeitaria,BICO BABADOS 100 402-100 WILTON,BICO BABADOS 100 402 100 WILTON,17662,,,,,,,Não,51,https://www.fortali.com.br/bico-babados-100-402100-wilton-17662-1,2026-08-18 13:06:57,https://www.fortali.com.br/confeitaria?page=51,Revisar embalagem
Fortali Distribuidora,Confeitaria,BICO BABADOS 353 402-353 WILTON,BICO BABADOS 353 402 353 WILTON,17678,,,,,,,Não,51,https://www.fortali.com.br/bico-babados-353-402353-wilton-17678-1,2026-08-18 13:06:57,https://www.fortali.com.br/confeitaria?page=51,Revisar embalagem
Fortali Distribuidora,Confeitaria,BASE PARA TORTA DOCE CIRCULAR 40MM ART TART PACOTE 24 UN,BASE PARA TORTA DOCE CIRCULAR 40MM ART TART PACOTE 24 UN,17689,,,,,,,Não,22,https://www.fortali.com.br/base-para-torta-doce-circular-40mm-art-tart-pacote-24-un-17689-1,2026-08-18 13:06:57,https://www.fortali.com.br/confeitaria?page=22,Revisar embalagem
Fortali Distribuidora,Confeitaria,BASE TORTA DOCE CIRC 70MM ART TART,BASE TORTA DOCE CIRC 70MM ART TART,17690,,,,,,,Não,51,https://www.fortali.com.br/base-torta-doce-circ-70mm-art-tart-17690-1,2026-08-18 13:06:57,https://www.fortali.com.br/confeitaria?page=51,Revisar embalagem
Fortali Distribuidora,Confeitaria,BASE PARA TORTA DOCE CIRCULAR 84MM ART TART PACOTE 24 UN,BASE PARA TORTA DOCE CIRCULAR 84MM ART TART PACOTE 24 UN,17691,,,,,,,Não,51,https://www.fortali.com.br/base-para-torta-doce-circular-84mm-art-tart-pacote-24-un-17691-1,2026-08-18 13:06:57,https://www.fortali.com.br/confeitaria?page=51,Revisar embalagem
Fortali Distribuidora,Confeitaria,BASE TORTA DOCE TRIANG 60MM ART TART,BASE TORTA DOCE TRIANG 60MM ART TART,17693,,,,,,,Não,51,https://www.fortali.com.br/base-torta-doce-triang-60mm-art-tart-17693-1,2026-08-18 13:06:57,https://www.fortali.com.br/confeitaria?page=51,Revisar embalagem
Fortali Distribuidora,Confeitaria,BASE TORTA DOCE VERM CIRC 40MM ART TART,BASE TORTA DOCE VERM CIRC 40MM ART TART,17694,,,,,,,Não,51,https://www.fortali.com.br/base-torta-doce-verm-circ-40mm-art-tart-17694-1,2026-08-18 13:06:57,https://www.fortali.com.br/confeitaria?page=51,Revisar embalagem
Fortali Distribuidora,Confeitaria,BASE TORTA DOCE VERM CIRC 84MM ART TART,BASE TORTA DOCE VERM CIRC 84MM ART TART,17695,,,,,,,Não,51,https://www.fortali.com.br/base-torta-doce-verm-circ-84mm-art-tart-17695-1,2026-08-18 13:06:57,https://www.fortali.com.br/confeitaria?page=51,Revisar embalagem
Fortali Distribuidora,Confeitaria,BASE TORTA CHOCOLATE CIRCULAR 40MM ART TART CAIXA 24UN,BASE TORTA CHOCOLATE CIRCULAR 40MM ART TART CAIXA 24UN,17696,,,,,,,Não,51,https://www.fortali.com.br/base-torta-chocolate-circular-40mm-art-tart-caixa-24un-17696-1,2026-08-18 13:06:57,https://www.fortali.com.br/confeitaria?page=51,Revisar embalagem
Fortali Distribuidora,Confeitaria,BASE TORTA CHOC CIRC 70MM ART TART,BASE TORTA CHOC CIRC 70MM ART TART,17697,,,,,,,Não,51,https://www.fortali.com.br/base-torta-choc-circ-70mm-art-tart-17697-1,2026-08-18 13:06:57,https://www.fortali.com.br/confeitaria?page=51,Revisar embalagem
Fortali Distribuidora,Confeitaria,BASE TORTA CHOC CIRC 84MM ART TART,BASE TORTA CHOC CIRC 84MM ART TART,17698,,,,,,,Não,51,https://www.fortali.com.br/base-torta-choc-circ-84mm-art-tart-17698-1,2026-08-18 13:06:57,https://www.fortali.com.br/confeitaria?page=51,Revisar embalagem
Fortali Distribuidora,Confeitaria,BASE TORTA SALGADA CIRCULAR 40MM ART TART CAIXA 24UN,BASE TORTA SALGADA CIRCULAR 40MM ART TART CAIXA 24UN,17699,,,,,,,Não,52,https://www.fortali.com.br/base-torta-salgada-circular-40mm-art-tart-caixa-24un-17699-1,2026-08-18 13:06:57,https://www.fortali.com.br/confeitaria?page=52,Revisar embalagem
Fortali Distribuidora,Confeitaria,BASE TORTA SALGADA CIRCULAR 84MM ART TART 6UN,BASE TORTA SALGADA CIRCULAR 84MM ART TART 6UN,17700,,,,,,,Não,52,https://www.fortali.com.br/base-torta-salgada-circular-84mm-art-tart-6un-17700-1,2026-08-18 13:06:57,https://www.fortali.com.br/confeitaria?page=52,Revisar embalagem
Fortali Distribuidora,Confeitaria,BASE TORTA SALGADA CIRC 70MM ART TART,BASE TORTA SALGADA CIRC 70MM ART TART,17713,,,,,,,Não,52,https://www.fortali.com.br/base-torta-salgada-circ-70mm-art-tart-17713-1,2026-08-18 13:06:57,https://www.fortali.com.br/confeitaria?page=52,Revisar embalagem
Fortali Distribuidora,Confeitaria,BICO PETALA 101 402-101  WILTON,BICO PETALA 101 402 101 WILTON,17717,,,,,,,Não,52,https://www.fortali.com.br/bico-petala-101-402101--wilton-17717-1,2026-08-18 13:06:57,https://www.fortali.com.br/confeitaria?page=52,Revisar embalagem
Fortali Distribuidora,Confeitaria,BICO PETALA 101S 402-1019  WILTON,BICO PETALA 101S 402 1019 WILTON,17718,,,,,,,Não,52,https://www.fortali.com.br/bico-petala-101s-4021019--wilton-17718-1,2026-08-18 13:06:57,https://www.fortali.com.br/confeitaria?page=52,Revisar embalagem
Fortali Distribuidora,Confeitaria,BICO PETALA 102 402-102  WILTON,BICO PETALA 102 402 102 WILTON,17719,,,,,,,Não,52,https://www.fortali.com.br/bico-petala-102-402102--wilton-17719-1,2026-08-18 13:06:57,https://www.fortali.com.br/confeitaria?page=52,Revisar embalagem
Fortali Distribuidora,Confeitaria,BICO ESPECIALIDADES 105 402-105  WILTON,BICO ESPECIALIDADES 105 402 105 WILTON,17722,,,,,,,Não,52,https://www.fortali.com.br/bico-especialidades-105-402105--wilton-17722-1,2026-08-18 13:06:57,https://www.fortali.com.br/confeitaria?page=52,Revisar embalagem
Fortali Distribuidora,Confeitaria,BICO ESTRELA FECHADA 24 402-24  WILTON,BICO ESTRELA FECHADA 24 402 24 WILTON,17742,,,,,,,Não,52,https://www.fortali.com.br/bico-estrela-fechada-24-40224--wilton-17742-1,2026-08-18 13:06:57,https://www.fortali.com.br/confeitaria?page=52,Revisar embalagem
Fortali Distribuidora,Confeitaria,BICO PERLE OVAL 301 402-301  WILTON,BICO PERLE OVAL 301 402 301 WILTON,17746,,,,,,,Não,52,https://www.fortali.com.br/bico-perle-oval-301-402301--wilton-17746-1,2026-08-18 13:06:57,https://www.fortali.com.br/confeitaria?page=52,Revisar embalagem
Fortali Distribuidora,Confeitaria,BICO FOLHA 349 402-349  WILTON,BICO FOLHA 349 402 349 WILTON,17748,,,,,,,Não,52,https://www.fortali.com.br/bico-folha-349-402349--wilton-17748-1,2026-08-18 13:06:57,https://www.fortali.com.br/confeitaria?page=52,Revisar embalagem
Fortali Distribuidora,Confeitaria,BICO CESTA 44 402-44  WILTON,BICO CESTA 44 402 44 WILTON,17753,,,,,,,Não,52,https://www.fortali.com.br/bico-cesta-44-40244--wilton-17753-1,2026-08-18 13:06:57,https://www.fortali.com.br/confeitaria?page=52,Revisar embalagem
Fortali Distribuidora,Confeitaria,BICO CESTA 46 402-46  WILTON,BICO CESTA 46 402 46 WILTON,17755,,,,,,,Não,52,https://www.fortali.com.br/bico-cesta-46-40246--wilton-17755-1,2026-08-18 13:06:57,https://www.fortali.com.br/confeitaria?page=52,Revisar embalagem
Fortali Distribuidora,Confeitaria,BICO PERLE OVAL 55 402-55  WILTON,BICO PERLE OVAL 55 402 55 WILTON,17759,,,,,,,Não,52,https://www.fortali.com.br/bico-perle-oval-55-40255--wilton-17759-1,2026-08-18 13:06:57,https://www.fortali.com.br/confeitaria?page=52,Revisar embalagem
Fortali Distribuidora,Confeitaria,BICO PETALA MIUDA 59S 402-594  WILTON,BICO PETALA MIUDA 59S 402 594 WILTON,17761,,,,,,,Não,52,https://www.fortali.com.br/bico-petala-miuda-59s-402594--wilton-17761-1,2026-08-18 13:06:57,https://www.fortali.com.br/confeitaria?page=52,Revisar embalagem
Fortali Distribuidora,Confeitaria,BICO PETALA 62 402-62  WILTON,BICO PETALA 62 402 62 WILTON,17764,,,,,,,Não,52,https://www.fortali.com.br/bico-petala-62-40262--wilton-17764-1,2026-08-18 13:06:57,https://www.fortali.com.br/confeitaria?page=52,Revisar embalagem
Fortali Distribuidora,Confeitaria,BICO FOLHA 65 402-65  WILTON,BICO FOLHA 65 402 65 WILTON,17765,,,,,,,Não,52,https://www.fortali.com.br/bico-folha-65-40265--wilton-17765-1,2026-08-18 13:06:57,https://www.fortali.com.br/confeitaria?page=52,Revisar embalagem
Fortali Distribuidora,Confeitaria,BICO FOLHA 65S 402-659  WILTON,BICO FOLHA 65S 402 659 WILTON,17766,,,,,,,Não,52,https://www.fortali.com.br/bico-folha-65s-402659--wilton-17766-1,2026-08-18 13:06:57,https://www.fortali.com.br/confeitaria?page=52,Revisar embalagem
Fortali Distribuidora,Confeitaria,BICO PERLE 7 402-7  WILTON,BICO PERLE 7 402 7 WILTON,17769,,,,,,,Não,52,https://www.fortali.com.br/bico-perle-7-4027--wilton-17769-1,2026-08-18 13:06:57,https://www.fortali.com.br/confeitaria?page=52,Revisar embalagem
Fortali Distribuidora,Confeitaria,BICO FOLHA 73 402-73  WILTON,BICO FOLHA 73 402 73 WILTON,17770,,,,,,,Não,52,https://www.fortali.com.br/bico-folha-73-40273--wilton-17770-1,2026-08-18 13:06:57,https://www.fortali.com.br/confeitaria?page=52,Revisar embalagem
Fortali Distribuidora,Confeitaria,BICO ESPECIALIDADES 79 402-79  WILTON,BICO ESPECIALIDADES 79 402 79 WILTON,17772,,,,,,,Não,52,https://www.fortali.com.br/bico-especialidades-79-40279--wilton-17772-1,2026-08-18 13:06:57,https://www.fortali.com.br/confeitaria?page=52,Revisar embalagem
Fortali Distribuidora,Confeitaria,BICO ESPECIALIDADES 81 402-81  WILTON,BICO ESPECIALIDADES 81 402 81 WILTON,17774,,,,,,,Não,52,https://www.fortali.com.br/bico-especialidades-81-40281--wilton-17774-1,2026-08-18 13:06:57,https://www.fortali.com.br/confeitaria?page=52,Revisar embalagem
Fortali Distribuidora,Confeitaria,BICO ESPECIALIDADES  83 402-83  WILTON,BICO ESPECIALIDADES 83 402 83 WILTON,17775,,,,,,,Não,52,https://www.fortali.com.br/bico-especialidades--83-40283--wilton-17775-1,2026-08-18 13:06:57,https://www.fortali.com.br/confeitaria?page=52,Revisar embalagem
Fortali Distribuidora,Confeitaria,BICO PETALA 97 402-97  WILTON,BICO PETALA 97 402 97 WILTON,17776,,,,,,,Não,52,https://www.fortali.com.br/bico-petala-97-40297--wilton-17776-1,2026-08-18 13:06:57,https://www.fortali.com.br/confeitaria?page=52,Revisar embalagem
Fortali Distribuidora,Confeitaria,"GELEIA FRUTAS VERMELHAS QUEENSBERR 1,2KG","GELEIA FRUTAS VERMELHAS QUEENSBERR 1,2KG",17846,"1,2KG",1.2,KG,1200.0,G,,Não,31,https://www.fortali.com.br/geleia-frutas-vermelhas-queensberr-12kg-17846-1,2026-08-18 13:06:57,https://www.fortali.com.br/confeitaria?page=31,Pronto para comparar
Fortali Distribuidora,Confeitaria,GELEIA MORANGO QUEENSBERRY 320G,GELEIA MORANGO QUEENSBERRY 320G,17847,320G,320.0,G,320.0,G,,Não,33,https://www.fortali.com.br/geleia-morango-queensberry-320g-17847-1,2026-08-18 13:06:57,https://www.fortali.com.br/confeitaria?page=33,Pronto para comparar
Fortali Distribuidora,Confeitaria,"GELEIA PIMEMNTA VERMELHA QUEENSBERRY 1,2KG","GELEIA PIMEMNTA VERMELHA QUEENSBERRY 1,2KG",17849,"1,2KG",1.2,KG,1200.0,G,,Não,5,https://www.fortali.com.br/geleia-pimemnta-vermelha-queensberry-12kg-17849-1,2026-08-18 13:06:57,https://www.fortali.com.br/confeitaria?page=5,Pronto para comparar
Fortali Distribuidora,Confeitaria,GELEIA PIMENTA VERMELHA QUEENSBERRY 320G,GELEIA PIMENTA VERMELHA QUEENSBERRY 320G,17850,320G,320.0,G,320.0,G,,Não,6,https://www.fortali.com.br/geleia-pimenta-vermelha-queensberry-320g-17850-1,2026-08-18 13:06:57,https://www.fortali.com.br/confeitaria?page=6,Pronto para comparar
Fortali Distribuidora,Confeitaria,CORANTE NUDE VINTAGE SOFTGEL 25G,CORANTE NUDE VINTAGE SOFTGEL 25G,17901,25G,25.0,G,25.0,G,,Não,52,https://www.fortali.com.br/corante-nude-vintage-softgel-25g-17901-1,2026-08-18 13:06:57,https://www.fortali.com.br/confeitaria?page=52,Pronto para comparar
Fortali Distribuidora,Confeitaria,CORANTE ARTIFICIAL MARSALA SOFTGEL 25G,CORANTE ARTIFICIAL MARSALA SOFTGEL 25G,17902,25G,25.0,G,25.0,G,,Não,53,https://www.fortali.com.br/corante-artificial-marsala-softgel-25g-17902-1,2026-08-18 13:06:57,https://www.fortali.com.br/confeitaria?page=53,Pronto para comparar
Fortali Distribuidora,Confeitaria,CORANTE SOFTGEL AMARELO VINTAGE FAB 25G,CORANTE SOFTGEL AMARELO VINTAGE FAB 25G,17904,25G,25.0,G,25.0,G,,Não,53,https://www.fortali.com.br/corante-softgel-amarelo-vintage-fab-25g-17904-1,2026-08-18 13:06:57,https://www.fortali.com.br/confeitaria?page=53,Pronto para comparar
Fortali Distribuidora,Confeitaria,MICANGA CANDY COLORS MIX 500G,MICANGA CANDY COLORS MIX 500G,17905,500G,500.0,G,500.0,G,,Não,53,https://www.fortali.com.br/micanga-candy-colors-mix-500g-17905-1,2026-08-18 13:06:57,https://www.fortali.com.br/confeitaria?page=53,Pronto para comparar
Fortali Distribuidora,Confeitaria,PAPEL P/BEM CASADO AZUL CHA PCT 40UN,PAPEL P BEM CASADO AZUL CHA PCT 40UN,17910,,,,,,,Não,53,https://www.fortali.com.br/papel-pbem-casado-azul-cha-pct-40un-17910-1,2026-08-18 13:06:57,https://www.fortali.com.br/confeitaria?page=53,Revisar embalagem
Fortali Distribuidora,Confeitaria,PAPEL P/BEM CASADO VDE CHA PCT 40UN,PAPEL P BEM CASADO VDE CHA PCT 40UN,17911,,,,,,,Não,53,https://www.fortali.com.br/papel-pbem-casado-vde-cha-pct-40un-17911-1,2026-08-18 13:06:57,https://www.fortali.com.br/confeitaria?page=53,Revisar embalagem
Fortali Distribuidora,Confeitaria,"COB GOTA CHIPSHOW CHOC AO LEITE  2,5KG","COB GOTA CHIPSHOW CHOC AO LEITE 2,5KG",17913,"2,5KG",2.5,KG,2500.0,G,,Não,6,https://www.fortali.com.br/cob-gota-chipshow-choc-ao-leite--25kg-17913-1,2026-08-18 13:06:57,https://www.fortali.com.br/confeitaria?page=6,Pronto para comparar
Fortali Distribuidora,Confeitaria,"GELEIA DE AMORA QUEENSBERRY 1,2KG","GELEIA DE AMORA QUEENSBERRY 1,2KG",17932,"1,2KG",1.2,KG,1200.0,G,,Não,31,https://www.fortali.com.br/geleia-de-amora-queensberry-12kg-17932-1,2026-08-18 13:06:57,https://www.fortali.com.br/confeitaria?page=31,Pronto para comparar
Fortali Distribuidora,Confeitaria,"GELEIA DE DAMASCO QUEENSBERRY 1,2KG","GELEIA DE DAMASCO QUEENSBERRY 1,2KG",17933,"1,2KG",1.2,KG,1200.0,G,,Não,15,https://www.fortali.com.br/geleia-de-damasco-queensberry-12kg-17933-1,2026-08-18 13:06:57,https://www.fortali.com.br/confeitaria?page=15,Pronto para comparar
Fortali Distribuidora,Confeitaria,"GELEIA DE MORANGO QUEENSBERRY 1,2KG","GELEIA DE MORANGO QUEENSBERRY 1,2KG",17934,"1,2KG",1.2,KG,1200.0,G,,Não,32,https://www.fortali.com.br/geleia-de-morango-queensberry-12kg-17934-1,2026-08-18 13:06:57,https://www.fortali.com.br/confeitaria?page=32,Pronto para comparar
Fortali Distribuidora,Confeitaria,AROMA LIMAO AL BIGMIX 960ML,AROMA LIMAO AL BIGMIX 960ML,18063,960ML,960.0,ML,960.0,ML,,Não,53,https://www.fortali.com.br/aroma-limao-al-bigmix-960ml-18063-1,2026-08-18 13:06:57,https://www.fortali.com.br/confeitaria?page=53,Pronto para comparar
Fortali Distribuidora,Confeitaria,FORMA SIMPLES CEREJA LISA BWB,FORMA SIMPLES CEREJA LISA BWB,18090,,,,,,,Não,53,https://www.fortali.com.br/forma-simples-cereja-lisa-bwb-18090-1,2026-08-18 13:06:57,https://www.fortali.com.br/confeitaria?page=53,Revisar embalagem
Fortali Distribuidora,Confeitaria,RECHEIO PARA TORTA NESTLE 600G,RECHEIO PARA TORTA NESTLE 600G,18107,600G,600.0,G,600.0,G,,Não,53,https://www.fortali.com.br/recheio-para-torta-nestle-600g-18107-1,2026-08-18 13:06:57,https://www.fortali.com.br/confeitaria?page=53,Pronto para comparar
Fortali Distribuidora,Confeitaria,PINGO DE LEITE POTE JAZAM 500G,PINGO DE LEITE POTE JAZAM 500G,18159,500G,500.0,G,500.0,G,,Não,18,https://www.fortali.com.br/pingo-de-leite-pote-jazam-500g-18159-1,2026-08-18 13:06:57,https://www.fortali.com.br/confeitaria?page=18,Pronto para comparar
Fortali Distribuidora,Confeitaria,PINGO DE LEITE CHOC POTE JAZAM 500G,PINGO DE LEITE CHOC POTE JAZAM 500G,18160,500G,500.0,G,500.0,G,,Não,53,https://www.fortali.com.br/pingo-de-leite-choc-pote-jazam-500g-18160-1,2026-08-18 13:06:57,https://www.fortali.com.br/confeitaria?page=53,Pronto para comparar
Fortali Distribuidora,Confeitaria,TUBITOS POTE JAZAM 750G,TUBITOS POTE JAZAM 750G,18162,750G,750.0,G,750.0,G,,Não,53,https://www.fortali.com.br/tubitos-pote-jazam-750g-18162-1,2026-08-18 13:06:57,https://www.fortali.com.br/confeitaria?page=53,Pronto para comparar
Fortali Distribuidora,Confeitaria,"PAÇOCA PAÇOQUINHA 1,01KG","PACOCA PACOQUINHA 1,01KG",18163,"1,01KG",1.01,KG,1010.0,G,,Não,53,https://www.fortali.com.br/pacoca-pacoquinha-101kg-18163-1,2026-08-18 13:06:57,https://www.fortali.com.br/confeitaria?page=53,Pronto para comparar
Fortali Distribuidora,Confeitaria,PÉ DE MOLEQUE GROSSO JAZEM PACOTE 800G,PE DE MOLEQUE GROSSO JAZEM PACOTE 800G,18164,800G,800.0,G,800.0,G,,Não,53,https://www.fortali.com.br/pe-de-moleque-grosso-jazem-pacote-800g-18164-1,2026-08-18 13:06:57,https://www.fortali.com.br/confeitaria?page=53,Pronto para comparar
Fortali Distribuidora,Confeitaria,"RECHEIO DE CHOCOLATE CONSIST?NCIA FIRME MO?A NESTL? 2,54KG","RECHEIO DE CHOCOLATE CONSIST NCIA FIRME MO A NESTL 2,54KG",1818,"2,54KG",2.54,KG,2540.0,G,,Não,53,https://www.fortali.com.br/recheio-de-chocolate-consist-ncia-firme-mo-a-nestl-2-54kg-1818-1,2026-08-18 13:06:57,https://www.fortali.com.br/confeitaria?page=53,Pronto para comparar
Fortali Distribuidora,Confeitaria,"RECHEIO LEITE CONDENSADO MO¿A CONSIST¿NCIA FIRME NESTL¿ 2,61...","RECHEIO LEITE CONDENSADO MO A CONSIST NCIA FIRME NESTL 2,61...",1819,,,,,,,Não,17,https://www.fortali.com.br/recheio-leite-condensado-mo-a-consist-ncia-firme-nestl-2-610kg-1819-1,2026-08-18 13:06:57,https://www.fortali.com.br/confeitaria?page=17,Revisar embalagem
Fortali Distribuidora,Confeitaria,FORMA BOLO INGLÊS 250G COM TAMPA SULFORMAS 5UN,FORMA BOLO INGLES 250G COM TAMPA SULFORMAS 5UN,18297,250G,250.0,G,250.0,G,,Não,53,https://www.fortali.com.br/forma-bolo-ingles-250g-com-tampa-sulformas-5un-18297-1,2026-08-18 13:06:57,https://www.fortali.com.br/confeitaria?page=53,Pronto para comparar
Fortali Distribuidora,Confeitaria,FORMA BOLO INGLÊS G MARROM COM TAMPA PLUMPY SULFORMAS 5UN,FORMA BOLO INGLES G MARROM COM TAMPA PLUMPY SULFORMAS 5UN,18300,,,,,,,Não,53,https://www.fortali.com.br/forma-bolo-ingles-g-marrom-com-tampa-plumpy-sulformas-5un-18300-1,2026-08-18 13:06:57,https://www.fortali.com.br/confeitaria?page=53,Revisar embalagem
Fortali Distribuidora,Confeitaria,FORMA BOLO INGLÊS VERDE VERDE COM TAMPA PLUMPY SULFORMAS 5UN,FORMA BOLO INGLES VERDE VERDE COM TAMPA PLUMPY SULFORMAS 5UN,18301,,,,,,,Não,53,https://www.fortali.com.br/forma-bolo-ingles-verde-verde-com-tampa-plumpy-sulformas-5un-18301-1,2026-08-18 13:06:57,https://www.fortali.com.br/confeitaria?page=53,Revisar embalagem
Fortali Distribuidora,Confeitaria,FORMA DE BOLO INGLÊS MEDIO COM TAMPA PLUMPY SULFORMAS 5UN,FORMA DE BOLO INGLES MEDIO COM TAMPA PLUMPY SULFORMAS 5UN,18303,,,,,,,Não,53,https://www.fortali.com.br/forma-de-bolo-ingles-medio-com-tampa-plumpy-sulformas-5un-18303-1,2026-08-18 13:06:57,https://www.fortali.com.br/confeitaria?page=53,Revisar embalagem
Fortali Distribuidora,Confeitaria,FORMA BOLO INGLÊS AMARELA MEDIA COM TAMPA PLUMPY SULFORMAS 5...,FORMA BOLO INGLES AMARELA MEDIA COM TAMPA PLUMPY SULFORMAS 5...,18304,,,,,,,Não,53,https://www.fortali.com.br/forma-bolo-ingles-amarela-media-com-tampa-plumpy-sulformas-5un-18304-1,2026-08-18 13:06:57,https://www.fortali.com.br/confeitaria?page=53,Revisar embalagem
Fortali Distribuidora,Confeitaria,FORMA BOLO INGLÊS M MARROM COM TAMPA PLUMPY SULFORMAS 5UN,FORMA BOLO INGLES M MARROM COM TAMPA PLUMPY SULFORMAS 5UN,18305,,,,,,,Não,53,https://www.fortali.com.br/forma-bolo-ingles-m-marrom-com-tampa-plumpy-sulformas-5un-18305-1,2026-08-18 13:06:57,https://www.fortali.com.br/confeitaria?page=53,Revisar embalagem
Fortali Distribuidora,Confeitaria,FORMA BOLO INGLÊS PLUMPY M VERDE COM TAMPA PACOTE 5UN,FORMA BOLO INGLES PLUMPY M VERDE COM TAMPA PACOTE 5UN,18306,,,,,,,Não,53,https://www.fortali.com.br/forma-bolo-ingles-plumpy-m-verde-com-tampa-pacote-5un-18306-1,2026-08-18 13:06:57,https://www.fortali.com.br/confeitaria?page=53,Revisar embalagem
Fortali Distribuidora,Confeitaria,FORMA BOLO INGLÊS M VERMELHO COM TAMPA PLUMPY SULFORMAS 5UN,FORMA BOLO INGLES M VERMELHO COM TAMPA PLUMPY SULFORMAS 5UN,18307,,,,,,,Não,53,https://www.fortali.com.br/forma-bolo-ingles-m-vermelho-com-tampa-plumpy-sulformas-5un-18307-1,2026-08-18 13:06:57,https://www.fortali.com.br/confeitaria?page=53,Revisar embalagem
Fortali Distribuidora,Confeitaria,FORMA BOLO INGLÊS PLUMPY P COM TAMPA SULFORMAS 5UN,FORMA BOLO INGLES PLUMPY P COM TAMPA SULFORMAS 5UN,18308,,,,,,,Não,53,https://www.fortali.com.br/forma-bolo-ingles-plumpy-p-com-tampa-sulformas-5un-18308-1,2026-08-18 13:06:57,https://www.fortali.com.br/confeitaria?page=53,Revisar embalagem
Fortali Distribuidora,Confeitaria,FORMA BOLO INGLÊS PLUMPY P AMARELO COM TAMPA PACOTE 5UN,FORMA BOLO INGLES PLUMPY P AMARELO COM TAMPA PACOTE 5UN,18309,,,,,,,Não,53,https://www.fortali.com.br/forma-bolo-ingles-plumpy-p-amarelo-com-tampa-pacote-5un-18309-1,2026-08-18 13:06:57,https://www.fortali.com.br/confeitaria?page=53,Revisar embalagem
Fortali Distribuidora,Confeitaria,FORMA BOLO INGLÊS PLUMPY P VERDE COM TAMPA SULFORMAS PACOTE ...,FORMA BOLO INGLES PLUMPY P VERDE COM TAMPA SULFORMAS PACOTE ...,18311,,,,,,,Não,53,https://www.fortali.com.br/forma-bolo-ingles-plumpy-p-verde-com-tampa-sulformas-pacote-5un-18311-1,2026-08-18 13:06:57,https://www.fortali.com.br/confeitaria?page=53,Revisar embalagem
Fortali Distribuidora,Confeitaria,FORMA BOLO INGLÊS VERMELHA PEQUENA COM TAMPA PLUMPY SULFORMA...,FORMA BOLO INGLES VERMELHA PEQUENA COM TAMPA PLUMPY SULFORMA...,18316,,,,,,,Não,54,https://www.fortali.com.br/forma-bolo-ingles-vermelha-pequena-com-tampa-plumpy-sulformas-5un-18316-1,2026-08-18 13:06:57,https://www.fortali.com.br/confeitaria?page=54,Revisar embalagem
Fortali Distribuidora,Confeitaria,"COB M AMARGO FRAC SICAO MAIS BARRA 1,01KG","COB M AMARGO FRAC SICAO MAIS BARRA 1,01KG",18340,"1,01KG",1.01,KG,1010.0,G,,Não,5,https://www.fortali.com.br/cob-m-amargo-frac-sicao-mais-barra-1-01kg-18340-1,2026-08-18 13:06:57,https://www.fortali.com.br/confeitaria?page=5,Pronto para comparar
Fortali Distribuidora,Confeitaria,"COB M AMARGO FRAC SICAO FACIL BARRA 1,01KG","COB M AMARGO FRAC SICAO FACIL BARRA 1,01KG",18341,"1,01KG",1.01,KG,1010.0,G,,Não,3,https://www.fortali.com.br/cob-m-amargo-frac-sicao-facil-barra-1-01kg-18341-1,2026-08-18 13:06:57,https://www.fortali.com.br/confeitaria?page=3,Pronto para comparar
Fortali Distribuidora,Confeitaria,"COB AO LEITE FRAC SICAO FACIL BARRA 1,01KG","COB AO LEITE FRAC SICAO FACIL BARRA 1,01KG",18342,"1,01KG",1.01,KG,1010.0,G,,Não,4,https://www.fortali.com.br/cob-ao-leite-frac-sicao-facil-barra-1-01kg-18342-1,2026-08-18 13:06:57,https://www.fortali.com.br/confeitaria?page=4,Pronto para comparar
Fortali Distribuidora,Confeitaria,"COBERTURA BLEND SICAO MAIS BARRA 1,01KG","COBERTURA BLEND SICAO MAIS BARRA 1,01KG",18343,"1,01KG",1.01,KG,1010.0,G,,Não,18,https://www.fortali.com.br/cobertura-blend-sicao-mais-barra-101kg-18343-1,2026-08-18 13:06:57,https://www.fortali.com.br/confeitaria?page=18,Pronto para comparar
Fortali Distribuidora,Confeitaria,"COBERTURA BRANCA SICAO MAIS BARRA 1,01KG","COBERTURA BRANCA SICAO MAIS BARRA 1,01KG",18344,"1,01KG",1.01,KG,1010.0,G,,Não,8,https://www.fortali.com.br/cobertura-branca-sicao-mais-barra-101kg-18344-1,2026-08-18 13:06:57,https://www.fortali.com.br/confeitaria?page=8,Pronto para comparar
Fortali Distribuidora,Confeitaria,"COB BRANCA FRAC SICAO FACIL BARRA 1,01KG","COB BRANCA FRAC SICAO FACIL BARRA 1,01KG",18345,"1,01KG",1.01,KG,1010.0,G,,Não,3,https://www.fortali.com.br/cob-branca-frac-sicao-facil-barra-1-01kg-18345-1,2026-08-18 13:06:57,https://www.fortali.com.br/confeitaria?page=3,Pronto para comparar
Fortali Distribuidora,Confeitaria,PO P/ DECORACAO PRATA 8G,PO P DECORACAO PRATA 8G,18351,8G,8.0,G,8.0,G,,Não,54,https://www.fortali.com.br/po-p-decoracao-prata-8g-18351-1,2026-08-18 13:06:57,https://www.fortali.com.br/confeitaria?page=54,Pronto para comparar
Fortali Distribuidora,Confeitaria,EMB MINI FATIA TORTA G635M 10UN,EMB MINI FATIA TORTA G635M 10UN,18413,,,,,,,Não,54,https://www.fortali.com.br/emb-mini-fatia-torta-g635m-10un-18413-1,2026-08-18 13:06:57,https://www.fortali.com.br/confeitaria?page=54,Revisar embalagem
Fortali Distribuidora,Confeitaria,MISTURA LACTEA COND BAG MOCOCA 5KG,MISTURA LACTEA COND BAG MOCOCA 5KG,18420,5KG,5.0,KG,5000.0,G,,Não,11,https://www.fortali.com.br/mistura-lactea-cond-bag-mococa-5kg-18420-1,2026-08-18 13:06:57,https://www.fortali.com.br/confeitaria?page=11,Pronto para comparar
Fortali Distribuidora,Confeitaria,MISTURA LACTEA CONDENSADA MOCOCA TP 395G,MISTURA LACTEA CONDENSADA MOCOCA TP 395G,18421,395G,395.0,G,395.0,G,,Não,1,https://www.fortali.com.br/mistura-lactea-condensada-mococa-tp-395g-18421-1,2026-08-18 13:06:57,https://www.fortali.com.br/confeitaria?page=1,Pronto para comparar
Fortali Distribuidora,Confeitaria,DOCE DE LEITE LA SERENISSIMA 1KG,DOCE DE LEITE LA SERENISSIMA 1KG,18453,1KG,1.0,KG,1000.0,G,,Não,2,https://www.fortali.com.br/doce-de-leite-la-serenissima-1kg-18453-1,2026-08-18 13:06:57,https://www.fortali.com.br/confeitaria?page=2,Pronto para comparar
Fortali Distribuidora,Confeitaria,ESPATULA FLEXIVEL CURVA 23CM,ESPATULA FLEXIVEL CURVA 23CM,18505,,,,,,,Não,54,https://www.fortali.com.br/espatula-flexivel-curva-23cm-18505-1,2026-08-18 13:06:57,https://www.fortali.com.br/confeitaria?page=54,Revisar embalagem
Fortali Distribuidora,Confeitaria,KIT BASE BCO SUP BAILAR DE ROSA PP BCO,KIT BASE BCO SUP BAILAR DE ROSA PP BCO,18508,,,,,,,Não,54,https://www.fortali.com.br/kit-base-bco-sup-bailar-de-rosa-pp-bco-18508-1,2026-08-18 13:06:57,https://www.fortali.com.br/confeitaria?page=54,Revisar embalagem
Fortali Distribuidora,Confeitaria,"KIT A-B ESPAT DESCOR 23CMX6,5CM C/2 PCS","KIT A B ESPAT DESCOR 23CMX6,5CM C 2 PCS",18511,,,,,,,Não,54,https://www.fortali.com.br/kit-ab-espat-descor-23cmx65cm-c2-pcs-18511-1,2026-08-18 13:06:57,https://www.fortali.com.br/confeitaria?page=54,Revisar embalagem
Fortali Distribuidora,Confeitaria,"KIT C-D ESPAT DESCOR 23CMX6,5CM C/2 PCS","KIT C D ESPAT DESCOR 23CMX6,5CM C 2 PCS",18512,,,,,,,Não,54,https://www.fortali.com.br/kit-cd-espat-descor-23cmx65cm-c2-pcs-18512-1,2026-08-18 13:06:57,https://www.fortali.com.br/confeitaria?page=54,Revisar embalagem
Fortali Distribuidora,Confeitaria,"KIT I-J ESPAT DESCOR 23CMX6,5CM C/2 PCS","KIT I J ESPAT DESCOR 23CMX6,5CM C 2 PCS",18514,,,,,,,Não,54,https://www.fortali.com.br/kit-ij-espat-descor-23cmx65cm-c2-pcs-18514-1,2026-08-18 13:06:57,https://www.fortali.com.br/confeitaria?page=54,Revisar embalagem
Fortali Distribuidora,Confeitaria,"KIT L-M ESPAT DESCOR 23CMX6,5CM C/2 PCS","KIT L M ESPAT DESCOR 23CMX6,5CM C 2 PCS",18515,,,,,,,Não,54,https://www.fortali.com.br/kit-lm-espat-descor-23cmx65cm-c2-pcs-18515-1,2026-08-18 13:06:57,https://www.fortali.com.br/confeitaria?page=54,Revisar embalagem
Fortali Distribuidora,Confeitaria,GELATINA FRAMBOESA ATIVA 500G,GELATINA FRAMBOESA ATIVA 500G,18576,500G,500.0,G,500.0,G,,Não,31,https://www.fortali.com.br/gelatina-framboesa-ativa-500g--18576-1,2026-08-18 13:06:57,https://www.fortali.com.br/confeitaria?page=31,Pronto para comparar
Fortali Distribuidora,Confeitaria,OVOMALTINE FLOCOS CROCANTE 5MM AB BRASIL 750G,OVOMALTINE FLOCOS CROCANTE 5MM AB BRASIL 750G,1869,750G,750.0,G,750.0,G,,Não,3,https://www.fortali.com.br/ovomaltine-flocos-crocante-5mm-ab-brasil-750g-1869-1,2026-08-18 13:06:57,https://www.fortali.com.br/confeitaria?page=3,Pronto para comparar
Fortali Distribuidora,Confeitaria,LEITE CONDENSADO INTEGRAL ITALAC 395G,LEITE CONDENSADO INTEGRAL ITALAC 395G,19202,395G,395.0,G,395.0,G,,Não,1,https://www.fortali.com.br/leite-condensado-integral-italac-395g-19202-1,2026-08-18 13:06:57,https://www.fortali.com.br/confeitaria?page=1,Pronto para comparar
Fortali Distribuidora,Confeitaria,DOCE GOIABA MARIOLA 20B FLOR DO LAR 300G,DOCE GOIABA MARIOLA 20B FLOR DO LAR 300G,19239,300G,300.0,G,300.0,G,,Não,54,https://www.fortali.com.br/doce-goiaba-mariola-20b-flor-do-lar-300g-19239-1,2026-08-18 13:06:57,https://www.fortali.com.br/confeitaria?page=54,Pronto para comparar
Fortali Distribuidora,Confeitaria,DOCE GOIABA MARIOLA 15B FLOR DO LAR 300G,DOCE GOIABA MARIOLA 15B FLOR DO LAR 300G,19240,300G,300.0,G,300.0,G,,Não,54,https://www.fortali.com.br/doce-goiaba-mariola-15b-flor-do-lar-300g-19240-1,2026-08-18 13:06:57,https://www.fortali.com.br/confeitaria?page=54,Pronto para comparar
Fortali Distribuidora,Confeitaria,DOCE BANANA MARIOLA 15B FLOR DO LAR 300G,DOCE BANANA MARIOLA 15B FLOR DO LAR 300G,19241,300G,300.0,G,300.0,G,,Não,54,https://www.fortali.com.br/doce-banana-mariola-15b-flor-do-lar-300g-19241-1,2026-08-18 13:06:57,https://www.fortali.com.br/confeitaria?page=54,Pronto para comparar
Fortali Distribuidora,Confeitaria,DOCE CAJU MARIOLA 20B FLOR DO LAR 300G,DOCE CAJU MARIOLA 20B FLOR DO LAR 300G,19242,300G,300.0,G,300.0,G,,Não,54,https://www.fortali.com.br/doce-caju-mariola-20b-flor-do-lar-300g-19242-1,2026-08-18 13:06:57,https://www.fortali.com.br/confeitaria?page=54,Pronto para comparar
Fortali Distribuidora,Confeitaria,DOCE GOIABA MARIOLA 10B FLOR DO LAR 200G,DOCE GOIABA MARIOLA 10B FLOR DO LAR 200G,19243,200G,200.0,G,200.0,G,,Não,54,https://www.fortali.com.br/doce-goiaba-mariola-10b-flor-do-lar-200g-19243-1,2026-08-18 13:06:57,https://www.fortali.com.br/confeitaria?page=54,Pronto para comparar
Fortali Distribuidora,Confeitaria,DOCE GOIABA CRISTAL FLOR DO LAR SC 400G,DOCE GOIABA CRISTAL FLOR DO LAR SC 400G,19244,400G,400.0,G,400.0,G,,Não,54,https://www.fortali.com.br/doce-goiaba-cristal-flor-do-lar-sc-400g-19244-1,2026-08-18 13:06:57,https://www.fortali.com.br/confeitaria?page=54,Pronto para comparar
Fortali Distribuidora,Confeitaria,DOCE BANANA CRISTAL FLOR DO LAR SC 400G,DOCE BANANA CRISTAL FLOR DO LAR SC 400G,19245,400G,400.0,G,400.0,G,,Não,54,https://www.fortali.com.br/doce-banana-cristal-flor-do-lar-sc-400g-19245-1,2026-08-18 13:06:57,https://www.fortali.com.br/confeitaria?page=54,Pronto para comparar
Fortali Distribuidora,Confeitaria,DOCE CAJU CRISTAL FLOR DO LAR SC 400G,DOCE CAJU CRISTAL FLOR DO LAR SC 400G,19246,400G,400.0,G,400.0,G,,Não,54,https://www.fortali.com.br/doce-caju-cristal-flor-do-lar-sc-400g-19246-1,2026-08-18 13:06:57,https://www.fortali.com.br/confeitaria?page=54,Pronto para comparar
Fortali Distribuidora,Confeitaria,DOCE GOIABA CRISTAL FLOR DO LAR PT 1KG,DOCE GOIABA CRISTAL FLOR DO LAR PT 1KG,19247,1KG,1.0,KG,1000.0,G,,Não,54,https://www.fortali.com.br/doce-goiaba-cristal-flor-do-lar-pt-1kg-19247-1,2026-08-18 13:06:57,https://www.fortali.com.br/confeitaria?page=54,Pronto para comparar
Fortali Distribuidora,Confeitaria,DOCE BANANA CRISTAL FLOR DO LAR PT 1KG,DOCE BANANA CRISTAL FLOR DO LAR PT 1KG,19248,1KG,1.0,KG,1000.0,G,,Não,54,https://www.fortali.com.br/doce-banana-cristal-flor-do-lar-pt-1kg-19248-1,2026-08-18 13:06:57,https://www.fortali.com.br/confeitaria?page=54,Pronto para comparar
Fortali Distribuidora,Confeitaria,DOCE CAJU CRISTAL FLOR DO LAR PT 1KG,DOCE CAJU CRISTAL FLOR DO LAR PT 1KG,19249,1KG,1.0,KG,1000.0,G,,Não,54,https://www.fortali.com.br/doce-caju-cristal-flor-do-lar-pt-1kg-19249-1,2026-08-18 13:06:57,https://www.fortali.com.br/confeitaria?page=54,Pronto para comparar
Fortali Distribuidora,Confeitaria,DOCE LEITE TABLETE FLOR DO LAR PT 680G,DOCE LEITE TABLETE FLOR DO LAR PT 680G,19250,680G,680.0,G,680.0,G,,Não,54,https://www.fortali.com.br/doce-leite-tablete-flor-do-lar-pt-680g-19250-1,2026-08-18 13:06:57,https://www.fortali.com.br/confeitaria?page=54,Pronto para comparar
Fortali Distribuidora,Confeitaria,"COB M AMARGO FRAC SICAO FACIL BARRA 2,1KG","COB M AMARGO FRAC SICAO FACIL BARRA 2,1KG",19435,"2,1KG",2.1,KG,2100.0,G,,Não,18,https://www.fortali.com.br/cob-m-amargo-frac-sicao-facil-barra-2-1kg-19435-1,2026-08-18 13:06:57,https://www.fortali.com.br/confeitaria?page=18,Pronto para comparar
Fortali Distribuidora,Confeitaria,"COB BRANCO FRAC SICAO FACIL BARRA 2,1KG","COB BRANCO FRAC SICAO FACIL BARRA 2,1KG",19436,"2,1KG",2.1,KG,2100.0,G,,Não,12,https://www.fortali.com.br/cob-branco-frac-sicao-facil-barra-21kg-19436-1,2026-08-18 13:06:57,https://www.fortali.com.br/confeitaria?page=12,Pronto para comparar
Fortali Distribuidora,Confeitaria,"COB AO LEITE FRAC SICAO FACIL BARRA 2,1KG","COB AO LEITE FRAC SICAO FACIL BARRA 2,1KG",19437,"2,1KG",2.1,KG,2100.0,G,,Não,54,https://www.fortali.com.br/cob-ao-leite-frac-sicao-facil-barra-2-1kg-19437-1,2026-08-18 13:06:57,https://www.fortali.com.br/confeitaria?page=54,Pronto para comparar
Fortali Distribuidora,Confeitaria,FORMA ESP TRAD CORAC LAPIDADA 200G,FORMA ESP TRAD CORAC LAPIDADA 200G,19463,200G,200.0,G,200.0,G,,Não,54,https://www.fortali.com.br/forma-esp-trad-corac-lapidada-200g-19463-1,2026-08-18 13:06:57,https://www.fortali.com.br/confeitaria?page=54,Pronto para comparar
Fortali Distribuidora,Confeitaria,FORMA ESP TRAD CORAC LAPIDADA 500G,FORMA ESP TRAD CORAC LAPIDADA 500G,19464,500G,500.0,G,500.0,G,,Não,54,https://www.fortali.com.br/forma-esp-trad-corac-lapidada-500g-19464-1,2026-08-18 13:06:57,https://www.fortali.com.br/confeitaria?page=54,Pronto para comparar
Fortali Distribuidora,Confeitaria,CHOC PO SOLUV NESTLE 200G,CHOC PO SOLUV NESTLE 200G,19578,200G,200.0,G,200.0,G,,Não,55,https://www.fortali.com.br/choc-po-soluv-nestle-200g-19578-1,2026-08-18 13:06:57,https://www.fortali.com.br/confeitaria?page=55,Pronto para comparar
Fortali Distribuidora,Confeitaria,CONFEITO MIÇANGA AZUL BABY MIL CORES 150G,CONFEITO MICANGA AZUL BABY MIL CORES 150G,19819,150G,150.0,G,150.0,G,,Não,55,https://www.fortali.com.br/confeito-micanga-azul-baby-mil-cores-150g-19819-1,2026-08-18 13:06:57,https://www.fortali.com.br/confeitaria?page=55,Pronto para comparar
Fortali Distribuidora,Confeitaria,CONFEITO MIÇANGA AZUL ROSA MIL CORES PACOTE 150G,CONFEITO MICANGA AZUL ROSA MIL CORES PACOTE 150G,19820,150G,150.0,G,150.0,G,,Não,55,https://www.fortali.com.br/confeito-micanga-azul-rosa-mil-cores-pacote-150g-19820-1,2026-08-18 13:06:57,https://www.fortali.com.br/confeitaria?page=55,Pronto para comparar
Fortali Distribuidora,Confeitaria,CX BOMBONS CHOC SORTIDOS GAROTO 250G,CX BOMBONS CHOC SORTIDOS GAROTO 250G,19836,250G,250.0,G,250.0,G,,Não,55,https://www.fortali.com.br/cx-bombons-choc-sortidos-garoto-250g-19836-1,2026-08-18 13:06:57,https://www.fortali.com.br/confeitaria?page=55,Pronto para comparar
Fortali Distribuidora,Confeitaria,CX BOMBONS ESPECIALIDADES NESTLE 251G,CX BOMBONS ESPECIALIDADES NESTLE 251G,19837,251G,251.0,G,251.0,G,,Não,55,https://www.fortali.com.br/cx-bombons-especialidades-nestle-251g-19837-1,2026-08-18 13:06:57,https://www.fortali.com.br/confeitaria?page=55,Pronto para comparar
Fortali Distribuidora,Confeitaria,CHOCOLATE GAROTO BATON AO LEITE 16G,CHOCOLATE GAROTO BATON AO LEITE 16G,19844,16G,16.0,G,16.0,G,,Não,2,https://www.fortali.com.br/chocolate-garoto-baton-ao-leite-16g-19844-1,2026-08-18 13:06:57,https://www.fortali.com.br/confeitaria?page=2,Pronto para comparar
Fortali Distribuidora,Confeitaria,"RECH E COB CHOC AO LEITE MELKEN HARALD 4,5KG","RECH E COB CHOC AO LEITE MELKEN HARALD 4,5KG",19884,"4,5KG",4.5,KG,4500.0,G,,Não,31,https://www.fortali.com.br/rech-e-cob-choc-ao-leite-melken-harald-45kg-19884-1,2026-08-18 13:06:57,https://www.fortali.com.br/confeitaria?page=31,Pronto para comparar
Fortali Distribuidora,Confeitaria,LEITE CONDENSADO SEMIDESNATADO ITAMBE CAIXA 395G,LEITE CONDENSADO SEMIDESNATADO ITAMBE CAIXA 395G,1992,395G,395.0,G,395.0,G,,Não,1,https://www.fortali.com.br/leite-condensado-semidesnatado-itambe-caixa-395g-1992-1,2026-08-18 13:06:57,https://www.fortali.com.br/confeitaria?page=1,Pronto para comparar
Fortali Distribuidora,Confeitaria,"COB BLEND FRAC SICAO FACIL BARRA 1,01KG","COB BLEND FRAC SICAO FACIL BARRA 1,01KG",19920,"1,01KG",1.01,KG,1010.0,G,,Não,4,https://www.fortali.com.br/cob-blend-frac-sicao-facil-barra-101kg-19920-1,2026-08-18 13:06:57,https://www.fortali.com.br/confeitaria?page=4,Pronto para comparar
Fortali Distribuidora,Confeitaria,DOCE DE LEITE AÚREA POTE 350G,DOCE DE LEITE AUREA POTE 350G,20009,350G,350.0,G,350.0,G,,Não,8,https://www.fortali.com.br/doce-de-leite-aurea-pote-350g-20009-1,2026-08-18 13:06:57,https://www.fortali.com.br/confeitaria?page=8,Pronto para comparar
Fortali Distribuidora,Confeitaria,DOCE DE LEITE AUREA POTE 950G,DOCE DE LEITE AUREA POTE 950G,20010,950G,950.0,G,950.0,G,,Não,6,https://www.fortali.com.br/doce-de-leite-aurea-pote-950g-20010-1,2026-08-18 13:06:57,https://www.fortali.com.br/confeitaria?page=6,Pronto para comparar
Fortali Distribuidora,Confeitaria,"DOCE DE LEITE PARA CONFEITARIA AUREA BALDE 4,5KG","DOCE DE LEITE PARA CONFEITARIA AUREA BALDE 4,5KG",20011,"4,5KG",4.5,KG,4500.0,G,,Não,5,https://www.fortali.com.br/doce-de-leite-para-confeitaria-aurea-balde-45kg-20011-1,2026-08-18 13:06:57,https://www.fortali.com.br/confeitaria?page=5,Pronto para comparar
Fortali Distribuidora,Confeitaria,"DOCE SORO DE LEITE AUREA BALDE 4,8KG","DOCE SORO DE LEITE AUREA BALDE 4,8KG",20012,"4,8KG",4.8,KG,4800.0,G,,Não,30,https://www.fortali.com.br/doce-soro-de-leite-aurea-balde-48kg-20012-1,2026-08-18 13:06:57,https://www.fortali.com.br/confeitaria?page=30,Pronto para comparar
Fortali Distribuidora,Confeitaria,"DOCE SORO DE LEITE AUREA BALDE 9,8KG","DOCE SORO DE LEITE AUREA BALDE 9,8KG",20013,"9,8KG",9.8,KG,9800.0,G,,Não,15,https://www.fortali.com.br/doce-soro-de-leite-aurea-balde-98kg-20013-1,2026-08-18 13:06:57,https://www.fortali.com.br/confeitaria?page=15,Pronto para comparar
Fortali Distribuidora,Confeitaria,"DOCE DE SORO DE LEITE COM CHOCOLATE AUREA 4,8KG","DOCE DE SORO DE LEITE COM CHOCOLATE AUREA 4,8KG",20014,"4,8KG",4.8,KG,4800.0,G,,Não,11,https://www.fortali.com.br/doce-de-soro-de-leite-com-chocolate-aurea-48kg-20014-1,2026-08-18 13:06:57,https://www.fortali.com.br/confeitaria?page=11,Pronto para comparar
Fortali Distribuidora,Confeitaria,"DOCE SORO DE LEITE COM CHOCOLATE AUREA BALDE 9,8KG","DOCE SORO DE LEITE COM CHOCOLATE AUREA BALDE 9,8KG",20015,"9,8KG",9.8,KG,9800.0,G,,Não,15,https://www.fortali.com.br/doce-soro-de-leite-com-chocolate-aurea-balde-98kg-20015-1,2026-08-18 13:06:57,https://www.fortali.com.br/confeitaria?page=15,Pronto para comparar
Fortali Distribuidora,Confeitaria,GELATINA PÓ INCOLOR MAVALÉRIO 24G,GELATINA PO INCOLOR MAVALERIO 24G,20028,24G,24.0,G,24.0,G,,Não,5,https://www.fortali.com.br/gelatina-po-incolor-mavalerio-24g-20028-1,2026-08-18 13:06:57,https://www.fortali.com.br/confeitaria?page=5,Pronto para comparar
Fortali Distribuidora,Confeitaria,"FORMA ALUM REBAIX 1,5CM REDONDA BALLERIN","FORMA ALUM REBAIX 1,5CM REDONDA BALLERIN",20071,,,,,,,Não,55,https://www.fortali.com.br/forma-alum-rebaix-15cm-redonda-ballerin-20071-1,2026-08-18 13:06:57,https://www.fortali.com.br/confeitaria?page=55,Revisar embalagem
Fortali Distribuidora,Confeitaria,CORANTE SOFTGEL AMARELO FAB 25G,CORANTE SOFTGEL AMARELO FAB 25G,20126,25G,25.0,G,25.0,G,,Não,35,https://www.fortali.com.br/corante-softgel-amarelo-fab-25g-20126-1,2026-08-18 13:06:57,https://www.fortali.com.br/confeitaria?page=35,Pronto para comparar
Fortali Distribuidora,Confeitaria,CORANTE SOFTGEL AMARELO GEMA FAB 25G,CORANTE SOFTGEL AMARELO GEMA FAB 25G,20127,25G,25.0,G,25.0,G,,Não,55,https://www.fortali.com.br/corante-softgel-amarelo-gema-fab-25g-20127-1,2026-08-18 13:06:57,https://www.fortali.com.br/confeitaria?page=55,Pronto para comparar
Fortali Distribuidora,Confeitaria,CORANTE AZUL SOFTGEL 25G,CORANTE AZUL SOFTGEL 25G,20128,25G,25.0,G,25.0,G,,Não,55,https://www.fortali.com.br/corante-azul-softgel-25g-20128-1,2026-08-18 13:06:57,https://www.fortali.com.br/confeitaria?page=55,Pronto para comparar
Fortali Distribuidora,Confeitaria,CORANTE AZUL MARINHO SOFTGEL 25G,CORANTE AZUL MARINHO SOFTGEL 25G,20129,25G,25.0,G,25.0,G,,Não,55,https://www.fortali.com.br/corante-azul-marinho-softgel-25g-20129-1,2026-08-18 13:06:57,https://www.fortali.com.br/confeitaria?page=55,Pronto para comparar
Fortali Distribuidora,Confeitaria,CORANTE AZUL TIFFANY SOFTGEL 25G,CORANTE AZUL TIFFANY SOFTGEL 25G,20130,25G,25.0,G,25.0,G,,Não,55,https://www.fortali.com.br/corante-azul-tiffany-softgel-25g-20130-1,2026-08-18 13:06:57,https://www.fortali.com.br/confeitaria?page=55,Pronto para comparar
Fortali Distribuidora,Confeitaria,CORANTE BRANCO SOFTGEL 25G,CORANTE BRANCO SOFTGEL 25G,20131,25G,25.0,G,25.0,G,,Não,35,https://www.fortali.com.br/corante-branco-softgel-25g-20131-1,2026-08-18 13:06:57,https://www.fortali.com.br/confeitaria?page=35,Pronto para comparar
Fortali Distribuidora,Confeitaria,CORANTE LARANJA SOFTGEL 25G,CORANTE LARANJA SOFTGEL 25G,20132,25G,25.0,G,25.0,G,,Não,55,https://www.fortali.com.br/corante-laranja-softgel-25g-20132-1,2026-08-18 13:06:57,https://www.fortali.com.br/confeitaria?page=55,Pronto para comparar
Fortali Distribuidora,Confeitaria,CORANTE  LILAS SOFTGEL 25G,CORANTE LILAS SOFTGEL 25G,20133,25G,25.0,G,25.0,G,,Não,55,https://www.fortali.com.br/corante-lilas-softgel-25g-20133-1,2026-08-18 13:06:57,https://www.fortali.com.br/confeitaria?page=55,Pronto para comparar
Fortali Distribuidora,Confeitaria,CORANTE MARROM SOFTGEL 25G,CORANTE MARROM SOFTGEL 25G,20134,25G,25.0,G,25.0,G,,Não,55,https://www.fortali.com.br/corante-marrom-softgel-25g-20134-1,2026-08-18 13:06:57,https://www.fortali.com.br/confeitaria?page=55,Pronto para comparar
Fortali Distribuidora,Confeitaria,CORANTE PINK SOFTGEL 25G,CORANTE PINK SOFTGEL 25G,20135,25G,25.0,G,25.0,G,,Não,55,https://www.fortali.com.br/corante-pink-softgel-25g-20135-1,2026-08-18 13:06:57,https://www.fortali.com.br/confeitaria?page=55,Pronto para comparar
Fortali Distribuidora,Confeitaria,CORANTE ROSA SOFTGEL 25G,CORANTE ROSA SOFTGEL 25G,20136,25G,25.0,G,25.0,G,,Não,55,https://www.fortali.com.br/corante-rosa-softgel-25g-20136-1,2026-08-18 13:06:57,https://www.fortali.com.br/confeitaria?page=55,Pronto para comparar
Fortali Distribuidora,Confeitaria,CORANTE ROSA SECO SOFTGEL 25G,CORANTE ROSA SECO SOFTGEL 25G,20137,25G,25.0,G,25.0,G,,Não,55,https://www.fortali.com.br/corante-rosa-seco-softgel-25g-20137-1,2026-08-18 13:06:57,https://www.fortali.com.br/confeitaria?page=55,Pronto para comparar
Fortali Distribuidora,Confeitaria,CORANTE ROXO SOFTGEL 25G,CORANTE ROXO SOFTGEL 25G,20138,25G,25.0,G,25.0,G,,Não,55,https://www.fortali.com.br/corante-roxo-softgel-25g-20138-1,2026-08-18 13:06:57,https://www.fortali.com.br/confeitaria?page=55,Pronto para comparar
Fortali Distribuidora,Confeitaria,CORANTE SALMAO SOFTGEL 25G,CORANTE SALMAO SOFTGEL 25G,20139,25G,25.0,G,25.0,G,,Não,55,https://www.fortali.com.br/corante-salmao-softgel-25g-20139-1,2026-08-18 13:06:57,https://www.fortali.com.br/confeitaria?page=55,Pronto para comparar
Fortali Distribuidora,Confeitaria,CORANTE SUPER PRETO SOFTGEL 25G,CORANTE SUPER PRETO SOFTGEL 25G,20140,25G,25.0,G,25.0,G,,Não,35,https://www.fortali.com.br/corante-super-preto-softgel-25g-20140-1,2026-08-18 13:06:57,https://www.fortali.com.br/confeitaria?page=35,Pronto para comparar
Fortali Distribuidora,Confeitaria,CORANTE SUPER VERMELHO SOFTGEL 25G,CORANTE SUPER VERMELHO SOFTGEL 25G,20141,25G,25.0,G,25.0,G,,Não,55,https://www.fortali.com.br/corante-super-vermelho-softgel-25g-20141-1,2026-08-18 13:06:57,https://www.fortali.com.br/confeitaria?page=55,Pronto para comparar
Fortali Distribuidora,Confeitaria,CORANTE VERDE SOFTGEL 25G,CORANTE VERDE SOFTGEL 25G,20142,25G,25.0,G,25.0,G,,Não,35,https://www.fortali.com.br/corante-verde-softgel-25g-20142-1,2026-08-18 13:06:57,https://www.fortali.com.br/confeitaria?page=35,Pronto para comparar
Fortali Distribuidora,Confeitaria,CORANTE VERDE FOLHA SOFTGEL 25G,CORANTE VERDE FOLHA SOFTGEL 25G,20143,25G,25.0,G,25.0,G,,Não,34,https://www.fortali.com.br/corante-verde-folha-softgel-25g-20143-1,2026-08-18 13:06:57,https://www.fortali.com.br/confeitaria?page=34,Pronto para comparar
Fortali Distribuidora,Confeitaria,CORANTE VERDE LIMAO SOFTGEL 25G,CORANTE VERDE LIMAO SOFTGEL 25G,20144,25G,25.0,G,25.0,G,,Não,55,https://www.fortali.com.br/corante-verde-limao-softgel-25g-20144-1,2026-08-18 13:06:57,https://www.fortali.com.br/confeitaria?page=55,Pronto para comparar
Fortali Distribuidora,Confeitaria,CORANTE VERDE MENTA SOFTGEL 25G,CORANTE VERDE MENTA SOFTGEL 25G,20145,25G,25.0,G,25.0,G,,Não,55,https://www.fortali.com.br/corante-verde-menta-softgel-25g-20145-1,2026-08-18 13:06:57,https://www.fortali.com.br/confeitaria?page=55,Pronto para comparar
Fortali Distribuidora,Confeitaria,CORANTE VERMELHO NATAL SOFTGEL FAB 25G,CORANTE VERMELHO NATAL SOFTGEL FAB 25G,20146,25G,25.0,G,25.0,G,,Não,35,https://www.fortali.com.br/corante-vermelho-natal-softgel-fab-25g-20146-1,2026-08-18 13:06:57,https://www.fortali.com.br/confeitaria?page=35,Pronto para comparar
Fortali Distribuidora,Confeitaria,CORANTE VERMELHO RUBI SOFTGEL 25G,CORANTE VERMELHO RUBI SOFTGEL 25G,20147,25G,25.0,G,25.0,G,,Não,55,https://www.fortali.com.br/corante-vermelho-rubi-softgel-25g-20147-1,2026-08-18 13:06:57,https://www.fortali.com.br/confeitaria?page=55,Pronto para comparar
Fortali Distribuidora,Confeitaria,CORANTE AMARELO NEOCOLOR 25G,CORANTE AMARELO NEOCOLOR 25G,20149,25G,25.0,G,25.0,G,,Não,55,https://www.fortali.com.br/corante-amarelo-neocolor-25g-20149-1,2026-08-18 13:06:57,https://www.fortali.com.br/confeitaria?page=55,Pronto para comparar
Fortali Distribuidora,Confeitaria,CORANTE AMARELO GEMA NEOCOLOR 25G,CORANTE AMARELO GEMA NEOCOLOR 25G,20150,25G,25.0,G,25.0,G,,Não,55,https://www.fortali.com.br/corante-amarelo-gema-neocolor-25g-20150-1,2026-08-18 13:06:57,https://www.fortali.com.br/confeitaria?page=55,Pronto para comparar
Fortali Distribuidora,Confeitaria,CORANTE AZUL NEOCOLOR 25G,CORANTE AZUL NEOCOLOR 25G,20151,25G,25.0,G,25.0,G,,Não,56,https://www.fortali.com.br/corante-azul-neocolor-25g-20151-1,2026-08-18 13:06:57,https://www.fortali.com.br/confeitaria?page=56,Pronto para comparar
Fortali Distribuidora,Confeitaria,CORANTE AZUL MARINHO NEOCOLOR 25G,CORANTE AZUL MARINHO NEOCOLOR 25G,20152,25G,25.0,G,25.0,G,,Não,56,https://www.fortali.com.br/corante-azul-marinho-neocolor-25g-20152-1,2026-08-18 13:06:57,https://www.fortali.com.br/confeitaria?page=56,Pronto para comparar
Fortali Distribuidora,Confeitaria,CORANTE AZUL TIFFANY NEOCOLOR 25G,CORANTE AZUL TIFFANY NEOCOLOR 25G,20153,25G,25.0,G,25.0,G,,Não,56,https://www.fortali.com.br/corante-azul-tiffany-neocolor-25g-20153-1,2026-08-18 13:06:57,https://www.fortali.com.br/confeitaria?page=56,Pronto para comparar
Fortali Distribuidora,Confeitaria,CORANTE LARANJA NEOCOLOR 25G,CORANTE LARANJA NEOCOLOR 25G,20154,25G,25.0,G,25.0,G,,Não,56,https://www.fortali.com.br/corante-laranja-neocolor-25g-20154-1,2026-08-18 13:06:57,https://www.fortali.com.br/confeitaria?page=56,Pronto para comparar
Fortali Distribuidora,Confeitaria,CORANTE BRANCO NEOCOLOR 25G,CORANTE BRANCO NEOCOLOR 25G,20155,25G,25.0,G,25.0,G,,Não,56,https://www.fortali.com.br/corante-branco-neocolor-25g-20155-1,2026-08-18 13:06:57,https://www.fortali.com.br/confeitaria?page=56,Pronto para comparar
Fortali Distribuidora,Confeitaria,CORANTE MARROM NEOCOLOR 25G,CORANTE MARROM NEOCOLOR 25G,20156,25G,25.0,G,25.0,G,,Não,56,https://www.fortali.com.br/corante-marrom-neocolor-25g-20156-1,2026-08-18 13:06:57,https://www.fortali.com.br/confeitaria?page=56,Pronto para comparar
Fortali Distribuidora,Confeitaria,CORANTE LILAS NEOCOLOR 25G,CORANTE LILAS NEOCOLOR 25G,20157,25G,25.0,G,25.0,G,,Não,56,https://www.fortali.com.br/corante-lilas-neocolor-25g-20157-1,2026-08-18 13:06:57,https://www.fortali.com.br/confeitaria?page=56,Pronto para comparar
Fortali Distribuidora,Confeitaria,CORANTE PINK NEOCOLOR 25G,CORANTE PINK NEOCOLOR 25G,20158,25G,25.0,G,25.0,G,,Não,56,https://www.fortali.com.br/corante-pink-neocolor-25g-20158-1,2026-08-18 13:06:57,https://www.fortali.com.br/confeitaria?page=56,Pronto para comparar
Fortali Distribuidora,Confeitaria,CORANTE ROSA NEOCOLOR 25G,CORANTE ROSA NEOCOLOR 25G,20159,25G,25.0,G,25.0,G,,Não,56,https://www.fortali.com.br/corante-rosa-neocolor-25g-20159-1,2026-08-18 13:06:57,https://www.fortali.com.br/confeitaria?page=56,Pronto para comparar
Fortali Distribuidora,Confeitaria,CORANTE ROSA SECO NEOCOLOR 25G,CORANTE ROSA SECO NEOCOLOR 25G,20160,25G,25.0,G,25.0,G,,Não,56,https://www.fortali.com.br/corante-rosa-seco-neocolor-25g-20160-1,2026-08-18 13:06:57,https://www.fortali.com.br/confeitaria?page=56,Pronto para comparar
Fortali Distribuidora,Confeitaria,CORANTE ROXO NEOCOLOR 25G,CORANTE ROXO NEOCOLOR 25G,20161,25G,25.0,G,25.0,G,,Não,56,https://www.fortali.com.br/corante-roxo-neocolor-25g-20161-1,2026-08-18 13:06:57,https://www.fortali.com.br/confeitaria?page=56,Pronto para comparar
Fortali Distribuidora,Confeitaria,CORANTE SALMAO NEOCOLOR 25G,CORANTE SALMAO NEOCOLOR 25G,20162,25G,25.0,G,25.0,G,,Não,56,https://www.fortali.com.br/corante-salmao-neocolor-25g-20162-1,2026-08-18 13:06:57,https://www.fortali.com.br/confeitaria?page=56,Pronto para comparar
Fortali Distribuidora,Confeitaria,CORANTE SUPER PRETO NEOCOLOR 25G,CORANTE SUPER PRETO NEOCOLOR 25G,20163,25G,25.0,G,25.0,G,,Não,56,https://www.fortali.com.br/corante-super-preto-neocolor-25g-20163-1,2026-08-18 13:06:57,https://www.fortali.com.br/confeitaria?page=56,Pronto para comparar
Fortali Distribuidora,Confeitaria,CORANTE SUPER VERMELHO NEOCOLOR 25G,CORANTE SUPER VERMELHO NEOCOLOR 25G,20164,25G,25.0,G,25.0,G,,Não,56,https://www.fortali.com.br/corante-super-vermelho-neocolor-25g-20164-1,2026-08-18 13:06:57,https://www.fortali.com.br/confeitaria?page=56,Pronto para comparar
Fortali Distribuidora,Confeitaria,CORANTE VERDE NEOCOLOR 25G,CORANTE VERDE NEOCOLOR 25G,20165,25G,25.0,G,25.0,G,,Não,56,https://www.fortali.com.br/corante-verde-neocolor-25g-20165-1,2026-08-18 13:06:57,https://www.fortali.com.br/confeitaria?page=56,Pronto para comparar
Fortali Distribuidora,Confeitaria,CORANTE VERDE FOLHA NEOCOLOR 25G,CORANTE VERDE FOLHA NEOCOLOR 25G,20166,25G,25.0,G,25.0,G,,Não,56,https://www.fortali.com.br/corante-verde-folha-neocolor-25g-20166-1,2026-08-18 13:06:57,https://www.fortali.com.br/confeitaria?page=56,Pronto para comparar
Fortali Distribuidora,Confeitaria,CORANTE VERDE LIMAO NEOCOLOR 25G,CORANTE VERDE LIMAO NEOCOLOR 25G,20167,25G,25.0,G,25.0,G,,Não,56,https://www.fortali.com.br/corante-verde-limao-neocolor-25g-20167-1,2026-08-18 13:06:57,https://www.fortali.com.br/confeitaria?page=56,Pronto para comparar
Fortali Distribuidora,Confeitaria,CORANTE VERDE MENTA NEOCOLOR 25G,CORANTE VERDE MENTA NEOCOLOR 25G,20169,25G,25.0,G,25.0,G,,Não,56,https://www.fortali.com.br/corante-verde-menta-neocolor-25g-20169-1,2026-08-18 13:06:57,https://www.fortali.com.br/confeitaria?page=56,Pronto para comparar
Fortali Distribuidora,Confeitaria,CORANTE VERMELHO NATAL NEOCOLOR 25G,CORANTE VERMELHO NATAL NEOCOLOR 25G,20170,25G,25.0,G,25.0,G,,Não,56,https://www.fortali.com.br/corante-vermelho-natal-neocolor-25g-20170-1,2026-08-18 13:06:57,https://www.fortali.com.br/confeitaria?page=56,Pronto para comparar
Fortali Distribuidora,Confeitaria,CORANTE VERMELHO RUBI NEOCOLOR 25G,CORANTE VERMELHO RUBI NEOCOLOR 25G,20171,25G,25.0,G,25.0,G,,Não,56,https://www.fortali.com.br/corante-vermelho-rubi-neocolor-25g-20171-1,2026-08-18 13:06:57,https://www.fortali.com.br/confeitaria?page=56,Pronto para comparar
Fortali Distribuidora,Confeitaria,EMBALAGEM P/DOCE TRANSP FLIP PCT 50UN,EMBALAGEM P DOCE TRANSP FLIP PCT 50UN,20172,,,,,,,Não,56,https://www.fortali.com.br/embalagem-pdoce-transp-flip-pct-50un-20172-1,2026-08-18 13:06:57,https://www.fortali.com.br/confeitaria?page=56,Revisar embalagem
Fortali Distribuidora,Confeitaria,"DOCE C/CHOC CHOCAU AUREA BISN 1,01KG","DOCE C CHOC CHOCAU AUREA BISN 1,01KG",20211,"1,01KG",1.01,KG,1010.0,G,,Não,56,https://www.fortali.com.br/doce-cchoc-chocau-aurea-bisn-101kg-20211-1,2026-08-18 13:06:57,https://www.fortali.com.br/confeitaria?page=56,Pronto para comparar
Fortali Distribuidora,Confeitaria,"DOCE LEITE PARA CONFEITAR AUREA BISNAGA 1,01KG","DOCE LEITE PARA CONFEITAR AUREA BISNAGA 1,01KG",20212,"1,01KG",1.01,KG,1010.0,G,,Não,13,https://www.fortali.com.br/doce-leite-para-confeitar-aurea-bisnaga-101kg-20212-1,2026-08-18 13:06:57,https://www.fortali.com.br/confeitaria?page=13,Pronto para comparar
Fortali Distribuidora,Confeitaria,BRIGADEIRO DE COLHER AUREA BISNAGA KG,BRIGADEIRO DE COLHER AUREA BISNAGA KG,20213,,,,,,,Não,13,https://www.fortali.com.br/brigadeiro-de-colher-aurea-bisnaga-kg-20213-1,2026-08-18 13:06:57,https://www.fortali.com.br/confeitaria?page=13,Revisar embalagem
Fortali Distribuidora,Confeitaria,CEREAL MINI COM COBERTURA DE CHOCOLATE BRANCO VABENE PACOTE ...,CEREAL MINI COM COBERTURA DE CHOCOLATE BRANCO VABENE PACOTE ...,20222,,,,,,,Não,35,https://www.fortali.com.br/cereal-mini-com-cobertura-de-chocolate-branco-vabene-pacote-500g-20222-1,2026-08-18 13:06:57,https://www.fortali.com.br/confeitaria?page=35,Revisar embalagem
Fortali Distribuidora,Confeitaria,CREME DE AVELA COM CACAU 3KG VABENE,CREME DE AVELA COM CACAU 3KG VABENE,20224,3KG,3.0,KG,3000.0,G,,Não,32,https://www.fortali.com.br/creme-de-avela-com-cacau-3kg-vabene-20224-1,2026-08-18 13:06:57,https://www.fortali.com.br/confeitaria?page=32,Pronto para comparar
Fortali Distribuidora,Confeitaria,"CREME AVELA C/CACAU VABENE PT 1,01KG","CREME AVELA C CACAU VABENE PT 1,01KG",20225,"1,01KG",1.01,KG,1010.0,G,,Não,33,https://www.fortali.com.br/creme-avela-ccacau-vabene-pt-101kg-20225-1,2026-08-18 13:06:57,https://www.fortali.com.br/confeitaria?page=33,Pronto para comparar
Fortali Distribuidora,Confeitaria,"CREME DE AVELA COM CACAU 1,010KG VABENE","CREME DE AVELA COM CACAU 1,010KG VABENE",20226,"1,010KG",1.01,KG,1010.0,G,,Não,33,https://www.fortali.com.br/creme-de-avela-com-cacau-1-010kg-vabene-20226-1,2026-08-18 13:06:57,https://www.fortali.com.br/confeitaria?page=33,Pronto para comparar
Fortali Distribuidora,Confeitaria,"RECH FORN DOCE DE LEITE VABENE 1,01KG","RECH FORN DOCE DE LEITE VABENE 1,01KG",20228,"1,01KG",1.01,KG,1010.0,G,,Não,7,https://www.fortali.com.br/rech-forn-doce-de-leite-vabene-101kg-20228-1,2026-08-18 13:06:57,https://www.fortali.com.br/confeitaria?page=7,Pronto para comparar
Fortali Distribuidora,Confeitaria,PO P/DECOR DOURADO SUGAR ART 5G,PO P DECOR DOURADO SUGAR ART 5G,20229,5G,5.0,G,5.0,G,,Não,35,https://www.fortali.com.br/po-p-decor-dourado-sugar-art-5g-20229-1,2026-08-18 13:06:57,https://www.fortali.com.br/confeitaria?page=35,Pronto para comparar
Fortali Distribuidora,Confeitaria,PO P/DECOR PEROLADO SUGAR ART 3G,PO P DECOR PEROLADO SUGAR ART 3G,20230,3G,3.0,G,3.0,G,,Não,56,https://www.fortali.com.br/po-p-decor-perolado-sugar-art-3g-20230-1,2026-08-18 13:06:57,https://www.fortali.com.br/confeitaria?page=56,Pronto para comparar
Fortali Distribuidora,Confeitaria,PO P/DECOR PRATEADO SUGAR ART 3G,PO P DECOR PRATEADO SUGAR ART 3G,20231,3G,3.0,G,3.0,G,,Não,56,https://www.fortali.com.br/po-p-decor-prateado-sugar-art-3g-20231-1,2026-08-18 13:06:57,https://www.fortali.com.br/confeitaria?page=56,Pronto para comparar
Fortali Distribuidora,Confeitaria,PO P/DECOR PISCA SUGAR ART 3G,PO P DECOR PISCA SUGAR ART 3G,20232,3G,3.0,G,3.0,G,,Não,57,https://www.fortali.com.br/po-p-decor-pisca-sugar-art-3g-20232-1,2026-08-18 13:06:57,https://www.fortali.com.br/confeitaria?page=57,Pronto para comparar
Fortali Distribuidora,Confeitaria,PO P/DECOR COBRE SUGAR ART 3G,PO P DECOR COBRE SUGAR ART 3G,20233,3G,3.0,G,3.0,G,,Não,57,https://www.fortali.com.br/po-p-decor-cobre-sugar-art-3g-20233-1,2026-08-18 13:06:57,https://www.fortali.com.br/confeitaria?page=57,Pronto para comparar
Fortali Distribuidora,Confeitaria,PO P/DECOR NACARADO OURO SUGAR ART 5G,PO P DECOR NACARADO OURO SUGAR ART 5G,20234,5G,5.0,G,5.0,G,,Não,57,https://www.fortali.com.br/po-p-decor-nacarado-ouro-sugar-art-5g-20234-1,2026-08-18 13:06:57,https://www.fortali.com.br/confeitaria?page=57,Pronto para comparar
Fortali Distribuidora,Confeitaria,PO P/DECOR VDE FOLHA SUGAR ART 3G,PO P DECOR VDE FOLHA SUGAR ART 3G,20235,3G,3.0,G,3.0,G,,Não,57,https://www.fortali.com.br/po-p-decor-vde-folha-sugar-art-3g-20235-1,2026-08-18 13:06:57,https://www.fortali.com.br/confeitaria?page=57,Pronto para comparar
Fortali Distribuidora,Confeitaria,PO P/DECOR AMAR DAMASCO SUGAR ART 3G,PO P DECOR AMAR DAMASCO SUGAR ART 3G,20236,3G,3.0,G,3.0,G,,Não,57,https://www.fortali.com.br/po-p-decor-amar-damasco-sugar-art-3g-20236-1,2026-08-18 13:06:57,https://www.fortali.com.br/confeitaria?page=57,Pronto para comparar
Fortali Distribuidora,Confeitaria,PO P/DECOR VDE LIMAO SUGAR ART 3G,PO P DECOR VDE LIMAO SUGAR ART 3G,20237,3G,3.0,G,3.0,G,,Não,57,https://www.fortali.com.br/po-p-decor-vde-limao-sugar-art-3g-20237-1,2026-08-18 13:06:57,https://www.fortali.com.br/confeitaria?page=57,Pronto para comparar
Fortali Distribuidora,Confeitaria,PO P/DECOR VERM MORANGO SUGAR ART 3G,PO P DECOR VERM MORANGO SUGAR ART 3G,20238,3G,3.0,G,3.0,G,,Não,57,https://www.fortali.com.br/po-p-decor-verm-morango-sugar-art-3g-20238-1,2026-08-18 13:06:57,https://www.fortali.com.br/confeitaria?page=57,Pronto para comparar
Fortali Distribuidora,Confeitaria,PO P/DECOR ROSA PETALA SUGAR ART 3G,PO P DECOR ROSA PETALA SUGAR ART 3G,20239,3G,3.0,G,3.0,G,,Não,57,https://www.fortali.com.br/po-p-decor-rosa-petala-sugar-art-3g-20239-1,2026-08-18 13:06:57,https://www.fortali.com.br/confeitaria?page=57,Pronto para comparar
Fortali Distribuidora,Confeitaria,PO P/DECOR PINK SUGAR ART 3G,PO P DECOR PINK SUGAR ART 3G,20240,3G,3.0,G,3.0,G,,Não,57,https://www.fortali.com.br/po-p-decor-pink-sugar-art-3g-20240-1,2026-08-18 13:06:57,https://www.fortali.com.br/confeitaria?page=57,Pronto para comparar
Fortali Distribuidora,Confeitaria,PO P/DECOR AZUL ROYAL SUGAR ART 3G,PO P DECOR AZUL ROYAL SUGAR ART 3G,20241,3G,3.0,G,3.0,G,,Não,57,https://www.fortali.com.br/po-p-decor-azul-royal-sugar-art-3g-20241-1,2026-08-18 13:06:57,https://www.fortali.com.br/confeitaria?page=57,Pronto para comparar
Fortali Distribuidora,Confeitaria,PO P/DECOR AZUL TURQUESA SUGAR ART 3G,PO P DECOR AZUL TURQUESA SUGAR ART 3G,20242,3G,3.0,G,3.0,G,,Não,57,https://www.fortali.com.br/po-p-decor-azul-turquesa-sugar-art-3g-20242-1,2026-08-18 13:06:57,https://www.fortali.com.br/confeitaria?page=57,Pronto para comparar
Fortali Distribuidora,Confeitaria,PO P/DECOR LILAS SUGAR ART 3G,PO P DECOR LILAS SUGAR ART 3G,20243,3G,3.0,G,3.0,G,,Não,57,https://www.fortali.com.br/po-p-decor-lilas-sugar-art-3g-20243-1,2026-08-18 13:06:57,https://www.fortali.com.br/confeitaria?page=57,Pronto para comparar
Fortali Distribuidora,Confeitaria,PO P/DECOR OURO ROSE SUGAR ART 5G,PO P DECOR OURO ROSE SUGAR ART 5G,20244,5G,5.0,G,5.0,G,,Não,57,https://www.fortali.com.br/po-p-decor-ouro-rose-sugar-art-5g-20244-1,2026-08-18 13:06:57,https://www.fortali.com.br/confeitaria?page=57,Pronto para comparar
Fortali Distribuidora,Confeitaria,PO P/DECOR MARSALA SUGAR ART 3G,PO P DECOR MARSALA SUGAR ART 3G,20246,3G,3.0,G,3.0,G,,Não,57,https://www.fortali.com.br/po-p-decor-marsala-sugar-art-3g-20246-1,2026-08-18 13:06:57,https://www.fortali.com.br/confeitaria?page=57,Pronto para comparar
Fortali Distribuidora,Confeitaria,PO P/DECOR PRETO SUGAR ART 3G,PO P DECOR PRETO SUGAR ART 3G,20249,3G,3.0,G,3.0,G,,Não,57,https://www.fortali.com.br/po-p-decor-preto-sugar-art-3g-20249-1,2026-08-18 13:06:57,https://www.fortali.com.br/confeitaria?page=57,Pronto para comparar
Fortali Distribuidora,Confeitaria,PESSEGO EM CALDAS OLE 450G,PESSEGO EM CALDAS OLE 450G,2025,450G,450.0,G,450.0,G,,Não,4,https://www.fortali.com.br/pessego-em-caldas-ole-450g-2025-1,2026-08-18 13:06:57,https://www.fortali.com.br/confeitaria?page=4,Pronto para comparar
Fortali Distribuidora,Confeitaria,PO P/DECOR BRONZE SUGAR ART 3G,PO P DECOR BRONZE SUGAR ART 3G,20250,3G,3.0,G,3.0,G,,Não,57,https://www.fortali.com.br/po-p-decor-bronze-sugar-art-3g-20250-1,2026-08-18 13:06:57,https://www.fortali.com.br/confeitaria?page=57,Pronto para comparar
Fortali Distribuidora,Confeitaria,GLITTER P/DECOR PEROLA SUGAR ART 5G,GLITTER P DECOR PEROLA SUGAR ART 5G,20251,5G,5.0,G,5.0,G,,Não,57,https://www.fortali.com.br/glitter-p-decor-perola-sugar-art-5g-20251-1,2026-08-18 13:06:57,https://www.fortali.com.br/confeitaria?page=57,Pronto para comparar
Fortali Distribuidora,Confeitaria,GLITTER P/DECOR AZUL SUGAR ART 5G,GLITTER P DECOR AZUL SUGAR ART 5G,20253,5G,5.0,G,5.0,G,,Não,57,https://www.fortali.com.br/glitter-p-decor-azul-sugar-art-5g-20253-1,2026-08-18 13:06:57,https://www.fortali.com.br/confeitaria?page=57,Pronto para comparar
Fortali Distribuidora,Confeitaria,GLITTER P/DECOR LILAS SUGAR ART 5G,GLITTER P DECOR LILAS SUGAR ART 5G,20254,5G,5.0,G,5.0,G,,Não,57,https://www.fortali.com.br/glitter-p-decor-lilas-sugar-art-5g-20254-1,2026-08-18 13:06:57,https://www.fortali.com.br/confeitaria?page=57,Pronto para comparar
Fortali Distribuidora,Confeitaria,GLITTER P/DECOR NUDE ROSE SUGAR ART 5G,GLITTER P DECOR NUDE ROSE SUGAR ART 5G,20255,5G,5.0,G,5.0,G,,Não,57,https://www.fortali.com.br/glitter-p-decor-nude-rose-sugar-art-5g-20255-1,2026-08-18 13:06:57,https://www.fortali.com.br/confeitaria?page=57,Pronto para comparar
Fortali Distribuidora,Confeitaria,GLITTER P/DECOR MAGENTA SUGAR ART 5G,GLITTER P DECOR MAGENTA SUGAR ART 5G,20256,5G,5.0,G,5.0,G,,Não,57,https://www.fortali.com.br/glitter-p-decor-magenta-sugar-art-5g-20256-1,2026-08-18 13:06:57,https://www.fortali.com.br/confeitaria?page=57,Pronto para comparar
Fortali Distribuidora,Confeitaria,GLITTER P/DECOR OURO SUGAR ART 5G,GLITTER P DECOR OURO SUGAR ART 5G,20257,5G,5.0,G,5.0,G,,Não,57,https://www.fortali.com.br/glitter-p-decor-ouro-sugar-art-5g-20257-1,2026-08-18 13:06:57,https://www.fortali.com.br/confeitaria?page=57,Pronto para comparar
Fortali Distribuidora,Confeitaria,GLITTER P/DECOR PRETO SUGAR ART 5G,GLITTER P DECOR PRETO SUGAR ART 5G,20258,5G,5.0,G,5.0,G,,Não,57,https://www.fortali.com.br/glitter-p-decor-preto-sugar-art-5g-20258-1,2026-08-18 13:06:57,https://www.fortali.com.br/confeitaria?page=57,Pronto para comparar
Fortali Distribuidora,Confeitaria,GLITTER P/DECOR ROXO SUGAR ART 5G,GLITTER P DECOR ROXO SUGAR ART 5G,20259,5G,5.0,G,5.0,G,,Não,57,https://www.fortali.com.br/glitter-p-decor-roxo-sugar-art-5g-20259-1,2026-08-18 13:06:57,https://www.fortali.com.br/confeitaria?page=57,Pronto para comparar
Fortali Distribuidora,Confeitaria,FIGO EM CALDAS OLE 400G,FIGO EM CALDAS OLE 400G,2026,400G,400.0,G,400.0,G,,Não,31,https://www.fortali.com.br/figo-em-caldas-ole-400g-2026-1,2026-08-18 13:06:57,https://www.fortali.com.br/confeitaria?page=31,Pronto para comparar
Fortali Distribuidora,Confeitaria,GLITTER P/DECOR VDE SUGAR ART 5G,GLITTER P DECOR VDE SUGAR ART 5G,20260,5G,5.0,G,5.0,G,,Não,58,https://www.fortali.com.br/glitter-p-decor-vde-sugar-art-5g-20260-1,2026-08-18 13:06:57,https://www.fortali.com.br/confeitaria?page=58,Pronto para comparar
Fortali Distribuidora,Confeitaria,GLITTER P/DECOR VERM SUGAR ART 5G,GLITTER P DECOR VERM SUGAR ART 5G,20261,5G,5.0,G,5.0,G,,Não,58,https://www.fortali.com.br/glitter-p-decor-verm-sugar-art-5g-20261-1,2026-08-18 13:06:57,https://www.fortali.com.br/confeitaria?page=58,Pronto para comparar
Fortali Distribuidora,Confeitaria,COMP ALCOOLICO ARTESANAL SUGAR ART 270ML,COMP ALCOOLICO ARTESANAL SUGAR ART 270ML,20262,270ML,270.0,ML,270.0,ML,,Não,22,https://www.fortali.com.br/comp-alcoolico-artesanal-sugar-art-270ml-20262-1,2026-08-18 13:06:57,https://www.fortali.com.br/confeitaria?page=22,Pronto para comparar
Fortali Distribuidora,Confeitaria,"CHOC EM PO 33% SICAO PCT 1,01KG","CHOC EM PO 33% SICAO PCT 1,01KG",20269,"1,01KG",1.01,KG,1010.0,G,,Não,12,https://www.fortali.com.br/choc-em-po-33-sicao-pct-1-01kg-20269-1,2026-08-18 13:06:57,https://www.fortali.com.br/confeitaria?page=12,Pronto para comparar
Fortali Distribuidora,Confeitaria,ABACAXI EM RODELAS OLE 400G,ABACAXI EM RODELAS OLE 400G,2027,400G,400.0,G,400.0,G,,Não,58,https://www.fortali.com.br/abacaxi-em-rodelas-ole-400g-2027-1,2026-08-18 13:06:57,https://www.fortali.com.br/confeitaria?page=58,Pronto para comparar
Fortali Distribuidora,Confeitaria,CHOCOLATE PO 50% SICAO 300G,CHOCOLATE PO 50% SICAO 300G,20270,300G,300.0,G,300.0,G,,Não,34,https://www.fortali.com.br/chocolate-po-50-sicao-300g-20270-1,2026-08-18 13:06:57,https://www.fortali.com.br/confeitaria?page=34,Pronto para comparar
Fortali Distribuidora,Confeitaria,"CHOCOLATE EM PÓ 32% CACAU FOODS 1,005KG","CHOCOLATE EM PO 32% CACAU FOODS 1,005KG",20275,"1,005KG",1.005,KG,1005.0,G,,Não,58,https://www.fortali.com.br/chocolate-em-po-32-cacau-foods-1005kg-20275-1,2026-08-18 13:06:57,https://www.fortali.com.br/confeitaria?page=58,Pronto para comparar
Fortali Distribuidora,Confeitaria,"CHOCOLATE EM PÓ 50% CACAU DECORA 1,05KG","CHOCOLATE EM PO 50% CACAU DECORA 1,05KG",20276,"1,05KG",1.05,KG,1050.0,G,,Não,29,https://www.fortali.com.br/chocolate-em-po-50-cacau-decora-105kg-20276-1,2026-08-18 13:06:57,https://www.fortali.com.br/confeitaria?page=29,Pronto para comparar
Fortali Distribuidora,Confeitaria,ACUCAR CRISTAL AMARELO MIX 500G,ACUCAR CRISTAL AMARELO MIX 500G,20297,500G,500.0,G,500.0,G,,Não,58,https://www.fortali.com.br/acucar-cristal-amarelo-mix-500g-20297-1,2026-08-18 13:06:57,https://www.fortali.com.br/confeitaria?page=58,Pronto para comparar
Fortali Distribuidora,Confeitaria,ACUCAR CONF VERMELHO MIX 500G,ACUCAR CONF VERMELHO MIX 500G,20301,500G,500.0,G,500.0,G,,Não,58,https://www.fortali.com.br/acucar-conf-vermelho-mix-500g-20301-1,2026-08-18 13:06:57,https://www.fortali.com.br/confeitaria?page=58,Pronto para comparar
Fortali Distribuidora,Confeitaria,CONFEITO MIÇANGA 8 CORES MIX 500G,CONFEITO MICANGA 8 CORES MIX 500G,20302,500G,500.0,G,500.0,G,,Não,58,https://www.fortali.com.br/confeito-micanga-8-cores-mix-500g-20302-1,2026-08-18 13:06:57,https://www.fortali.com.br/confeitaria?page=58,Pronto para comparar
Fortali Distribuidora,Confeitaria,CONFEITO MIÇANGA AZUL BEBÊ MIX 500G,CONFEITO MICANGA AZUL BEBE MIX 500G,20303,500G,500.0,G,500.0,G,,Não,58,https://www.fortali.com.br/confeito-micanga-azul-bebe-mix-500g-20303-1,2026-08-18 13:06:57,https://www.fortali.com.br/confeitaria?page=58,Pronto para comparar
Fortali Distribuidora,Confeitaria,CONF MICANGA BRANCO MIX 500G,CONF MICANGA BRANCO MIX 500G,20304,500G,500.0,G,500.0,G,,Não,33,https://www.fortali.com.br/conf-micanga-branco-mix-500g-20304-1,2026-08-18 13:06:57,https://www.fortali.com.br/confeitaria?page=33,Pronto para comparar
Fortali Distribuidora,Confeitaria,CONF MICANGA BRIGAD MIX 500G,CONF MICANGA BRIGAD MIX 500G,20305,500G,500.0,G,500.0,G,,Não,35,https://www.fortali.com.br/conf-micanga-brigad-mix-500g-20305-1,2026-08-18 13:06:57,https://www.fortali.com.br/confeitaria?page=35,Pronto para comparar
Fortali Distribuidora,Confeitaria,CONFEITO MIÇANGA ROSA BEBE MIX 500G,CONFEITO MICANGA ROSA BEBE MIX 500G,20306,500G,500.0,G,500.0,G,,Não,58,https://www.fortali.com.br/confeito-micanga-rosa-bebe-mix-500g-20306-1,2026-08-18 13:06:57,https://www.fortali.com.br/confeitaria?page=58,Pronto para comparar
Fortali Distribuidora,Confeitaria,CONFEITE MIÇANGA VERMELHO MIX 500G,CONFEITE MICANGA VERMELHO MIX 500G,20307,500G,500.0,G,500.0,G,,Não,58,https://www.fortali.com.br/confeite-micanga-vermelho-mix-500g-20307-1,2026-08-18 13:06:57,https://www.fortali.com.br/confeitaria?page=58,Pronto para comparar
Fortali Distribuidora,Confeitaria,BIG GRANULADO MIX 500G,BIG GRANULADO MIX 500G,20308,500G,500.0,G,500.0,G,,Não,58,https://www.fortali.com.br/big-granulado-mix-500g-20308-1,2026-08-18 13:06:57,https://www.fortali.com.br/confeitaria?page=58,Pronto para comparar
Fortali Distribuidora,Confeitaria,GRANULADO ESCURO MIX 1KG,GRANULADO ESCURO MIX 1KG,20309,1KG,1.0,KG,1000.0,G,,Não,58,https://www.fortali.com.br/granulado-escuro-mix-1kg-20309-1,2026-08-18 13:06:57,https://www.fortali.com.br/confeitaria?page=58,Pronto para comparar
Fortali Distribuidora,Confeitaria,"GRANULADO MESCLADO MIX 1,010KG","GRANULADO MESCLADO MIX 1,010KG",20310,"1,010KG",1.01,KG,1010.0,G,,Não,58,https://www.fortali.com.br/granulado-mesclado-mix-1-010kg-20310-1,2026-08-18 13:06:57,https://www.fortali.com.br/confeitaria?page=58,Pronto para comparar
Fortali Distribuidora,Confeitaria,AÇUCAR BAUNILHA MIX 1KG,ACUCAR BAUNILHA MIX 1KG,20311,1KG,1.0,KG,1000.0,G,,Não,58,https://www.fortali.com.br/acucar-baunilha-mix-1kg-20311-1,2026-08-18 13:06:57,https://www.fortali.com.br/confeitaria?page=58,Pronto para comparar
Fortali Distribuidora,Confeitaria,ACUCAR CONFEITEIRO MIX 1KG,ACUCAR CONFEITEIRO MIX 1KG,20312,1KG,1.0,KG,1000.0,G,,Não,58,https://www.fortali.com.br/acucar-confeiteiro-mix-1kg-20312-1,2026-08-18 13:06:57,https://www.fortali.com.br/confeitaria?page=58,Pronto para comparar
Fortali Distribuidora,Confeitaria,AÇÚCAR GELADO MIX PACOTE 1KG,ACUCAR GELADO MIX PACOTE 1KG,20313,1KG,1.0,KG,1000.0,G,,Não,58,https://www.fortali.com.br/acucar-gelado-mix-pacote-1kg-20313-1,2026-08-18 13:06:57,https://www.fortali.com.br/confeitaria?page=58,Pronto para comparar
Fortali Distribuidora,Confeitaria,AROMA BAUNILHA MIX 960ML,AROMA BAUNILHA MIX 960ML,20316,960ML,960.0,ML,960.0,ML,,Não,58,https://www.fortali.com.br/aroma-baunilha-mix-960ml-20316-1,2026-08-18 13:06:57,https://www.fortali.com.br/confeitaria?page=58,Pronto para comparar
Fortali Distribuidora,Confeitaria,CORANTE ROSA NEON SOFTGEL MIX 25G,CORANTE ROSA NEON SOFTGEL MIX 25G,20318,25G,25.0,G,25.0,G,,Não,58,https://www.fortali.com.br/corante-rosa-neon-softgel-mix-25g-20318-1,2026-08-18 13:06:57,https://www.fortali.com.br/confeitaria?page=58,Pronto para comparar
Fortali Distribuidora,Confeitaria,CORANTE CORAL NEON SOFTGEL MIX 25G,CORANTE CORAL NEON SOFTGEL MIX 25G,20319,25G,25.0,G,25.0,G,,Não,58,https://www.fortali.com.br/corante-coral-neon-softgel-mix-25g-20319-1,2026-08-18 13:06:57,https://www.fortali.com.br/confeitaria?page=58,Pronto para comparar
Fortali Distribuidora,Confeitaria,CORANTE SOFTGEL AMARELO NEON MIX 25G,CORANTE SOFTGEL AMARELO NEON MIX 25G,20320,25G,25.0,G,25.0,G,,Não,58,https://www.fortali.com.br/corante-softgel-amarelo-neon-mix-25g-20320-1,2026-08-18 13:06:57,https://www.fortali.com.br/confeitaria?page=58,Pronto para comparar
Fortali Distribuidora,Confeitaria,LEITE CONDENSADO SEMI DESNATADO PIRACANJUBA BAG 5KG,LEITE CONDENSADO SEMI DESNATADO PIRACANJUBA BAG 5KG,20377,5KG,5.0,KG,5000.0,G,,Não,29,https://www.fortali.com.br/leite-condensado-semi-desnatado-piracanjuba-bag-5kg-20377-1,2026-08-18 13:06:57,https://www.fortali.com.br/confeitaria?page=29,Pronto para comparar
Fortali Distribuidora,Confeitaria,PASTA AMERICANA BRANCA ICEBERG 800G,PASTA AMERICANA BRANCA ICEBERG 800G,20382,800G,800.0,G,800.0,G,,Não,36,https://www.fortali.com.br/pasta-americana-branca-iceberg-800g-20382-1,2026-08-18 13:06:57,https://www.fortali.com.br/confeitaria?page=36,Pronto para comparar
Fortali Distribuidora,Confeitaria,GLACE REAL ICEBERG 500G,GLACE REAL ICEBERG 500G,20383,500G,500.0,G,500.0,G,,Não,12,https://www.fortali.com.br/glace-real-iceberg-500g-20383-1,2026-08-18 13:06:57,https://www.fortali.com.br/confeitaria?page=12,Pronto para comparar
Fortali Distribuidora,Confeitaria,ACUCAR CONF ICEBERG 500G,ACUCAR CONF ICEBERG 500G,20384,500G,500.0,G,500.0,G,,Não,58,https://www.fortali.com.br/acucar-conf-iceberg-500g-20384-1,2026-08-18 13:06:57,https://www.fortali.com.br/confeitaria?page=58,Pronto para comparar
Fortali Distribuidora,Confeitaria,ACUCAR IMPALPAVEL 500G ICEBERG,ACUCAR IMPALPAVEL 500G ICEBERG,20385,500G,500.0,G,500.0,G,,Não,58,https://www.fortali.com.br/acucar-impalpavel-500g-iceberg-20385-1,2026-08-18 13:06:57,https://www.fortali.com.br/confeitaria?page=58,Pronto para comparar
Fortali Distribuidora,Confeitaria,COR LIPOSOL PREMIUM AMAR ICEBERG 10G,COR LIPOSOL PREMIUM AMAR ICEBERG 10G,20386,10G,10.0,G,10.0,G,,Não,58,https://www.fortali.com.br/cor-liposol-premium-amar-iceberg-10g-20386-1,2026-08-18 13:06:57,https://www.fortali.com.br/confeitaria?page=58,Pronto para comparar
Fortali Distribuidora,Confeitaria,COR LIPOSOL VERM ICEBERG 10G,COR LIPOSOL VERM ICEBERG 10G,20388,10G,10.0,G,10.0,G,,Não,58,https://www.fortali.com.br/cor-liposol-verm-iceberg-10g-20388-1,2026-08-18 13:06:57,https://www.fortali.com.br/confeitaria?page=58,Pronto para comparar
Fortali Distribuidora,Confeitaria,COR LIPOSOL PREMIUM VDE ICEBERG 10G,COR LIPOSOL PREMIUM VDE ICEBERG 10G,20389,10G,10.0,G,10.0,G,,Não,22,https://www.fortali.com.br/cor-liposol-premium-vde-iceberg-10g-20389-1,2026-08-18 13:06:57,https://www.fortali.com.br/confeitaria?page=22,Pronto para comparar
Fortali Distribuidora,Confeitaria,COR LIPOSOL PREMIUM PTO ICEBERG 10G,COR LIPOSOL PREMIUM PTO ICEBERG 10G,20390,10G,10.0,G,10.0,G,,Não,59,https://www.fortali.com.br/cor-liposol-premium-pto-iceberg-10g-20390-1,2026-08-18 13:06:57,https://www.fortali.com.br/confeitaria?page=59,Pronto para comparar
Fortali Distribuidora,Confeitaria,COR LIPOSOL PREMIUM AZUL ICEBERG 10G,COR LIPOSOL PREMIUM AZUL ICEBERG 10G,20391,10G,10.0,G,10.0,G,,Não,59,https://www.fortali.com.br/cor-liposol-premium-azul-iceberg-10g-20391-1,2026-08-18 13:06:57,https://www.fortali.com.br/confeitaria?page=59,Pronto para comparar
Fortali Distribuidora,Confeitaria,CORANTE ART HIDRO PREMIUM VERDE ICEBERG 10G,CORANTE ART HIDRO PREMIUM VERDE ICEBERG 10G,20397,10G,10.0,G,10.0,G,,Não,59,https://www.fortali.com.br/corante-art-hidro-premium-verde-iceberg-10g-20397-1,2026-08-18 13:06:57,https://www.fortali.com.br/confeitaria?page=59,Pronto para comparar
Fortali Distribuidora,Confeitaria,COR PO DECOR AVELUDADO LAR 5G ICEBERG,COR PO DECOR AVELUDADO LAR 5G ICEBERG,20401,5G,5.0,G,5.0,G,,Não,59,https://www.fortali.com.br/cor-po-decor-aveludado-lar-5g-iceberg-20401-1,2026-08-18 13:06:57,https://www.fortali.com.br/confeitaria?page=59,Pronto para comparar
Fortali Distribuidora,Confeitaria,COR PO DECOR AVELUDADO VERM 5G ICEBERG,COR PO DECOR AVELUDADO VERM 5G ICEBERG,20402,5G,5.0,G,5.0,G,,Não,59,https://www.fortali.com.br/cor-po-decor-aveludado-verm-5g-iceberg-20402-1,2026-08-18 13:06:57,https://www.fortali.com.br/confeitaria?page=59,Pronto para comparar
Fortali Distribuidora,Confeitaria,COR PO DECOR AVELUDADO VDE 5G ICEBERG,COR PO DECOR AVELUDADO VDE 5G ICEBERG,20403,5G,5.0,G,5.0,G,,Não,59,https://www.fortali.com.br/cor-po-decor-aveludado-vde-5g-iceberg-20403-1,2026-08-18 13:06:57,https://www.fortali.com.br/confeitaria?page=59,Pronto para comparar
Fortali Distribuidora,Confeitaria,COR PO DECOR AVELUDADO PTO 5G ICEBERG,COR PO DECOR AVELUDADO PTO 5G ICEBERG,20405,5G,5.0,G,5.0,G,,Não,59,https://www.fortali.com.br/cor-po-decor-aveludado-pto-5g-iceberg-20405-1,2026-08-18 13:06:57,https://www.fortali.com.br/confeitaria?page=59,Pronto para comparar
Fortali Distribuidora,Confeitaria,COR PO DECOR AVELUDADO LILAS 5G ICEBERG,COR PO DECOR AVELUDADO LILAS 5G ICEBERG,20406,5G,5.0,G,5.0,G,,Não,59,https://www.fortali.com.br/cor-po-decor-aveludado-lilas-5g-iceberg-20406-1,2026-08-18 13:06:57,https://www.fortali.com.br/confeitaria?page=59,Pronto para comparar
Fortali Distribuidora,Confeitaria,COR PO DECOR AVELUDADO BCO 5G ICEBERG,COR PO DECOR AVELUDADO BCO 5G ICEBERG,20407,5G,5.0,G,5.0,G,,Não,59,https://www.fortali.com.br/cor-po-decor-aveludado-bco-5g-iceberg-20407-1,2026-08-18 13:06:57,https://www.fortali.com.br/confeitaria?page=59,Pronto para comparar
Fortali Distribuidora,Confeitaria,COR PO DECOR AVELUDADO AZUL 5G ICEBERG,COR PO DECOR AVELUDADO AZUL 5G ICEBERG,20408,5G,5.0,G,5.0,G,,Não,59,https://www.fortali.com.br/cor-po-decor-aveludado-azul-5g-iceberg-20408-1,2026-08-18 13:06:57,https://www.fortali.com.br/confeitaria?page=59,Pronto para comparar
Fortali Distribuidora,Confeitaria,COR PO DECOR AVELUDADO AMAR 5G ICEBERG,COR PO DECOR AVELUDADO AMAR 5G ICEBERG,20409,5G,5.0,G,5.0,G,,Não,59,https://www.fortali.com.br/cor-po-decor-aveludado-amar-5g-iceberg-20409-1,2026-08-18 13:06:57,https://www.fortali.com.br/confeitaria?page=59,Pronto para comparar
Fortali Distribuidora,Confeitaria,COR PO LIPOSSOLUVEL MARR 5G ICEBERG,COR PO LIPOSSOLUVEL MARR 5G ICEBERG,20410,5G,5.0,G,5.0,G,,Não,59,https://www.fortali.com.br/cor-po-lipossoluvel-marr-5g-iceberg-20410-1,2026-08-18 13:06:57,https://www.fortali.com.br/confeitaria?page=59,Pronto para comparar
Fortali Distribuidora,Confeitaria,COR PO LIPOSSOLUVEL LAR 5G ICEBERG,COR PO LIPOSSOLUVEL LAR 5G ICEBERG,20411,5G,5.0,G,5.0,G,,Não,59,https://www.fortali.com.br/cor-po-lipossoluvel-lar-5g-iceberg-20411-1,2026-08-18 13:06:57,https://www.fortali.com.br/confeitaria?page=59,Pronto para comparar
Fortali Distribuidora,Confeitaria,COR PO LIPOSSOLUVEL VERMELHO 5G ICEBERG,COR PO LIPOSSOLUVEL VERMELHO 5G ICEBERG,20412,5G,5.0,G,5.0,G,,Não,59,https://www.fortali.com.br/cor-po-lipossoluvel-vermelho-5g-iceberg-20412-1,2026-08-18 13:06:57,https://www.fortali.com.br/confeitaria?page=59,Pronto para comparar
Fortali Distribuidora,Confeitaria,COR PO LIPOSSOLUVEL ROSA 5G ICEBERG,COR PO LIPOSSOLUVEL ROSA 5G ICEBERG,20414,5G,5.0,G,5.0,G,,Não,59,https://www.fortali.com.br/cor-po-lipossoluvel-rosa-5g-iceberg-20414-1,2026-08-18 13:06:57,https://www.fortali.com.br/confeitaria?page=59,Pronto para comparar
Fortali Distribuidora,Confeitaria,COR PO LIPOSSOLUVEL LILAS 5G ICEBERG,COR PO LIPOSSOLUVEL LILAS 5G ICEBERG,20415,5G,5.0,G,5.0,G,,Não,59,https://www.fortali.com.br/cor-po-lipossoluvel-lilas-5g-iceberg-20415-1,2026-08-18 13:06:57,https://www.fortali.com.br/confeitaria?page=59,Pronto para comparar
Fortali Distribuidora,Confeitaria,COR PO LIPOSSOLUVEL AZUL 5G ICEBERG,COR PO LIPOSSOLUVEL AZUL 5G ICEBERG,20416,5G,5.0,G,5.0,G,,Não,59,https://www.fortali.com.br/cor-po-lipossoluvel-azul-5g-iceberg-20416-1,2026-08-18 13:06:57,https://www.fortali.com.br/confeitaria?page=59,Pronto para comparar
Fortali Distribuidora,Confeitaria,COR PO LIPOSSOLUVEL AMAR 5G ICEBERG,COR PO LIPOSSOLUVEL AMAR 5G ICEBERG,20417,5G,5.0,G,5.0,G,,Não,59,https://www.fortali.com.br/cor-po-lipossoluvel-amar-5g-iceberg-20417-1,2026-08-18 13:06:57,https://www.fortali.com.br/confeitaria?page=59,Pronto para comparar
Fortali Distribuidora,Confeitaria,COR PO LIPOSSOLUVEL VERDE 5G ICEBERG,COR PO LIPOSSOLUVEL VERDE 5G ICEBERG,20418,5G,5.0,G,5.0,G,,Não,59,https://www.fortali.com.br/cor-po-lipossoluvel-verde-5g-iceberg-20418-1,2026-08-18 13:06:57,https://www.fortali.com.br/confeitaria?page=59,Pronto para comparar
Fortali Distribuidora,Confeitaria,COR CHOCO COLOR VERM 50G ICEBERG,COR CHOCO COLOR VERM 50G ICEBERG,20419,50G,50.0,G,50.0,G,,Não,22,https://www.fortali.com.br/cor-choco-color-verm-50g-iceberg-20419-1,2026-08-18 13:06:57,https://www.fortali.com.br/confeitaria?page=22,Pronto para comparar
Fortali Distribuidora,Confeitaria,COR CHOCO COLOR VDE 50G ICEBERG,COR CHOCO COLOR VDE 50G ICEBERG,20420,50G,50.0,G,50.0,G,,Não,59,https://www.fortali.com.br/cor-choco-color-vde-50g-iceberg-20420-1,2026-08-18 13:06:57,https://www.fortali.com.br/confeitaria?page=59,Pronto para comparar
Fortali Distribuidora,Confeitaria,COR CHOCO COLOR ROSA 50G ICEBERG,COR CHOCO COLOR ROSA 50G ICEBERG,20421,50G,50.0,G,50.0,G,,Não,22,https://www.fortali.com.br/cor-choco-color-rosa-50g-iceberg-20421-1,2026-08-18 13:06:57,https://www.fortali.com.br/confeitaria?page=22,Pronto para comparar
Fortali Distribuidora,Confeitaria,COR CHOCO COLOR PTO 50G ICEBERG,COR CHOCO COLOR PTO 50G ICEBERG,20422,50G,50.0,G,50.0,G,,Não,59,https://www.fortali.com.br/cor-choco-color-pto-50g-iceberg-20422-1,2026-08-18 13:06:57,https://www.fortali.com.br/confeitaria?page=59,Pronto para comparar
Fortali Distribuidora,Confeitaria,COR CHOCO COLOR MAGENTA ICEBERG 50G,COR CHOCO COLOR MAGENTA ICEBERG 50G,20423,50G,50.0,G,50.0,G,,Não,59,https://www.fortali.com.br/cor-choco-color-magenta-iceberg-50g-20423-1,2026-08-18 13:06:57,https://www.fortali.com.br/confeitaria?page=59,Pronto para comparar
Fortali Distribuidora,Confeitaria,COR CHOCO COLOR BCO 50G ICEBERG,COR CHOCO COLOR BCO 50G ICEBERG,20425,50G,50.0,G,50.0,G,,Não,59,https://www.fortali.com.br/cor-choco-color-bco-50g-iceberg-20425-1,2026-08-18 13:06:57,https://www.fortali.com.br/confeitaria?page=59,Pronto para comparar
Fortali Distribuidora,Confeitaria,COR CHOCO COLOR AZUL 50G ICEBERG,COR CHOCO COLOR AZUL 50G ICEBERG,20427,50G,50.0,G,50.0,G,,Não,59,https://www.fortali.com.br/cor-choco-color-azul-50g-iceberg-20427-1,2026-08-18 13:06:57,https://www.fortali.com.br/confeitaria?page=59,Pronto para comparar
Fortali Distribuidora,Confeitaria,COR CHOCO COLOR AMAR 50G ICEBERG,COR CHOCO COLOR AMAR 50G ICEBERG,20428,50G,50.0,G,50.0,G,,Não,60,https://www.fortali.com.br/cor-choco-color-amar-50g-iceberg-20428-1,2026-08-18 13:06:57,https://www.fortali.com.br/confeitaria?page=60,Pronto para comparar
Fortali Distribuidora,Confeitaria,COR COLOR LIQ GEL VEDE SECO ICEBERG 25G,COR COLOR LIQ GEL VEDE SECO ICEBERG 25G,20429,25G,25.0,G,25.0,G,,Não,60,https://www.fortali.com.br/cor-color-liq-gel-vede-seco-iceberg-25g--20429-1,2026-08-18 13:06:57,https://www.fortali.com.br/confeitaria?page=60,Pronto para comparar
Fortali Distribuidora,Confeitaria,COR COLOR LIQ GEL ROSA SECO ICEBERG 25G,COR COLOR LIQ GEL ROSA SECO ICEBERG 25G,20430,25G,25.0,G,25.0,G,,Não,60,https://www.fortali.com.br/cor-color-liq-gel-rosa-seco-iceberg-25g--20430-1,2026-08-18 13:06:57,https://www.fortali.com.br/confeitaria?page=60,Pronto para comparar
Fortali Distribuidora,Confeitaria,COR COLOR LIQ GEL LILAS SECO ICEBERG 25G,COR COLOR LIQ GEL LILAS SECO ICEBERG 25G,20431,25G,25.0,G,25.0,G,,Não,60,https://www.fortali.com.br/cor-color-liq-gel-lilas-seco-iceberg-25g-20431-1,2026-08-18 13:06:57,https://www.fortali.com.br/confeitaria?page=60,Pronto para comparar
Fortali Distribuidora,Confeitaria,COR COLOR LIQ GEL AZUL SECO ICEBERG 25G,COR COLOR LIQ GEL AZUL SECO ICEBERG 25G,20433,25G,25.0,G,25.0,G,,Não,60,https://www.fortali.com.br/cor-color-liq-gel-azul-seco-iceberg-25g--20433-1,2026-08-18 13:06:57,https://www.fortali.com.br/confeitaria?page=60,Pronto para comparar
Fortali Distribuidora,Confeitaria,COR COLOR LIQ GEL VINHO ICEBERG 60G,COR COLOR LIQ GEL VINHO ICEBERG 60G,20436,60G,60.0,G,60.0,G,,Não,60,https://www.fortali.com.br/cor-color-liq-gel-vinho-iceberg-60g--20436-1,2026-08-18 13:06:57,https://www.fortali.com.br/confeitaria?page=60,Pronto para comparar
Fortali Distribuidora,Confeitaria,COR COLOR LIQ GEL VERM BORDO ICEBERG 60G,COR COLOR LIQ GEL VERM BORDO ICEBERG 60G,20438,60G,60.0,G,60.0,G,,Não,60,https://www.fortali.com.br/cor-color-liq-gel-verm-bordo-iceberg-60g-20438-1,2026-08-18 13:06:57,https://www.fortali.com.br/confeitaria?page=60,Pronto para comparar
Fortali Distribuidora,Confeitaria,COR COLOR LIQ GEL VERM MRSLA ICEBERG 60G,COR COLOR LIQ GEL VERM MRSLA ICEBERG 60G,20439,60G,60.0,G,60.0,G,,Não,60,https://www.fortali.com.br/cor-color-liq-gel-verm-mrsla-iceberg-60g-20439-1,2026-08-18 13:06:57,https://www.fortali.com.br/confeitaria?page=60,Pronto para comparar
Fortali Distribuidora,Confeitaria,COR COLOR LIQ GEL VERM NATAL ICEBERG 60G,COR COLOR LIQ GEL VERM NATAL ICEBERG 60G,20440,60G,60.0,G,60.0,G,,Não,22,https://www.fortali.com.br/cor-color-liq-gel-verm-natal-iceberg-60g-20440-1,2026-08-18 13:06:57,https://www.fortali.com.br/confeitaria?page=22,Pronto para comparar
Fortali Distribuidora,Confeitaria,COR COLOR LIQ GEL VERM EX FOR ICEBER 60G,COR COLOR LIQ GEL VERM EX FOR ICEBER 60G,20441,60G,60.0,G,60.0,G,,Não,9,https://www.fortali.com.br/cor-color-liq-gel-verm-ex-for-iceber-60g-20441-1,2026-08-18 13:06:57,https://www.fortali.com.br/confeitaria?page=9,Pronto para comparar
Fortali Distribuidora,Confeitaria,COR COLOR LIQ GEL VERM MORAN ICEBERG 60G,COR COLOR LIQ GEL VERM MORAN ICEBERG 60G,20442,60G,60.0,G,60.0,G,,Não,8,https://www.fortali.com.br/cor-color-liq-gel-verm-moran-iceberg-60g-20442-1,2026-08-18 13:06:57,https://www.fortali.com.br/confeitaria?page=8,Pronto para comparar
Fortali Distribuidora,Confeitaria,COR COLOR LIQ GEL VDE FOLHA ICEBERG 60G,COR COLOR LIQ GEL VDE FOLHA ICEBERG 60G,20443,60G,60.0,G,60.0,G,,Não,17,https://www.fortali.com.br/cor-color-liq-gel-vde-folha-iceberg-60g--20443-1,2026-08-18 13:06:57,https://www.fortali.com.br/confeitaria?page=17,Pronto para comparar
Fortali Distribuidora,Confeitaria,COR COLOR LIQ GEL VDE MUSGO ICEBERG 60G,COR COLOR LIQ GEL VDE MUSGO ICEBERG 60G,20444,60G,60.0,G,60.0,G,,Não,60,https://www.fortali.com.br/cor-color-liq-gel-vde-musgo-iceberg-60g--20444-1,2026-08-18 13:06:57,https://www.fortali.com.br/confeitaria?page=60,Pronto para comparar
Fortali Distribuidora,Confeitaria,COR COLOR LIQ GEL VDE LIMAO ICEBERG 60G,COR COLOR LIQ GEL VDE LIMAO ICEBERG 60G,20445,60G,60.0,G,60.0,G,,Não,60,https://www.fortali.com.br/cor-color-liq-gel-vde-limao-iceberg-60g--20445-1,2026-08-18 13:06:57,https://www.fortali.com.br/confeitaria?page=60,Pronto para comparar
Fortali Distribuidora,Confeitaria,COR COLOR LIQ GEL VDE BAND ICEBERG 60G,COR COLOR LIQ GEL VDE BAND ICEBERG 60G,20446,60G,60.0,G,60.0,G,,Não,22,https://www.fortali.com.br/cor-color-liq-gel-vde-band-iceberg-60g--20446-1,2026-08-18 13:06:57,https://www.fortali.com.br/confeitaria?page=22,Pronto para comparar
Fortali Distribuidora,Confeitaria,COR COLOR LIQ GEL ROXO  ICEBERG 60G,COR COLOR LIQ GEL ROXO ICEBERG 60G,20449,60G,60.0,G,60.0,G,,Não,60,https://www.fortali.com.br/cor-color-liq-gel-roxo--iceberg-60g--20449-1,2026-08-18 13:06:57,https://www.fortali.com.br/confeitaria?page=60,Pronto para comparar
Fortali Distribuidora,Confeitaria,COR COLOR LIQ GEL ROSA CHIC ICEBERG 60G,COR COLOR LIQ GEL ROSA CHIC ICEBERG 60G,20450,60G,60.0,G,60.0,G,,Não,60,https://www.fortali.com.br/cor-color-liq-gel-rosa-chic-iceberg-60g--20450-1,2026-08-18 13:06:57,https://www.fortali.com.br/confeitaria?page=60,Pronto para comparar
Fortali Distribuidora,Confeitaria,COR COLOR LIQ GEL ROSA CLARO ICEBERG 60G,COR COLOR LIQ GEL ROSA CLARO ICEBERG 60G,20451,60G,60.0,G,60.0,G,,Não,60,https://www.fortali.com.br/cor-color-liq-gel-rosa-claro-iceberg-60g-20451-1,2026-08-18 13:06:57,https://www.fortali.com.br/confeitaria?page=60,Pronto para comparar
Fortali Distribuidora,Confeitaria,COR COLOR LIQ GEL PTO EX FOR 60G ICEBERG,COR COLOR LIQ GEL PTO EX FOR 60G ICEBERG,20452,60G,60.0,G,60.0,G,,Não,17,https://www.fortali.com.br/cor-color-liq-gel-pto-ex-for-60g-iceberg-20452-1,2026-08-18 13:06:57,https://www.fortali.com.br/confeitaria?page=17,Pronto para comparar
Fortali Distribuidora,Confeitaria,COR COLOR LIQ GEL PTO  ICEBERG 60G,COR COLOR LIQ GEL PTO ICEBERG 60G,20453,60G,60.0,G,60.0,G,,Não,22,https://www.fortali.com.br/cor-color-liq-gel-pto--iceberg-60g--20453-1,2026-08-18 13:06:57,https://www.fortali.com.br/confeitaria?page=22,Pronto para comparar
Fortali Distribuidora,Confeitaria,COR COLOR LIQ GEL PINK  ICEBERG 60G,COR COLOR LIQ GEL PINK ICEBERG 60G,20454,60G,60.0,G,60.0,G,,Não,22,https://www.fortali.com.br/cor-color-liq-gel-pink--iceberg-60g--20454-1,2026-08-18 13:06:57,https://www.fortali.com.br/confeitaria?page=22,Pronto para comparar
Fortali Distribuidora,Confeitaria,COR COLOR LIQ GEL MARR ICEBERG 60G,COR COLOR LIQ GEL MARR ICEBERG 60G,20456,60G,60.0,G,60.0,G,,Não,60,https://www.fortali.com.br/cor-color-liq-gel-marr-iceberg-60g--20456-1,2026-08-18 13:06:57,https://www.fortali.com.br/confeitaria?page=60,Pronto para comparar
Fortali Distribuidora,Confeitaria,COR COLOR LIQ GEL LILAS ICEBERG 60G,COR COLOR LIQ GEL LILAS ICEBERG 60G,20457,60G,60.0,G,60.0,G,,Não,18,https://www.fortali.com.br/cor-color-liq-gel-lilas-iceberg-60g--20457-1,2026-08-18 13:06:57,https://www.fortali.com.br/confeitaria?page=18,Pronto para comparar
Fortali Distribuidora,Confeitaria,COR COLOR LIQ GEL LARANJA ICEBERG 60G,COR COLOR LIQ GEL LARANJA ICEBERG 60G,20458,60G,60.0,G,60.0,G,,Não,22,https://www.fortali.com.br/cor-color-liq-gel-laranja-iceberg-60g--20458-1,2026-08-18 13:06:57,https://www.fortali.com.br/confeitaria?page=22,Pronto para comparar
Fortali Distribuidora,Confeitaria,COR COLOR LIQ GEL BRANCO ICEBERG,COR COLOR LIQ GEL BRANCO ICEBERG,20460,,,,,,,Não,60,https://www.fortali.com.br/cor-color-liq-gel-branco-iceberg-20460-1,2026-08-18 13:06:57,https://www.fortali.com.br/confeitaria?page=60,Revisar embalagem
Fortali Distribuidora,Confeitaria,COR COLOR LIQ GEL AZUL ICEBERG 60G,COR COLOR LIQ GEL AZUL ICEBERG 60G,20461,60G,60.0,G,60.0,G,,Não,60,https://www.fortali.com.br/cor-color-liq-gel-azul-iceberg-60g--20461-1,2026-08-18 13:06:57,https://www.fortali.com.br/confeitaria?page=60,Pronto para comparar
Fortali Distribuidora,Confeitaria,COR COLOR LIQ GEL AZUL MAR ICEBERG 60G,COR COLOR LIQ GEL AZUL MAR ICEBERG 60G,20462,60G,60.0,G,60.0,G,,Não,60,https://www.fortali.com.br/cor-color-liq-gel-azul-mar-iceberg-60g--20462-1,2026-08-18 13:06:57,https://www.fortali.com.br/confeitaria?page=60,Pronto para comparar
Fortali Distribuidora,Confeitaria,COR COLOR LIQ GEL AZUL ROYAL ICEBERG 60G,COR COLOR LIQ GEL AZUL ROYAL ICEBERG 60G,20463,60G,60.0,G,60.0,G,,Não,18,https://www.fortali.com.br/cor-color-liq-gel-azul-royal-iceberg-60g-20463-1,2026-08-18 13:06:57,https://www.fortali.com.br/confeitaria?page=18,Pronto para comparar
Fortali Distribuidora,Confeitaria,COR COLOR LIQ GEL AZUL MARIN ICEBERG 60G,COR COLOR LIQ GEL AZUL MARIN ICEBERG 60G,20464,60G,60.0,G,60.0,G,,Não,60,https://www.fortali.com.br/cor-color-liq-gel-azul-marin-iceberg-60g-20464-1,2026-08-18 13:06:57,https://www.fortali.com.br/confeitaria?page=60,Pronto para comparar
Fortali Distribuidora,Confeitaria,COR COLOR LIQ GEL AZUL TURQU ICEBERG 60G,COR COLOR LIQ GEL AZUL TURQU ICEBERG 60G,20465,60G,60.0,G,60.0,G,,Não,60,https://www.fortali.com.br/cor-color-liq-gel-azul-turqu-iceberg-60g-20465-1,2026-08-18 13:06:57,https://www.fortali.com.br/confeitaria?page=60,Pronto para comparar
Fortali Distribuidora,Confeitaria,COR COLOR LIQ GEL AZUL JEANS ICEBERG 60G,COR COLOR LIQ GEL AZUL JEANS ICEBERG 60G,20466,60G,60.0,G,60.0,G,,Não,60,https://www.fortali.com.br/cor-color-liq-gel-azul-jeans-iceberg-60g-20466-1,2026-08-18 13:06:57,https://www.fortali.com.br/confeitaria?page=60,Pronto para comparar
Fortali Distribuidora,Confeitaria,COR COLOR LIQ GEL AZUL ICEBERG 60G,COR COLOR LIQ GEL AZUL ICEBERG 60G,20467,60G,60.0,G,60.0,G,,Não,14,https://www.fortali.com.br/cor-color-liq-gel-azul-iceberg-60g--20467-1,2026-08-18 13:06:57,https://www.fortali.com.br/confeitaria?page=14,Pronto para comparar
Fortali Distribuidora,Confeitaria,COR COLOR LIQ GEL AMAR DAMA ICEBERG 60G,COR COLOR LIQ GEL AMAR DAMA ICEBERG 60G,20469,60G,60.0,G,60.0,G,,Não,17,https://www.fortali.com.br/cor-color-liq-gel-amar-dama-iceberg-60g--20469-1,2026-08-18 13:06:57,https://www.fortali.com.br/confeitaria?page=17,Pronto para comparar
Fortali Distribuidora,Confeitaria,COR COLOR LIQ GEL AMAR LIQUIGEL 60G,COR COLOR LIQ GEL AMAR LIQUIGEL 60G,20470,60G,60.0,G,60.0,G,,Não,16,https://www.fortali.com.br/cor-color-liq-gel-amar-liquigel-60g--20470-1,2026-08-18 13:06:57,https://www.fortali.com.br/confeitaria?page=16,Pronto para comparar
Fortali Distribuidora,Confeitaria,COR COLOR LIQ GEL VINHO ICEBERG 25G,COR COLOR LIQ GEL VINHO ICEBERG 25G,20471,25G,25.0,G,25.0,G,,Não,60,https://www.fortali.com.br/cor-color-liq-gel-vinho-iceberg-25g--20471-1,2026-08-18 13:06:57,https://www.fortali.com.br/confeitaria?page=60,Pronto para comparar
Fortali Distribuidora,Confeitaria,COR COLOR LIQ GEL VERM BORDO ICEBERG 25G,COR COLOR LIQ GEL VERM BORDO ICEBERG 25G,20472,25G,25.0,G,25.0,G,,Não,60,https://www.fortali.com.br/cor-color-liq-gel-verm-bordo-iceberg-25g-20472-1,2026-08-18 13:06:57,https://www.fortali.com.br/confeitaria?page=60,Pronto para comparar
Fortali Distribuidora,Confeitaria,COR COLOR LIQ GEL VERM NATAL ICEBERG 25G,COR COLOR LIQ GEL VERM NATAL ICEBERG 25G,20474,25G,25.0,G,25.0,G,,Não,60,https://www.fortali.com.br/cor-color-liq-gel-verm-natal-iceberg-25g-20474-1,2026-08-18 13:06:57,https://www.fortali.com.br/confeitaria?page=60,Pronto para comparar
Fortali Distribuidora,Confeitaria,COR COLOR LIQ GEL VERM MORAN ICEBERG 25G,COR COLOR LIQ GEL VERM MORAN ICEBERG 25G,20475,25G,25.0,G,25.0,G,,Não,36,https://www.fortali.com.br/cor-color-liq-gel-verm-moran-iceberg-25g-20475-1,2026-08-18 13:06:57,https://www.fortali.com.br/confeitaria?page=36,Pronto para comparar
Fortali Distribuidora,Confeitaria,COR COLOR LIQ GEL VDE FOLHA ICEBERG 25G,COR COLOR LIQ GEL VDE FOLHA ICEBERG 25G,20476,25G,25.0,G,25.0,G,,Não,60,https://www.fortali.com.br/cor-color-liq-gel-vde-folha-iceberg-25g--20476-1,2026-08-18 13:06:57,https://www.fortali.com.br/confeitaria?page=60,Pronto para comparar
Fortali Distribuidora,Confeitaria,COR COLOR LIQ GEL VDE MUSGO 25G ICEBERG,COR COLOR LIQ GEL VDE MUSGO 25G ICEBERG,20477,25G,25.0,G,25.0,G,,Não,61,https://www.fortali.com.br/cor-color-liq-gel-vde-musgo-25g-iceberg-20477-1,2026-08-18 13:06:57,https://www.fortali.com.br/confeitaria?page=61,Pronto para comparar
Fortali Distribuidora,Confeitaria,COR COLOR LIQ GEL VDE LIMAO ICEBERG 25G,COR COLOR LIQ GEL VDE LIMAO ICEBERG 25G,20478,25G,25.0,G,25.0,G,,Não,61,https://www.fortali.com.br/cor-color-liq-gel-vde-limao-iceberg-25g--20478-1,2026-08-18 13:06:57,https://www.fortali.com.br/confeitaria?page=61,Pronto para comparar
Fortali Distribuidora,Confeitaria,COR COLOR LIQ GEL VDE BAND ICEBERG 25G,COR COLOR LIQ GEL VDE BAND ICEBERG 25G,20479,25G,25.0,G,25.0,G,,Não,61,https://www.fortali.com.br/cor-color-liq-gel-vde-band-iceberg-25g--20479-1,2026-08-18 13:06:57,https://www.fortali.com.br/confeitaria?page=61,Pronto para comparar
Fortali Distribuidora,Confeitaria,COR COLOR LIQ GEL SALMAO ICEBERG 25G,COR COLOR LIQ GEL SALMAO ICEBERG 25G,20480,25G,25.0,G,25.0,G,,Não,61,https://www.fortali.com.br/cor-color-liq-gel-salmao-iceberg-25g--20480-1,2026-08-18 13:06:57,https://www.fortali.com.br/confeitaria?page=61,Pronto para comparar
Fortali Distribuidora,Confeitaria,COR COLOR LIQ GEL RSA CHICL 25G ICEBERG,COR COLOR LIQ GEL RSA CHICL 25G ICEBERG,20482,25G,25.0,G,25.0,G,,Não,61,https://www.fortali.com.br/cor-color-liq-gel-rsa-chicl-25g-iceberg-20482-1,2026-08-18 13:06:57,https://www.fortali.com.br/confeitaria?page=61,Pronto para comparar
Fortali Distribuidora,Confeitaria,COR COLOR LIQ GEL ROSA CLARO ICEBERG 25G,COR COLOR LIQ GEL ROSA CLARO ICEBERG 25G,20483,25G,25.0,G,25.0,G,,Não,61,https://www.fortali.com.br/cor-color-liq-gel-rosa-claro-iceberg-25g-20483-1,2026-08-18 13:06:57,https://www.fortali.com.br/confeitaria?page=61,Pronto para comparar
Fortali Distribuidora,Confeitaria,COR COLOR LIQ GEL PTO ICEBERG 25G,COR COLOR LIQ GEL PTO ICEBERG 25G,20484,25G,25.0,G,25.0,G,,Não,61,https://www.fortali.com.br/cor-color-liq-gel-pto-iceberg-25g--20484-1,2026-08-18 13:06:57,https://www.fortali.com.br/confeitaria?page=61,Pronto para comparar
Fortali Distribuidora,Confeitaria,COR COLOR LIQ GEL PINK ICEBERG 25G,COR COLOR LIQ GEL PINK ICEBERG 25G,20485,25G,25.0,G,25.0,G,,Não,61,https://www.fortali.com.br/cor-color-liq-gel-pink-iceberg-25g--20485-1,2026-08-18 13:06:57,https://www.fortali.com.br/confeitaria?page=61,Pronto para comparar
Fortali Distribuidora,Confeitaria,COR COLOR LIQ GEL ROXO ICEBERG 25G,COR COLOR LIQ GEL ROXO ICEBERG 25G,20486,25G,25.0,G,25.0,G,,Não,35,https://www.fortali.com.br/cor-color-liq-gel-roxo-iceberg-25g--20486-1,2026-08-18 13:06:57,https://www.fortali.com.br/confeitaria?page=35,Pronto para comparar
Fortali Distribuidora,Confeitaria,COR COLOR LIQ GEL MARR ICEBERG 25G,COR COLOR LIQ GEL MARR ICEBERG 25G,20487,25G,25.0,G,25.0,G,,Não,61,https://www.fortali.com.br/cor-color-liq-gel-marr-iceberg-25g--20487-1,2026-08-18 13:06:57,https://www.fortali.com.br/confeitaria?page=61,Pronto para comparar
Fortali Distribuidora,Confeitaria,COR COLOR LIQ GEL LILAS ICEBERG 25G,COR COLOR LIQ GEL LILAS ICEBERG 25G,20488,25G,25.0,G,25.0,G,,Não,61,https://www.fortali.com.br/cor-color-liq-gel-lilas-iceberg-25g--20488-1,2026-08-18 13:06:57,https://www.fortali.com.br/confeitaria?page=61,Pronto para comparar
Fortali Distribuidora,Confeitaria,COR COLOR LIQ GEL LAR ICEBERG 25G,COR COLOR LIQ GEL LAR ICEBERG 25G,20489,25G,25.0,G,25.0,G,,Não,61,https://www.fortali.com.br/cor-color-liq-gel-lar-iceberg-25g--20489-1,2026-08-18 13:06:57,https://www.fortali.com.br/confeitaria?page=61,Pronto para comparar
Fortali Distribuidora,Confeitaria,COR COLOR LIQ GEL CORAL ICEBERG 25G,COR COLOR LIQ GEL CORAL ICEBERG 25G,20490,25G,25.0,G,25.0,G,,Não,61,https://www.fortali.com.br/cor-color-liq-gel-coral-iceberg-25g--20490-1,2026-08-18 13:06:57,https://www.fortali.com.br/confeitaria?page=61,Pronto para comparar
Fortali Distribuidora,Confeitaria,COR COLOR LIQ GEL BCO ICEBERG 25G,COR COLOR LIQ GEL BCO ICEBERG 25G,20491,25G,25.0,G,25.0,G,,Não,61,https://www.fortali.com.br/cor-color-liq-gel-bco-iceberg-25g--20491-1,2026-08-18 13:06:57,https://www.fortali.com.br/confeitaria?page=61,Pronto para comparar
Fortali Distribuidora,Confeitaria,COR COLOR LIQ GEL AZUL CONG ICEBERG 25G,COR COLOR LIQ GEL AZUL CONG ICEBERG 25G,20492,25G,25.0,G,25.0,G,,Não,61,https://www.fortali.com.br/cor-color-liq-gel-azul-cong-iceberg-25g-20492-1,2026-08-18 13:06:57,https://www.fortali.com.br/confeitaria?page=61,Pronto para comparar
Fortali Distribuidora,Confeitaria,COR COLOR LIQ GEL AZUL ROYAL ICEBERG 25G,COR COLOR LIQ GEL AZUL ROYAL ICEBERG 25G,20494,25G,25.0,G,25.0,G,,Não,61,https://www.fortali.com.br/cor-color-liq-gel-azul-royal-iceberg-25g-20494-1,2026-08-18 13:06:57,https://www.fortali.com.br/confeitaria?page=61,Pronto para comparar
Fortali Distribuidora,Confeitaria,COR COLOR LIQ GEL AZUL MARIN ICEBERG 25G,COR COLOR LIQ GEL AZUL MARIN ICEBERG 25G,20495,25G,25.0,G,25.0,G,,Não,61,https://www.fortali.com.br/cor-color-liq-gel-azul-marin-iceberg-25g-20495-1,2026-08-18 13:06:57,https://www.fortali.com.br/confeitaria?page=61,Pronto para comparar
Fortali Distribuidora,Confeitaria,COR COLOR LIQ GEL AZUL TURQU ICEBERG 25G,COR COLOR LIQ GEL AZUL TURQU ICEBERG 25G,20496,25G,25.0,G,25.0,G,,Não,61,https://www.fortali.com.br/cor-color-liq-gel-azul-turqu-iceberg-25g-20496-1,2026-08-18 13:06:57,https://www.fortali.com.br/confeitaria?page=61,Pronto para comparar
Fortali Distribuidora,Confeitaria,COR COLOR LIQ GEL AZUL JEANS ICEBERG 25G,COR COLOR LIQ GEL AZUL JEANS ICEBERG 25G,20497,25G,25.0,G,25.0,G,,Não,61,https://www.fortali.com.br/cor-color-liq-gel-azul-jeans-iceberg-25g-20497-1,2026-08-18 13:06:57,https://www.fortali.com.br/confeitaria?page=61,Pronto para comparar
Fortali Distribuidora,Confeitaria,COR COLOR LIQ GEL AZUL 25G ICEBERG,COR COLOR LIQ GEL AZUL 25G ICEBERG,20498,25G,25.0,G,25.0,G,,Não,61,https://www.fortali.com.br/cor-color-liq-gel-azul-25g-iceberg-20498-1,2026-08-18 13:06:57,https://www.fortali.com.br/confeitaria?page=61,Pronto para comparar
Fortali Distribuidora,Confeitaria,COR COLOR LIQ GEL AMAR PSCTE ICEBERG 25G,COR COLOR LIQ GEL AMAR PSCTE ICEBERG 25G,20499,25G,25.0,G,25.0,G,,Não,61,https://www.fortali.com.br/cor-color-liq-gel-amar-pscte-iceberg-25g-20499-1,2026-08-18 13:06:57,https://www.fortali.com.br/confeitaria?page=61,Pronto para comparar
Fortali Distribuidora,Confeitaria,COR COLOR LIQ GEL AMAR DMSCO ICEBERG 25G,COR COLOR LIQ GEL AMAR DMSCO ICEBERG 25G,20500,25G,25.0,G,25.0,G,,Não,61,https://www.fortali.com.br/cor-color-liq-gel-amar-dmsco-iceberg-25g-20500-1,2026-08-18 13:06:57,https://www.fortali.com.br/confeitaria?page=61,Pronto para comparar
Fortali Distribuidora,Confeitaria,COR COLOR LIQ GEL AMAR ICEBERG 25G,COR COLOR LIQ GEL AMAR ICEBERG 25G,20501,25G,25.0,G,25.0,G,,Não,35,https://www.fortali.com.br/cor-color-liq-gel-amar-iceberg-25g-20501-1,2026-08-18 13:06:57,https://www.fortali.com.br/confeitaria?page=35,Pronto para comparar
Fortali Distribuidora,Confeitaria,ESSENCIA BAUNILHA ESCURA ICEBERG 960ML,ESSENCIA BAUNILHA ESCURA ICEBERG 960ML,20502,960ML,960.0,ML,960.0,ML,,Não,14,https://www.fortali.com.br/essencia-baunilha-escura-iceberg-960ml-20502-1,2026-08-18 13:06:57,https://www.fortali.com.br/confeitaria?page=14,Pronto para comparar
Fortali Distribuidora,Confeitaria,ESSÊNCIA BAUNILHA BRANCA ICEBERG CHEF PET 960ML,ESSENCIA BAUNILHA BRANCA ICEBERG CHEF PET 960ML,20503,960ML,960.0,ML,960.0,ML,,Não,11,https://www.fortali.com.br/essencia-baunilha-branca-iceberg-chef-pet-960ml-20503-1,2026-08-18 13:06:57,https://www.fortali.com.br/confeitaria?page=11,Pronto para comparar
Fortali Distribuidora,Confeitaria,ESSÊNCIA MORANGO ICEBERG 30ML,ESSENCIA MORANGO ICEBERG 30ML,20504,30ML,30.0,ML,30.0,ML,,Não,61,https://www.fortali.com.br/essencia-morango-iceberg-30ml-20504-1,2026-08-18 13:06:57,https://www.fortali.com.br/confeitaria?page=61,Pronto para comparar
Fortali Distribuidora,Confeitaria,ESSENCIA LIMAO ICEBERG 30ML,ESSENCIA LIMAO ICEBERG 30ML,20505,30ML,30.0,ML,30.0,ML,,Não,61,https://www.fortali.com.br/essencia-limao-iceberg-30ml-20505-1,2026-08-18 13:06:57,https://www.fortali.com.br/confeitaria?page=61,Pronto para comparar
Fortali Distribuidora,Confeitaria,ESSENCIA LARANJA ICEBERG 30ML,ESSENCIA LARANJA ICEBERG 30ML,20506,30ML,30.0,ML,30.0,ML,,Não,61,https://www.fortali.com.br/essencia-laranja-iceberg-30ml-20506-1,2026-08-18 13:06:57,https://www.fortali.com.br/confeitaria?page=61,Pronto para comparar
Fortali Distribuidora,Confeitaria,ESSENCIA BAUN BCA ICEBERG 30ML,ESSENCIA BAUN BCA ICEBERG 30ML,20507,30ML,30.0,ML,30.0,ML,,Não,62,https://www.fortali.com.br/essencia-baun-bca-iceberg-30ml-20507-1,2026-08-18 13:06:57,https://www.fortali.com.br/confeitaria?page=62,Pronto para comparar
Fortali Distribuidora,Confeitaria,ESSÊNCIA BAUNILHA ICEBERG 30ML,ESSENCIA BAUNILHA ICEBERG 30ML,20508,30ML,30.0,ML,30.0,ML,,Não,62,https://www.fortali.com.br/essencia-baunilha-iceberg-30ml-20508-1,2026-08-18 13:06:57,https://www.fortali.com.br/confeitaria?page=62,Pronto para comparar
Fortali Distribuidora,Confeitaria,ESSENCIA ABACAXI ICEBERG 30ML,ESSENCIA ABACAXI ICEBERG 30ML,20509,30ML,30.0,ML,30.0,ML,,Não,62,https://www.fortali.com.br/essencia-abacaxi-iceberg-30ml-20509-1,2026-08-18 13:06:57,https://www.fortali.com.br/confeitaria?page=62,Pronto para comparar
Fortali Distribuidora,Confeitaria,ISOMALTE ICEBERG 150G,ISOMALTE ICEBERG 150G,20512,150G,150.0,G,150.0,G,,Não,62,https://www.fortali.com.br/isomalte-iceberg-150g-20512-1,2026-08-18 13:06:57,https://www.fortali.com.br/confeitaria?page=62,Pronto para comparar
Fortali Distribuidora,Confeitaria,DIOXIDO TITANIO 100G  ICEBERG,DIOXIDO TITANIO 100G ICEBERG,20513,100G,100.0,G,100.0,G,,Não,19,https://www.fortali.com.br/dioxido-titanio-100g-iceberg-20513-1,2026-08-18 13:06:57,https://www.fortali.com.br/confeitaria?page=19,Pronto para comparar
Fortali Distribuidora,Confeitaria,GLUCOSE EM PO 50G ICEBERG,GLUCOSE EM PO 50G ICEBERG,20515,50G,50.0,G,50.0,G,,Não,62,https://www.fortali.com.br/glucose-em-po-50g-iceberg--20515-1,2026-08-18 13:06:57,https://www.fortali.com.br/confeitaria?page=62,Pronto para comparar
Fortali Distribuidora,Confeitaria,CMC 50G ICEBERG,CMC 50G ICEBERG,20517,50G,50.0,G,50.0,G,,Não,62,https://www.fortali.com.br/cmc-50g-iceberg-20517-1,2026-08-18 13:06:57,https://www.fortali.com.br/confeitaria?page=62,Pronto para comparar
Fortali Distribuidora,Confeitaria,ACIDO CITRICO 50G ICEBERG,ACIDO CITRICO 50G ICEBERG,20518,50G,50.0,G,50.0,G,,Não,22,https://www.fortali.com.br/acido-citrico-50g-iceberg-20518-1,2026-08-18 13:06:57,https://www.fortali.com.br/confeitaria?page=22,Pronto para comparar
Fortali Distribuidora,Confeitaria,COR LIQ AMA FAB 10ML,COR LIQ AMA FAB 10ML,20549,10ML,10.0,ML,10.0,ML,,Não,62,https://www.fortali.com.br/cor-liq-ama-fab-10ml-20549-1,2026-08-18 13:06:57,https://www.fortali.com.br/confeitaria?page=62,Pronto para comparar
Fortali Distribuidora,Confeitaria,COR LIQ AZUL FAB 10ML,COR LIQ AZUL FAB 10ML,20550,10ML,10.0,ML,10.0,ML,,Não,62,https://www.fortali.com.br/cor-liq-azul-fab-10ml-20550-1,2026-08-18 13:06:57,https://www.fortali.com.br/confeitaria?page=62,Pronto para comparar
Fortali Distribuidora,Confeitaria,COR LIQUIDO AZUL MARINHO FAB 10ML,COR LIQUIDO AZUL MARINHO FAB 10ML,20551,10ML,10.0,ML,10.0,ML,,Não,62,https://www.fortali.com.br/cor-liquido-azul-marinho-fab-10ml-20551-1,2026-08-18 13:06:57,https://www.fortali.com.br/confeitaria?page=62,Pronto para comparar
Fortali Distribuidora,Confeitaria,COR LIQ BCO FAB 10ML,COR LIQ BCO FAB 10ML,20552,10ML,10.0,ML,10.0,ML,,Não,62,https://www.fortali.com.br/cor-liq-bco-fab-10ml-20552-1,2026-08-18 13:06:57,https://www.fortali.com.br/confeitaria?page=62,Pronto para comparar
Fortali Distribuidora,Confeitaria,COR LIQUIDO LARANJA FAB 10ML,COR LIQUIDO LARANJA FAB 10ML,20553,10ML,10.0,ML,10.0,ML,,Não,62,https://www.fortali.com.br/cor-liquido-laranja-fab-10ml-20553-1,2026-08-18 13:06:57,https://www.fortali.com.br/confeitaria?page=62,Pronto para comparar
Fortali Distribuidora,Confeitaria,COR LIQUIDO LILAS FAB 10ML,COR LIQUIDO LILAS FAB 10ML,20554,10ML,10.0,ML,10.0,ML,,Não,62,https://www.fortali.com.br/cor-liquido-lilas-fab-10ml-20554-1,2026-08-18 13:06:57,https://www.fortali.com.br/confeitaria?page=62,Pronto para comparar
Fortali Distribuidora,Confeitaria,COR LIQ PINK FAB 10ML,COR LIQ PINK FAB 10ML,20555,10ML,10.0,ML,10.0,ML,,Não,62,https://www.fortali.com.br/cor-liq-pink-fab-10ml-20555-1,2026-08-18 13:06:57,https://www.fortali.com.br/confeitaria?page=62,Pronto para comparar
Fortali Distribuidora,Confeitaria,FORMA ESP TRAD CONTROLE RETRO,FORMA ESP TRAD CONTROLE RETRO,20582,,,,,,,Não,62,https://www.fortali.com.br/forma-esp-trad-controle-retro-20582-1,2026-08-18 13:06:57,https://www.fortali.com.br/confeitaria?page=62,Revisar embalagem
Fortali Distribuidora,Confeitaria,GLITTERS P/DECOR GLOW MULTICOLOR 5G,GLITTERS P DECOR GLOW MULTICOLOR 5G,20612,5G,5.0,G,5.0,G,,Não,62,https://www.fortali.com.br/glitters-pdecor-glow-multicolor-5g-20612-1,2026-08-18 13:06:57,https://www.fortali.com.br/confeitaria?page=62,Pronto para comparar
Fortali Distribuidora,Confeitaria,GLITTER P/DECOR OURO GLOW 5G,GLITTER P DECOR OURO GLOW 5G,20613,5G,5.0,G,5.0,G,,Não,62,https://www.fortali.com.br/glitter-pdecor-ouro-glow-5g-20613-1,2026-08-18 13:06:57,https://www.fortali.com.br/confeitaria?page=62,Pronto para comparar
Fortali Distribuidora,Confeitaria,GLITTERS P/DECOR GLOW PLATINADO 5G,GLITTERS P DECOR GLOW PLATINADO 5G,20614,5G,5.0,G,5.0,G,,Não,62,https://www.fortali.com.br/glitters-pdecor-glow-platinado-5g-20614-1,2026-08-18 13:06:57,https://www.fortali.com.br/confeitaria?page=62,Pronto para comparar
Fortali Distribuidora,Confeitaria,GLITTERS P/DECOR GLOW ROSA UVA 5G,GLITTERS P DECOR GLOW ROSA UVA 5G,20616,5G,5.0,G,5.0,G,,Não,62,https://www.fortali.com.br/glitters-pdecor-glow-rosa-uva-5g-20616-1,2026-08-18 13:06:57,https://www.fortali.com.br/confeitaria?page=62,Pronto para comparar
Fortali Distribuidora,Confeitaria,GLITTERS P/DECOR GLOW TURQUESA 5G,GLITTERS P DECOR GLOW TURQUESA 5G,20617,5G,5.0,G,5.0,G,,Não,62,https://www.fortali.com.br/glitters-pdecor-glow-turquesa-5g-20617-1,2026-08-18 13:06:57,https://www.fortali.com.br/confeitaria?page=62,Pronto para comparar
Fortali Distribuidora,Confeitaria,GLITTERS P/DECOR GLOW VDE OLIVA 5G,GLITTERS P DECOR GLOW VDE OLIVA 5G,20618,5G,5.0,G,5.0,G,,Não,62,https://www.fortali.com.br/glitters-pdecor-glow-vde-oliva-5g-20618-1,2026-08-18 13:06:57,https://www.fortali.com.br/confeitaria?page=62,Pronto para comparar
Fortali Distribuidora,Confeitaria,PO P/DECOR GLOW VIOLETA 5G,PO P DECOR GLOW VIOLETA 5G,20619,5G,5.0,G,5.0,G,,Não,62,https://www.fortali.com.br/po-pdecor-glow-violeta-5g-20619-1,2026-08-18 13:06:57,https://www.fortali.com.br/confeitaria?page=62,Pronto para comparar
Fortali Distribuidora,Confeitaria,GLITTERS P/DECOR L/COLORIDA AMAR GEMA4G,GLITTERS P DECOR L COLORIDA AMAR GEMA4G,20620,4G,4.0,G,4.0,G,,Não,62,https://www.fortali.com.br/glitters-pdecor-lcolorida-amar-gema4g-20620-1,2026-08-18 13:06:57,https://www.fortali.com.br/confeitaria?page=62,Pronto para comparar
Fortali Distribuidora,Confeitaria,GLITTERS P/DECOR L/COLOR AZUL ANIL 4G,GLITTERS P DECOR L COLOR AZUL ANIL 4G,20621,4G,4.0,G,4.0,G,,Não,62,https://www.fortali.com.br/glitters-pdecor-lcolor-azul-anil-4g-20621-1,2026-08-18 13:06:57,https://www.fortali.com.br/confeitaria?page=62,Pronto para comparar
Fortali Distribuidora,Confeitaria,PO P/DECOR L/COLOR LILAS 4G,PO P DECOR L COLOR LILAS 4G,20622,4G,4.0,G,4.0,G,,Não,62,https://www.fortali.com.br/po-pdecor-lcolor-lilas-4g-20622-1,2026-08-18 13:06:57,https://www.fortali.com.br/confeitaria?page=62,Pronto para comparar
Fortali Distribuidora,Confeitaria,GLITTERS P/DECOR L/COLOR PTO 4G,GLITTERS P DECOR L COLOR PTO 4G,20623,4G,4.0,G,4.0,G,,Não,63,https://www.fortali.com.br/glitters-pdecor-lcolor-pto-4g-20623-1,2026-08-18 13:06:57,https://www.fortali.com.br/confeitaria?page=63,Pronto para comparar
Fortali Distribuidora,Confeitaria,PO P/DECOR L/COLOR ROSA CEREJA 4G,PO P DECOR L COLOR ROSA CEREJA 4G,20624,4G,4.0,G,4.0,G,,Não,63,https://www.fortali.com.br/po-pdecor-lcolor-rosa-cereja-4g-20624-1,2026-08-18 13:06:57,https://www.fortali.com.br/confeitaria?page=63,Pronto para comparar
Fortali Distribuidora,Confeitaria,GLITTERS P/DECOR L/COLOR VERM NATAL 4G,GLITTERS P DECOR L COLOR VERM NATAL 4G,20626,4G,4.0,G,4.0,G,,Não,63,https://www.fortali.com.br/glitters-pdecor-lcolor-verm-natal-4g-20626-1,2026-08-18 13:06:57,https://www.fortali.com.br/confeitaria?page=63,Pronto para comparar
Fortali Distribuidora,Confeitaria,PO P/DECOR L/METAL DOURADO 5G,PO P DECOR L METAL DOURADO 5G,20627,5G,5.0,G,5.0,G,,Não,63,https://www.fortali.com.br/po-pdecor-lmetal-dourado-5g-20627-1,2026-08-18 13:06:57,https://www.fortali.com.br/confeitaria?page=63,Pronto para comparar
Fortali Distribuidora,Confeitaria,PO P/DECOR L/METAL OURO CITILAN 5G,PO P DECOR L METAL OURO CITILAN 5G,20628,5G,5.0,G,5.0,G,,Não,63,https://www.fortali.com.br/po-pdecor-lmetal-ouro-citilan-5g-20628-1,2026-08-18 13:06:57,https://www.fortali.com.br/confeitaria?page=63,Pronto para comparar
Fortali Distribuidora,Confeitaria,PO  P/DECOR L/METAL OURO LUXO 5G,PO P DECOR L METAL OURO LUXO 5G,20629,5G,5.0,G,5.0,G,,Não,63,https://www.fortali.com.br/po--pdecor-lmetal-ouro-luxo-5g-20629-1,2026-08-18 13:06:57,https://www.fortali.com.br/confeitaria?page=63,Pronto para comparar
Fortali Distribuidora,Confeitaria,GLITTERS P/DECOR L/PEROL BCO CINTILAN 4G,GLITTERS P DECOR L PEROL BCO CINTILAN 4G,20630,4G,4.0,G,4.0,G,,Não,63,https://www.fortali.com.br/glitters-pdecor-lperol-bco-cintilan-4g-20630-1,2026-08-18 13:06:57,https://www.fortali.com.br/confeitaria?page=63,Pronto para comparar
Fortali Distribuidora,Confeitaria,GLITTERS P/DECOR L/PEROL BRONZE 4G,GLITTERS P DECOR L PEROL BRONZE 4G,20631,4G,4.0,G,4.0,G,,Não,63,https://www.fortali.com.br/glitters-pdecor-lperol-bronze-4g-20631-1,2026-08-18 13:06:57,https://www.fortali.com.br/confeitaria?page=63,Pronto para comparar
Fortali Distribuidora,Confeitaria,PO P/DECOR L/PEROL OURO ROSE 4G,PO P DECOR L PEROL OURO ROSE 4G,20634,4G,4.0,G,4.0,G,,Não,63,https://www.fortali.com.br/po-pdecor-lperol-ouro-rose-4g-20634-1,2026-08-18 13:06:57,https://www.fortali.com.br/confeitaria?page=63,Pronto para comparar
Fortali Distribuidora,Confeitaria,GLITTERS P/DECOR L/PEROL PEROLADO 4G,GLITTERS P DECOR L PEROL PEROLADO 4G,20635,4G,4.0,G,4.0,G,,Não,63,https://www.fortali.com.br/glitters-pdecor-lperol-perolado-4g-20635-1,2026-08-18 13:06:57,https://www.fortali.com.br/confeitaria?page=63,Pronto para comparar
Fortali Distribuidora,Confeitaria,DOCE DE LEITE XAMEGO BOM BALDE 5KG,DOCE DE LEITE XAMEGO BOM BALDE 5KG,20640,5KG,5.0,KG,5000.0,G,,Não,30,https://www.fortali.com.br/doce-de-leite-xamego-bom-balde-5kg-20640-1,2026-08-18 13:06:57,https://www.fortali.com.br/confeitaria?page=30,Pronto para comparar
Fortali Distribuidora,Confeitaria,"DOCE PASTOSO COM LEITE XAMEGOBOM BALDE 9,8KG","DOCE PASTOSO COM LEITE XAMEGOBOM BALDE 9,8KG",20641,"9,8KG",9.8,KG,9800.0,G,,Não,8,https://www.fortali.com.br/doce-pastoso-com-leite-xamegobom-balde-98kg-20641-1,2026-08-18 13:06:57,https://www.fortali.com.br/confeitaria?page=8,Pronto para comparar
Fortali Distribuidora,Confeitaria,"DOCE PASTOSO COM LEITE E CHOCOLATE XAMEGO 9,8KG","DOCE PASTOSO COM LEITE E CHOCOLATE XAMEGO 9,8KG",20642,"9,8KG",9.8,KG,9800.0,G,,Não,6,https://www.fortali.com.br/doce-pastoso-com-leite-e-chocolate-xamego-98kg-20642-1,2026-08-18 13:06:57,https://www.fortali.com.br/confeitaria?page=6,Pronto para comparar
Fortali Distribuidora,Confeitaria,DOCE PASTOSO COM LEITE XAMEGO BOM BALDE 5KG,DOCE PASTOSO COM LEITE XAMEGO BOM BALDE 5KG,20653,5KG,5.0,KG,5000.0,G,,Não,17,https://www.fortali.com.br/doce-pastoso-com-leite-xamego-bom-balde-5kg-20653-1,2026-08-18 13:06:57,https://www.fortali.com.br/confeitaria?page=17,Pronto para comparar
Fortali Distribuidora,Confeitaria,DOCE PASTOSO COM LEITE E CHOCOLATE XAMEGO BOM BALDE 5KG,DOCE PASTOSO COM LEITE E CHOCOLATE XAMEGO BOM BALDE 5KG,20656,5KG,5.0,KG,5000.0,G,,Não,12,https://www.fortali.com.br/doce-pastoso-com-leite-e-chocolate-xamego-bom-balde-5kg-20656-1,2026-08-18 13:06:57,https://www.fortali.com.br/confeitaria?page=12,Pronto para comparar
Fortali Distribuidora,Confeitaria,CORANTE AMARELO OVO SELECTA 100G,CORANTE AMARELO OVO SELECTA 100G,20920,100G,100.0,G,100.0,G,,Não,63,https://www.fortali.com.br/corante-amarelo-ovo-selecta-100g-20920-1,2026-08-18 13:06:57,https://www.fortali.com.br/confeitaria?page=63,Pronto para comparar
Fortali Distribuidora,Confeitaria,CORANTE VERMELHO BORDEAUX SELECTA 100G,CORANTE VERMELHO BORDEAUX SELECTA 100G,20921,100G,100.0,G,100.0,G,,Não,63,https://www.fortali.com.br/corante-vermelho-bordeaux-selecta-100g-20921-1,2026-08-18 13:06:57,https://www.fortali.com.br/confeitaria?page=63,Pronto para comparar
Fortali Distribuidora,Confeitaria,CORANTE VERDE FOLHA SELECTA 100G,CORANTE VERDE FOLHA SELECTA 100G,20922,100G,100.0,G,100.0,G,,Não,63,https://www.fortali.com.br/corante-verde-folha-selecta-100g-20922-1,2026-08-18 13:06:57,https://www.fortali.com.br/confeitaria?page=63,Pronto para comparar
Fortali Distribuidora,Confeitaria,CORANTE ROXO VINHO SELECTA POTE 100G,CORANTE ROXO VINHO SELECTA POTE 100G,20923,100G,100.0,G,100.0,G,,Não,63,https://www.fortali.com.br/corante-roxo-vinho-selecta-pote-100g-20923-1,2026-08-18 13:06:57,https://www.fortali.com.br/confeitaria?page=63,Pronto para comparar
Fortali Distribuidora,Confeitaria,GELÉIA DE PIMENTA HOMEMADE BALDE KG,GELEIA DE PIMENTA HOMEMADE BALDE KG,21121,,,,,,,Não,3,https://www.fortali.com.br/geleia-de-pimenta-homemade-balde-kg-21121-1,2026-08-18 13:06:57,https://www.fortali.com.br/confeitaria?page=3,Revisar embalagem
Fortali Distribuidora,Confeitaria,GELÉIA DE MORANGO HOMEMADE BALDE 2KG,GELEIA DE MORANGO HOMEMADE BALDE 2KG,21122,2KG,2.0,KG,2000.0,G,,Não,9,https://www.fortali.com.br/geleia-de-morango-homemade-balde-2kg-21122-1,2026-08-18 13:06:57,https://www.fortali.com.br/confeitaria?page=9,Pronto para comparar
Fortali Distribuidora,Confeitaria,GELÉIA DAMASCO HOMEMADE BALDE 2KG,GELEIA DAMASCO HOMEMADE BALDE 2KG,21123,2KG,2.0,KG,2000.0,G,,Não,9,https://www.fortali.com.br/geleia-damasco-homemade-balde-2kg-21123-1,2026-08-18 13:06:57,https://www.fortali.com.br/confeitaria?page=9,Pronto para comparar
Fortali Distribuidora,Confeitaria,DOCE DE LEITE EM BARRA 200G CAMPONESA,DOCE DE LEITE EM BARRA 200G CAMPONESA,2121,200G,200.0,G,200.0,G,,Não,63,https://www.fortali.com.br/doce-de-leite-em-barra-200g-camponesa-2121-1,2026-08-18 13:06:57,https://www.fortali.com.br/confeitaria?page=63,Pronto para comparar
Fortali Distribuidora,Confeitaria,FLOCOS CROCANTE OVOMALTINE PACOTE 300G,FLOCOS CROCANTE OVOMALTINE PACOTE 300G,21260,300G,300.0,G,300.0,G,,Não,10,https://www.fortali.com.br/flocos-crocante-ovomaltine-pacote-300g-21260-1,2026-08-18 13:06:57,https://www.fortali.com.br/confeitaria?page=10,Pronto para comparar
Fortali Distribuidora,Confeitaria,GELATINA SEM SABOR FLM 24G,GELATINA SEM SABOR FLM 24G,21264,24G,24.0,G,24.0,G,,Não,63,https://www.fortali.com.br/gelatina-sem-sabor-flm-24g-21264-1,2026-08-18 13:06:57,https://www.fortali.com.br/confeitaria?page=63,Pronto para comparar
Fortali Distribuidora,Confeitaria,PLUMPY PEQUENO COM TAMPA 80X40X40 VERDE SULFORMAS 10UN,PLUMPY PEQUENO COM TAMPA 80X40X40 VERDE SULFORMAS 10UN,21299,,,,,,,Não,63,https://www.fortali.com.br/plumpy-pequeno-com-tampa-80x40x40-verde-sulformas-10un-21299-1,2026-08-18 13:06:57,https://www.fortali.com.br/confeitaria?page=63,Revisar embalagem
Fortali Distribuidora,Confeitaria,CHOC PO SOLUV 32% 1KG FLM,CHOC PO SOLUV 32% 1KG FLM,21337,1KG,1.0,KG,1000.0,G,,Não,63,https://www.fortali.com.br/choc-po-soluv-32-1kg-flm-21337-1,2026-08-18 13:06:57,https://www.fortali.com.br/confeitaria?page=63,Pronto para comparar
Fortali Distribuidora,Confeitaria,CHOCOLATE EM PÓ 50% FLEISCHMANN PACOTE 1KG,CHOCOLATE EM PO 50% FLEISCHMANN PACOTE 1KG,21338,1KG,1.0,KG,1000.0,G,,Não,63,https://www.fortali.com.br/chocolate-em-po-50-fleischmann-pacote-1kg-21338-1,2026-08-18 13:06:57,https://www.fortali.com.br/confeitaria?page=63,Pronto para comparar
Fortali Distribuidora,Confeitaria,PO P/DECOR METALICO PRATEADO 5G,PO P DECOR METALICO PRATEADO 5G,21358,5G,5.0,G,5.0,G,,Não,63,https://www.fortali.com.br/po-pdecor-metalico-prateado-5g-21358-1,2026-08-18 13:06:57,https://www.fortali.com.br/confeitaria?page=63,Pronto para comparar
Fortali Distribuidora,Confeitaria,GLITTER P/DECOR AMAREL NEO GLOW 5G,GLITTER P DECOR AMAREL NEO GLOW 5G,21359,5G,5.0,G,5.0,G,,Não,63,https://www.fortali.com.br/glitter-pdecor-amarel-neo-glow-5g-21359-1,2026-08-18 13:06:57,https://www.fortali.com.br/confeitaria?page=63,Pronto para comparar
Fortali Distribuidora,Confeitaria,GLITTER P/DECO ROSA GLOW 5G,GLITTER P DECO ROSA GLOW 5G,21363,5G,5.0,G,5.0,G,,Não,63,https://www.fortali.com.br/glitter-pdeco-rosa-glow-5g-21363-1,2026-08-18 13:06:57,https://www.fortali.com.br/confeitaria?page=63,Pronto para comparar
Fortali Distribuidora,Confeitaria,GLITTER P/DECOR PRATA HOLOG GLOW 5G,GLITTER P DECOR PRATA HOLOG GLOW 5G,21364,5G,5.0,G,5.0,G,,Não,63,https://www.fortali.com.br/glitter-pdecor-prata-holog-glow-5g-21364-1,2026-08-18 13:06:57,https://www.fortali.com.br/confeitaria?page=63,Pronto para comparar
Fortali Distribuidora,Confeitaria,GLITTER P/DECOR VERMELHO GLOW 5G,GLITTER P DECOR VERMELHO GLOW 5G,21367,5G,5.0,G,5.0,G,,Não,63,https://www.fortali.com.br/glitter-pdecor-vermelho-glow-5g-21367-1,2026-08-18 13:06:57,https://www.fortali.com.br/confeitaria?page=63,Pronto para comparar
Fortali Distribuidora,Confeitaria,GLITTER P/DECO LARAN NEO GLOW 5G,GLITTER P DECO LARAN NEO GLOW 5G,21368,5G,5.0,G,5.0,G,,Não,64,https://www.fortali.com.br/glitter-pdeco-laran-neo-glow-5g-21368-1,2026-08-18 13:06:57,https://www.fortali.com.br/confeitaria?page=64,Pronto para comparar
Fortali Distribuidora,Confeitaria,GLITTER P/DECOR PINK NEO GLOW 5G,GLITTER P DECOR PINK NEO GLOW 5G,21369,5G,5.0,G,5.0,G,,Não,64,https://www.fortali.com.br/glitter-pdecor-pink-neo-glow-5g-21369-1,2026-08-18 13:06:57,https://www.fortali.com.br/confeitaria?page=64,Pronto para comparar
Fortali Distribuidora,Confeitaria,PO PARA DECORAR AMARELO DAMASCO CINTILANTE FAB! 5G,PO PARA DECORAR AMARELO DAMASCO CINTILANTE FAB 5G,21371,5G,5.0,G,5.0,G,,Não,64,https://www.fortali.com.br/po-para-decorar-amarelo-damasco-cintilante-fab-5g-21371-1,2026-08-18 13:06:57,https://www.fortali.com.br/confeitaria?page=64,Pronto para comparar
Fortali Distribuidora,Confeitaria,PO P/DECO AZUL HORTENCIA CINTILANTE 5G,PO P DECO AZUL HORTENCIA CINTILANTE 5G,21372,5G,5.0,G,5.0,G,,Não,64,https://www.fortali.com.br/po-pdeco-azul-hortencia-cintilante-5g-21372-1,2026-08-18 13:06:57,https://www.fortali.com.br/confeitaria?page=64,Pronto para comparar
Fortali Distribuidora,Confeitaria,PO P/DECO AZUL ROYAL CINTILANTE 5G,PO P DECO AZUL ROYAL CINTILANTE 5G,21373,5G,5.0,G,5.0,G,,Não,64,https://www.fortali.com.br/po-pdeco-azul-royal-cintilante-5g-21373-1,2026-08-18 13:06:57,https://www.fortali.com.br/confeitaria?page=64,Pronto para comparar
Fortali Distribuidora,Confeitaria,PO P/DECO AZUL TURQUESA CINTILANTE 5G,PO P DECO AZUL TURQUESA CINTILANTE 5G,21374,5G,5.0,G,5.0,G,,Não,64,https://www.fortali.com.br/po-pdeco-azul-turquesa-cintilante-5g-21374-1,2026-08-18 13:06:57,https://www.fortali.com.br/confeitaria?page=64,Pronto para comparar
Fortali Distribuidora,Confeitaria,PO P/DECOR CORAL CINTILANTE 5G,PO P DECOR CORAL CINTILANTE 5G,21375,5G,5.0,G,5.0,G,,Não,64,https://www.fortali.com.br/po-pdecor-coral-cintilante-5g-21375-1,2026-08-18 13:06:57,https://www.fortali.com.br/confeitaria?page=64,Pronto para comparar
Fortali Distribuidora,Confeitaria,PO P/DECO LILAS CINTILANTE 5G,PO P DECO LILAS CINTILANTE 5G,21377,5G,5.0,G,5.0,G,,Não,64,https://www.fortali.com.br/po-pdeco-lilas-cintilante-5g-21377-1,2026-08-18 13:06:57,https://www.fortali.com.br/confeitaria?page=64,Pronto para comparar
Fortali Distribuidora,Confeitaria,PO P/DECO PEROLADO CINTILANTE 5G,PO P DECO PEROLADO CINTILANTE 5G,21379,5G,5.0,G,5.0,G,,Não,64,https://www.fortali.com.br/po-pdeco-perolado-cintilante-5g-21379-1,2026-08-18 13:06:57,https://www.fortali.com.br/confeitaria?page=64,Pronto para comparar
Fortali Distribuidora,Confeitaria,PO P/DECO PINK CINTILANTE 5G,PO P DECO PINK CINTILANTE 5G,21380,5G,5.0,G,5.0,G,,Não,64,https://www.fortali.com.br/po-pdeco-pink-cintilante-5g-21380-1,2026-08-18 13:06:57,https://www.fortali.com.br/confeitaria?page=64,Pronto para comparar
Fortali Distribuidora,Confeitaria,PO P/DECO VERDE FOLHA CINTILANTE 5G,PO P DECO VERDE FOLHA CINTILANTE 5G,21383,5G,5.0,G,5.0,G,,Não,64,https://www.fortali.com.br/po-pdeco-verde-folha-cintilante-5g-21383-1,2026-08-18 13:06:57,https://www.fortali.com.br/confeitaria?page=64,Pronto para comparar
Fortali Distribuidora,Confeitaria,PO P/DECOR VERDE LIMAO CINTILANTE 5G,PO P DECOR VERDE LIMAO CINTILANTE 5G,21384,5G,5.0,G,5.0,G,,Não,64,https://www.fortali.com.br/po-pdecor-verde-limao-cintilante-5g-21384-1,2026-08-18 13:06:57,https://www.fortali.com.br/confeitaria?page=64,Pronto para comparar
Fortali Distribuidora,Confeitaria,PO P/DECO VERM MORANGO CINTILANTE 5G,PO P DECO VERM MORANGO CINTILANTE 5G,21385,5G,5.0,G,5.0,G,,Não,64,https://www.fortali.com.br/po-pdeco-verm-morango-cintilante-5g-21385-1,2026-08-18 13:06:57,https://www.fortali.com.br/confeitaria?page=64,Pronto para comparar
Fortali Distribuidora,Confeitaria,PO P/DECOR NACARADO OURO BRILHAN 5G,PO P DECOR NACARADO OURO BRILHAN 5G,21387,5G,5.0,G,5.0,G,,Não,64,https://www.fortali.com.br/po-pdecor-nacarado-ouro-brilhan-5g-21387-1,2026-08-18 13:06:57,https://www.fortali.com.br/confeitaria?page=64,Pronto para comparar
Fortali Distribuidora,Confeitaria,PO P/DECOR NACARADO ROSA BRILHAN 5G,PO P DECOR NACARADO ROSA BRILHAN 5G,21388,5G,5.0,G,5.0,G,,Não,64,https://www.fortali.com.br/po-pdecor-nacarado-rosa-brilhan-5g-21388-1,2026-08-18 13:06:57,https://www.fortali.com.br/confeitaria?page=64,Pronto para comparar
Fortali Distribuidora,Confeitaria,PO P/DECOR OURO ROSE MAGO 8G,PO P DECOR OURO ROSE MAGO 8G,21389,8G,8.0,G,8.0,G,,Não,64,https://www.fortali.com.br/po-pdecor-ouro-rose-mago-8g-21389-1,2026-08-18 13:06:57,https://www.fortali.com.br/confeitaria?page=64,Pronto para comparar
Fortali Distribuidora,Confeitaria,GLITTER P/DECOR VERDE ESMERALDA GLOW 5G,GLITTER P DECOR VERDE ESMERALDA GLOW 5G,21404,5G,5.0,G,5.0,G,,Não,64,https://www.fortali.com.br/glitter-pdecor-verde-esmeralda-glow-5g-21404-1,2026-08-18 13:06:57,https://www.fortali.com.br/confeitaria?page=64,Pronto para comparar
Fortali Distribuidora,Confeitaria,PÓ P/DECOR AZUL BEBE COLOR 4G,PO P DECOR AZUL BEBE COLOR 4G,21405,4G,4.0,G,4.0,G,,Não,64,https://www.fortali.com.br/po-pdecor-azul-bebe-color-4g-21405-1,2026-08-18 13:06:57,https://www.fortali.com.br/confeitaria?page=64,Pronto para comparar
Fortali Distribuidora,Confeitaria,PO P/DECOR L/COLOR ROSA SERENO 4G,PO P DECOR L COLOR ROSA SERENO 4G,21408,4G,4.0,G,4.0,G,,Não,64,https://www.fortali.com.br/po-pdecor-lcolor-rosa-sereno-4g-21408-1,2026-08-18 13:06:57,https://www.fortali.com.br/confeitaria?page=64,Pronto para comparar
Fortali Distribuidora,Confeitaria,PO P/DECOR L/COLOR VERME RUBI 4G,PO P DECOR L COLOR VERME RUBI 4G,21409,4G,4.0,G,4.0,G,,Não,64,https://www.fortali.com.br/po-pdecor-lcolor-verme-rubi-4g-21409-1,2026-08-18 13:06:57,https://www.fortali.com.br/confeitaria?page=64,Pronto para comparar
Fortali Distribuidora,Confeitaria,CHOCO POWER MICRO COLOR PACOTE 300G,CHOCO POWER MICRO COLOR PACOTE 300G,21475,300G,300.0,G,300.0,G,,Não,22,https://www.fortali.com.br/choco-power-micro-color-pacote-300g-21475-1,2026-08-18 13:06:57,https://www.fortali.com.br/confeitaria?page=22,Pronto para comparar
Fortali Distribuidora,Confeitaria,BASE P/ CONFEITAR FLORES WILTON,BASE P CONFEITAR FLORES WILTON,21557,,,,,,,Não,64,https://www.fortali.com.br/base-p-confeitar-flores-wilton-21557-1,2026-08-18 13:06:57,https://www.fortali.com.br/confeitaria?page=64,Revisar embalagem
Fortali Distribuidora,Confeitaria,"CHOCOLATE AO LEITE GOTAS HERSHEYS 1,01KG","CHOCOLATE AO LEITE GOTAS HERSHEYS 1,01KG",21640,"1,01KG",1.01,KG,1010.0,G,,Não,64,https://www.fortali.com.br/chocolate-ao-leite-gotas-hersheys-1-01kg-21640-1,2026-08-18 13:06:57,https://www.fortali.com.br/confeitaria?page=64,Pronto para comparar
Fortali Distribuidora,Confeitaria,"CHOC AO LEITE MOEDA HERSHEY S 1,01KG","CHOC AO LEITE MOEDA HERSHEY S 1,01KG",21642,"1,01KG",1.01,KG,1010.0,G,,Não,64,https://www.fortali.com.br/choc-ao-leite-moeda-hershey-s-1-01kg-21642-1,2026-08-18 13:06:57,https://www.fortali.com.br/confeitaria?page=64,Pronto para comparar
Fortali Distribuidora,Confeitaria,"CHOCOLATE AO LEITE MOEDA HERSHEYS 2,01KG","CHOCOLATE AO LEITE MOEDA HERSHEYS 2,01KG",21643,"2,01KG",2.01,KG,2010.0,G,,Não,64,https://www.fortali.com.br/chocolate-ao-leite-moeda-hersheys-2-01kg-21643-1,2026-08-18 13:06:57,https://www.fortali.com.br/confeitaria?page=64,Pronto para comparar
Fortali Distribuidora,Confeitaria,"CHOC MEIO AMARGO MOEDA HERSHEY S 2,01KG","CHOC MEIO AMARGO MOEDA HERSHEY S 2,01KG",21645,"2,01KG",2.01,KG,2010.0,G,,Não,65,https://www.fortali.com.br/choc-meio-amargo-moeda-hershey-s-2-01kg-21645-1,2026-08-18 13:06:57,https://www.fortali.com.br/confeitaria?page=65,Pronto para comparar
Fortali Distribuidora,Confeitaria,"COBERTURA AO LEITE MOEDA HERSHEYS 1,01KG","COBERTURA AO LEITE MOEDA HERSHEYS 1,01KG",21646,"1,01KG",1.01,KG,1010.0,G,,Não,65,https://www.fortali.com.br/cobertura-ao-leite-moeda-hersheys-1-01kg-21646-1,2026-08-18 13:06:57,https://www.fortali.com.br/confeitaria?page=65,Pronto para comparar
Fortali Distribuidora,Confeitaria,"COB AO LEITE MOEDA HERSHEY S 2,01KG","COB AO LEITE MOEDA HERSHEY S 2,01KG",21647,"2,01KG",2.01,KG,2010.0,G,,Não,65,https://www.fortali.com.br/cob-ao-leite-moeda-hershey-s-2-01kg-21647-1,2026-08-18 13:06:57,https://www.fortali.com.br/confeitaria?page=65,Pronto para comparar
Fortali Distribuidora,Confeitaria,"COBERTURA MEIO AMARGO MOEDA HERSHEYS 1,01KG","COBERTURA MEIO AMARGO MOEDA HERSHEYS 1,01KG",21648,"1,01KG",1.01,KG,1010.0,G,,Não,65,https://www.fortali.com.br/cobertura-meio-amargo-moeda-hersheys-1-01kg-21648-1,2026-08-18 13:06:57,https://www.fortali.com.br/confeitaria?page=65,Pronto para comparar
Fortali Distribuidora,Confeitaria,"COB M AMARGO MOEDA HERSHEY S 2,01KG","COB M AMARGO MOEDA HERSHEY S 2,01KG",21649,"2,01KG",2.01,KG,2010.0,G,,Não,65,https://www.fortali.com.br/cob-m-amargo-moeda-hershey-s-2-01kg-21649-1,2026-08-18 13:06:57,https://www.fortali.com.br/confeitaria?page=65,Pronto para comparar
Fortali Distribuidora,Confeitaria,"CHOCOLATE BRANCO MOEDA HERSHEYS 1,01KG","CHOCOLATE BRANCO MOEDA HERSHEYS 1,01KG",21650,"1,01KG",1.01,KG,1010.0,G,,Não,65,https://www.fortali.com.br/chocolate-branco-moeda-hersheys-1-01kg-21650-1,2026-08-18 13:06:57,https://www.fortali.com.br/confeitaria?page=65,Pronto para comparar
Fortali Distribuidora,Confeitaria,"COBERTURA BRANCO MOEDA HERSHEYS 1,01KG","COBERTURA BRANCO MOEDA HERSHEYS 1,01KG",21651,"1,01KG",1.01,KG,1010.0,G,,Não,65,https://www.fortali.com.br/cobertura-branco-moeda-hersheys-1-01kg-21651-1,2026-08-18 13:06:57,https://www.fortali.com.br/confeitaria?page=65,Pronto para comparar
Fortali Distribuidora,Confeitaria,CHOC BATON GAROTO BRANCO 16G,CHOC BATON GAROTO BRANCO 16G,21683,16G,16.0,G,16.0,G,,Não,65,https://www.fortali.com.br/choc-baton-garoto-branco-16g-21683-1,2026-08-18 13:06:57,https://www.fortali.com.br/confeitaria?page=65,Pronto para comparar
Fortali Distribuidora,Confeitaria,"CHOC GOTAS 70% MELKEN HARALD 1,01KG","CHOC GOTAS 70% MELKEN HARALD 1,01KG",21690,"1,01KG",1.01,KG,1010.0,G,,Não,30,https://www.fortali.com.br/choc-gotas-70-melken-harald-101kg-21690-1,2026-08-18 13:06:57,https://www.fortali.com.br/confeitaria?page=30,Pronto para comparar
Fortali Distribuidora,Confeitaria,"COB GOTA CHIPSHOW AVELA TOP 1,010KG","COB GOTA CHIPSHOW AVELA TOP 1,010KG",21694,"1,010KG",1.01,KG,1010.0,G,,Não,29,https://www.fortali.com.br/cob-gota-chipshow-avela-top-1010kg-21694-1,2026-08-18 13:06:57,https://www.fortali.com.br/confeitaria?page=29,Pronto para comparar
Fortali Distribuidora,Confeitaria,PASTA GUSTOSIA NOCCIOLISSIMA 180G MC3,PASTA GUSTOSIA NOCCIOLISSIMA 180G MC3,21731,180G,180.0,G,180.0,G,,Não,65,https://www.fortali.com.br/pasta-gustosia-nocciolissima-180g-mc3-21731-1,2026-08-18 13:06:57,https://www.fortali.com.br/confeitaria?page=65,Pronto para comparar
Fortali Distribuidora,Confeitaria,PASTA GUSTOSIA FRUTTI DI BOSCO 250G,PASTA GUSTOSIA FRUTTI DI BOSCO 250G,21732,250G,250.0,G,250.0,G,,Não,65,https://www.fortali.com.br/pasta-gustosia-frutti-di-bosco-250g-21732-1,2026-08-18 13:06:57,https://www.fortali.com.br/confeitaria?page=65,Pronto para comparar
Fortali Distribuidora,Confeitaria,PASTA GUSTOSIA LIMÃO COM GENGIBRE 250G,PASTA GUSTOSIA LIMAO COM GENGIBRE 250G,21733,250G,250.0,G,250.0,G,,Não,65,https://www.fortali.com.br/pasta-gustosia-limao-com-gengibre-250g-21733-1,2026-08-18 13:06:57,https://www.fortali.com.br/confeitaria?page=65,Pronto para comparar
Fortali Distribuidora,Confeitaria,PASTA GUSTOSIA SABOR NOZES PREMIUM 220,PASTA GUSTOSIA SABOR NOZES PREMIUM 220,21735,,,,,,,Não,65,https://www.fortali.com.br/pasta-gustosia-sabor-nozes-premium-220-21735-1,2026-08-18 13:06:57,https://www.fortali.com.br/confeitaria?page=65,Revisar embalagem
Fortali Distribuidora,Confeitaria,FLOR LILI P VERMELHA JADY,FLOR LILI P VERMELHA JADY,21787,,,,,,,Não,65,https://www.fortali.com.br/flor-lili-p-vermelha-jady-21787-1,2026-08-18 13:06:57,https://www.fortali.com.br/confeitaria?page=65,Revisar embalagem
Fortali Distribuidora,Confeitaria,MICKEY BOTON P JADY,MICKEY BOTON P JADY,21798,,,,,,,Não,65,https://www.fortali.com.br/mickey-boton-p-jady-21798-1,2026-08-18 13:06:57,https://www.fortali.com.br/confeitaria?page=65,Revisar embalagem
Fortali Distribuidora,Confeitaria,EMBALAGEM P/DOCE TRANSP FLIP 10UN,EMBALAGEM P DOCE TRANSP FLIP 10UN,21821,,,,,,,Não,65,https://www.fortali.com.br/embalagem-pdoce-transp-flip-10un-21821-1,2026-08-18 13:06:57,https://www.fortali.com.br/confeitaria?page=65,Revisar embalagem
Fortali Distribuidora,Confeitaria,ESPATULA DECORATIVA 2,ESPATULA DECORATIVA 2,21909,,,,,,,Não,65,https://www.fortali.com.br/espatula-decorativa-2-21909-1,2026-08-18 13:06:57,https://www.fortali.com.br/confeitaria?page=65,Revisar embalagem
Fortali Distribuidora,Confeitaria,ESPATULA DECORATIVA 3,ESPATULA DECORATIVA 3,21910,,,,,,,Não,65,https://www.fortali.com.br/espatula-decorativa-3--21910-1,2026-08-18 13:06:57,https://www.fortali.com.br/confeitaria?page=65,Revisar embalagem
Fortali Distribuidora,Confeitaria,ESPATULA DECORATIVA 4,ESPATULA DECORATIVA 4,21911,,,,,,,Não,65,https://www.fortali.com.br/espatula-decorativa-4-21911-1,2026-08-18 13:06:57,https://www.fortali.com.br/confeitaria?page=65,Revisar embalagem
Fortali Distribuidora,Confeitaria,ESPATULA DECORATIVA 6,ESPATULA DECORATIVA 6,21913,,,,,,,Não,65,https://www.fortali.com.br/espatula-decorativa-6-21913-1,2026-08-18 13:06:57,https://www.fortali.com.br/confeitaria?page=65,Revisar embalagem
Fortali Distribuidora,Confeitaria,ESPATULA DECORATIVA 7,ESPATULA DECORATIVA 7,21914,,,,,,,Não,65,https://www.fortali.com.br/espatula-decorativa-7-21914-1,2026-08-18 13:06:57,https://www.fortali.com.br/confeitaria?page=65,Revisar embalagem
Fortali Distribuidora,Confeitaria,ESPATULA DECORATIVA 8,ESPATULA DECORATIVA 8,21920,,,,,,,Não,65,https://www.fortali.com.br/espatula-decorativa-8-21920-1,2026-08-18 13:06:57,https://www.fortali.com.br/confeitaria?page=65,Revisar embalagem
Fortali Distribuidora,Confeitaria,ESPATULA DECORATIVA 9,ESPATULA DECORATIVA 9,21921,,,,,,,Não,65,https://www.fortali.com.br/espatula-decorativa-9-21921-1,2026-08-18 13:06:57,https://www.fortali.com.br/confeitaria?page=65,Revisar embalagem
Fortali Distribuidora,Confeitaria,ESPATULA DECORATIVA 11,ESPATULA DECORATIVA 11,21923,,,,,,,Não,65,https://www.fortali.com.br/espatula-decorativa-11-21923-1,2026-08-18 13:06:57,https://www.fortali.com.br/confeitaria?page=65,Revisar embalagem
Fortali Distribuidora,Confeitaria,ESPATULA DECORATIVA 12,ESPATULA DECORATIVA 12,21924,,,,,,,Não,65,https://www.fortali.com.br/espatula-decorativa-12-21924-1,2026-08-18 13:06:57,https://www.fortali.com.br/confeitaria?page=65,Revisar embalagem
Fortali Distribuidora,Confeitaria,ESPATULA DECORATIVA 13,ESPATULA DECORATIVA 13,21925,,,,,,,Não,66,https://www.fortali.com.br/espatula-decorativa-13-21925-1,2026-08-18 13:06:57,https://www.fortali.com.br/confeitaria?page=66,Revisar embalagem
Fortali Distribuidora,Confeitaria,ESPATULA DECORATIVA 14,ESPATULA DECORATIVA 14,21926,,,,,,,Não,66,https://www.fortali.com.br/espatula-decorativa-14-21926-1,2026-08-18 13:06:57,https://www.fortali.com.br/confeitaria?page=66,Revisar embalagem
Fortali Distribuidora,Confeitaria,ESPATULA DECORATIVA 15,ESPATULA DECORATIVA 15,21927,,,,,,,Não,66,https://www.fortali.com.br/espatula-decorativa-15-21927-1,2026-08-18 13:06:57,https://www.fortali.com.br/confeitaria?page=66,Revisar embalagem
Fortali Distribuidora,Confeitaria,ESPATULA DECORATIVA 16,ESPATULA DECORATIVA 16,21928,,,,,,,Não,66,https://www.fortali.com.br/espatula-decorativa-16-21928-1,2026-08-18 13:06:57,https://www.fortali.com.br/confeitaria?page=66,Revisar embalagem
Fortali Distribuidora,Confeitaria,ESPATULA DECORATIVA 17,ESPATULA DECORATIVA 17,21929,,,,,,,Não,66,https://www.fortali.com.br/espatula-decorativa-17-21929-1,2026-08-18 13:06:57,https://www.fortali.com.br/confeitaria?page=66,Revisar embalagem
Fortali Distribuidora,Confeitaria,ESPATULA DECORATIVA 18,ESPATULA DECORATIVA 18,21930,,,,,,,Não,66,https://www.fortali.com.br/espatula-decorativa-18-21930-1,2026-08-18 13:06:57,https://www.fortali.com.br/confeitaria?page=66,Revisar embalagem
Fortali Distribuidora,Confeitaria,ESPATULA DECORATIVA 19,ESPATULA DECORATIVA 19,21931,,,,,,,Não,66,https://www.fortali.com.br/espatula-decorativa-19-21931-1,2026-08-18 13:06:57,https://www.fortali.com.br/confeitaria?page=66,Revisar embalagem
Fortali Distribuidora,Confeitaria,ESPATULA DECORATIVA 20,ESPATULA DECORATIVA 20,21932,,,,,,,Não,66,https://www.fortali.com.br/espatula-decorativa-20-21932-1,2026-08-18 13:06:57,https://www.fortali.com.br/confeitaria?page=66,Revisar embalagem
Fortali Distribuidora,Confeitaria,ESPATULA DECORATIVA 21,ESPATULA DECORATIVA 21,21933,,,,,,,Não,66,https://www.fortali.com.br/espatula-decorativa-21-21933-1,2026-08-18 13:06:57,https://www.fortali.com.br/confeitaria?page=66,Revisar embalagem
Fortali Distribuidora,Confeitaria,ESPATULA DECORATIVA 22,ESPATULA DECORATIVA 22,21934,,,,,,,Não,66,https://www.fortali.com.br/espatula-decorativa-22-21934-1,2026-08-18 13:06:57,https://www.fortali.com.br/confeitaria?page=66,Revisar embalagem
Fortali Distribuidora,Confeitaria,ESPATULA DECORATIVA 23,ESPATULA DECORATIVA 23,21935,,,,,,,Não,66,https://www.fortali.com.br/espatula-decorativa-23-21935-1,2026-08-18 13:06:57,https://www.fortali.com.br/confeitaria?page=66,Revisar embalagem
Fortali Distribuidora,Confeitaria,ESPATULA DECORATIVA 24,ESPATULA DECORATIVA 24,21936,,,,,,,Não,66,https://www.fortali.com.br/espatula-decorativa-24-21936-1,2026-08-18 13:06:57,https://www.fortali.com.br/confeitaria?page=66,Revisar embalagem
Fortali Distribuidora,Confeitaria,ESPATULA DECORATIVA 25,ESPATULA DECORATIVA 25,21937,,,,,,,Não,66,https://www.fortali.com.br/espatula-decorativa-25-21937-1,2026-08-18 13:06:57,https://www.fortali.com.br/confeitaria?page=66,Revisar embalagem
Fortali Distribuidora,Confeitaria,ESPATULA DECORATIVA 26,ESPATULA DECORATIVA 26,21938,,,,,,,Não,66,https://www.fortali.com.br/espatula-decorativa-26-21938-1,2026-08-18 13:06:57,https://www.fortali.com.br/confeitaria?page=66,Revisar embalagem
Fortali Distribuidora,Confeitaria,ESPATULA DECORATIVA 27,ESPATULA DECORATIVA 27,21939,,,,,,,Não,66,https://www.fortali.com.br/espatula-decorativa-27-21939-1,2026-08-18 13:06:57,https://www.fortali.com.br/confeitaria?page=66,Revisar embalagem
Fortali Distribuidora,Confeitaria,ESPATULA DECORATIVA 28,ESPATULA DECORATIVA 28,21940,,,,,,,Não,66,https://www.fortali.com.br/espatula-decorativa-28-21940-1,2026-08-18 13:06:57,https://www.fortali.com.br/confeitaria?page=66,Revisar embalagem
Fortali Distribuidora,Confeitaria,ESPATULA DECORATIVA 29,ESPATULA DECORATIVA 29,21941,,,,,,,Não,66,https://www.fortali.com.br/espatula-decorativa-29-21941-1,2026-08-18 13:06:57,https://www.fortali.com.br/confeitaria?page=66,Revisar embalagem
Fortali Distribuidora,Confeitaria,ESPATULA DECORATIVA 30,ESPATULA DECORATIVA 30,21942,,,,,,,Não,66,https://www.fortali.com.br/espatula-decorativa-30-21942-1,2026-08-18 13:06:57,https://www.fortali.com.br/confeitaria?page=66,Revisar embalagem
Fortali Distribuidora,Confeitaria,ESPATULA DECORATIVA 31,ESPATULA DECORATIVA 31,21943,,,,,,,Não,66,https://www.fortali.com.br/espatula-decorativa-31-21943-1,2026-08-18 13:06:57,https://www.fortali.com.br/confeitaria?page=66,Revisar embalagem
Fortali Distribuidora,Confeitaria,ESPATULA DECORATIVA 32,ESPATULA DECORATIVA 32,21944,,,,,,,Não,66,https://www.fortali.com.br/espatula-decorativa-32-21944-1,2026-08-18 13:06:57,https://www.fortali.com.br/confeitaria?page=66,Revisar embalagem
Fortali Distribuidora,Confeitaria,ESPATULA DECORATIVA 33,ESPATULA DECORATIVA 33,21945,,,,,,,Não,66,https://www.fortali.com.br/espatula-decorativa-33-21945-1,2026-08-18 13:06:57,https://www.fortali.com.br/confeitaria?page=66,Revisar embalagem
Fortali Distribuidora,Confeitaria,ESPATULA DECORATIVA 34,ESPATULA DECORATIVA 34,21946,,,,,,,Não,66,https://www.fortali.com.br/espatula-decorativa-34-21946-1,2026-08-18 13:06:57,https://www.fortali.com.br/confeitaria?page=66,Revisar embalagem
Fortali Distribuidora,Confeitaria,ESPATULA DECORATIVA 35,ESPATULA DECORATIVA 35,21947,,,,,,,Não,66,https://www.fortali.com.br/espatula-decorativa-35-21947-1,2026-08-18 13:06:57,https://www.fortali.com.br/confeitaria?page=66,Revisar embalagem
Fortali Distribuidora,Confeitaria,DOCE DE LEITE TRADICIONAL CAMBUÍ BISNAGA 1KG,DOCE DE LEITE TRADICIONAL CAMBUI BISNAGA 1KG,21969,1KG,1.0,KG,1000.0,G,,Não,32,https://www.fortali.com.br/doce-de-leite-tradicional-cambui-bisnaga-1kg-21969-1,2026-08-18 13:06:57,https://www.fortali.com.br/confeitaria?page=32,Pronto para comparar
Fortali Distribuidora,Confeitaria,FORMA ESPE TRAD CENOURA GOURMET BWB,FORMA ESPE TRAD CENOURA GOURMET BWB,21975,,,,,,,Não,66,https://www.fortali.com.br/forma-espe-trad-cenoura-gourmet-bwb-21975-1,2026-08-18 13:06:57,https://www.fortali.com.br/confeitaria?page=66,Revisar embalagem
Fortali Distribuidora,Confeitaria,FORMA ESPECIAL TRAD BAU BWB,FORMA ESPECIAL TRAD BAU BWB,21977,,,,,,,Não,67,https://www.fortali.com.br/forma-especial-trad-bau-bwb-21977-1,2026-08-18 13:06:57,https://www.fortali.com.br/confeitaria?page=67,Revisar embalagem
Fortali Distribuidora,Confeitaria,CHOCOLATE EM PÓ SOLÚVEL 50% GRAN FINALE FLEISCHMANN 1KG,CHOCOLATE EM PO SOLUVEL 50% GRAN FINALE FLEISCHMANN 1KG,22006,1KG,1.0,KG,1000.0,G,,Não,67,https://www.fortali.com.br/chocolate-em-po-soluvel-50-gran-finale-fleischmann-1kg-22006-1,2026-08-18 13:06:57,https://www.fortali.com.br/confeitaria?page=67,Pronto para comparar
Fortali Distribuidora,Confeitaria,OVOMALTINE ROCKS MESCL 110G,OVOMALTINE ROCKS MESCL 110G,22012,110G,110.0,G,110.0,G,,Não,34,https://www.fortali.com.br/ovomaltine-rocks-mescl-110g-22012-1,2026-08-18 13:06:57,https://www.fortali.com.br/confeitaria?page=34,Pronto para comparar
Fortali Distribuidora,Confeitaria,OVOMALTINE ROCKS 110G,OVOMALTINE ROCKS 110G,22013,110G,110.0,G,110.0,G,,Não,13,https://www.fortali.com.br/ovomaltine-rocks-110g-22013-1,2026-08-18 13:06:57,https://www.fortali.com.br/confeitaria?page=13,Pronto para comparar
Fortali Distribuidora,Confeitaria,CHOCOPOWER MINI CHOCCH BRANCO 500G,CHOCOPOWER MINI CHOCCH BRANCO 500G,2205,500G,500.0,G,500.0,G,,Não,4,https://www.fortali.com.br/chocopower-mini-chocch-branco-500g-2205-1,2026-08-18 13:06:57,https://www.fortali.com.br/confeitaria?page=4,Pronto para comparar
Fortali Distribuidora,Confeitaria,CREME CONF ADICREM 1KG,CREME CONF ADICREM 1KG,22086,1KG,1.0,KG,1000.0,G,,Não,6,https://www.fortali.com.br/creme-conf-adicrem-1kg-22086-1,2026-08-18 13:06:57,https://www.fortali.com.br/confeitaria?page=6,Pronto para comparar
Fortali Distribuidora,Confeitaria,CREME PARA CONFEITAR INSTANTÂNEO FRIOKREM PACOTE 1KG,CREME PARA CONFEITAR INSTANTANEO FRIOKREM PACOTE 1KG,22089,1KG,1.0,KG,1000.0,G,,Não,67,https://www.fortali.com.br/creme-para-confeitar-instantaneo-friokrem-pacote-1kg-22089-1,2026-08-18 13:06:57,https://www.fortali.com.br/confeitaria?page=67,Pronto para comparar
Fortali Distribuidora,Confeitaria,ESSÊNCIA BAUNILHA ADINOR 960ML,ESSENCIA BAUNILHA ADINOR 960ML,22110,960ML,960.0,ML,960.0,ML,,Não,31,https://www.fortali.com.br/essencia-baunilha-adinor-960ml-22110-1,2026-08-18 13:06:57,https://www.fortali.com.br/confeitaria?page=31,Pronto para comparar
Fortali Distribuidora,Confeitaria,ESSENCIA LARANJA ADINOR PET 960ML,ESSENCIA LARANJA ADINOR PET 960ML,22112,960ML,960.0,ML,960.0,ML,,Não,32,https://www.fortali.com.br/essencia-laranja-adinor-pet-960ml-22112-1,2026-08-18 13:06:57,https://www.fortali.com.br/confeitaria?page=32,Pronto para comparar
Fortali Distribuidora,Confeitaria,CALDA DE CARAMELO ADINOR GALAO 7KG,CALDA DE CARAMELO ADINOR GALAO 7KG,22113,7KG,7.0,KG,7000.0,G,,Não,7,https://www.fortali.com.br/calda-de-caramelo-adinor-galao-7kg-22113-1,2026-08-18 13:06:57,https://www.fortali.com.br/confeitaria?page=7,Pronto para comparar
Fortali Distribuidora,Confeitaria,"BRIGADEIRO MELKEN HARALD 1,005KG","BRIGADEIRO MELKEN HARALD 1,005KG",22317,"1,005KG",1.005,KG,1005.0,G,,Não,5,https://www.fortali.com.br/brigadeiro-melken-harald-1005kg-22317-1,2026-08-18 13:06:57,https://www.fortali.com.br/confeitaria?page=5,Pronto para comparar
Fortali Distribuidora,Confeitaria,BEIJINHO MELKEN HARALD 970G,BEIJINHO MELKEN HARALD 970G,22319,970G,970.0,G,970.0,G,,Não,9,https://www.fortali.com.br/beijinho-melken-harald-970g-22319-1,2026-08-18 13:06:57,https://www.fortali.com.br/confeitaria?page=9,Pronto para comparar
Fortali Distribuidora,Confeitaria,CHOC GOTAS BRANCO 35% UNIQUE HARALD 400G,CHOC GOTAS BRANCO 35% UNIQUE HARALD 400G,22409,400G,400.0,G,400.0,G,,Não,13,https://www.fortali.com.br/choc-gotas-branco-35-unique-harald-400g-22409-1,2026-08-18 13:06:57,https://www.fortali.com.br/confeitaria?page=13,Pronto para comparar
Fortali Distribuidora,Confeitaria,CHOC GOTAS BAHIA 53% UNIQUE HARALD 400G,CHOC GOTAS BAHIA 53% UNIQUE HARALD 400G,22410,400G,400.0,G,400.0,G,,Não,67,https://www.fortali.com.br/choc-gotas-bahia-53-unique-harald-400g-22410-1,2026-08-18 13:06:57,https://www.fortali.com.br/confeitaria?page=67,Pronto para comparar
Fortali Distribuidora,Confeitaria,"CONFEITO DE CHOCOLATE MINI COLORIDO COLORETI PACOTE 1,01KG","CONFEITO DE CHOCOLATE MINI COLORIDO COLORETI PACOTE 1,01KG",22441,"1,01KG",1.01,KG,1010.0,G,,Não,67,https://www.fortali.com.br/confeito-de-chocolate-mini-colorido-coloreti-pacote-101kg-22441-1,2026-08-18 13:06:57,https://www.fortali.com.br/confeitaria?page=67,Pronto para comparar
Fortali Distribuidora,Confeitaria,GELATINA MORANGO NUTRIMENTAL 500G,GELATINA MORANGO NUTRIMENTAL 500G,2285,500G,500.0,G,500.0,G,,Não,8,https://www.fortali.com.br/gelatina-morango-nutrimental-500g--2285-1,2026-08-18 13:06:57,https://www.fortali.com.br/confeitaria?page=8,Pronto para comparar
Fortali Distribuidora,Confeitaria,GELATINA LIMÃO  NUTRIMENTAL 500G,GELATINA LIMAO NUTRIMENTAL 500G,2286,500G,500.0,G,500.0,G,,Não,30,https://www.fortali.com.br/gelatina-limao--nutrimental-500g--2286-1,2026-08-18 13:06:57,https://www.fortali.com.br/confeitaria?page=30,Pronto para comparar
Fortali Distribuidora,Confeitaria,GELATINA UVA NUTRIMENTAL 500G,GELATINA UVA NUTRIMENTAL 500G,2287,500G,500.0,G,500.0,G,,Não,9,https://www.fortali.com.br/gelatina-uva-nutrimental-500g--2287-1,2026-08-18 13:06:57,https://www.fortali.com.br/confeitaria?page=9,Pronto para comparar
Fortali Distribuidora,Confeitaria,MINI MINTY SORT MISTO PDV DOCILE 14G,MINI MINTY SORT MISTO PDV DOCILE 14G,22900,14G,14.0,G,14.0,G,,Não,67,https://www.fortali.com.br/mini-minty-sort-misto-pdv-docile-14g-22900-1,2026-08-18 13:06:57,https://www.fortali.com.br/confeitaria?page=67,Pronto para comparar
Fortali Distribuidora,Confeitaria,PAST  MINTY MENTA S/ACUC DOCILE 21G,PAST MINTY MENTA S ACUC DOCILE 21G,22901,21G,21.0,G,21.0,G,,Não,67,https://www.fortali.com.br/past--minty-menta-sacuc-docile-21g-22901-1,2026-08-18 13:06:57,https://www.fortali.com.br/confeitaria?page=67,Pronto para comparar
Fortali Distribuidora,Confeitaria,PAST MINTY EXTRAFOR S/ACUC DOCILE 21G,PAST MINTY EXTRAFOR S ACUC DOCILE 21G,22902,21G,21.0,G,21.0,G,,Não,67,https://www.fortali.com.br/past-minty-extrafor-sacuc-docile-21g-22902-1,2026-08-18 13:06:57,https://www.fortali.com.br/confeitaria?page=67,Pronto para comparar
Fortali Distribuidora,Confeitaria,PAST MINTY MENTA FRESH S/ACUC DOCILE 21G,PAST MINTY MENTA FRESH S ACUC DOCILE 21G,22903,21G,21.0,G,21.0,G,,Não,67,https://www.fortali.com.br/past-minty-menta-fresh-sacuc-docile-21g-22903-1,2026-08-18 13:06:57,https://www.fortali.com.br/confeitaria?page=67,Pronto para comparar
Fortali Distribuidora,Confeitaria,MINTY HORTELA DOCILE 17G,MINTY HORTELA DOCILE 17G,22904,17G,17.0,G,17.0,G,,Não,67,https://www.fortali.com.br/minty-hortela-docile-17g-22904-1,2026-08-18 13:06:57,https://www.fortali.com.br/confeitaria?page=67,Pronto para comparar
Fortali Distribuidora,Confeitaria,MINTY FRUIT DOCILE 17G,MINTY FRUIT DOCILE 17G,22905,17G,17.0,G,17.0,G,,Não,67,https://www.fortali.com.br/minty-fruit-docile-17g-22905-1,2026-08-18 13:06:57,https://www.fortali.com.br/confeitaria?page=67,Pronto para comparar
Fortali Distribuidora,Confeitaria,"PAST MINI 8 CANGURU DOCILE 100X3,85G","PAST MINI 8 CANGURU DOCILE 100X3,85G",22941,"3,85G",3.85,G,3.85,G,,Não,67,https://www.fortali.com.br/past-mini-8-canguru-docile-100x385g-22941-1,2026-08-18 13:06:57,https://www.fortali.com.br/confeitaria?page=67,Pronto para comparar
Fortali Distribuidora,Confeitaria,COR COLOR LIQ GEL VDE MENTA ICEBERG 60G,COR COLOR LIQ GEL VDE MENTA ICEBERG 60G,23121,60G,60.0,G,60.0,G,,Não,67,https://www.fortali.com.br/cor-color-liq-gel-vde-menta-iceberg-60g-23121-1,2026-08-18 13:06:57,https://www.fortali.com.br/confeitaria?page=67,Pronto para comparar
Fortali Distribuidora,Confeitaria,COR COLOR LIQ GEL MARROM EX FORTE 60G,COR COLOR LIQ GEL MARROM EX FORTE 60G,23123,60G,60.0,G,60.0,G,,Não,67,https://www.fortali.com.br/cor-color-liq-gel-marrom-ex-forte-60g-23123-1,2026-08-18 13:06:57,https://www.fortali.com.br/confeitaria?page=67,Pronto para comparar
Fortali Distribuidora,Confeitaria,COR COLOR LIQ GEL  AZUL MAR EX FORTE 60,COR COLOR LIQ GEL AZUL MAR EX FORTE 60,23124,,,,,,,Não,22,https://www.fortali.com.br/cor-color-liq-gel--azul-mar-ex-forte-60-23124-1,2026-08-18 13:06:57,https://www.fortali.com.br/confeitaria?page=22,Revisar embalagem
Fortali Distribuidora,Confeitaria,SOLUC ALCOOLICA NEUT ICEBERG 270 ML,SOLUC ALCOOLICA NEUT ICEBERG 270 ML,23125,270 ML,270.0,ML,270.0,ML,,Não,67,https://www.fortali.com.br/soluc-alcoolica-neut-iceberg-270-ml-23125-1,2026-08-18 13:06:57,https://www.fortali.com.br/confeitaria?page=67,Pronto para comparar
Fortali Distribuidora,Confeitaria,SOLUCAO ALCOOLICA NEUTRA ICEBERG 50 ML,SOLUCAO ALCOOLICA NEUTRA ICEBERG 50 ML,23126,50 ML,50.0,ML,50.0,ML,,Não,67,https://www.fortali.com.br/solucao-alcoolica-neutra-iceberg-50-ml-23126-1,2026-08-18 13:06:57,https://www.fortali.com.br/confeitaria?page=67,Pronto para comparar
Fortali Distribuidora,Confeitaria,COR COLOR LIQ GEL PTO EX FORTE 25G,COR COLOR LIQ GEL PTO EX FORTE 25G,23127,25G,25.0,G,25.0,G,,Não,35,https://www.fortali.com.br/cor-color-liq-gel-pto-ex-forte-25g-23127-1,2026-08-18 13:06:57,https://www.fortali.com.br/confeitaria?page=35,Pronto para comparar
Fortali Distribuidora,Confeitaria,CORANTE LIQ ROSA PINK MAGO 20ML,CORANTE LIQ ROSA PINK MAGO 20ML,23156,20ML,20.0,ML,20.0,ML,,Não,67,https://www.fortali.com.br/corante-liq-rosa-pink-mago-20ml-23156-1,2026-08-18 13:06:57,https://www.fortali.com.br/confeitaria?page=67,Pronto para comparar
Fortali Distribuidora,Confeitaria,CORANTE LIQ ROSA BEBE MAGO 20ML,CORANTE LIQ ROSA BEBE MAGO 20ML,23157,20ML,20.0,ML,20.0,ML,,Não,67,https://www.fortali.com.br/corante-liq-rosa-bebe-mago-20ml-23157-1,2026-08-18 13:06:57,https://www.fortali.com.br/confeitaria?page=67,Pronto para comparar
Fortali Distribuidora,Confeitaria,CORANTE LIQ VIOLETA MAGO 20ML,CORANTE LIQ VIOLETA MAGO 20ML,23158,20ML,20.0,ML,20.0,ML,,Não,67,https://www.fortali.com.br/corante-liq-violeta-mago-20ml-23158-1,2026-08-18 13:06:57,https://www.fortali.com.br/confeitaria?page=67,Pronto para comparar
Fortali Distribuidora,Confeitaria,CORANTE LIQ AZUL MAGO 20ML,CORANTE LIQ AZUL MAGO 20ML,23159,20ML,20.0,ML,20.0,ML,,Não,67,https://www.fortali.com.br/corante-liq-azul-mago-20ml-23159-1,2026-08-18 13:06:57,https://www.fortali.com.br/confeitaria?page=67,Pronto para comparar
Fortali Distribuidora,Confeitaria,CORANTE LIQ AMAR MAGO 20ML,CORANTE LIQ AMAR MAGO 20ML,23160,20ML,20.0,ML,20.0,ML,,Não,67,https://www.fortali.com.br/corante-liq-amar-mago-20ml-23160-1,2026-08-18 13:06:57,https://www.fortali.com.br/confeitaria?page=67,Pronto para comparar
Fortali Distribuidora,Confeitaria,CORANTE LIQ LARANJA MAGO 20ML,CORANTE LIQ LARANJA MAGO 20ML,23161,20ML,20.0,ML,20.0,ML,,Não,67,https://www.fortali.com.br/corante-liq-laranja-mago-20ml-23161-1,2026-08-18 13:06:57,https://www.fortali.com.br/confeitaria?page=67,Pronto para comparar
Fortali Distribuidora,Confeitaria,CORANTE LIQ VERM MAGO 20ML,CORANTE LIQ VERM MAGO 20ML,23162,20ML,20.0,ML,20.0,ML,,Não,67,https://www.fortali.com.br/corante-liq-verm-mago-20ml-23162-1,2026-08-18 13:06:57,https://www.fortali.com.br/confeitaria?page=67,Pronto para comparar
Fortali Distribuidora,Confeitaria,CORANTE LIQ MARROM MAGO 20ML,CORANTE LIQ MARROM MAGO 20ML,23163,20ML,20.0,ML,20.0,ML,,Não,67,https://www.fortali.com.br/corante-liq-marrom-mago-20ml-23163-1,2026-08-18 13:06:57,https://www.fortali.com.br/confeitaria?page=67,Pronto para comparar
Fortali Distribuidora,Confeitaria,PO P/ DECOR OURO BRILHANTE  MAGO 10G,PO P DECOR OURO BRILHANTE MAGO 10G,23167,10G,10.0,G,10.0,G,,Não,68,https://www.fortali.com.br/po-p-decor-ouro-brilhante--mago-10g-23167-1,2026-08-18 13:06:57,https://www.fortali.com.br/confeitaria?page=68,Pronto para comparar
Fortali Distribuidora,Confeitaria,PO P/ DECOR PRATA UNIC MAGO 10G,PO P DECOR PRATA UNIC MAGO 10G,23168,10G,10.0,G,10.0,G,,Não,68,https://www.fortali.com.br/po-p-decor-prata-unic-mago-10g-23168-1,2026-08-18 13:06:57,https://www.fortali.com.br/confeitaria?page=68,Pronto para comparar
Fortali Distribuidora,Confeitaria,PO P/DECOR ROSE  MAGO 10G,PO P DECOR ROSE MAGO 10G,23170,10G,10.0,G,10.0,G,,Não,68,https://www.fortali.com.br/po-pdecor-rose--mago-10g-23170-1,2026-08-18 13:06:57,https://www.fortali.com.br/confeitaria?page=68,Pronto para comparar
Fortali Distribuidora,Confeitaria,PO P/DECOR PINK  MAGO 10G,PO P DECOR PINK MAGO 10G,23171,10G,10.0,G,10.0,G,,Não,68,https://www.fortali.com.br/po-pdecor-pink--mago-10g-23171-1,2026-08-18 13:06:57,https://www.fortali.com.br/confeitaria?page=68,Pronto para comparar
Fortali Distribuidora,Confeitaria,PO P/DECOR ROSA MAGO 8G,PO P DECOR ROSA MAGO 8G,23172,8G,8.0,G,8.0,G,,Não,68,https://www.fortali.com.br/po-pdecor-rosa-mago-8g-23172-1,2026-08-18 13:06:57,https://www.fortali.com.br/confeitaria?page=68,Pronto para comparar
Fortali Distribuidora,Confeitaria,GELATINA DE ABACAXI NUTRIMENTAL 500G,GELATINA DE ABACAXI NUTRIMENTAL 500G,2321,500G,500.0,G,500.0,G,,Não,31,https://www.fortali.com.br/gelatina-de-abacaxi-nutrimental-500g--2321-1,2026-08-18 13:06:57,https://www.fortali.com.br/confeitaria?page=31,Pronto para comparar
Fortali Distribuidora,Confeitaria,FORMA ESPEC TRAD CORAC TEXTURA CORAC BWB,FORMA ESPEC TRAD CORAC TEXTURA CORAC BWB,23258,,,,,,,Não,68,https://www.fortali.com.br/forma-espec-trad-corac-textura-corac-bwb-23258-1,2026-08-18 13:06:57,https://www.fortali.com.br/confeitaria?page=68,Revisar embalagem
Fortali Distribuidora,Confeitaria,FORMA ESPEC TRAD ROSA PERES BWB,FORMA ESPEC TRAD ROSA PERES BWB,23259,,,,,,,Não,68,https://www.fortali.com.br/forma-espec-trad-rosa-peres-bwb-23259-1,2026-08-18 13:06:57,https://www.fortali.com.br/confeitaria?page=68,Revisar embalagem
Fortali Distribuidora,Confeitaria,FORMA ESPEC TRAD BARRA P/RECH BWB,FORMA ESPEC TRAD BARRA P RECH BWB,23261,,,,,,,Não,68,https://www.fortali.com.br/forma-espec-trad-barra-prech-bwb-23261-1,2026-08-18 13:06:57,https://www.fortali.com.br/confeitaria?page=68,Revisar embalagem
Fortali Distribuidora,Confeitaria,CANETA EASY PEN AMAR ICEBERG 60G,CANETA EASY PEN AMAR ICEBERG 60G,23262,60G,60.0,G,60.0,G,,Não,68,https://www.fortali.com.br/caneta-easy-pen-amar-iceberg-60g-23262-1,2026-08-18 13:06:57,https://www.fortali.com.br/confeitaria?page=68,Pronto para comparar
Fortali Distribuidora,Confeitaria,CANETA EASY PEN RORA ICEBERG 60G,CANETA EASY PEN RORA ICEBERG 60G,23266,60G,60.0,G,60.0,G,,Não,68,https://www.fortali.com.br/caneta-easy-pen-rora-iceberg-60g-23266-1,2026-08-18 13:06:57,https://www.fortali.com.br/confeitaria?page=68,Pronto para comparar
Fortali Distribuidora,Confeitaria,CANETA EASY PEN VDE ICEBERG 60G,CANETA EASY PEN VDE ICEBERG 60G,23267,60G,60.0,G,60.0,G,,Não,68,https://www.fortali.com.br/caneta-easy-pen-vde-iceberg-60g-23267-1,2026-08-18 13:06:57,https://www.fortali.com.br/confeitaria?page=68,Pronto para comparar
Fortali Distribuidora,Confeitaria,CANETA EASY PEN VERM ICEBERG 60G,CANETA EASY PEN VERM ICEBERG 60G,23268,60G,60.0,G,60.0,G,,Não,68,https://www.fortali.com.br/caneta-easy-pen-verm-iceberg-60g-23268-1,2026-08-18 13:06:57,https://www.fortali.com.br/confeitaria?page=68,Pronto para comparar
Fortali Distribuidora,Confeitaria,ACUCAR CONF LEKE 1KG,ACUCAR CONF LEKE 1KG,23272,1KG,1.0,KG,1000.0,G,,Não,32,https://www.fortali.com.br/acucar-conf-leke-1kg-23272-1,2026-08-18 13:06:57,https://www.fortali.com.br/confeitaria?page=32,Pronto para comparar
Fortali Distribuidora,Confeitaria,CACAU PO 100% LEKE 1.010G,CACAU PO 100% LEKE 1.010G,23273,1.010G,1.01,G,1.01,G,,Não,18,https://www.fortali.com.br/cacau-po-100-leke-1010g-23273-1,2026-08-18 13:06:57,https://www.fortali.com.br/confeitaria?page=18,Pronto para comparar
Fortali Distribuidora,Confeitaria,CHOCOLATE 32% CACAU LEKE 1.01KG,CHOCOLATE 32% CACAU LEKE 1.01KG,23274,1.01KG,1.01,KG,1010.0,G,,Não,12,https://www.fortali.com.br/chocolate-32-cacau-leke-101kg-23274-1,2026-08-18 13:06:57,https://www.fortali.com.br/confeitaria?page=12,Pronto para comparar
Fortali Distribuidora,Confeitaria,CHOCOLATE EM PÓ 50% CACAU LEKE 1.01KG,CHOCOLATE EM PO 50% CACAU LEKE 1.01KG,23275,1.01KG,1.01,KG,1010.0,G,,Não,7,https://www.fortali.com.br/chocolate-em-po-50-cacau-leke-101kg-23275-1,2026-08-18 13:06:57,https://www.fortali.com.br/confeitaria?page=7,Pronto para comparar
Fortali Distribuidora,Confeitaria,CONFEITO GRANULADO COLORIDO LEKE 500G,CONFEITO GRANULADO COLORIDO LEKE 500G,23276,500G,500.0,G,500.0,G,,Não,15,https://www.fortali.com.br/confeito-granulado-colorido-leke-500g-23276-1,2026-08-18 13:06:57,https://www.fortali.com.br/confeitaria?page=15,Pronto para comparar
Fortali Distribuidora,Confeitaria,CONF GRANUL MESC LEKE 500G,CONF GRANUL MESC LEKE 500G,23277,500G,500.0,G,500.0,G,,Não,68,https://www.fortali.com.br/conf-granul-mesc-leke-500g-23277-1,2026-08-18 13:06:57,https://www.fortali.com.br/confeitaria?page=68,Pronto para comparar
Fortali Distribuidora,Confeitaria,CONFEITO GRANULADO ESCURO LEKE 500G,CONFEITO GRANULADO ESCURO LEKE 500G,23284,500G,500.0,G,500.0,G,,Não,15,https://www.fortali.com.br/confeito-granulado-escuro-leke-500g-23284-1,2026-08-18 13:06:57,https://www.fortali.com.br/confeitaria?page=15,Pronto para comparar
Fortali Distribuidora,Confeitaria,MIÇANGA VERMELHA LEKE 500G,MICANGA VERMELHA LEKE 500G,23285,500G,500.0,G,500.0,G,,Não,15,https://www.fortali.com.br/micanga-vermelha-leke-500g-23285-1,2026-08-18 13:06:57,https://www.fortali.com.br/confeitaria?page=15,Pronto para comparar
Fortali Distribuidora,Confeitaria,MIÇANGA BRANCO LEKE 500G,MICANGA BRANCO LEKE 500G,23286,500G,500.0,G,500.0,G,,Não,12,https://www.fortali.com.br/micanga-branco-leke-500g-23286-1,2026-08-18 13:06:57,https://www.fortali.com.br/confeitaria?page=12,Pronto para comparar
Fortali Distribuidora,Confeitaria,MIÇANGA ROSA LEKE 500G,MICANGA ROSA LEKE 500G,23287,500G,500.0,G,500.0,G,,Não,18,https://www.fortali.com.br/micanga-rosa-leke-500g-23287-1,2026-08-18 13:06:57,https://www.fortali.com.br/confeitaria?page=18,Pronto para comparar
Fortali Distribuidora,Confeitaria,MIÇANGA AMARELO LEKE 500G,MICANGA AMARELO LEKE 500G,23288,500G,500.0,G,500.0,G,,Não,34,https://www.fortali.com.br/micanga-amarelo-leke-500g-23288-1,2026-08-18 13:06:57,https://www.fortali.com.br/confeitaria?page=34,Pronto para comparar
Fortali Distribuidora,Confeitaria,MIÇANGA VERDE LEKE 500G,MICANGA VERDE LEKE 500G,23289,500G,500.0,G,500.0,G,,Não,14,https://www.fortali.com.br/micanga-verde-leke-500g-23289-1,2026-08-18 13:06:57,https://www.fortali.com.br/confeitaria?page=14,Pronto para comparar
Fortali Distribuidora,Confeitaria,MIÇANGA AZUL LEKE 500G,MICANGA AZUL LEKE 500G,23290,500G,500.0,G,500.0,G,,Não,13,https://www.fortali.com.br/micanga-azul-leke-500g-23290-1,2026-08-18 13:06:57,https://www.fortali.com.br/confeitaria?page=13,Pronto para comparar
Fortali Distribuidora,Confeitaria,MIÇANGA 4 CORES LEKE 500G,MICANGA 4 CORES LEKE 500G,23291,500G,500.0,G,500.0,G,,Não,68,https://www.fortali.com.br/micanga-4-cores-leke-500g-23291-1,2026-08-18 13:06:57,https://www.fortali.com.br/confeitaria?page=68,Pronto para comparar
Fortali Distribuidora,Confeitaria,MICANGA 8 CORES LEKE 500G,MICANGA 8 CORES LEKE 500G,23292,500G,500.0,G,500.0,G,,Não,68,https://www.fortali.com.br/micanga-8-cores-leke-500g-23292-1,2026-08-18 13:06:57,https://www.fortali.com.br/confeitaria?page=68,Pronto para comparar
Fortali Distribuidora,Confeitaria,CONF BRIGAD COLOR LEKE 500G,CONF BRIGAD COLOR LEKE 500G,23293,500G,500.0,G,500.0,G,,Não,22,https://www.fortali.com.br/conf-brigad-color-leke-500g-23293-1,2026-08-18 13:06:57,https://www.fortali.com.br/confeitaria?page=22,Pronto para comparar
Fortali Distribuidora,Confeitaria,MIÇANGA CANDY COLLORS LEKE 500G,MICANGA CANDY COLLORS LEKE 500G,23294,500G,500.0,G,500.0,G,,Não,3,https://www.fortali.com.br/micanga-candy-collors-leke-500g-23294-1,2026-08-18 13:06:57,https://www.fortali.com.br/confeitaria?page=3,Pronto para comparar
Fortali Distribuidora,Confeitaria,CHOC GOTAS LEITE 35% UNIQUE HARALD 400G,CHOC GOTAS LEITE 35% UNIQUE HARALD 400G,23326,400G,400.0,G,400.0,G,,Não,36,https://www.fortali.com.br/choc-gotas-leite-35-unique-harald-400g-23326-1,2026-08-18 13:06:57,https://www.fortali.com.br/confeitaria?page=36,Pronto para comparar
Fortali Distribuidora,Confeitaria,ACHOC PO NESCAU NESTLE SACHE 550G,ACHOC PO NESCAU NESTLE SACHE 550G,23387,550G,550.0,G,550.0,G,,Não,68,https://www.fortali.com.br/achoc-po-nescau-nestle-sache-550g-23387-1,2026-08-18 13:06:57,https://www.fortali.com.br/confeitaria?page=68,Pronto para comparar
Fortali Distribuidora,Confeitaria,"CREME DE AVELÃ COM CACAU BEST BAKERS 3,5KG","CREME DE AVELA COM CACAU BEST BAKERS 3,5KG",23412,"3,5KG",3.5,KG,3500.0,G,,Não,13,https://www.fortali.com.br/creme-de-avela-com-cacau-best-bakers-35kg-23412-1,2026-08-18 13:06:57,https://www.fortali.com.br/confeitaria?page=13,Pronto para comparar
Fortali Distribuidora,Confeitaria,GELATINA CEREJA NUTRIMENTAL 10X500GM,GELATINA CEREJA NUTRIMENTAL 10X500GM,2342,,,,,,,Não,68,https://www.fortali.com.br/gelatina-cereja-nutrimental-10x500gm-2342-1,2026-08-18 13:06:57,https://www.fortali.com.br/confeitaria?page=68,Revisar embalagem
Fortali Distribuidora,Confeitaria,"PASTA KITKAT 1,01KG","PASTA KITKAT 1,01KG",23433,"1,01KG",1.01,KG,1010.0,G,,Não,33,https://www.fortali.com.br/pasta-kitkat-101kg-23433-1,2026-08-18 13:06:57,https://www.fortali.com.br/confeitaria?page=33,Pronto para comparar
Fortali Distribuidora,Confeitaria,MOUSSE CHOC BCO NESTLE 500G,MOUSSE CHOC BCO NESTLE 500G,23436,500G,500.0,G,500.0,G,,Não,68,https://www.fortali.com.br/mousse-choc-bco-nestle-500g-23436-1,2026-08-18 13:06:57,https://www.fortali.com.br/confeitaria?page=68,Pronto para comparar
Fortali Distribuidora,Confeitaria,BROWNIE CHOC NESTLE 800G,BROWNIE CHOC NESTLE 800G,23437,800G,800.0,G,800.0,G,,Não,17,https://www.fortali.com.br/brownie-choc-nestle-800g-23437-1,2026-08-18 13:06:57,https://www.fortali.com.br/confeitaria?page=17,Pronto para comparar
Fortali Distribuidora,Confeitaria,CHOC GOTAS AMAZONIA 70% UNIQUE HARALD 400G,CHOC GOTAS AMAZONIA 70% UNIQUE HARALD 400G,23438,400G,400.0,G,400.0,G,,Não,16,https://www.fortali.com.br/choc-gotas-amazonia-70-unique-harald-400g-23438-1,2026-08-18 13:06:57,https://www.fortali.com.br/confeitaria?page=16,Pronto para comparar
Fortali Distribuidora,Confeitaria,COBERTURA AO LEITE COBERTOP BARRA KG,COBERTURA AO LEITE COBERTOP BARRA KG,23613,,,,,,,Não,22,https://www.fortali.com.br/cobertura-ao-leite-cobertop-barra-kg-23613-1,2026-08-18 13:06:57,https://www.fortali.com.br/confeitaria?page=22,Revisar embalagem
Fortali Distribuidora,Confeitaria,COBERTURA CHOCOLATE BRANCO COBERTOP BARRA KG,COBERTURA CHOCOLATE BRANCO COBERTOP BARRA KG,23614,,,,,,,Não,68,https://www.fortali.com.br/cobertura-chocolate-branco-cobertop-barra-kg-23614-1,2026-08-18 13:06:57,https://www.fortali.com.br/confeitaria?page=68,Revisar embalagem
Fortali Distribuidora,Confeitaria,COBERTURA MEIO AMARGO COBERTOP BARRA KG,COBERTURA MEIO AMARGO COBERTOP BARRA KG,23615,,,,,,,Não,68,https://www.fortali.com.br/cobertura-meio-amargo-cobertop-barra-kg-23615-1,2026-08-18 13:06:57,https://www.fortali.com.br/confeitaria?page=68,Revisar embalagem
Fortali Distribuidora,Confeitaria,COBERTURA AO LEITE CONFEITEIRO COBERTOP BARRA 1.010KG,COBERTURA AO LEITE CONFEITEIRO COBERTOP BARRA 1.010KG,23617,1.010KG,1.01,KG,1010.0,G,,Não,68,https://www.fortali.com.br/cobertura-ao-leite-confeiteiro-cobertop-barra-1010kg-23617-1,2026-08-18 13:06:57,https://www.fortali.com.br/confeitaria?page=68,Pronto para comparar
Fortali Distribuidora,Confeitaria,COBERTURA BRANCA CONFEITEIRO COBERTOP BARRA KG,COBERTURA BRANCA CONFEITEIRO COBERTOP BARRA KG,23618,,,,,,,Não,68,https://www.fortali.com.br/cobertura-branca-confeiteiro-cobertop-barra-kg-23618-1,2026-08-18 13:06:57,https://www.fortali.com.br/confeitaria?page=68,Revisar embalagem
Fortali Distribuidora,Confeitaria,MISTURA PARA MERENGUE TEGRAL PURATOS PACOTE 1KG,MISTURA PARA MERENGUE TEGRAL PURATOS PACOTE 1KG,23631,1KG,1.0,KG,1000.0,G,,Não,12,https://www.fortali.com.br/mistura-para-merengue-tegral-puratos-pacote-1kg-23631-1,2026-08-18 13:06:57,https://www.fortali.com.br/confeitaria?page=12,Pronto para comparar
Fortali Distribuidora,Confeitaria,CHANTILLY AMBIANTE PURATOS TETRA PAK 1L,CHANTILLY AMBIANTE PURATOS TETRA PAK 1L,23632,1L,1.0,L,1000.0,ML,,Não,32,https://www.fortali.com.br/chantilly-ambiante-puratos-tetra-pak-1l-23632-1,2026-08-18 13:06:57,https://www.fortali.com.br/confeitaria?page=32,Pronto para comparar
Fortali Distribuidora,Confeitaria,CHANTILLY CHANTYPAK PURATOS TETRA PAK 1L,CHANTILLY CHANTYPAK PURATOS TETRA PAK 1L,23633,1L,1.0,L,1000.0,ML,,Não,4,https://www.fortali.com.br/chantilly-chantypak-puratos-tetra-pak-1l-23633-1,2026-08-18 13:06:57,https://www.fortali.com.br/confeitaria?page=4,Pronto para comparar
Fortali Distribuidora,Confeitaria,CHANTILLY SABOR LEITE EM PÓ CHANTYPAK PURATOS 1L,CHANTILLY SABOR LEITE EM PO CHANTYPAK PURATOS 1L,23634,1L,1.0,L,1000.0,ML,,Não,13,https://www.fortali.com.br/chantilly-sabor-leite-em-po-chantypak-puratos-1l-23634-1,2026-08-18 13:06:57,https://www.fortali.com.br/confeitaria?page=13,Pronto para comparar
Fortali Distribuidora,Confeitaria,CHANTILLY DE CHOCOLATE COM AVELÃ CHANTYPAK PURATOS 1L,CHANTILLY DE CHOCOLATE COM AVELA CHANTYPAK PURATOS 1L,23635,1L,1.0,L,1000.0,ML,,Não,68,https://www.fortali.com.br/chantilly-de-chocolate-com-avela-chantypak-puratos-1l-23635-1,2026-08-18 13:06:57,https://www.fortali.com.br/confeitaria?page=68,Pronto para comparar
Fortali Distribuidora,Confeitaria,COBERTURA CHOCOLATE BRANCO FRACIONADA COVERSHAVE CARAT PURAT...,COBERTURA CHOCOLATE BRANCO FRACIONADA COVERSHAVE CARAT PURAT...,23636,,,,,,,Não,22,https://www.fortali.com.br/cobertura-chocolate-branco-fracionada-covershave-carat-puratos-barra-201kg-23636-1,2026-08-18 13:06:57,https://www.fortali.com.br/confeitaria?page=22,Revisar embalagem
Fortali Distribuidora,Confeitaria,COBERTURA AO LEITE COVERSHAVE CARAT PURATOS BARRA 2.01KG,COBERTURA AO LEITE COVERSHAVE CARAT PURATOS BARRA 2.01KG,23637,2.01KG,2.01,KG,2010.0,G,,Não,68,https://www.fortali.com.br/cobertura-ao-leite-covershave-carat-puratos-barra-201kg-23637-1,2026-08-18 13:06:57,https://www.fortali.com.br/confeitaria?page=68,Pronto para comparar
Fortali Distribuidora,Confeitaria,"MOEDA CHOC BCO MAIS SABOR CARAT 2,01KG","MOEDA CHOC BCO MAIS SABOR CARAT 2,01KG",23639,"2,01KG",2.01,KG,2010.0,G,,Não,69,https://www.fortali.com.br/moeda-choc-bco-mais-sabor-carat-201kg-23639-1,2026-08-18 13:06:57,https://www.fortali.com.br/confeitaria?page=69,Pronto para comparar
Fortali Distribuidora,Confeitaria,AÇÚCAR DE CONFEITEIRO EASY PURATOS PACOTE 2KG,ACUCAR DE CONFEITEIRO EASY PURATOS PACOTE 2KG,23649,2KG,2.0,KG,2000.0,G,,Não,8,https://www.fortali.com.br/acucar-de-confeiteiro-easy-puratos-pacote-2kg-23649-1,2026-08-18 13:06:57,https://www.fortali.com.br/confeitaria?page=8,Pronto para comparar
Fortali Distribuidora,Confeitaria,RECHEIO DE MORANGO CREMFIL CLASSIC PURATOS PACOTE 5KG,RECHEIO DE MORANGO CREMFIL CLASSIC PURATOS PACOTE 5KG,23654,5KG,5.0,KG,5000.0,G,,Não,69,https://www.fortali.com.br/recheio-de-morango-cremfil-classic-puratos-pacote-5kg-23654-1,2026-08-18 13:06:57,https://www.fortali.com.br/confeitaria?page=69,Pronto para comparar
Fortali Distribuidora,Confeitaria,CALDA TRES LECHES DULCERÍO PURATOS CAIXA 1L,CALDA TRES LECHES DULCERIO PURATOS CAIXA 1L,23655,1L,1.0,L,1000.0,ML,,Não,22,https://www.fortali.com.br/calda-tres-leches-dulcerio-puratos-caixa-1l-23655-1,2026-08-18 13:06:57,https://www.fortali.com.br/confeitaria?page=22,Pronto para comparar
Fortali Distribuidora,Confeitaria,CHANTILLY CREME CHANTYPAK PRO PURATOS CAIXA 1L,CHANTILLY CREME CHANTYPAK PRO PURATOS CAIXA 1L,23656,1L,1.0,L,1000.0,ML,,Não,4,https://www.fortali.com.br/chantilly-creme-chantypak-pro-puratos-caixa-1l-23656-1,2026-08-18 13:06:57,https://www.fortali.com.br/confeitaria?page=4,Pronto para comparar
Fortali Distribuidora,Confeitaria,CREME DE CONFEITEIRO FINESSE PURATOS PACOTE 800G,CREME DE CONFEITEIRO FINESSE PURATOS PACOTE 800G,23663,800G,800.0,G,800.0,G,,Não,2,https://www.fortali.com.br/creme-de-confeiteiro-finesse-puratos-pacote-800g-23663-1,2026-08-18 13:06:57,https://www.fortali.com.br/confeitaria?page=2,Pronto para comparar
Fortali Distribuidora,Confeitaria,RECHEIO DE BAUNILHA CREMFIL CLASSIC PURATOS BALDE 4.5KG,RECHEIO DE BAUNILHA CREMFIL CLASSIC PURATOS BALDE 4.5KG,23677,4.5KG,4.5,KG,4500.0,G,,Não,15,https://www.fortali.com.br/recheio-de-baunilha-cremfil-classic-puratos-balde-45kg-23677-1,2026-08-18 13:06:57,https://www.fortali.com.br/confeitaria?page=15,Pronto para comparar
Fortali Distribuidora,Confeitaria,RECHEIO DE BRIGADEIRO CREMFIL CLASSIC PURATOS BALDE 4.5KG,RECHEIO DE BRIGADEIRO CREMFIL CLASSIC PURATOS BALDE 4.5KG,23678,4.5KG,4.5,KG,4500.0,G,,Não,22,https://www.fortali.com.br/recheio-de-brigadeiro-cremfil-classic-puratos-balde-45kg-23678-1,2026-08-18 13:06:57,https://www.fortali.com.br/confeitaria?page=22,Pronto para comparar
Fortali Distribuidora,Confeitaria,"RECHEIO DE CHOCOLATE CREMFIL CLASSIC PURATOS 4,5KG","RECHEIO DE CHOCOLATE CREMFIL CLASSIC PURATOS 4,5KG",23679,"4,5KG",4.5,KG,4500.0,G,,Não,22,https://www.fortali.com.br/recheio-de-chocolate-cremfil-classic-puratos-45kg-23679-1,2026-08-18 13:06:57,https://www.fortali.com.br/confeitaria?page=22,Pronto para comparar
Fortali Distribuidora,Confeitaria,RECHEIO DE MARACUJÁ CREMFIL CLASSIC BALDE 4.5KG,RECHEIO DE MARACUJA CREMFIL CLASSIC BALDE 4.5KG,23682,4.5KG,4.5,KG,4500.0,G,,Não,17,https://www.fortali.com.br/recheio-de-maracuja-cremfil-classic-balde-45kg-23682-1,2026-08-18 13:06:57,https://www.fortali.com.br/confeitaria?page=17,Pronto para comparar
Fortali Distribuidora,Confeitaria,RECHEIO DE MORANGO CREMFIL CLASSIC PURATOS BALDE 4.5KG,RECHEIO DE MORANGO CREMFIL CLASSIC PURATOS BALDE 4.5KG,23683,4.5KG,4.5,KG,4500.0,G,,Não,6,https://www.fortali.com.br/recheio-de-morango-cremfil-classic-puratos-balde-45kg-23683-1,2026-08-18 13:06:57,https://www.fortali.com.br/confeitaria?page=6,Pronto para comparar
Fortali Distribuidora,Confeitaria,RECHEIO DE DOCE DE LEITE GOURMET PURATOS BALDE 4.5KG,RECHEIO DE DOCE DE LEITE GOURMET PURATOS BALDE 4.5KG,23685,4.5KG,4.5,KG,4500.0,G,,Não,17,https://www.fortali.com.br/recheio-de-doce-de-leite-gourmet-puratos-balde-45kg-23685-1,2026-08-18 13:06:57,https://www.fortali.com.br/confeitaria?page=17,Pronto para comparar
Fortali Distribuidora,Confeitaria,RECHEIO DE DOCE DE LEITE CLASSIC PURATOS BALDE 5KG,RECHEIO DE DOCE DE LEITE CLASSIC PURATOS BALDE 5KG,23686,5KG,5.0,KG,5000.0,G,,Não,18,https://www.fortali.com.br/recheio-de-doce-de-leite-classic-puratos-balde-5kg-23686-1,2026-08-18 13:06:57,https://www.fortali.com.br/confeitaria?page=18,Pronto para comparar
Fortali Distribuidora,Confeitaria,RECHEIO DE LEITE CONDENSADO CREMFIL CLASSIC PURATOS BALDE 4....,RECHEIO DE LEITE CONDENSADO CREMFIL CLASSIC PURATOS BALDE 4....,23687,,,,,,,Não,22,https://www.fortali.com.br/recheio-de-leite-condensado-cremfil-classic-puratos-balde-45kg-23687-1,2026-08-18 13:06:57,https://www.fortali.com.br/confeitaria?page=22,Revisar embalagem
Fortali Distribuidora,Confeitaria,GELÉIA DE BRILHO NEUTRA HARMONY COLD PURATOS BALDE 4.5KG,GELEIA DE BRILHO NEUTRA HARMONY COLD PURATOS BALDE 4.5KG,23688,4.5KG,4.5,KG,4500.0,G,,Não,9,https://www.fortali.com.br/geleia-de-brilho-neutra-harmony-cold-puratos-balde-45kg-23688-1,2026-08-18 13:06:57,https://www.fortali.com.br/confeitaria?page=9,Pronto para comparar
Fortali Distribuidora,Confeitaria,GELÉIA DE BRILHO SABOR CHOCOLATE HARMONY COLD PURATOS BALDE ...,GELEIA DE BRILHO SABOR CHOCOLATE HARMONY COLD PURATOS BALDE ...,23689,,,,,,,Não,69,https://www.fortali.com.br/geleia-de-brilho-sabor-chocolate-harmony-cold-puratos-balde-45kg-23689-1,2026-08-18 13:06:57,https://www.fortali.com.br/confeitaria?page=69,Revisar embalagem
Fortali Distribuidora,Confeitaria,CREME DE GANACHE DE CHOCOLATE SABOR AVELÃ CARAT PURATOS BALD...,CREME DE GANACHE DE CHOCOLATE SABOR AVELA CARAT PURATOS BALD...,23690,,,,,,,Não,69,https://www.fortali.com.br/creme-de-ganache-de-chocolate-sabor-avela-carat-puratos-balde-4kg-23690-1,2026-08-18 13:06:57,https://www.fortali.com.br/confeitaria?page=69,Revisar embalagem
Fortali Distribuidora,Confeitaria,CREME DE GANACHE BRANCO CARAT DECORCREM PURATOS BALDE 4KG,CREME DE GANACHE BRANCO CARAT DECORCREM PURATOS BALDE 4KG,23691,4KG,4.0,KG,4000.0,G,,Não,22,https://www.fortali.com.br/creme-de-ganache-branco-carat-decorcrem-puratos-balde-4kg-23691-1,2026-08-18 13:06:57,https://www.fortali.com.br/confeitaria?page=22,Pronto para comparar
Fortali Distribuidora,Confeitaria,GANACHE MEIO AMARGO CARAT DECORCREM 4KG,GANACHE MEIO AMARGO CARAT DECORCREM 4KG,23692,4KG,4.0,KG,4000.0,G,,Não,69,https://www.fortali.com.br/ganache-meio-amargo-carat-decorcrem-4kg-23692-1,2026-08-18 13:06:57,https://www.fortali.com.br/confeitaria?page=69,Pronto para comparar
Fortali Distribuidora,Confeitaria,CARAT SUPERCREM CHOCOLATE COM AVELA PURATOS 4KG,CARAT SUPERCREM CHOCOLATE COM AVELA PURATOS 4KG,23693,4KG,4.0,KG,4000.0,G,,Não,17,https://www.fortali.com.br/carat-supercrem-chocolate-com-avela-puratos-4kg-23693-1,2026-08-18 13:06:57,https://www.fortali.com.br/confeitaria?page=17,Pronto para comparar
Fortali Distribuidora,Confeitaria,COBERTURA DE MARACUJÁ DECORFIL PURATOS BALDE 4KG,COBERTURA DE MARACUJA DECORFIL PURATOS BALDE 4KG,23695,4KG,4.0,KG,4000.0,G,,Não,35,https://www.fortali.com.br/cobertura-de-maracuja-decorfil-puratos-balde-4kg-23695-1,2026-08-18 13:06:57,https://www.fortali.com.br/confeitaria?page=35,Pronto para comparar
Fortali Distribuidora,Confeitaria,"RECH FORN CHOC AO LEITE CONF HARALD 1,01KG","RECH FORN CHOC AO LEITE CONF HARALD 1,01KG",23770,"1,01KG",1.01,KG,1010.0,G,,Não,1,https://www.fortali.com.br/rech-forn-choc-ao-leite-conf-harald-101kg-23770-1,2026-08-18 13:06:57,https://www.fortali.com.br/confeitaria?page=1,Pronto para comparar
Fortali Distribuidora,Confeitaria,"RECH FORN CONF BRANCO HARALD 1,01KG","RECH FORN CONF BRANCO HARALD 1,01KG",23771,"1,01KG",1.01,KG,1010.0,G,,Não,1,https://www.fortali.com.br/rech-forn-conf-branco-harald-101kg-23771-1,2026-08-18 13:06:57,https://www.fortali.com.br/confeitaria?page=1,Pronto para comparar
Fortali Distribuidora,Confeitaria,"RECH FORN CONF AVELA HARALD 1,01KG","RECH FORN CONF AVELA HARALD 1,01KG",23772,"1,01KG",1.01,KG,1010.0,G,,Não,4,https://www.fortali.com.br/rech-forn-conf-avela-harald-101kg-23772-1,2026-08-18 13:06:57,https://www.fortali.com.br/confeitaria?page=4,Pronto para comparar
Fortali Distribuidora,Confeitaria,PEGADOR SOLRAC PAO INOX PG01,PEGADOR SOLRAC PAO INOX PG01,23773,,,,,,,Não,69,https://www.fortali.com.br/pegador-solrac-pao-inox-pg01-23773-1,2026-08-18 13:06:57,https://www.fortali.com.br/confeitaria?page=69,Revisar embalagem
Fortali Distribuidora,Confeitaria,LEITE CONDENSADO CAMPONESA INTEGRAL 5KG,LEITE CONDENSADO CAMPONESA INTEGRAL 5KG,23800,5KG,5.0,KG,5000.0,G,,Não,69,https://www.fortali.com.br/leite-condensado-camponesa-integral-5kg-23800-1,2026-08-18 13:06:57,https://www.fortali.com.br/confeitaria?page=69,Pronto para comparar
Fortali Distribuidora,Confeitaria,"COB GOTAS BLEND TOP HARALD 1,01KG","COB GOTAS BLEND TOP HARALD 1,01KG",23805,"1,01KG",1.01,KG,1010.0,G,,Não,14,https://www.fortali.com.br/cob-gotas-blend-top-harald-101kg-23805-1,2026-08-18 13:06:57,https://www.fortali.com.br/confeitaria?page=14,Pronto para comparar
Fortali Distribuidora,Confeitaria,CHOC GOTAS M AMARGO BELGA MELKEN HARALD 400G,CHOC GOTAS M AMARGO BELGA MELKEN HARALD 400G,23807,400G,400.0,G,400.0,G,,Não,69,https://www.fortali.com.br/choc-gotas-m-amargo-belga-melken-harald-400g-23807-1,2026-08-18 13:06:57,https://www.fortali.com.br/confeitaria?page=69,Pronto para comparar
Fortali Distribuidora,Confeitaria,COBERTURA DE MORANGO DECORFIL PURATOS BALDE 4KG,COBERTURA DE MORANGO DECORFIL PURATOS BALDE 4KG,23850,4KG,4.0,KG,4000.0,G,,Não,10,https://www.fortali.com.br/cobertura-de-morango-decorfil-puratos-balde-4kg-23850-1,2026-08-18 13:06:57,https://www.fortali.com.br/confeitaria?page=10,Pronto para comparar
Fortali Distribuidora,Confeitaria,CHOCOLATE AO LEITE CHOCOLANTE PURATOS BARRA 2.01KG,CHOCOLATE AO LEITE CHOCOLANTE PURATOS BARRA 2.01KG,23851,2.01KG,2.01,KG,2010.0,G,,Não,69,https://www.fortali.com.br/chocolate-ao-leite-chocolante-puratos-barra-201kg-23851-1,2026-08-18 13:06:57,https://www.fortali.com.br/confeitaria?page=69,Pronto para comparar
Fortali Distribuidora,Confeitaria,"CHOC CHOCOLANTE M AMARGO PURATOS 2,01KG","CHOC CHOCOLANTE M AMARGO PURATOS 2,01KG",23852,"2,01KG",2.01,KG,2010.0,G,,Não,69,https://www.fortali.com.br/choc-chocolante-m-amargo-puratos-201kg-23852-1,2026-08-18 13:06:57,https://www.fortali.com.br/confeitaria?page=69,Pronto para comparar
Fortali Distribuidora,Confeitaria,CHOCOLATE BRANCO CHOCOLANTE PURATOS BARRA 2.01KG,CHOCOLATE BRANCO CHOCOLANTE PURATOS BARRA 2.01KG,23853,2.01KG,2.01,KG,2010.0,G,,Não,15,https://www.fortali.com.br/chocolate-branco-chocolante-puratos-barra-2-01kg-23853-1,2026-08-18 13:06:57,https://www.fortali.com.br/confeitaria?page=15,Pronto para comparar
Fortali Distribuidora,Confeitaria,SUSPIRO MORANGO 50G,SUSPIRO MORANGO 50G,23863,50G,50.0,G,50.0,G,,Não,69,https://www.fortali.com.br/suspiro-morango-50g-23863-1,2026-08-18 13:06:57,https://www.fortali.com.br/confeitaria?page=69,Pronto para comparar
Fortali Distribuidora,Confeitaria,SUSPIRO TRADICIONAL 50G,SUSPIRO TRADICIONAL 50G,23864,50G,50.0,G,50.0,G,,Não,69,https://www.fortali.com.br/suspiro-tradicional-50g-23864-1,2026-08-18 13:06:57,https://www.fortali.com.br/confeitaria?page=69,Pronto para comparar
Fortali Distribuidora,Confeitaria,"RECHEIO DE CHOCOLATE BELGA GOURMET PURATOS BALDE 4,5KG","RECHEIO DE CHOCOLATE BELGA GOURMET PURATOS BALDE 4,5KG",23867,"4,5KG",4.5,KG,4500.0,G,,Não,69,https://www.fortali.com.br/recheio-de-chocolate-belga-gourmet-puratos-balde-45kg-23867-1,2026-08-18 13:06:57,https://www.fortali.com.br/confeitaria?page=69,Pronto para comparar
Fortali Distribuidora,Confeitaria,RECHEIO DE CHOCOLATE COM AVELÃ GOURMET PURATOS BALDE 4.5KG,RECHEIO DE CHOCOLATE COM AVELA GOURMET PURATOS BALDE 4.5KG,23868,4.5KG,4.5,KG,4500.0,G,,Não,69,https://www.fortali.com.br/recheio-de-chocolate-com-avela-gourmet-puratos-balde-45kg-23868-1,2026-08-18 13:06:57,https://www.fortali.com.br/confeitaria?page=69,Pronto para comparar
Fortali Distribuidora,Confeitaria,KIT EJETOR EM FORMATO DE CORAÇÃO BLUESTAR PACOTE 4 PEÇAS,KIT EJETOR EM FORMATO DE CORACAO BLUESTAR PACOTE 4 PECAS,23888,,,,,,,Não,69,https://www.fortali.com.br/kit-ejetor-em-formato-de-coracao-bluestar-pacote-4-pecas-23888-1,2026-08-18 13:06:57,https://www.fortali.com.br/confeitaria?page=69,Revisar embalagem
Fortali Distribuidora,Confeitaria,KIT EJETOR BORBOLETA CAKHE STAR 5UN,KIT EJETOR BORBOLETA CAKHE STAR 5UN,23889,,,,,,,Não,69,https://www.fortali.com.br/kit-ejetor-borboleta-cakhe-star-5un-23889-1,2026-08-18 13:06:57,https://www.fortali.com.br/confeitaria?page=69,Revisar embalagem
Fortali Distribuidora,Confeitaria,KIT EJETOR EM FORMATO DE FOLHA BLUESTAR 4UN,KIT EJETOR EM FORMATO DE FOLHA BLUESTAR 4UN,23890,,,,,,,Não,69,https://www.fortali.com.br/kit-ejetor-em-formato-de-folha-bluestar-4un-23890-1,2026-08-18 13:06:57,https://www.fortali.com.br/confeitaria?page=69,Revisar embalagem
Fortali Distribuidora,Confeitaria,KIT CARIMBOS NUMEROS AMARELO CAKHE STAR,KIT CARIMBOS NUMEROS AMARELO CAKHE STAR,23893,,,,,,,Não,69,https://www.fortali.com.br/kit-carimbos-numeros-amarelo-cakhe-star-23893-1,2026-08-18 13:06:57,https://www.fortali.com.br/confeitaria?page=69,Revisar embalagem
Fortali Distribuidora,Confeitaria,KIT DE CARIMBOS MINI AMARELO CAKHE STAR PACOTE 9 PEÇAS,KIT DE CARIMBOS MINI AMARELO CAKHE STAR PACOTE 9 PECAS,23895,,,,,,,Não,69,https://www.fortali.com.br/kit-de-carimbos-mini-amarelo-cakhe-star-pacote-9-pecas-23895-1,2026-08-18 13:06:57,https://www.fortali.com.br/confeitaria?page=69,Revisar embalagem
Fortali Distribuidora,Confeitaria,KIT CARIMBOS ESSENCIAIS AMARELO CAKHE STAR 9UN,KIT CARIMBOS ESSENCIAIS AMARELO CAKHE STAR 9UN,23898,,,,,,,Não,69,https://www.fortali.com.br/kit-carimbos-essenciais-amarelo-cakhe-star-9un-23898-1,2026-08-18 13:06:57,https://www.fortali.com.br/confeitaria?page=69,Revisar embalagem
Fortali Distribuidora,Confeitaria,KIT CARIMBOS AMOR AMARELO CAKHE STAR 9UN,KIT CARIMBOS AMOR AMARELO CAKHE STAR 9UN,23899,,,,,,,Não,69,https://www.fortali.com.br/kit-carimbos-amor-amarelo-cakhe-star-9un-23899-1,2026-08-18 13:06:57,https://www.fortali.com.br/confeitaria?page=69,Revisar embalagem
Fortali Distribuidora,Confeitaria,KIT CARIMBOS ANIMAIS AMARELO CAKHE STAR 9UN,KIT CARIMBOS ANIMAIS AMARELO CAKHE STAR 9UN,23916,,,,,,,Não,69,https://www.fortali.com.br/kit-carimbos-animais-amarelo-cakhe-star-9un-23916-1,2026-08-18 13:06:57,https://www.fortali.com.br/confeitaria?page=69,Revisar embalagem
Fortali Distribuidora,Confeitaria,KIT CARIMBOS F UNO DO MAR AMARELO CAKHE STAR 9UN,KIT CARIMBOS F UNO DO MAR AMARELO CAKHE STAR 9UN,23917,,,,,,,Não,69,https://www.fortali.com.br/kit-carimbos-f-uno-do-mar-amarelo-cakhe-star-9un-23917-1,2026-08-18 13:06:57,https://www.fortali.com.br/confeitaria?page=69,Revisar embalagem
Fortali Distribuidora,Confeitaria,KIT CARIMBOS JARDIM ENCANTADO AMARELO CAKHE STAR,KIT CARIMBOS JARDIM ENCANTADO AMARELO CAKHE STAR,23918,,,,,,,Não,69,https://www.fortali.com.br/kit-carimbos-jardim-encantado-amarelo-cakhe-star-23918-1,2026-08-18 13:06:57,https://www.fortali.com.br/confeitaria?page=69,Revisar embalagem
Fortali Distribuidora,Confeitaria,"CHOC GOLD CARAMELO CALLEBAUT 30,04% 400G","CHOC GOLD CARAMELO CALLEBAUT 30,04% 400G",23970,400G,400.0,G,400.0,G,,Não,70,https://www.fortali.com.br/choc-gold-caramelo-callebaut-30-04-400g-23970-1,2026-08-18 13:06:57,https://www.fortali.com.br/confeitaria?page=70,Pronto para comparar
Fortali Distribuidora,Confeitaria,"COB AO LEITE FRAC SICAO MAIS GTS 1,01KG","COB AO LEITE FRAC SICAO MAIS GTS 1,01KG",23971,"1,01KG",1.01,KG,1010.0,G,,Não,70,https://www.fortali.com.br/cob-ao-leite-frac-sicao-mais-gts-1-01kg-23971-1,2026-08-18 13:06:57,https://www.fortali.com.br/confeitaria?page=70,Pronto para comparar
Fortali Distribuidora,Confeitaria,"CHOC RUBY CALLEBAUT 33,1% 400G","CHOC RUBY CALLEBAUT 33,1% 400G",23972,400G,400.0,G,400.0,G,,Não,70,https://www.fortali.com.br/choc-ruby-callebaut-33-1-400g-23972-1,2026-08-18 13:06:57,https://www.fortali.com.br/confeitaria?page=70,Pronto para comparar
Fortali Distribuidora,Confeitaria,"COB BRANCA FRAC SICAO MAIS GOTAS 2,05KG","COB BRANCA FRAC SICAO MAIS GOTAS 2,05KG",23974,"2,05KG",2.05,KG,2050.0,G,,Não,15,https://www.fortali.com.br/cob-branca-frac-sicao-mais-gotas-2-05kg-23974-1,2026-08-18 13:06:57,https://www.fortali.com.br/confeitaria?page=15,Pronto para comparar
Fortali Distribuidora,Confeitaria,"COB M AMARGO FRAC SICAO FACIL GOTAS 2,05KG","COB M AMARGO FRAC SICAO FACIL GOTAS 2,05KG",23976,"2,05KG",2.05,KG,2050.0,G,,Não,70,https://www.fortali.com.br/cob-m-amargo-frac-sicao-facil-gotas-2-05kg-23976-1,2026-08-18 13:06:57,https://www.fortali.com.br/confeitaria?page=70,Pronto para comparar
Fortali Distribuidora,Confeitaria,COB GOTAS AO LEITE TOP HARALD 400G,COB GOTAS AO LEITE TOP HARALD 400G,23978,400G,400.0,G,400.0,G,,Não,11,https://www.fortali.com.br/cob-gotas-ao-leite-top-harald-400g-23978-1,2026-08-18 13:06:57,https://www.fortali.com.br/confeitaria?page=11,Pronto para comparar
Fortali Distribuidora,Confeitaria,COB GOTAS BRANCO TOP HARALD 400G,COB GOTAS BRANCO TOP HARALD 400G,23980,400G,400.0,G,400.0,G,,Não,16,https://www.fortali.com.br/cob-gotas-branco-top-harald-400g-23980-1,2026-08-18 13:06:57,https://www.fortali.com.br/confeitaria?page=16,Pronto para comparar
Fortali Distribuidora,Confeitaria,CHANTY MAIS SABOR LEITE PO NORCAU 1L,CHANTY MAIS SABOR LEITE PO NORCAU 1L,24019,1L,1.0,L,1000.0,ML,,Não,70,https://www.fortali.com.br/chanty-mais-sabor-leite-po-norcau-1l-24019-1,2026-08-18 13:06:57,https://www.fortali.com.br/confeitaria?page=70,Pronto para comparar
Fortali Distribuidora,Confeitaria,CHANTILLY SABOR LEITE CONDENSADO NORCAU 1L,CHANTILLY SABOR LEITE CONDENSADO NORCAU 1L,24020,1L,1.0,L,1000.0,ML,,Não,22,https://www.fortali.com.br/chantilly-sabor-leite-condensado-norcau-1l-24020-1,2026-08-18 13:06:57,https://www.fortali.com.br/confeitaria?page=22,Pronto para comparar
Fortali Distribuidora,Confeitaria,CHANTILLY NORCAU 1L,CHANTILLY NORCAU 1L,24021,1L,1.0,L,1000.0,ML,,Não,70,https://www.fortali.com.br/chantilly-norcau-1l-24021-1,2026-08-18 13:06:57,https://www.fortali.com.br/confeitaria?page=70,Pronto para comparar
Fortali Distribuidora,Confeitaria,"CHOCOLATE AO LEITE MOEDAS CHOCOLANTE PURATOS PACOTE 2,01KG","CHOCOLATE AO LEITE MOEDAS CHOCOLANTE PURATOS PACOTE 2,01KG",24026,"2,01KG",2.01,KG,2010.0,G,,Não,70,https://www.fortali.com.br/chocolate-ao-leite-moedas-chocolante-puratos-pacote-201kg-24026-1,2026-08-18 13:06:57,https://www.fortali.com.br/confeitaria?page=70,Pronto para comparar
Fortali Distribuidora,Confeitaria,"PASTA CREMOSA SABOR GALAK NESTLE 1,01KG","PASTA CREMOSA SABOR GALAK NESTLE 1,01KG",24082,"1,01KG",1.01,KG,1010.0,G,,Não,36,https://www.fortali.com.br/pasta-cremosa-sabor-galak-nestle-1-01kg-24082-1,2026-08-18 13:06:57,https://www.fortali.com.br/confeitaria?page=36,Pronto para comparar
Fortali Distribuidora,Confeitaria,"COBERTURA PARA RECHEIO NEGRESCO GALAK POTE 1,01KG","COBERTURA PARA RECHEIO NEGRESCO GALAK POTE 1,01KG",24083,"1,01KG",1.01,KG,1010.0,G,,Não,70,https://www.fortali.com.br/cobertura-para-recheio-negresco-galak-pote-101kg-24083-1,2026-08-18 13:06:57,https://www.fortali.com.br/confeitaria?page=70,Pronto para comparar
Fortali Distribuidora,Confeitaria,BISCOITO TRITURADO CHOCOLATE BARION 1KG,BISCOITO TRITURADO CHOCOLATE BARION 1KG,24160,1KG,1.0,KG,1000.0,G,,Não,36,https://www.fortali.com.br/biscoito-triturado-chocolate-barion-1kg-24160-1,2026-08-18 13:06:57,https://www.fortali.com.br/confeitaria?page=36,Pronto para comparar
Fortali Distribuidora,Confeitaria,FORMA TORTA PIE COM TAMPA 50X19 MARROM SULFORMAS 10UN,FORMA TORTA PIE COM TAMPA 50X19 MARROM SULFORMAS 10UN,24176,,,,,,,Não,70,https://www.fortali.com.br/forma-torta-pie-com-tampa-50x19-marrom-sulformas-10un-24176-1,2026-08-18 13:06:57,https://www.fortali.com.br/confeitaria?page=70,Revisar embalagem
Fortali Distribuidora,Confeitaria,FORMA TORTA PIE COM TAMPA 180X30 MARROM SULFORMAS 5UN,FORMA TORTA PIE COM TAMPA 180X30 MARROM SULFORMAS 5UN,24178,,,,,,,Não,70,https://www.fortali.com.br/forma-torta-pie-com-tampa-180x30-marrom-sulformas-5un-24178-1,2026-08-18 13:06:57,https://www.fortali.com.br/confeitaria?page=70,Revisar embalagem
Fortali Distribuidora,Confeitaria,TORTA PIE COM TAMPA 113X20 MARROM SULFORMAS 5UN,TORTA PIE COM TAMPA 113X20 MARROM SULFORMAS 5UN,24179,,,,,,,Não,70,https://www.fortali.com.br/torta-pie-com-tampa-113x20-marrom-sulformas-5un-24179-1,2026-08-18 13:06:57,https://www.fortali.com.br/confeitaria?page=70,Revisar embalagem
Fortali Distribuidora,Confeitaria,PAPER PAN PEQUENA COM TAMPA 98X82X45 500ML SULFORMAS 5UN,PAPER PAN PEQUENA COM TAMPA 98X82X45 500ML SULFORMAS 5UN,24180,500ML,500.0,ML,500.0,ML,,Não,70,https://www.fortali.com.br/paper-pan-pequena-com-tampa-98x82x45-500ml-sulformas-5un-24180-1,2026-08-18 13:06:57,https://www.fortali.com.br/confeitaria?page=70,Pronto para comparar
Fortali Distribuidora,Confeitaria,CAIXA PREMIUM PARA FESTA 20X20X225 MARROM SULFORMAS 10UN,CAIXA PREMIUM PARA FESTA 20X20X225 MARROM SULFORMAS 10UN,24191,,,,,,,Não,70,https://www.fortali.com.br/caixa-premium-para-festa-20x20x225-marrom-sulformas-10un-24191-1,2026-08-18 13:06:57,https://www.fortali.com.br/confeitaria?page=70,Revisar embalagem
Fortali Distribuidora,Confeitaria,CAIXA PREMIUM FESTA NA 25X25X30 MARROM SULFORMAS 10UN,CAIXA PREMIUM FESTA NA 25X25X30 MARROM SULFORMAS 10UN,24192,,,,,,,Não,70,https://www.fortali.com.br/caixa-premium-festa-na-25x25x30-marrom-sulformas-10un-24192-1,2026-08-18 13:06:57,https://www.fortali.com.br/confeitaria?page=70,Revisar embalagem
Fortali Distribuidora,Confeitaria,FORMA PARA BOLO INGLÊS DE 650G COM ABAS E TAMPA 100X60X50 SU...,FORMA PARA BOLO INGLES DE 650G COM ABAS E TAMPA 100X60X50 SU...,24195,650G,650.0,G,650.0,G,,Não,70,https://www.fortali.com.br/forma-para-bolo-ingles-de-650g-com-abas-e-tampa-100x60x50-sulformas-5un-24195-1,2026-08-18 13:06:57,https://www.fortali.com.br/confeitaria?page=70,Pronto para comparar
Fortali Distribuidora,Confeitaria,FORMA DE BOLO INGLÊS COM ABAS COM TAMPAS KRAFT SULFORMAS 199...,FORMA DE BOLO INGLES COM ABAS COM TAMPAS KRAFT SULFORMAS 199...,24196,,,,,,,Não,70,https://www.fortali.com.br/forma-de-bolo-ingles-com-abas-com-tampas-kraft-sulformas-199x73x64-64un-650g-24196-1,2026-08-18 13:06:57,https://www.fortali.com.br/confeitaria?page=70,Revisar embalagem
Fortali Distribuidora,Confeitaria,FORMA BOLO INGLÊS ABAS COM TAMPA 100G 100X60X50 KRAF SULFORM...,FORMA BOLO INGLES ABAS COM TAMPA 100G 100X60X50 KRAF SULFORM...,24198,100G,100.0,G,100.0,G,,Não,70,https://www.fortali.com.br/forma-bolo-ingles-abas-com-tampa-100g-100x60x50-kraf-sulformas-pacote-com-5un-24198-1,2026-08-18 13:06:57,https://www.fortali.com.br/confeitaria?page=70,Pronto para comparar
Fortali Distribuidora,Confeitaria,FORMA PARA BOLO INGLÊS DE 100G COM ABAS E TAMPA 100X60X50 SU...,FORMA PARA BOLO INGLES DE 100G COM ABAS E TAMPA 100X60X50 SU...,24199,100G,100.0,G,100.0,G,,Não,70,https://www.fortali.com.br/forma-para-bolo-ingles-de-100g-com-abas-e-tampa-100x60x50-sulformas-5un-24199-1,2026-08-18 13:06:57,https://www.fortali.com.br/confeitaria?page=70,Pronto para comparar
Fortali Distribuidora,Confeitaria,GRANULADO MACIO ESCURO MIX 500G,GRANULADO MACIO ESCURO MIX 500G,24201,500G,500.0,G,500.0,G,,Não,70,https://www.fortali.com.br/granulado-macio-escuro-mix-500g-24201-1,2026-08-18 13:06:57,https://www.fortali.com.br/confeitaria?page=70,Pronto para comparar
Fortali Distribuidora,Confeitaria,GRANULADO MACIO MESCLADO MIX PACOTE 500G,GRANULADO MACIO MESCLADO MIX PACOTE 500G,24202,500G,500.0,G,500.0,G,,Não,19,https://www.fortali.com.br/granulado-macio-mesclado-mix-pacote-500g-24202-1,2026-08-18 13:06:57,https://www.fortali.com.br/confeitaria?page=19,Pronto para comparar
Fortali Distribuidora,Confeitaria,"COB TOP M AMARGO HARALD BARRA 1,01KG","COB TOP M AMARGO HARALD BARRA 1,01KG",24262,"1,01KG",1.01,KG,1010.0,G,,Não,3,https://www.fortali.com.br/cob-top-m-amargo-harald-barra-101kg-24262-1,2026-08-18 13:06:57,https://www.fortali.com.br/confeitaria?page=3,Pronto para comparar
Fortali Distribuidora,Confeitaria,COBERTURA DE CHOCOLATE MEIO AMARGO CONFEITEIRO BARRA HARALD ...,COBERTURA DE CHOCOLATE MEIO AMARGO CONFEITEIRO BARRA HARALD ...,24271,,,,,,,Não,1,https://www.fortali.com.br/cobertura-de-chocolate-meio-amargo-confeiteiro-barra-harald-101kg-24271-1,2026-08-18 13:06:57,https://www.fortali.com.br/confeitaria?page=1,Revisar embalagem
Fortali Distribuidora,Confeitaria,"COBERTURA CONFEITEIRO BLEND BARRA HARALD 1,01KG","COBERTURA CONFEITEIRO BLEND BARRA HARALD 1,01KG",24272,"1,01KG",1.01,KG,1010.0,G,,Não,1,https://www.fortali.com.br/cobertura-confeiteiro-blend-barra-harald-101kg-24272-1,2026-08-18 13:06:57,https://www.fortali.com.br/confeitaria?page=1,Pronto para comparar
Fortali Distribuidora,Confeitaria,"COB TOP BLEND HARALD BARRA 1,010KG","COB TOP BLEND HARALD BARRA 1,010KG",24274,"1,010KG",1.01,KG,1010.0,G,,Não,13,https://www.fortali.com.br/cob-top-blend-harald-barra-1010kg-24274-1,2026-08-18 13:06:57,https://www.fortali.com.br/confeitaria?page=13,Pronto para comparar
Fortali Distribuidora,Confeitaria,"CHOC BRANCO MELKEN HARALD BARRA 1,01KG","CHOC BRANCO MELKEN HARALD BARRA 1,01KG",24275,"1,01KG",1.01,KG,1010.0,G,,Não,4,https://www.fortali.com.br/choc-branco-melken-harald-barra-101kg-24275-1,2026-08-18 13:06:57,https://www.fortali.com.br/confeitaria?page=4,Pronto para comparar
Fortali Distribuidora,Confeitaria,CONF CHOC COLOR COLORETI VERM PCT 300G,CONF CHOC COLOR COLORETI VERM PCT 300G,24334,300G,300.0,G,300.0,G,,Não,23,https://www.fortali.com.br/conf-choc-color-coloreti-verm-pct-300g-24334-1,2026-08-18 13:06:57,https://www.fortali.com.br/confeitaria?page=23,Pronto para comparar
Fortali Distribuidora,Confeitaria,CONF CHOC COLOR COLORETI AZUL PCT 300G,CONF CHOC COLOR COLORETI AZUL PCT 300G,24335,300G,300.0,G,300.0,G,,Não,23,https://www.fortali.com.br/conf-choc-color-coloreti-azul-pct-300g-24335-1,2026-08-18 13:06:57,https://www.fortali.com.br/confeitaria?page=23,Pronto para comparar
Fortali Distribuidora,Confeitaria,CONF CHOC COLOR COLORETI BCO PCT 300G,CONF CHOC COLOR COLORETI BCO PCT 300G,24336,300G,300.0,G,300.0,G,,Não,23,https://www.fortali.com.br/conf-choc-color-coloreti-bco-pct-300g-24336-1,2026-08-18 13:06:57,https://www.fortali.com.br/confeitaria?page=23,Pronto para comparar
Fortali Distribuidora,Confeitaria,CONF CHOC COLOR COLORETI PTO PCT 300G,CONF CHOC COLOR COLORETI PTO PCT 300G,24337,300G,300.0,G,300.0,G,,Não,23,https://www.fortali.com.br/conf-choc-color-coloreti-pto-pct-300g-24337-1,2026-08-18 13:06:57,https://www.fortali.com.br/confeitaria?page=23,Pronto para comparar
Fortali Distribuidora,Confeitaria,CONF CHOC COLOR COLORETI MINI  PCT 5KG,CONF CHOC COLOR COLORETI MINI PCT 5KG,24338,5KG,5.0,KG,5000.0,G,,Não,70,https://www.fortali.com.br/conf-choc-color-coloreti-mini--pct-5kg-24338-1,2026-08-18 13:06:57,https://www.fortali.com.br/confeitaria?page=70,Pronto para comparar
Fortali Distribuidora,Confeitaria,CONFEITO CHOCOLATE COLOR COLORETI MINI PACOTE 1KG,CONFEITO CHOCOLATE COLOR COLORETI MINI PACOTE 1KG,24339,1KG,1.0,KG,1000.0,G,,Não,34,https://www.fortali.com.br/confeito-chocolate-color-coloreti-mini-pacote-1kg-24339-1,2026-08-18 13:06:57,https://www.fortali.com.br/confeitaria?page=34,Pronto para comparar
Fortali Distribuidora,Confeitaria,CONFEITO CHOCOLATE COLOR COLORETI AMORE PACOTE 500G,CONFEITO CHOCOLATE COLOR COLORETI AMORE PACOTE 500G,24340,500G,500.0,G,500.0,G,,Não,70,https://www.fortali.com.br/confeito-chocolate-color-coloreti-amore-pacote-500g-24340-1,2026-08-18 13:06:57,https://www.fortali.com.br/confeitaria?page=70,Pronto para comparar
Fortali Distribuidora,Confeitaria,CONF CHOC COLOR COLORETI STAR PCT 500G,CONF CHOC COLOR COLORETI STAR PCT 500G,24341,500G,500.0,G,500.0,G,,Não,70,https://www.fortali.com.br/conf-choc-color-coloreti-star-pct-500g-24341-1,2026-08-18 13:06:57,https://www.fortali.com.br/confeitaria?page=70,Pronto para comparar
Fortali Distribuidora,Confeitaria,CONFEITO CHOCOLATE COLOR COLORETI TRADICIONAL PACOTE 500G,CONFEITO CHOCOLATE COLOR COLORETI TRADICIONAL PACOTE 500G,24342,500G,500.0,G,500.0,G,,Não,36,https://www.fortali.com.br/confeito-chocolate-color-coloreti-tradicional-pacote-500g-24342-1,2026-08-18 13:06:57,https://www.fortali.com.br/confeitaria?page=36,Pronto para comparar
Fortali Distribuidora,Confeitaria,"MIST  LACTEA CONDENSADA TRIANGULO BAG 2,5KG","MIST LACTEA CONDENSADA TRIANGULO BAG 2,5KG",24345,"2,5KG",2.5,KG,2500.0,G,,Não,70,https://www.fortali.com.br/mist--lactea-condensada-triangulo-bag-25kg-24345-1,2026-08-18 13:06:57,https://www.fortali.com.br/confeitaria?page=70,Pronto para comparar
Fortali Distribuidora,Confeitaria,CEREJAS AO MARASQUINO COM TALO SÍCOLA LATA 1.65KG,CEREJAS AO MARASQUINO COM TALO SICOLA LATA 1.65KG,24348,1.65KG,1.65,KG,1650.0,G,,Não,7,https://www.fortali.com.br/cerejas-ao-marasquino-com-talo-sicola-lata-1-65kg-24348-1,2026-08-18 13:06:57,https://www.fortali.com.br/confeitaria?page=7,Pronto para comparar
Fortali Distribuidora,Confeitaria,CEREJAS SEM TALO MARRASQUINO LATA 1.8KG,CEREJAS SEM TALO MARRASQUINO LATA 1.8KG,24349,1.8KG,1.8,KG,1800.0,G,,Não,10,https://www.fortali.com.br/cerejas-sem-talo-marrasquino-lata-1-8kg-24349-1,2026-08-18 13:06:57,https://www.fortali.com.br/confeitaria?page=10,Pronto para comparar
Fortali Distribuidora,Confeitaria,"COBERTURA BARRA BRANCO CONFEITEIRO HARALD 1,01KG","COBERTURA BARRA BRANCO CONFEITEIRO HARALD 1,01KG",24368,"1,01KG",1.01,KG,1010.0,G,,Não,1,https://www.fortali.com.br/cobertura-barra-branco-confeiteiro-harald-101kg-24368-1,2026-08-18 13:06:57,https://www.fortali.com.br/confeitaria?page=1,Pronto para comparar
Fortali Distribuidora,Confeitaria,COBERTURA MEIO AMARGA PARA CONFEITARIA GENUINE BARRA 1KG,COBERTURA MEIO AMARGA PARA CONFEITARIA GENUINE BARRA 1KG,24468,1KG,1.0,KG,1000.0,G,,Não,70,https://www.fortali.com.br/cobertura-meio-amarga-para-confeitaria-genuine-barra-1kg-24468-1,2026-08-18 13:06:57,https://www.fortali.com.br/confeitaria?page=70,Pronto para comparar
Fortali Distribuidora,Confeitaria,ESSENCIA PANETONE ICEBERG 30ML,ESSENCIA PANETONE ICEBERG 30ML,24491,30ML,30.0,ML,30.0,ML,,Não,71,https://www.fortali.com.br/essencia-panetone-iceberg-30ml-24491-1,2026-08-18 13:06:57,https://www.fortali.com.br/confeitaria?page=71,Pronto para comparar
Fortali Distribuidora,Confeitaria,COR COLOR LIQ GEL AZUL MARI EX FORTE 25G,COR COLOR LIQ GEL AZUL MARI EX FORTE 25G,24492,25G,25.0,G,25.0,G,,Não,71,https://www.fortali.com.br/cor-color-liq-gel-azul-mari-ex-forte-25g-24492-1,2026-08-18 13:06:57,https://www.fortali.com.br/confeitaria?page=71,Pronto para comparar
Fortali Distribuidora,Confeitaria,COR COLOR LIQ GEL MARROM EX FORTE 25G,COR COLOR LIQ GEL MARROM EX FORTE 25G,24493,25G,25.0,G,25.0,G,,Não,71,https://www.fortali.com.br/cor-color-liq-gel-marrom-ex-forte-25g-24493-1,2026-08-18 13:06:57,https://www.fortali.com.br/confeitaria?page=71,Pronto para comparar
Fortali Distribuidora,Confeitaria,COR COLOR LIQ GEL PELE ICEBERG 25G,COR COLOR LIQ GEL PELE ICEBERG 25G,24494,25G,25.0,G,25.0,G,,Não,71,https://www.fortali.com.br/cor-color-liq-gel-pele-iceberg-25g-24494-1,2026-08-18 13:06:57,https://www.fortali.com.br/confeitaria?page=71,Pronto para comparar
Fortali Distribuidora,Confeitaria,COR COLOR LIQ GEL ROXO ACAI ICEBERG 25G,COR COLOR LIQ GEL ROXO ACAI ICEBERG 25G,24495,25G,25.0,G,25.0,G,,Não,71,https://www.fortali.com.br/cor-color-liq-gel-roxo-acai-iceberg-25g-24495-1,2026-08-18 13:06:57,https://www.fortali.com.br/confeitaria?page=71,Pronto para comparar
Fortali Distribuidora,Confeitaria,CORANTE LIQUIGEL VERDE MENTA ICEBERG 25G,CORANTE LIQUIGEL VERDE MENTA ICEBERG 25G,24496,25G,25.0,G,25.0,G,,Não,71,https://www.fortali.com.br/corante-liquigel-verde-menta-iceberg-25g-24496-1,2026-08-18 13:06:57,https://www.fortali.com.br/confeitaria?page=71,Pronto para comparar
Fortali Distribuidora,Confeitaria,COR COLOR LIQ GEL V MARSALA ICEBERG 25G,COR COLOR LIQ GEL V MARSALA ICEBERG 25G,24497,25G,25.0,G,25.0,G,,Não,71,https://www.fortali.com.br/cor-color-liq-gel-v-marsala-iceberg-25g-24497-1,2026-08-18 13:06:57,https://www.fortali.com.br/confeitaria?page=71,Pronto para comparar
Fortali Distribuidora,Confeitaria,COR COLOR LIQ GEL VERM MORA EX FORTE 25G,COR COLOR LIQ GEL VERM MORA EX FORTE 25G,24498,25G,25.0,G,25.0,G,,Não,34,https://www.fortali.com.br/cor-color-liq-gel-verm-mora-ex-forte-25g-24498-1,2026-08-18 13:06:57,https://www.fortali.com.br/confeitaria?page=34,Pronto para comparar
Fortali Distribuidora,Confeitaria,CORANTE LIQUIGEL VIOLETA ICEBERG 5G,CORANTE LIQUIGEL VIOLETA ICEBERG 5G,24500,5G,5.0,G,5.0,G,,Não,71,https://www.fortali.com.br/corante-liquigel-violeta-iceberg-5g-24500-1,2026-08-18 13:06:57,https://www.fortali.com.br/confeitaria?page=71,Pronto para comparar
Fortali Distribuidora,Confeitaria,CORANTE COLOR LIQUIGEL NUDE ICEBERG 25G,CORANTE COLOR LIQUIGEL NUDE ICEBERG 25G,24501,25G,25.0,G,25.0,G,,Não,71,https://www.fortali.com.br/corante-color-liquigel-nude-iceberg-25g-24501-1,2026-08-18 13:06:57,https://www.fortali.com.br/confeitaria?page=71,Pronto para comparar
Fortali Distribuidora,Confeitaria,BASE TORTA VERM SAB DOCE CIR 150MM 12UN,BASE TORTA VERM SAB DOCE CIR 150MM 12UN,24503,,,,,,,Não,71,https://www.fortali.com.br/base-torta-verm-sab-doce-cir-150mm-12un-24503-1,2026-08-18 13:06:57,https://www.fortali.com.br/confeitaria?page=71,Revisar embalagem
Fortali Distribuidora,Confeitaria,CONFEITO MIÇANGA PRETA NR 0 MIL CORES 500G,CONFEITO MICANGA PRETA NR 0 MIL CORES 500G,24650,500G,500.0,G,500.0,G,,Não,31,https://www.fortali.com.br/confeito-micanga-preta-nr-0-mil-cores-500g-24650-1,2026-08-18 13:06:57,https://www.fortali.com.br/confeitaria?page=31,Pronto para comparar
Fortali Distribuidora,Confeitaria,CONFEITO MIÇANGA AMARELO N0 MIL CORES 500G,CONFEITO MICANGA AMARELO N0 MIL CORES 500G,24652,500G,500.0,G,500.0,G,,Não,71,https://www.fortali.com.br/confeito-micanga-amarelo-n0-mil-cores-500g-24652-1,2026-08-18 13:06:57,https://www.fortali.com.br/confeitaria?page=71,Pronto para comparar
Fortali Distribuidora,Confeitaria,CONFEITO MIÇANGA COLOR BABY N0 MILCORES 120G,CONFEITO MICANGA COLOR BABY N0 MILCORES 120G,24653,120G,120.0,G,120.0,G,,Não,19,https://www.fortali.com.br/confeito-micanga-color-baby-n0-milcores-120g-24653-1,2026-08-18 13:06:57,https://www.fortali.com.br/confeitaria?page=19,Pronto para comparar
Fortali Distribuidora,Confeitaria,CONF MICANGA VERM/VDE N0 MIL CORES 150G,CONF MICANGA VERM VDE N0 MIL CORES 150G,24654,150G,150.0,G,150.0,G,,Não,71,https://www.fortali.com.br/conf-micanga-vermvde-n0-mil-cores-150g-24654-1,2026-08-18 13:06:57,https://www.fortali.com.br/confeitaria?page=71,Pronto para comparar
Fortali Distribuidora,Confeitaria,CONFEITO MIÇANGA PRETA/VERMELHO N0 MIL CORES 150G,CONFEITO MICANGA PRETA VERMELHO N0 MIL CORES 150G,24655,150G,150.0,G,150.0,G,,Não,71,https://www.fortali.com.br/confeito-micanga-pretavermelho-n0-mil-cores-150g-24655-1,2026-08-18 13:06:57,https://www.fortali.com.br/confeitaria?page=71,Pronto para comparar
Fortali Distribuidora,Confeitaria,CONFEITO FIGURA CONFETE MIL CORES 50G,CONFEITO FIGURA CONFETE MIL CORES 50G,24657,50G,50.0,G,50.0,G,,Não,16,https://www.fortali.com.br/confeito-figura-confete-mil-cores-50g-24657-1,2026-08-18 13:06:57,https://www.fortali.com.br/confeitaria?page=16,Pronto para comparar
Fortali Distribuidora,Confeitaria,GRANULADO CROCANTE AMARELO AQUAR MIL CORES 500G,GRANULADO CROCANTE AMARELO AQUAR MIL CORES 500G,24658,500G,500.0,G,500.0,G,,Não,14,https://www.fortali.com.br/granulado-crocante-amarelo-aquar-mil-cores-500g-24658-1,2026-08-18 13:06:57,https://www.fortali.com.br/confeitaria?page=14,Pronto para comparar
Fortali Distribuidora,Confeitaria,ACUCAR CONFEIT. IMPALPAVEL 1 KG BIGMIX,ACUCAR CONFEIT. IMPALPAVEL 1 KG BIGMIX,2469,1KG,1.0,KG,1000.0,G,,Não,71,https://www.fortali.com.br/acucar-confeit-impalpavel-1-kg-bigmix-2469-1,2026-08-18 13:06:57,https://www.fortali.com.br/confeitaria?page=71,Pronto para comparar
Fortali Distribuidora,Confeitaria,GELATINA S/SABOR LEKE 500G,GELATINA S SABOR LEKE 500G,24724,500G,500.0,G,500.0,G,,Não,9,https://www.fortali.com.br/gelatina-ssabor-leke-500g-24724-1,2026-08-18 13:06:57,https://www.fortali.com.br/confeitaria?page=9,Pronto para comparar
Fortali Distribuidora,Confeitaria,KIT CARIMBOS NATAL AMARELO,KIT CARIMBOS NATAL AMARELO,24782,,,,,,,Não,71,https://www.fortali.com.br/kit-carimbos-natal-amarelo-24782-1,2026-08-18 13:06:57,https://www.fortali.com.br/confeitaria?page=71,Revisar embalagem
Fortali Distribuidora,Confeitaria,FORMA SIMP SIN DUPLO BWB PCT C/10UN,FORMA SIMP SIN DUPLO BWB PCT C 10UN,24819,,,,,,,Não,71,https://www.fortali.com.br/forma-simp-sin-duplo-bwb-pct-c10un-24819-1,2026-08-18 13:06:57,https://www.fortali.com.br/confeitaria?page=71,Revisar embalagem
Fortali Distribuidora,Confeitaria,PLACA TEXTURA ESCAMAS BWB,PLACA TEXTURA ESCAMAS BWB,24821,,,,,,,Não,71,https://www.fortali.com.br/placa-textura-escamas-bwb--24821-1,2026-08-18 13:06:57,https://www.fortali.com.br/confeitaria?page=71,Revisar embalagem
Fortali Distribuidora,Confeitaria,PLACA TEXTURA RATTAN BWB,PLACA TEXTURA RATTAN BWB,24822,,,,,,,Não,71,https://www.fortali.com.br/placa-textura-rattan-bwb-24822-1,2026-08-18 13:06:57,https://www.fortali.com.br/confeitaria?page=71,Revisar embalagem
Fortali Distribuidora,Confeitaria,FORMA ESPEC PALETA GOURMET TRIANGULO BWB,FORMA ESPEC PALETA GOURMET TRIANGULO BWB,24825,,,,,,,Não,71,https://www.fortali.com.br/forma-espec-paleta-gourmet-triangulo-bwb-24825-1,2026-08-18 13:06:57,https://www.fortali.com.br/confeitaria?page=71,Revisar embalagem
Fortali Distribuidora,Confeitaria,FORMA BOLO INGLES PLUMPY M VERM C/TAMPA,FORMA BOLO INGLES PLUMPY M VERM C TAMPA,24829,,,,,,,Não,71,https://www.fortali.com.br/forma-bolo-ingles-plumpy-m-verm-ctampa--24829-1,2026-08-18 13:06:57,https://www.fortali.com.br/confeitaria?page=71,Revisar embalagem
Fortali Distribuidora,Confeitaria,FORMINHA 4 PETALAS CRISTAL SULF PCT 50UN,FORMINHA 4 PETALAS CRISTAL SULF PCT 50UN,24830,,,,,,,Não,71,https://www.fortali.com.br/forminha-4-petalas-cristal-sulf-pct-50un-24830-1,2026-08-18 13:06:57,https://www.fortali.com.br/confeitaria?page=71,Revisar embalagem
Fortali Distribuidora,Confeitaria,FORMINHA 4 PETALAS BCA SULFORMAS 50UN,FORMINHA 4 PETALAS BCA SULFORMAS 50UN,24831,,,,,,,Não,71,https://www.fortali.com.br/forminha-4-petalas-bca-sulformas-50un-24831-1,2026-08-18 13:06:57,https://www.fortali.com.br/confeitaria?page=71,Revisar embalagem
Fortali Distribuidora,Confeitaria,CHOC GOTAS BAHIA 63% UNIQUE HARALD 400G,CHOC GOTAS BAHIA 63% UNIQUE HARALD 400G,24833,400G,400.0,G,400.0,G,,Não,11,https://www.fortali.com.br/choc-gotas-bahia-63-unique-harald-400g-24833-1,2026-08-18 13:06:57,https://www.fortali.com.br/confeitaria?page=11,Pronto para comparar
Fortali Distribuidora,Confeitaria,"CHOC AO LEITE MELKEN HARALD BARRA 1,01KG","CHOC AO LEITE MELKEN HARALD BARRA 1,01KG",24834,"1,01KG",1.01,KG,1010.0,G,,Não,10,https://www.fortali.com.br/choc-ao-leite-melken-harald-barra-101kg-24834-1,2026-08-18 13:06:57,https://www.fortali.com.br/confeitaria?page=10,Pronto para comparar
Fortali Distribuidora,Confeitaria,"COB GOTAS AO LEITE TOP HARALD 1,01KG","COB GOTAS AO LEITE TOP HARALD 1,01KG",24835,"1,01KG",1.01,KG,1010.0,G,,Não,13,https://www.fortali.com.br/cob-gotas-ao-leite-top-harald-101kg-24835-1,2026-08-18 13:06:57,https://www.fortali.com.br/confeitaria?page=13,Pronto para comparar
Fortali Distribuidora,Confeitaria,"COB TOP LEITE HARALD BARRA 1,01KG","COB TOP LEITE HARALD BARRA 1,01KG",24836,"1,01KG",1.01,KG,1010.0,G,,Não,5,https://www.fortali.com.br/cob-top-leite-harald-barra-101kg-24836-1,2026-08-18 13:06:57,https://www.fortali.com.br/confeitaria?page=5,Pronto para comparar
Fortali Distribuidora,Confeitaria,"COB TOP BRANCO HARALD BARRA 1,010KG","COB TOP BRANCO HARALD BARRA 1,010KG",24837,"1,010KG",1.01,KG,1010.0,G,,Não,4,https://www.fortali.com.br/cob-top-branco-harald-barra-1010kg-24837-1,2026-08-18 13:06:57,https://www.fortali.com.br/confeitaria?page=4,Pronto para comparar
Fortali Distribuidora,Confeitaria,"COB CONF FRACIONADA CHOC AO LEITE HARALD BARRA 1,01KG","COB CONF FRACIONADA CHOC AO LEITE HARALD BARRA 1,01KG",24838,"1,01KG",1.01,KG,1010.0,G,,Não,29,https://www.fortali.com.br/cob-conf-fracionada-choc-ao-leite-harald-barra-101kg-24838-1,2026-08-18 13:06:57,https://www.fortali.com.br/confeitaria?page=29,Pronto para comparar
Fortali Distribuidora,Confeitaria,"COBERTURA GOTA CHIPSHOW LEITE TOP 1,01KG","COBERTURA GOTA CHIPSHOW LEITE TOP 1,01KG",24839,"1,01KG",1.01,KG,1010.0,G,,Não,2,https://www.fortali.com.br/cobertura-gota-chipshow-leite-top-101kg-24839-1,2026-08-18 13:06:57,https://www.fortali.com.br/confeitaria?page=2,Pronto para comparar
Fortali Distribuidora,Confeitaria,CHOC BIS XTRA OREO 45G,CHOC BIS XTRA OREO 45G,24856,45G,45.0,G,45.0,G,,Não,71,https://www.fortali.com.br/choc-bis-xtra-oreo-45g-24856-1,2026-08-18 13:06:57,https://www.fortali.com.br/confeitaria?page=71,Pronto para comparar
Fortali Distribuidora,Confeitaria,ACHOCOLATADO EM PO CHOCKY ITALAC SCH 1KG,ACHOCOLATADO EM PO CHOCKY ITALAC SCH 1KG,24886,1KG,1.0,KG,1000.0,G,,Não,3,https://www.fortali.com.br/achocolatado-em-po-chocky-italac-sch-1kg-24886-1,2026-08-18 13:06:57,https://www.fortali.com.br/confeitaria?page=3,Pronto para comparar
Fortali Distribuidora,Confeitaria,COLORETI MINI BALL MISTO PACOTE 3KG,COLORETI MINI BALL MISTO PACOTE 3KG,24897,3KG,3.0,KG,3000.0,G,,Não,71,https://www.fortali.com.br/coloreti-mini-ball-misto-pacote-3kg-24897-1,2026-08-18 13:06:57,https://www.fortali.com.br/confeitaria?page=71,Pronto para comparar
Fortali Distribuidora,Confeitaria,"COLORETI BALL AO LEITE PACOTE 2,5KG","COLORETI BALL AO LEITE PACOTE 2,5KG",24898,"2,5KG",2.5,KG,2500.0,G,,Não,72,https://www.fortali.com.br/coloreti-ball-ao-leite-pacote-25kg-24898-1,2026-08-18 13:06:57,https://www.fortali.com.br/confeitaria?page=72,Pronto para comparar
Fortali Distribuidora,Confeitaria,GUINDASTE P/BOLO 16CM 2PC,GUINDASTE P BOLO 16CM 2PC,24965,,,,,,,Não,72,https://www.fortali.com.br/guindaste-pbolo-16cm-2pc-24965-1,2026-08-18 13:06:57,https://www.fortali.com.br/confeitaria?page=72,Revisar embalagem
Fortali Distribuidora,Confeitaria,GUINDASTE P/BOLO 21CM 2PC,GUINDASTE P BOLO 21CM 2PC,24966,,,,,,,Não,72,https://www.fortali.com.br/guindaste-pbolo-21cm-2pc-24966-1,2026-08-18 13:06:57,https://www.fortali.com.br/confeitaria?page=72,Revisar embalagem
Fortali Distribuidora,Confeitaria,"DOCE SORO DE LEITE ITAPERUNA BALDE 9,8KG","DOCE SORO DE LEITE ITAPERUNA BALDE 9,8KG",24967,"9,8KG",9.8,KG,9800.0,G,,Não,31,https://www.fortali.com.br/doce-soro-de-leite-itaperuna-balde-98kg-24967-1,2026-08-18 13:06:57,https://www.fortali.com.br/confeitaria?page=31,Pronto para comparar
Fortali Distribuidora,Confeitaria,DOCE DE SORO DO LEITE COM CHOCOLATE ITAPERUNA BALDE 9.8KG,DOCE DE SORO DO LEITE COM CHOCOLATE ITAPERUNA BALDE 9.8KG,24968,9.8KG,9.8,KG,9800.0,G,,Não,9,https://www.fortali.com.br/doce-de-soro-do-leite-com-chocolate-itaperuna-balde-98kg-24968-1,2026-08-18 13:06:57,https://www.fortali.com.br/confeitaria?page=9,Pronto para comparar
Fortali Distribuidora,Confeitaria,"CHOC BRANCO NAMUR SELECTA 1,01KG","CHOC BRANCO NAMUR SELECTA 1,01KG",24978,"1,01KG",1.01,KG,1010.0,G,,Não,72,https://www.fortali.com.br/choc-branco-namur-selecta-101kg-24978-1,2026-08-18 13:06:57,https://www.fortali.com.br/confeitaria?page=72,Pronto para comparar
Fortali Distribuidora,Confeitaria,"CHOC BLEND NAMUR SELECTA 1,01KG","CHOC BLEND NAMUR SELECTA 1,01KG",24981,"1,01KG",1.01,KG,1010.0,G,,Não,72,https://www.fortali.com.br/choc-blend-namur-selecta-101kg-24981-1,2026-08-18 13:06:57,https://www.fortali.com.br/confeitaria?page=72,Pronto para comparar
Fortali Distribuidora,Confeitaria,"CHOCOLATE PÓ 33% SELECTA 1,01KG","CHOCOLATE PO 33% SELECTA 1,01KG",24988,"1,01KG",1.01,KG,1010.0,G,,Não,7,https://www.fortali.com.br/chocolate-po-33-selecta-101kg-24988-1,2026-08-18 13:06:57,https://www.fortali.com.br/confeitaria?page=7,Pronto para comparar
Fortali Distribuidora,Confeitaria,CACAU PO 100% SELECTA PCT 500G,CACAU PO 100% SELECTA PCT 500G,24989,500G,500.0,G,500.0,G,,Não,33,https://www.fortali.com.br/cacau-po-100-selecta-pct-500g-24989-1,2026-08-18 13:06:57,https://www.fortali.com.br/confeitaria?page=33,Pronto para comparar
Fortali Distribuidora,Confeitaria,CHOC PO 70% SELECTA PCT 500G,CHOC PO 70% SELECTA PCT 500G,24990,500G,500.0,G,500.0,G,,Não,72,https://www.fortali.com.br/choc-po-70-selecta-pct-500g-24990-1,2026-08-18 13:06:57,https://www.fortali.com.br/confeitaria?page=72,Pronto para comparar
Fortali Distribuidora,Confeitaria,CHOCOLATE PO 50% SELECTA PCT 500G,CHOCOLATE PO 50% SELECTA PCT 500G,24991,500G,500.0,G,500.0,G,,Não,72,https://www.fortali.com.br/chocolate-po-50-selecta-pct-500g-24991-1,2026-08-18 13:06:57,https://www.fortali.com.br/confeitaria?page=72,Pronto para comparar
Fortali Distribuidora,Confeitaria,ABACAXI RODELA CALDA MARIZA 400G,ABACAXI RODELA CALDA MARIZA 400G,24996,400G,400.0,G,400.0,G,,Não,30,https://www.fortali.com.br/abacaxi-rodela-calda-mariza-400g-24996-1,2026-08-18 13:06:57,https://www.fortali.com.br/confeitaria?page=30,Pronto para comparar
Fortali Distribuidora,Confeitaria,AMEIXA EM CALDA MARIZA 400G,AMEIXA EM CALDA MARIZA 400G,24999,400G,400.0,G,400.0,G,,Não,6,https://www.fortali.com.br/ameixa-em-calda-mariza-400g-24999-1,2026-08-18 13:06:57,https://www.fortali.com.br/confeitaria?page=6,Pronto para comparar
Fortali Distribuidora,Confeitaria,FIGOS CALDA MARIZA 400G,FIGOS CALDA MARIZA 400G,25003,400G,400.0,G,400.0,G,,Não,72,https://www.fortali.com.br/figos-calda-mariza-400g-25003-1,2026-08-18 13:06:57,https://www.fortali.com.br/confeitaria?page=72,Pronto para comparar
Fortali Distribuidora,Confeitaria,PÊSSEGO INTEIRO EM CALDA FRUTASUL LATA 450G,PESSEGO INTEIRO EM CALDA FRUTASUL LATA 450G,25012,450G,450.0,G,450.0,G,,Não,72,https://www.fortali.com.br/pessego-inteiro-em-calda-frutasul-lata-450g-25012-1,2026-08-18 13:06:57,https://www.fortali.com.br/confeitaria?page=72,Pronto para comparar
Fortali Distribuidora,Confeitaria,PÊSSEGO EM CALDA MARIZA LATA 450G,PESSEGO EM CALDA MARIZA LATA 450G,25013,450G,450.0,G,450.0,G,,Não,72,https://www.fortali.com.br/pessego-em-calda-mariza-lata-450g-25013-1,2026-08-18 13:06:57,https://www.fortali.com.br/confeitaria?page=72,Pronto para comparar
Fortali Distribuidora,Confeitaria,"COB GOTAS M AMARGO TOP HARALD 1,01KG","COB GOTAS M AMARGO TOP HARALD 1,01KG",25018,"1,01KG",1.01,KG,1010.0,G,,Não,8,https://www.fortali.com.br/cob-gotas-m-amargo-top-harald-101kg-25018-1,2026-08-18 13:06:57,https://www.fortali.com.br/confeitaria?page=8,Pronto para comparar
Fortali Distribuidora,Confeitaria,"COB GOTAS MILKY TOP HARALD 1,01KG","COB GOTAS MILKY TOP HARALD 1,01KG",25019,"1,01KG",1.01,KG,1010.0,G,,Não,23,https://www.fortali.com.br/cob-gotas-milky-top-harald-101kg-25019-1,2026-08-18 13:06:57,https://www.fortali.com.br/confeitaria?page=23,Pronto para comparar
Fortali Distribuidora,Confeitaria,"COB GOTAS AOLEITE CONF HARALD 1,01KG","COB GOTAS AOLEITE CONF HARALD 1,01KG",25020,"1,01KG",1.01,KG,1010.0,G,,Não,14,https://www.fortali.com.br/cob-gotas-aoleite-conf-harald-101kg-25020-1,2026-08-18 13:06:57,https://www.fortali.com.br/confeitaria?page=14,Pronto para comparar
Fortali Distribuidora,Confeitaria,"RECH FORN CHOC AO LEITE CONF POP HARALD 1,01KG","RECH FORN CHOC AO LEITE CONF POP HARALD 1,01KG",25021,"1,01KG",1.01,KG,1010.0,G,,Não,1,https://www.fortali.com.br/rech-forn-choc-ao-leite-conf-pop-harald-101kg-25021-1,2026-08-18 13:06:57,https://www.fortali.com.br/confeitaria?page=1,Pronto para comparar
Fortali Distribuidora,Confeitaria,"RECH BRIGADEIRO CONF HARALD 2,02KG","RECH BRIGADEIRO CONF HARALD 2,02KG",25022,"2,02KG",2.02,KG,2020.0,G,,Não,72,https://www.fortali.com.br/rech-brigadeiro-conf-harald-2-02kg-25022-1,2026-08-18 13:06:57,https://www.fortali.com.br/confeitaria?page=72,Pronto para comparar
Fortali Distribuidora,Confeitaria,"RECH COB LEITINHO MELKEN HARALD 1,01KG","RECH COB LEITINHO MELKEN HARALD 1,01KG",25023,"1,01KG",1.01,KG,1010.0,G,,Não,6,https://www.fortali.com.br/rech-cob-leitinho-melken-harald-1-01kg-25023-1,2026-08-18 13:06:57,https://www.fortali.com.br/confeitaria?page=6,Pronto para comparar
Fortali Distribuidora,Confeitaria,CHOC BARRA 63% CACAU ZERO MELKEN 500G,CHOC BARRA 63% CACAU ZERO MELKEN 500G,25051,500G,500.0,G,500.0,G,,Não,72,https://www.fortali.com.br/choc-barra-63-cacau-zero-melken-500g-25051-1,2026-08-18 13:06:57,https://www.fortali.com.br/confeitaria?page=72,Pronto para comparar
Fortali Distribuidora,Confeitaria,FORMA SIMPLES TRAD ALPINO ESTRIAS BWB UN,FORMA SIMPLES TRAD ALPINO ESTRIAS BWB UN,25110,,,,,,,Não,72,https://www.fortali.com.br/forma-simples-trad-alpino-estrias-bwb-un-25110-1,2026-08-18 13:06:57,https://www.fortali.com.br/confeitaria?page=72,Revisar embalagem
Fortali Distribuidora,Confeitaria,FORMA SIMPLES PIRULITO CORACAO BWB UN,FORMA SIMPLES PIRULITO CORACAO BWB UN,25112,,,,,,,Não,72,https://www.fortali.com.br/forma-simples-pirulito-coracao-bwb-un-25112-1,2026-08-18 13:06:57,https://www.fortali.com.br/confeitaria?page=72,Revisar embalagem
Fortali Distribuidora,Confeitaria,FORMA SIMPLES BOMBOM ESTRELA BWB UN,FORMA SIMPLES BOMBOM ESTRELA BWB UN,25113,,,,,,,Não,72,https://www.fortali.com.br/forma-simples-bombom-estrela-bwb-un-25113-1,2026-08-18 13:06:57,https://www.fortali.com.br/confeitaria?page=72,Revisar embalagem
Fortali Distribuidora,Confeitaria,PÓ PARA PREPARO SOBREMESA FRUTAS VERMELHAS PACOTE 100G,PO PARA PREPARO SOBREMESA FRUTAS VERMELHAS PACOTE 100G,25141,100G,100.0,G,100.0,G,,Não,72,https://www.fortali.com.br/po-para-preparo-sobremesa-frutas-vermelhas-pacote-100g-25141-1,2026-08-18 13:06:57,https://www.fortali.com.br/confeitaria?page=72,Pronto para comparar
Fortali Distribuidora,Confeitaria,CHOC AO LEITE ZERO MELKEN HARALD BARRA 500G,CHOC AO LEITE ZERO MELKEN HARALD BARRA 500G,25179,500G,500.0,G,500.0,G,,Não,17,https://www.fortali.com.br/choc-ao-leite-zero-melken-harald-barra-500g-25179-1,2026-08-18 13:06:57,https://www.fortali.com.br/confeitaria?page=17,Pronto para comparar
Fortali Distribuidora,Confeitaria,"CHOCOLATE BARRA MEIO AMARGO MELKEN 1,010KG","CHOCOLATE BARRA MEIO AMARGO MELKEN 1,010KG",25180,"1,010KG",1.01,KG,1010.0,G,,Não,29,https://www.fortali.com.br/chocolate-barra-meio-amargo-melken-1010kg-25180-1,2026-08-18 13:06:57,https://www.fortali.com.br/confeitaria?page=29,Pronto para comparar
Fortali Distribuidora,Confeitaria,PO PREPARO  MORANGO ITALAC 400G,PO PREPARO MORANGO ITALAC 400G,25190,400G,400.0,G,400.0,G,,Não,19,https://www.fortali.com.br/po-preparo-morango-italac-400g-25190-1,2026-08-18 13:06:57,https://www.fortali.com.br/confeitaria?page=19,Pronto para comparar
Fortali Distribuidora,Confeitaria,GRANULADO CROCANTE VERDE AQUARELA MIL CORES 500G,GRANULADO CROCANTE VERDE AQUARELA MIL CORES 500G,25199,500G,500.0,G,500.0,G,,Não,13,https://www.fortali.com.br/granulado-crocante-verde-aquarela-mil-cores-500g-25199-1,2026-08-18 13:06:57,https://www.fortali.com.br/confeitaria?page=13,Pronto para comparar
Fortali Distribuidora,Confeitaria,CHOCOLATE PÓ 70% CACAU MAVALÉRIO 500G,CHOCOLATE PO 70% CACAU MAVALERIO 500G,25200,500G,500.0,G,500.0,G,,Não,72,https://www.fortali.com.br/chocolate-po-70-cacau-mavalerio-500g-25200-1,2026-08-18 13:06:57,https://www.fortali.com.br/confeitaria?page=72,Pronto para comparar
Fortali Distribuidora,Confeitaria,"RECHEIO BRIGADEIRO FORNEAVEL XAMEGO BOM 1,05KG","RECHEIO BRIGADEIRO FORNEAVEL XAMEGO BOM 1,05KG",25208,"1,05KG",1.05,KG,1050.0,G,,Não,14,https://www.fortali.com.br/recheio-brigadeiro-forneavel-xamego-bom-105kg-25208-1,2026-08-18 13:06:57,https://www.fortali.com.br/confeitaria?page=14,Pronto para comparar
Fortali Distribuidora,Confeitaria,"RECHEIO FORNEÁVEL DOCE PASTOSO COM LEITE XAMEGO BOM 1,05KG","RECHEIO FORNEAVEL DOCE PASTOSO COM LEITE XAMEGO BOM 1,05KG",25209,"1,05KG",1.05,KG,1050.0,G,,Não,6,https://www.fortali.com.br/recheio-forneavel-doce-pastoso-com-leite-xamego-bom-105kg-25209-1,2026-08-18 13:06:57,https://www.fortali.com.br/confeitaria?page=6,Pronto para comparar
Fortali Distribuidora,Confeitaria,RECHEIO FORNEÁVEL DE CHOCOLATE COM AVELÃ COBERTOP BISNAGA 1....,RECHEIO FORNEAVEL DE CHOCOLATE COM AVELA COBERTOP BISNAGA 1....,25210,,,,,,,Não,72,https://www.fortali.com.br/recheio-forneavel-de-chocolate-com-avela-cobertop-bisnaga-105kg-25210-1,2026-08-18 13:06:57,https://www.fortali.com.br/confeitaria?page=72,Revisar embalagem
Fortali Distribuidora,Confeitaria,"RECHEIO FORNEÁVEL AO LEITE COBERTOP 1,005KG","RECHEIO FORNEAVEL AO LEITE COBERTOP 1,005KG",25211,"1,005KG",1.005,KG,1005.0,G,,Não,72,https://www.fortali.com.br/recheio-forneavel-ao-leite-cobertop-1005kg-25211-1,2026-08-18 13:06:57,https://www.fortali.com.br/confeitaria?page=72,Pronto para comparar
Fortali Distribuidora,Confeitaria,CONFEITO HAPPY FUN DECORA 50G,CONFEITO HAPPY FUN DECORA 50G,25242,50G,50.0,G,50.0,G,,Não,72,https://www.fortali.com.br/confeito-happy-fun-decora-50g-25242-1,2026-08-18 13:06:57,https://www.fortali.com.br/confeitaria?page=72,Pronto para comparar
Fortali Distribuidora,Confeitaria,CONFEITO TIFFANY FUN DECORA 50G,CONFEITO TIFFANY FUN DECORA 50G,25243,50G,50.0,G,50.0,G,,Não,72,https://www.fortali.com.br/confeito-tiffany-fun-decora-50g-25243-1,2026-08-18 13:06:57,https://www.fortali.com.br/confeitaria?page=72,Pronto para comparar
Fortali Distribuidora,Confeitaria,PO P/ DECORACAO COBRE MAGO 8G,PO P DECORACAO COBRE MAGO 8G,25248,8G,8.0,G,8.0,G,,Não,72,https://www.fortali.com.br/po-p-decoracao-cobre-mago-8g-25248-1,2026-08-18 13:06:57,https://www.fortali.com.br/confeitaria?page=72,Pronto para comparar
Fortali Distribuidora,Confeitaria,PO P/ DECOR OURO ILUSAO  MAGO 8G,PO P DECOR OURO ILUSAO MAGO 8G,25249,8G,8.0,G,8.0,G,,Não,72,https://www.fortali.com.br/po-p-decor-ouro-ilusao--mago-8g-25249-1,2026-08-18 13:06:57,https://www.fortali.com.br/confeitaria?page=72,Pronto para comparar
Fortali Distribuidora,Confeitaria,PO P/ DECORACAO AZUL CLARO MAGO 10G,PO P DECORACAO AZUL CLARO MAGO 10G,25250,10G,10.0,G,10.0,G,,Não,72,https://www.fortali.com.br/po-p-decoracao-azul-claro-mago-10g-25250-1,2026-08-18 13:06:57,https://www.fortali.com.br/confeitaria?page=72,Pronto para comparar
Fortali Distribuidora,Confeitaria,PO P/ DECORA FURTACOR REFLEXO VDE 10G,PO P DECORA FURTACOR REFLEXO VDE 10G,25251,10G,10.0,G,10.0,G,,Não,73,https://www.fortali.com.br/po-p-decora-furtacor-reflexo-vde-10g-25251-1,2026-08-18 13:06:57,https://www.fortali.com.br/confeitaria?page=73,Pronto para comparar
Fortali Distribuidora,Confeitaria,PO P/DECOR VERMELHO MAGO 8G,PO P DECOR VERMELHO MAGO 8G,25257,8G,8.0,G,8.0,G,,Não,73,https://www.fortali.com.br/po-pdecor-vermelho-mago-8g-25257-1,2026-08-18 13:06:57,https://www.fortali.com.br/confeitaria?page=73,Pronto para comparar
Fortali Distribuidora,Confeitaria,PO P/ DECORACAO PEROLA 50G,PO P DECORACAO PEROLA 50G,25260,50G,50.0,G,50.0,G,,Não,23,https://www.fortali.com.br/po-p-decoracao-perola-50g-25260-1,2026-08-18 13:06:57,https://www.fortali.com.br/confeitaria?page=23,Pronto para comparar
Fortali Distribuidora,Confeitaria,PO P/DECOR AMARELO CINTILANTE 5G,PO P DECOR AMARELO CINTILANTE 5G,25261,5G,5.0,G,5.0,G,,Não,73,https://www.fortali.com.br/po-pdecor-amarelo-cintilante-5g-25261-1,2026-08-18 13:06:57,https://www.fortali.com.br/confeitaria?page=73,Pronto para comparar
Fortali Distribuidora,Confeitaria,PO P/DECOR AMARELO OURO CINTILANTE 5G,PO P DECOR AMARELO OURO CINTILANTE 5G,25262,5G,5.0,G,5.0,G,,Não,73,https://www.fortali.com.br/po-pdecor-amarelo-ouro-cintilante-5g-25262-1,2026-08-18 13:06:57,https://www.fortali.com.br/confeitaria?page=73,Pronto para comparar
Fortali Distribuidora,Confeitaria,PO P/DECOR AZUL CEU CINTILANTE 5G,PO P DECOR AZUL CEU CINTILANTE 5G,25263,5G,5.0,G,5.0,G,,Não,73,https://www.fortali.com.br/po-pdecor-azul-ceu-cintilante-5g-25263-1,2026-08-18 13:06:57,https://www.fortali.com.br/confeitaria?page=73,Pronto para comparar
Fortali Distribuidora,Confeitaria,PO P/DECO AZUL JEANS CINTILANTE 5G,PO P DECO AZUL JEANS CINTILANTE 5G,25264,5G,5.0,G,5.0,G,,Não,73,https://www.fortali.com.br/po-pdeco-azul-jeans-cintilante-5g-25264-1,2026-08-18 13:06:57,https://www.fortali.com.br/confeitaria?page=73,Pronto para comparar
Fortali Distribuidora,Confeitaria,PO P/DECO AZUL MAR CINTILANTE 5G,PO P DECO AZUL MAR CINTILANTE 5G,25265,5G,5.0,G,5.0,G,,Não,73,https://www.fortali.com.br/po-pdeco-azul-mar-cintilante-5g-25265-1,2026-08-18 13:06:57,https://www.fortali.com.br/confeitaria?page=73,Pronto para comparar
Fortali Distribuidora,Confeitaria,PO P/DECO LARANJA CINTILANTE 5G,PO P DECO LARANJA CINTILANTE 5G,25266,5G,5.0,G,5.0,G,,Não,73,https://www.fortali.com.br/po-pdeco-laranja-cintilante-5g-25266-1,2026-08-18 13:06:57,https://www.fortali.com.br/confeitaria?page=73,Pronto para comparar
Fortali Distribuidora,Confeitaria,PO P/DECOR VDE MUSGO CINTILANTE 5G,PO P DECOR VDE MUSGO CINTILANTE 5G,25267,5G,5.0,G,5.0,G,,Não,73,https://www.fortali.com.br/po-pdecor-vde-musgo-cintilante-5g-25267-1,2026-08-18 13:06:57,https://www.fortali.com.br/confeitaria?page=73,Pronto para comparar
Fortali Distribuidora,Confeitaria,GLITTER P/DECO NUDE ROSE GLOW 5G,GLITTER P DECO NUDE ROSE GLOW 5G,25269,5G,5.0,G,5.0,G,,Não,73,https://www.fortali.com.br/glitter-pdeco-nude-rose-glow-5g-25269-1,2026-08-18 13:06:57,https://www.fortali.com.br/confeitaria?page=73,Pronto para comparar
Fortali Distribuidora,Confeitaria,LICHIA EM CALDA SAINT PAUL LATA 200G,LICHIA EM CALDA SAINT PAUL LATA 200G,25356,200G,200.0,G,200.0,G,,Não,73,https://www.fortali.com.br/lichia-em-calda-saint-paul-lata-200g-25356-1,2026-08-18 13:06:57,https://www.fortali.com.br/confeitaria?page=73,Pronto para comparar
Fortali Distribuidora,Confeitaria,FORMA ESPECIAL CORACAO ESPECIAL 500G,FORMA ESPECIAL CORACAO ESPECIAL 500G,25391,500G,500.0,G,500.0,G,,Não,73,https://www.fortali.com.br/forma-especial-coracao-especial-500g-25391-1,2026-08-18 13:06:57,https://www.fortali.com.br/confeitaria?page=73,Pronto para comparar
Fortali Distribuidora,Confeitaria,FORMA ESPESPECIA PAO DE MEL PEQ BWB,FORMA ESPESPECIA PAO DE MEL PEQ BWB,25392,,,,,,,Não,73,https://www.fortali.com.br/forma-espespecia-pao-de-mel-peq-bwb-25392-1,2026-08-18 13:06:57,https://www.fortali.com.br/confeitaria?page=73,Revisar embalagem
Fortali Distribuidora,Confeitaria,FORMA ESPECIALTRAD URSINHO BWB,FORMA ESPECIALTRAD URSINHO BWB,25394,,,,,,,Não,73,https://www.fortali.com.br/forma-especialtrad-ursinho-bwb-25394-1,2026-08-18 13:06:57,https://www.fortali.com.br/confeitaria?page=73,Revisar embalagem
Fortali Distribuidora,Confeitaria,NESCAU ACTGO ACHOC PO SACHET,NESCAU ACTGO ACHOC PO SACHET,25441,,,,,,,Não,73,https://www.fortali.com.br/nescau-actgo-achoc-po-sachet-25441-1,2026-08-18 13:06:57,https://www.fortali.com.br/confeitaria?page=73,Revisar embalagem
Fortali Distribuidora,Confeitaria,"COBERTURA BRANCA EM MOEDAS GENUINE 2,05KG","COBERTURA BRANCA EM MOEDAS GENUINE 2,05KG",25445,"2,05KG",2.05,KG,2050.0,G,,Não,5,https://www.fortali.com.br/cobertura-branca-em-moedas-genuine-205kg-25445-1,2026-08-18 13:06:57,https://www.fortali.com.br/confeitaria?page=5,Pronto para comparar
Fortali Distribuidora,Confeitaria,"COBERTURA FRACIONADA MEIO AMARGO MOEDAS GENUINE 2,05KG","COBERTURA FRACIONADA MEIO AMARGO MOEDAS GENUINE 2,05KG",25446,"2,05KG",2.05,KG,2050.0,G,,Não,3,https://www.fortali.com.br/cobertura-fracionada-meio-amargo-moedas-genuine-205kg-25446-1,2026-08-18 13:06:57,https://www.fortali.com.br/confeitaria?page=3,Pronto para comparar
Fortali Distribuidora,Confeitaria,"COB FRAC AO LEITE MOEDAS GENUINE 2,05KG","COB FRAC AO LEITE MOEDAS GENUINE 2,05KG",25447,"2,05KG",2.05,KG,2050.0,G,,Não,14,https://www.fortali.com.br/cob-frac-ao-leite-moedas-genuine-205kg-25447-1,2026-08-18 13:06:57,https://www.fortali.com.br/confeitaria?page=14,Pronto para comparar
Fortali Distribuidora,Confeitaria,"CHOCOLATE MEIO AMARGO EM MOEDAS GENUINE PACOTE PCT 2,05KG","CHOCOLATE MEIO AMARGO EM MOEDAS GENUINE PACOTE PCT 2,05KG",25448,"2,05KG",2.05,KG,2050.0,G,,Não,7,https://www.fortali.com.br/chocolate-meio-amargo-em-moedas-genuine-pacote-pct-205kg-25448-1,2026-08-18 13:06:57,https://www.fortali.com.br/confeitaria?page=7,Pronto para comparar
Fortali Distribuidora,Confeitaria,"CHOCOLATE AO LEITE MOEDAS GENUINE PACOTE 2,05KG","CHOCOLATE AO LEITE MOEDAS GENUINE PACOTE 2,05KG",25449,"2,05KG",2.05,KG,2050.0,G,,Não,10,https://www.fortali.com.br/chocolate-ao-leite-moedas-genuine-pacote-205kg-25449-1,2026-08-18 13:06:57,https://www.fortali.com.br/confeitaria?page=10,Pronto para comparar
Fortali Distribuidora,Confeitaria,"CHOCOLATE BRANCO MOEDAS GENUINE PACOTE 2,05KG","CHOCOLATE BRANCO MOEDAS GENUINE PACOTE 2,05KG",25450,"2,05KG",2.05,KG,2050.0,G,,Não,9,https://www.fortali.com.br/chocolate-branco-moedas-genuine-pacote-205kg-25450-1,2026-08-18 13:06:57,https://www.fortali.com.br/confeitaria?page=9,Pronto para comparar
Fortali Distribuidora,Confeitaria,CHIFFON NORCAU 450G,CHIFFON NORCAU 450G,25503,450G,450.0,G,450.0,G,,Não,73,https://www.fortali.com.br/chiffon-norcau-450g-25503-1,2026-08-18 13:06:57,https://www.fortali.com.br/confeitaria?page=73,Pronto para comparar
Fortali Distribuidora,Confeitaria,FLAKES CHOC AO LEITE MONALISA LARGE/GRANDE 1KG,FLAKES CHOC AO LEITE MONALISA LARGE GRANDE 1KG,25630,1KG,1.0,KG,1000.0,G,,Não,73,https://www.fortali.com.br/flakes-choc-ao-leite-monalisa-large-grande-1kg-25630-1,2026-08-18 13:06:57,https://www.fortali.com.br/confeitaria?page=73,Pronto para comparar
Fortali Distribuidora,Confeitaria,COBERTURA AO LEITE EM GOTAS SICAO COBERFACIL PACOTE 1.01KG,COBERTURA AO LEITE EM GOTAS SICAO COBERFACIL PACOTE 1.01KG,25647,1.01KG,1.01,KG,1010.0,G,,Não,16,https://www.fortali.com.br/cobertura-ao-leite-em-gotas-sicao-coberfacil-pacote-1-01kg-25647-1,2026-08-18 13:06:57,https://www.fortali.com.br/confeitaria?page=16,Pronto para comparar
Fortali Distribuidora,Confeitaria,KIT CARIMBOS PASCOA AMARELO PCT 9 PC,KIT CARIMBOS PASCOA AMARELO PCT 9 PC,25650,,,,,,,Não,73,https://www.fortali.com.br/kit-carimbos-pascoa-amarelo-pct-9-pc-25650-1,2026-08-18 13:06:57,https://www.fortali.com.br/confeitaria?page=73,Revisar embalagem
Fortali Distribuidora,Confeitaria,"GOIABADA FORNEÁVEL CREMOSA VAL 1,01KG","GOIABADA FORNEAVEL CREMOSA VAL 1,01KG",25686,"1,01KG",1.01,KG,1010.0,G,,Não,73,https://www.fortali.com.br/goiabada-forneavel-cremosa-val-101kg-25686-1,2026-08-18 13:06:57,https://www.fortali.com.br/confeitaria?page=73,Pronto para comparar
Fortali Distribuidora,Confeitaria,BELCO. LAIT CT O3X5/G MOED,BELCO. LAIT CT O3X5 G MOED,25693,,,,,,,Não,73,https://www.fortali.com.br/belco-lait-ct-o3x5g-moed-25693-1,2026-08-18 13:06:57,https://www.fortali.com.br/confeitaria?page=73,Revisar embalagem
Fortali Distribuidora,Confeitaria,GUINDASTE P/BOLO 26CM 2 PC,GUINDASTE P BOLO 26CM 2 PC,25699,,,,,,,Não,73,https://www.fortali.com.br/guindaste-pbolo-26cm-2-pc-25699-1,2026-08-18 13:06:57,https://www.fortali.com.br/confeitaria?page=73,Revisar embalagem
Fortali Distribuidora,Confeitaria,GUINDASTE P/BOLO 11CM 2PC,GUINDASTE P BOLO 11CM 2PC,25700,,,,,,,Não,73,https://www.fortali.com.br/guindaste-pbolo-11cm-2pc-25700-1,2026-08-18 13:06:57,https://www.fortali.com.br/confeitaria?page=73,Revisar embalagem
Fortali Distribuidora,Confeitaria,FLAKES CHOC AO LEITE MONALISA SMALL/PEQUENO 1KG,FLAKES CHOC AO LEITE MONALISA SMALL PEQUENO 1KG,25716,1KG,1.0,KG,1000.0,G,,Não,73,https://www.fortali.com.br/flakes-choc-ao-leite-monalisa-small-pequeno-1kg-25716-1,2026-08-18 13:06:57,https://www.fortali.com.br/confeitaria?page=73,Pronto para comparar
Fortali Distribuidora,Confeitaria,OVINHOS CHOC CONF CHOCOCANDY 80G,OVINHOS CHOC CONF CHOCOCANDY 80G,25751,80G,80.0,G,80.0,G,,Não,73,https://www.fortali.com.br/ovinhos-choc-conf-chococandy-80g-25751-1,2026-08-18 13:06:57,https://www.fortali.com.br/confeitaria?page=73,Pronto para comparar
Fortali Distribuidora,Confeitaria,FORMA OVO RISCADO ESPECIAL,FORMA OVO RISCADO ESPECIAL,25803,,,,,,,Não,74,https://www.fortali.com.br/forma-ovo-riscado-especial-25803-1,2026-08-18 13:06:57,https://www.fortali.com.br/confeitaria?page=74,Revisar embalagem
Fortali Distribuidora,Confeitaria,FORMA POP CAKE QUINADO ESPECIAL,FORMA POP CAKE QUINADO ESPECIAL,25804,,,,,,,Não,74,https://www.fortali.com.br/forma-pop-cake-quinado-especial-25804-1,2026-08-18 13:06:57,https://www.fortali.com.br/confeitaria?page=74,Revisar embalagem
Fortali Distribuidora,Confeitaria,FORMA ESFERA GIGANTE 100MM ESPECIAL,FORMA ESFERA GIGANTE 100MM ESPECIAL,25805,,,,,,,Não,74,https://www.fortali.com.br/forma-esfera-gigante-100mm-especial-25805-1,2026-08-18 13:06:57,https://www.fortali.com.br/confeitaria?page=74,Revisar embalagem
Fortali Distribuidora,Confeitaria,FORMA OVO EFEITO MODERNO 350GR ESP,FORMA OVO EFEITO MODERNO 350GR ESP,25806,,,,,,,Não,74,https://www.fortali.com.br/forma-ovo-efeito-moderno-350gr-esp-25806-1,2026-08-18 13:06:57,https://www.fortali.com.br/confeitaria?page=74,Revisar embalagem
Fortali Distribuidora,Confeitaria,FORMA OVO FACETADO 350G ESPECIAL,FORMA OVO FACETADO 350G ESPECIAL,25808,350G,350.0,G,350.0,G,,Não,74,https://www.fortali.com.br/forma-ovo-facetado-350g-especial-25808-1,2026-08-18 13:06:57,https://www.fortali.com.br/confeitaria?page=74,Pronto para comparar
Fortali Distribuidora,Confeitaria,FORMA OVO PARA 2 RECH 350G ESPECIAL,FORMA OVO PARA 2 RECH 350G ESPECIAL,25809,350G,350.0,G,350.0,G,,Não,74,https://www.fortali.com.br/forma-ovo-para-2-rech-350g-especial-25809-1,2026-08-18 13:06:57,https://www.fortali.com.br/confeitaria?page=74,Pronto para comparar
Fortali Distribuidora,Confeitaria,FORMA CENOURA RECHEADA ESPECIAL,FORMA CENOURA RECHEADA ESPECIAL,25810,,,,,,,Não,74,https://www.fortali.com.br/forma-cenoura-recheada-especial-25810-1,2026-08-18 13:06:57,https://www.fortali.com.br/confeitaria?page=74,Revisar embalagem
Fortali Distribuidora,Confeitaria,FORMA OVO SUSPIRO 200G ESPECIAL,FORMA OVO SUSPIRO 200G ESPECIAL,25811,200G,200.0,G,200.0,G,,Não,74,https://www.fortali.com.br/forma-ovo-suspiro-200g-especial-25811-1,2026-08-18 13:06:57,https://www.fortali.com.br/confeitaria?page=74,Pronto para comparar
Fortali Distribuidora,Confeitaria,FORMA CENOURAS ACETATO,FORMA CENOURAS ACETATO,25813,,,,,,,Não,74,https://www.fortali.com.br/forma-cenouras-acetato-25813-1,2026-08-18 13:06:57,https://www.fortali.com.br/confeitaria?page=74,Revisar embalagem
Fortali Distribuidora,Confeitaria,FORMA PORTA RETRATO ACETATO,FORMA PORTA RETRATO ACETATO,25814,,,,,,,Não,74,https://www.fortali.com.br/forma-porta-retrato-acetato-25814-1,2026-08-18 13:06:57,https://www.fortali.com.br/confeitaria?page=74,Revisar embalagem
Fortali Distribuidora,Confeitaria,FORMA PIRULITO LISO ACETATO,FORMA PIRULITO LISO ACETATO,25815,,,,,,,Não,74,https://www.fortali.com.br/forma-pirulito-liso-acetato-25815-1,2026-08-18 13:06:57,https://www.fortali.com.br/confeitaria?page=74,Revisar embalagem
Fortali Distribuidora,Confeitaria,FORMA TIPO KIT KAT ACETATO,FORMA TIPO KIT KAT ACETATO,25816,,,,,,,Não,74,https://www.fortali.com.br/forma-tipo-kit-kat-acetato-25816-1,2026-08-18 13:06:57,https://www.fortali.com.br/confeitaria?page=74,Revisar embalagem
Fortali Distribuidora,Confeitaria,FORMA QUAD DETALHADO ACETATO,FORMA QUAD DETALHADO ACETATO,25818,,,,,,,Não,74,https://www.fortali.com.br/forma-quad-detalhado-acetato-25818-1,2026-08-18 13:06:57,https://www.fortali.com.br/confeitaria?page=74,Revisar embalagem
Fortali Distribuidora,Confeitaria,FORMA PIRULITO QUINADO ALTO ACETATO,FORMA PIRULITO QUINADO ALTO ACETATO,25819,,,,,,,Não,74,https://www.fortali.com.br/forma-pirulito-quinado-alto-acetato-25819-1,2026-08-18 13:06:57,https://www.fortali.com.br/confeitaria?page=74,Revisar embalagem
Fortali Distribuidora,Confeitaria,FORMA CENOURINHAS APLIQUE ACETATO,FORMA CENOURINHAS APLIQUE ACETATO,25820,,,,,,,Não,74,https://www.fortali.com.br/forma-cenourinhas-aplique-acetato-25820-1,2026-08-18 13:06:57,https://www.fortali.com.br/confeitaria?page=74,Revisar embalagem
Fortali Distribuidora,Confeitaria,FORMA OVO FRITO ACETATO,FORMA OVO FRITO ACETATO,25821,,,,,,,Não,74,https://www.fortali.com.br/forma-ovo-frito-acetato-25821-1,2026-08-18 13:06:57,https://www.fortali.com.br/confeitaria?page=74,Revisar embalagem
Fortali Distribuidora,Confeitaria,CHAPA DE PET A3 42X29CM,CHAPA DE PET A3 42X29CM,25822,,,,,,,Não,74,https://www.fortali.com.br/chapa-de-pet-a3-42x29cm-25822-1,2026-08-18 13:06:57,https://www.fortali.com.br/confeitaria?page=74,Revisar embalagem
Fortali Distribuidora,Confeitaria,CHAPA DE PET A4 10UN,CHAPA DE PET A4 10UN,25823,,,,,,,Não,74,https://www.fortali.com.br/chapa-de-pet-a4-10un-25823-1,2026-08-18 13:06:57,https://www.fortali.com.br/confeitaria?page=74,Revisar embalagem
Fortali Distribuidora,Confeitaria,PLACA DE TEXTURA RATAN,PLACA DE TEXTURA RATAN,25824,,,,,,,Não,74,https://www.fortali.com.br/placa-de-textura-ratan-25824-1,2026-08-18 13:06:57,https://www.fortali.com.br/confeitaria?page=74,Revisar embalagem
Fortali Distribuidora,Confeitaria,FORMA FDM VELA DE CHOC NUMEROS,FORMA FDM VELA DE CHOC NUMEROS,25825,,,,,,,Não,74,https://www.fortali.com.br/forma-fdm-vela-de-choc-numeros-25825-1,2026-08-18 13:06:57,https://www.fortali.com.br/confeitaria?page=74,Revisar embalagem
Fortali Distribuidora,Confeitaria,FORMA FDM ORIGAMI 1,FORMA FDM ORIGAMI 1,25826,,,,,,,Não,74,https://www.fortali.com.br/forma-fdm-origami-1-25826-1,2026-08-18 13:06:57,https://www.fortali.com.br/confeitaria?page=74,Revisar embalagem
Fortali Distribuidora,Confeitaria,FORMA FDM ORIGAMI 2,FORMA FDM ORIGAMI 2,25827,,,,,,,Não,74,https://www.fortali.com.br/forma-fdm-origami-2-25827-1,2026-08-18 13:06:57,https://www.fortali.com.br/confeitaria?page=74,Revisar embalagem
Fortali Distribuidora,Confeitaria,FDM APLIQUE OVOS 3 EM 1 - 10G,FDM APLIQUE OVOS 3 EM 1 10G,25828,10G,10.0,G,10.0,G,,Não,74,https://www.fortali.com.br/fdm-aplique-ovos-3-em-1--10g-25828-1,2026-08-18 13:06:57,https://www.fortali.com.br/confeitaria?page=74,Pronto para comparar
Fortali Distribuidora,Confeitaria,FDM APLIQUES OVINHOS ROSTOS,FDM APLIQUES OVINHOS ROSTOS,25829,,,,,,,Não,74,https://www.fortali.com.br/fdm-apliques-ovinhos-rostos-25829-1,2026-08-18 13:06:57,https://www.fortali.com.br/confeitaria?page=74,Revisar embalagem
Fortali Distribuidora,Confeitaria,FDM FLORK MEME OVO 500G,FDM FLORK MEME OVO 500G,25830,500G,500.0,G,500.0,G,,Não,75,https://www.fortali.com.br/fdm-flork-meme-ovo-500g-25830-1,2026-08-18 13:06:57,https://www.fortali.com.br/confeitaria?page=75,Pronto para comparar
Fortali Distribuidora,Confeitaria,FDM FLORK MEME OVO 250G & 350G,FDM FLORK MEME OVO 250G 350G,25831,350G,350.0,G,350.0,G,,Não,75,https://www.fortali.com.br/fdm-flork-meme-ovo-250g--350g-25831-1,2026-08-18 13:06:57,https://www.fortali.com.br/confeitaria?page=75,Pronto para comparar
Fortali Distribuidora,Confeitaria,FDM FLORK MEME OVO 250G & 350G,FDM FLORK MEME OVO 250G 350G,25832,350G,350.0,G,350.0,G,,Não,75,https://www.fortali.com.br/fdm-flork-meme-ovo-250g--350g-25832-1,2026-08-18 13:06:57,https://www.fortali.com.br/confeitaria?page=75,Pronto para comparar
Fortali Distribuidora,Confeitaria,ENFEITE DE FESTA,ENFEITE DE FESTA,25833,,,,,,,Não,75,https://www.fortali.com.br/enfeite-de-festa-25833-1,2026-08-18 13:06:57,https://www.fortali.com.br/confeitaria?page=75,Revisar embalagem
Fortali Distribuidora,Confeitaria,"COB GOTAS M AMARGO CONF HARALD 1,01KG","COB GOTAS M AMARGO CONF HARALD 1,01KG",25841,"1,01KG",1.01,KG,1010.0,G,,Não,9,https://www.fortali.com.br/cob-gotas-m-amargo-conf-harald-101kg-25841-1,2026-08-18 13:06:57,https://www.fortali.com.br/confeitaria?page=9,Pronto para comparar
Fortali Distribuidora,Confeitaria,GRANULE CHOC M AMARGO MELKEN HARALD 130G,GRANULE CHOC M AMARGO MELKEN HARALD 130G,25842,130G,130.0,G,130.0,G,,Não,7,https://www.fortali.com.br/granule-choc-m-amargo-melken-harald-130g-25842-1,2026-08-18 13:06:57,https://www.fortali.com.br/confeitaria?page=7,Pronto para comparar
Fortali Distribuidora,Confeitaria,"COBERTURA BRANCO SICAO FACIL GOTAS 1,01KG","COBERTURA BRANCO SICAO FACIL GOTAS 1,01KG",25843,"1,01KG",1.01,KG,1010.0,G,,Não,15,https://www.fortali.com.br/cobertura-branco-sicao-facil-gotas-1-01kg-25843-1,2026-08-18 13:06:57,https://www.fortali.com.br/confeitaria?page=15,Pronto para comparar
Fortali Distribuidora,Confeitaria,"FRUITFIL MORANGO PURATOS 1,05KG","FRUITFIL MORANGO PURATOS 1,05KG",25844,"1,05KG",1.05,KG,1050.0,G,,Não,75,https://www.fortali.com.br/fruitfil-morango-puratos-105kg-25844-1,2026-08-18 13:06:57,https://www.fortali.com.br/confeitaria?page=75,Pronto para comparar
Fortali Distribuidora,Confeitaria,"FRUITFIL FRUTAS VERMELHAS PURATOS 1,05KG","FRUITFIL FRUTAS VERMELHAS PURATOS 1,05KG",25845,"1,05KG",1.05,KG,1050.0,G,,Não,75,https://www.fortali.com.br/fruitfil-frutas-vermelhas-puratos-105kg-25845-1,2026-08-18 13:06:57,https://www.fortali.com.br/confeitaria?page=75,Pronto para comparar
Fortali Distribuidora,Confeitaria,"FRUITFIL ABACAXI PC CARTON PURATOS 1,05K","FRUITFIL ABACAXI PC CARTON PURATOS 1,05K",25846,,,,,,,Não,75,https://www.fortali.com.br/fruitfil-abacaxi-pc-carton-puratos-105k-25846-1,2026-08-18 13:06:57,https://www.fortali.com.br/confeitaria?page=75,Revisar embalagem
Fortali Distribuidora,Confeitaria,"CREMFIL CLASSIC BAUNILHA PURATOS 1,05KG","CREMFIL CLASSIC BAUNILHA PURATOS 1,05KG",25847,"1,05KG",1.05,KG,1050.0,G,,Não,75,https://www.fortali.com.br/cremfil-classic-baunilha-puratos-105kg-25847-1,2026-08-18 13:06:57,https://www.fortali.com.br/confeitaria?page=75,Pronto para comparar
Fortali Distribuidora,Confeitaria,"CREMFIL CLASSIC DOCE LEITE PURATOS 1,05K","CREMFIL CLASSIC DOCE LEITE PURATOS 1,05K",25848,,,,,,,Não,75,https://www.fortali.com.br/cremfil-classic-doce-leite-puratos-105k-25848-1,2026-08-18 13:06:57,https://www.fortali.com.br/confeitaria?page=75,Revisar embalagem
Fortali Distribuidora,Confeitaria,"CREMFIL CLASSIC CHOCOLATE PURATOS 1,05KG","CREMFIL CLASSIC CHOCOLATE PURATOS 1,05KG",25849,"1,05KG",1.05,KG,1050.0,G,,Não,75,https://www.fortali.com.br/cremfil-classic-chocolate-puratos-105kg-25849-1,2026-08-18 13:06:57,https://www.fortali.com.br/confeitaria?page=75,Pronto para comparar
Fortali Distribuidora,Confeitaria,KIT CARIMBOS FLORK ROSA BEBE - 9 PC,KIT CARIMBOS FLORK ROSA BEBE 9 PC,25927,,,,,,,Não,75,https://www.fortali.com.br/kit-carimbos-flork-rosa-bebe--9-pc-25927-1,2026-08-18 13:06:57,https://www.fortali.com.br/confeitaria?page=75,Revisar embalagem
Fortali Distribuidora,Confeitaria,"RECH E COB CHOC AO LEITE MELKEN HARALD 1,01KG","RECH E COB CHOC AO LEITE MELKEN HARALD 1,01KG",25938,"1,01KG",1.01,KG,1010.0,G,,Não,7,https://www.fortali.com.br/rech-e-cob-choc-ao-leite-melken-harald-101kg-25938-1,2026-08-18 13:06:57,https://www.fortali.com.br/confeitaria?page=7,Pronto para comparar
Fortali Distribuidora,Confeitaria,"COB GOTA CHIPSHOW BRANCO TOP 1,01 KG","COB GOTA CHIPSHOW BRANCO TOP 1,01 KG",25939,"1,01KG",1.01,KG,1010.0,G,,Não,30,https://www.fortali.com.br/cob-gota-chipshow-branco-top-101-kg-25939-1,2026-08-18 13:06:57,https://www.fortali.com.br/confeitaria?page=30,Pronto para comparar
Fortali Distribuidora,Confeitaria,"MOCA DOCE DE LEITE 1,01KG NPRO BR","MOCA DOCE DE LEITE 1,01KG NPRO BR",25951,"1,01KG",1.01,KG,1010.0,G,,Não,10,https://www.fortali.com.br/moca-doce-de-leite-1-01kg-npro-br-25951-1,2026-08-18 13:06:57,https://www.fortali.com.br/confeitaria?page=10,Pronto para comparar
Fortali Distribuidora,Confeitaria,FLAKES CHOC AMARGO MONALISA SMALL PEQ 1KG,FLAKES CHOC AMARGO MONALISA SMALL PEQ 1KG,25955,1KG,1.0,KG,1000.0,G,,Não,75,https://www.fortali.com.br/flakes-choc-amargo-monalisa-small-peq-1kg-25955-1,2026-08-18 13:06:57,https://www.fortali.com.br/confeitaria?page=75,Pronto para comparar
Fortali Distribuidora,Confeitaria,GRANULADO CHO BCO VERMICELLI MONALISA1KG,GRANULADO CHO BCO VERMICELLI MONALISA1KG,25956,1KG,1.0,KG,1000.0,G,,Não,75,https://www.fortali.com.br/granulado-cho-bco-vermicelli-monalisa1kg-25956-1,2026-08-18 13:06:57,https://www.fortali.com.br/confeitaria?page=75,Pronto para comparar
Fortali Distribuidora,Confeitaria,OVOMALTINE ROCKS 550G,OVOMALTINE ROCKS 550G,25969,550G,550.0,G,550.0,G,,Não,31,https://www.fortali.com.br/ovomaltine-rocks-550g-25969-1,2026-08-18 13:06:57,https://www.fortali.com.br/confeitaria?page=31,Pronto para comparar
Fortali Distribuidora,Confeitaria,LEITE CONDENSADO CAMPONESA SEMIDESNATADO 5KG,LEITE CONDENSADO CAMPONESA SEMIDESNATADO 5KG,25973,5KG,5.0,KG,5000.0,G,,Não,75,https://www.fortali.com.br/leite-condensado-camponesa-semidesnatado-5kg-25973-1,2026-08-18 13:06:57,https://www.fortali.com.br/confeitaria?page=75,Pronto para comparar
Fortali Distribuidora,Confeitaria,KIT CARIMBOS FRA  MIMOS ROSA BB (5 CM),KIT CARIMBOS FRA MIMOS ROSA BB 5 CM,26007,,,,,,,Não,75,https://www.fortali.com.br/kit-carimbos-fra--mimos-rosa-bb-5-cm-26007-1,2026-08-18 13:06:57,https://www.fortali.com.br/confeitaria?page=75,Revisar embalagem
Fortali Distribuidora,Confeitaria,KIT CARIMBOS FLORK ROSA BEBE 5 CM,KIT CARIMBOS FLORK ROSA BEBE 5 CM,26011,,,,,,,Não,75,https://www.fortali.com.br/kit-carimbos-flork-rosa-bebe-5-cm-26011-1,2026-08-18 13:06:57,https://www.fortali.com.br/confeitaria?page=75,Revisar embalagem
Fortali Distribuidora,Confeitaria,KIT CARIMBOS PAIXAO ROSA BEBE 5 CM,KIT CARIMBOS PAIXAO ROSA BEBE 5 CM,26013,,,,,,,Não,75,https://www.fortali.com.br/kit-carimbos-paixao-rosa-bebe-5-cm-26013-1,2026-08-18 13:06:57,https://www.fortali.com.br/confeitaria?page=75,Revisar embalagem
Fortali Distribuidora,Confeitaria,KIT CARIMBOS FRASES DOCES ROSA BEBE 5 CM,KIT CARIMBOS FRASES DOCES ROSA BEBE 5 CM,26014,,,,,,,Não,75,https://www.fortali.com.br/kit-carimbos-frases-doces-rosa-bebe-5-cm-26014-1,2026-08-18 13:06:57,https://www.fortali.com.br/confeitaria?page=75,Revisar embalagem
Fortali Distribuidora,Confeitaria,ENROLADOR DE DOCES AMARELO 12 G,ENROLADOR DE DOCES AMARELO 12 G,26016,12G,12.0,G,12.0,G,,Não,75,https://www.fortali.com.br/enrolador-de-doces-amarelo-12-g-26016-1,2026-08-18 13:06:57,https://www.fortali.com.br/confeitaria?page=75,Pronto para comparar
Fortali Distribuidora,Confeitaria,ENROLADOR DE DOCES AMARELO 16 G,ENROLADOR DE DOCES AMARELO 16 G,26017,16G,16.0,G,16.0,G,,Não,75,https://www.fortali.com.br/enrolador-de-doces-amarelo-16-g-26017-1,2026-08-18 13:06:57,https://www.fortali.com.br/confeitaria?page=75,Pronto para comparar
Fortali Distribuidora,Confeitaria,ENROLADOR DE DOCES BICOLOR 12G A BRIG,ENROLADOR DE DOCES BICOLOR 12G A BRIG,26018,12G,12.0,G,12.0,G,,Não,75,https://www.fortali.com.br/enrolador-de-doces-bicolor-12g-a-brig-26018-1,2026-08-18 13:06:57,https://www.fortali.com.br/confeitaria?page=75,Pronto para comparar
Fortali Distribuidora,Confeitaria,ENROLADOR DE DOCES ROSA BEBE 12 G,ENROLADOR DE DOCES ROSA BEBE 12 G,26020,12G,12.0,G,12.0,G,,Não,75,https://www.fortali.com.br/enrolador-de-doces-rosa-bebe-12-g-26020-1,2026-08-18 13:06:57,https://www.fortali.com.br/confeitaria?page=75,Pronto para comparar
Fortali Distribuidora,Confeitaria,ENROLADOR DE DOCES ROSA BEBE 16G,ENROLADOR DE DOCES ROSA BEBE 16G,26021,16G,16.0,G,16.0,G,,Não,75,https://www.fortali.com.br/enrolador-de-doces-rosa-bebe-16g-26021-1,2026-08-18 13:06:57,https://www.fortali.com.br/confeitaria?page=75,Pronto para comparar
Fortali Distribuidora,Confeitaria,CORAÇÃO GEMEOS,CORACAO GEMEOS,26034,,,,,,,Não,75,https://www.fortali.com.br/coracao-gemeos--26034-1,2026-08-18 13:06:57,https://www.fortali.com.br/confeitaria?page=75,Revisar embalagem
Fortali Distribuidora,Confeitaria,FORMA PIRULITO BOTAO ROSA ACETATO,FORMA PIRULITO BOTAO ROSA ACETATO,26035,,,,,,,Não,76,https://www.fortali.com.br/forma-pirulito-botao-rosa-acetato-26035-1,2026-08-18 13:06:57,https://www.fortali.com.br/confeitaria?page=76,Revisar embalagem
Fortali Distribuidora,Confeitaria,FORMA CORACAO APLIQUE ACETATO,FORMA CORACAO APLIQUE ACETATO,26036,,,,,,,Não,76,https://www.fortali.com.br/forma-coracao-aplique-acetato-26036-1,2026-08-18 13:06:57,https://www.fortali.com.br/confeitaria?page=76,Revisar embalagem
Fortali Distribuidora,Confeitaria,FORMA CORACAO DIAMOND 200G,FORMA CORACAO DIAMOND 200G,26037,200G,200.0,G,200.0,G,,Não,76,https://www.fortali.com.br/forma-coracao-diamond-200g-26037-1,2026-08-18 13:06:57,https://www.fortali.com.br/confeitaria?page=76,Pronto para comparar
Fortali Distribuidora,Confeitaria,FORMA CORACAO ALMOFADINHA 500G,FORMA CORACAO ALMOFADINHA 500G,26038,500G,500.0,G,500.0,G,,Não,76,https://www.fortali.com.br/forma-coracao-almofadinha-500g-26038-1,2026-08-18 13:06:57,https://www.fortali.com.br/confeitaria?page=76,Pronto para comparar
Fortali Distribuidora,Confeitaria,FORMA TRUFA CORACAO DIAMOND,FORMA TRUFA CORACAO DIAMOND,26039,,,,,,,Não,76,https://www.fortali.com.br/forma-trufa-coracao-diamond-26039-1,2026-08-18 13:06:57,https://www.fortali.com.br/confeitaria?page=76,Revisar embalagem
Fortali Distribuidora,Confeitaria,FORMA CORACAO LISO PARA 200G,FORMA CORACAO LISO PARA 200G,26040,200G,200.0,G,200.0,G,,Não,23,https://www.fortali.com.br/forma-coracao-liso-para-200g-26040-1,2026-08-18 13:06:57,https://www.fortali.com.br/confeitaria?page=23,Pronto para comparar
Fortali Distribuidora,Confeitaria,FORMA CORACAO LISTRINHA,FORMA CORACAO LISTRINHA,26041,,,,,,,Não,76,https://www.fortali.com.br/forma-coracao-listrinha-26041-1,2026-08-18 13:06:57,https://www.fortali.com.br/confeitaria?page=76,Revisar embalagem
Fortali Distribuidora,Confeitaria,FORMA CORACAO MATELASSE,FORMA CORACAO MATELASSE,26042,,,,,,,Não,76,https://www.fortali.com.br/forma-coracao-matelasse-26042-1,2026-08-18 13:06:57,https://www.fortali.com.br/confeitaria?page=76,Revisar embalagem
Fortali Distribuidora,Confeitaria,FORMA BARRA I LOVE YOU,FORMA BARRA I LOVE YOU,26043,,,,,,,Não,76,https://www.fortali.com.br/forma-barra-i-love-you-26043-1,2026-08-18 13:06:57,https://www.fortali.com.br/confeitaria?page=76,Revisar embalagem
Fortali Distribuidora,Confeitaria,FORMA BARRA EU TE AMO,FORMA BARRA EU TE AMO,26044,,,,,,,Não,76,https://www.fortali.com.br/forma-barra-eu-te-amo-26044-1,2026-08-18 13:06:57,https://www.fortali.com.br/confeitaria?page=76,Revisar embalagem
Fortali Distribuidora,Confeitaria,FORMA DONUTS,FORMA DONUTS,26045,,,,,,,Não,76,https://www.fortali.com.br/forma-donuts-26045-1,2026-08-18 13:06:57,https://www.fortali.com.br/confeitaria?page=76,Revisar embalagem
Fortali Distribuidora,Confeitaria,FORMA CARRINHO DE BEBE,FORMA CARRINHO DE BEBE,26046,,,,,,,Não,76,https://www.fortali.com.br/forma-carrinho-de-bebe-26046-1,2026-08-18 13:06:57,https://www.fortali.com.br/confeitaria?page=76,Revisar embalagem
Fortali Distribuidora,Confeitaria,CHOCOLATE EM PÓ SOLÚVEL ITALAC 200G,CHOCOLATE EM PO SOLUVEL ITALAC 200G,26047,200G,200.0,G,200.0,G,,Não,76,https://www.fortali.com.br/chocolate-em-po-soluvel-italac-200g-26047-1,2026-08-18 13:06:57,https://www.fortali.com.br/confeitaria?page=76,Pronto para comparar
Fortali Distribuidora,Confeitaria,FORMA COOKIES,FORMA COOKIES,26048,,,,,,,Não,76,https://www.fortali.com.br/forma-cookies-26048-1,2026-08-18 13:06:57,https://www.fortali.com.br/confeitaria?page=76,Revisar embalagem
Fortali Distribuidora,Confeitaria,FORMA MACARONS,FORMA MACARONS,26049,,,,,,,Não,76,https://www.fortali.com.br/forma-macarons-26049-1,2026-08-18 13:06:57,https://www.fortali.com.br/confeitaria?page=76,Revisar embalagem
Fortali Distribuidora,Confeitaria,FORMA BOMBOM COLMEIA,FORMA BOMBOM COLMEIA,26050,,,,,,,Não,76,https://www.fortali.com.br/forma-bombom-colmeia-26050-1,2026-08-18 13:06:57,https://www.fortali.com.br/confeitaria?page=76,Revisar embalagem
Fortali Distribuidora,Confeitaria,FORMA CORACAO 250G FLORK MEME 1,FORMA CORACAO 250G FLORK MEME 1,26051,250G,250.0,G,250.0,G,,Não,76,https://www.fortali.com.br/forma-coracao-250g-flork-meme-1-26051-1,2026-08-18 13:06:57,https://www.fortali.com.br/confeitaria?page=76,Pronto para comparar
Fortali Distribuidora,Confeitaria,FORMA CORACAO 250G FLORK MEME 2,FORMA CORACAO 250G FLORK MEME 2,26052,250G,250.0,G,250.0,G,,Não,76,https://www.fortali.com.br/forma-coracao-250g-flork-meme-2-26052-1,2026-08-18 13:06:57,https://www.fortali.com.br/confeitaria?page=76,Pronto para comparar
Fortali Distribuidora,Confeitaria,SUPORTE PARA CONES,SUPORTE PARA CONES,26055,,,,,,,Não,76,https://www.fortali.com.br/suporte-para-cones-26055-1,2026-08-18 13:06:57,https://www.fortali.com.br/confeitaria?page=76,Revisar embalagem
Fortali Distribuidora,Confeitaria,FOLHA DE MODELAGEM APLIQUES FESTA JUNINA,FOLHA DE MODELAGEM APLIQUES FESTA JUNINA,26056,,,,,,,Não,76,https://www.fortali.com.br/folha-de-modelagem-apliques-festa-junina-26056-1,2026-08-18 13:06:57,https://www.fortali.com.br/confeitaria?page=76,Revisar embalagem
Fortali Distribuidora,Confeitaria,FOLHA DE MODELAGEM CORACAO TABLETE FLORK,FOLHA DE MODELAGEM CORACAO TABLETE FLORK,26057,,,,,,,Não,76,https://www.fortali.com.br/folha-de-modelagem-coracao-tablete-flork-26057-1,2026-08-18 13:06:57,https://www.fortali.com.br/confeitaria?page=76,Revisar embalagem
Fortali Distribuidora,Confeitaria,FOLHA MOD CORACAO TABLETE FLORK 250G 200,FOLHA MOD CORACAO TABLETE FLORK 250G 200,26058,250G,250.0,G,250.0,G,,Não,76,https://www.fortali.com.br/folha-mod-coracao-tablete-flork-250g-200-26058-1,2026-08-18 13:06:57,https://www.fortali.com.br/confeitaria?page=76,Pronto para comparar
Fortali Distribuidora,Confeitaria,FOLHA MOD CORACAO TABLETE FLORK 250G 200,FOLHA MOD CORACAO TABLETE FLORK 250G 200,26059,250G,250.0,G,250.0,G,,Não,76,https://www.fortali.com.br/folha-mod-coracao-tablete-flork-250g-200-26059-1,2026-08-18 13:06:57,https://www.fortali.com.br/confeitaria?page=76,Pronto para comparar
Fortali Distribuidora,Confeitaria,FOLHA MOD VELAS EFEITO MODERNO,FOLHA MOD VELAS EFEITO MODERNO,26060,,,,,,,Não,76,https://www.fortali.com.br/folha-mod-velas-efeito-moderno-26060-1,2026-08-18 13:06:57,https://www.fortali.com.br/confeitaria?page=76,Revisar embalagem
Fortali Distribuidora,Confeitaria,COCADA CREMOSA GOURMET  BALDE PURATOS 4KG,COCADA CREMOSA GOURMET BALDE PURATOS 4KG,26065,4KG,4.0,KG,4000.0,G,,Não,23,https://www.fortali.com.br/cocada-cremosa-gourmet--balde-puratos-4kg-26065-1,2026-08-18 13:06:57,https://www.fortali.com.br/confeitaria?page=23,Pronto para comparar
Fortali Distribuidora,Confeitaria,GRANULADO DE CHOC M AMARGO MONALISA 1KG,GRANULADO DE CHOC M AMARGO MONALISA 1KG,26091,1KG,1.0,KG,1000.0,G,,Não,76,https://www.fortali.com.br/granulado-de-choc-m-amargo-monalisa-1kg-26091-1,2026-08-18 13:06:57,https://www.fortali.com.br/confeitaria?page=76,Pronto para comparar
Fortali Distribuidora,Confeitaria,"CHOC AO LEITE 823 CALLEBAUT 33,6% 2,01KG","CHOC AO LEITE 823 CALLEBAUT 33,6% 2,01KG",26093,"2,01KG",2.01,KG,2010.0,G,,Não,12,https://www.fortali.com.br/choc-ao-leite-823-callebaut-33-6-2-01kg-26093-1,2026-08-18 13:06:57,https://www.fortali.com.br/confeitaria?page=12,Pronto para comparar
Fortali Distribuidora,Confeitaria,GOIABADA VAL ALIM FP 300G,GOIABADA VAL ALIM FP 300G,26099,300G,300.0,G,300.0,G,,Não,77,https://www.fortali.com.br/goiabada-val-alim-fp-300g-26099-1,2026-08-18 13:06:57,https://www.fortali.com.br/confeitaria?page=77,Pronto para comparar
Fortali Distribuidora,Confeitaria,"GOIABADA VAL ALIM FP 1,010KG","GOIABADA VAL ALIM FP 1,010KG",26100,"1,010KG",1.01,KG,1010.0,G,,Não,77,https://www.fortali.com.br/goiabada-val-alim-fp-1010kg-26100-1,2026-08-18 13:06:57,https://www.fortali.com.br/confeitaria?page=77,Pronto para comparar
Fortali Distribuidora,Confeitaria,DOCE GOIABA CREMOSO SH VAL ALIM 2KG,DOCE GOIABA CREMOSO SH VAL ALIM 2KG,26101,2KG,2.0,KG,2000.0,G,,Não,77,https://www.fortali.com.br/doce-goiaba-cremoso-sh-val-alim-2kg-26101-1,2026-08-18 13:06:57,https://www.fortali.com.br/confeitaria?page=77,Pronto para comparar
Fortali Distribuidora,Confeitaria,"COB FORN M AMARGO SICAO CHUNKS 1,01KG","COB FORN M AMARGO SICAO CHUNKS 1,01KG",26103,"1,01KG",1.01,KG,1010.0,G,,Não,77,https://www.fortali.com.br/cob-forn-m-amargo-sicao-chunks-1-01kg-26103-1,2026-08-18 13:06:57,https://www.fortali.com.br/confeitaria?page=77,Pronto para comparar
Fortali Distribuidora,Confeitaria,"MOCA BRIGADEIRO 1,01KG NPRO BR","MOCA BRIGADEIRO 1,01KG NPRO BR",26149,"1,01KG",1.01,KG,1010.0,G,,Não,8,https://www.fortali.com.br/moca-brigadeiro-1-01kg-npro-br-26149-1,2026-08-18 13:06:57,https://www.fortali.com.br/confeitaria?page=8,Pronto para comparar
Fortali Distribuidora,Confeitaria,BOLO INGLES C/T 250G 164X64X45 DEC,BOLO INGLES C T 250G 164X64X45 DEC,26157,250G,250.0,G,250.0,G,,Não,77,https://www.fortali.com.br/bolo-ingles-ct-250g-164x64x45-dec-26157-1,2026-08-18 13:06:57,https://www.fortali.com.br/confeitaria?page=77,Pronto para comparar
Fortali Distribuidora,Confeitaria,FORMINHA 4 PETALAS PRETA SULFORMAS 50UN,FORMINHA 4 PETALAS PRETA SULFORMAS 50UN,26158,,,,,,,Não,77,https://www.fortali.com.br/forminha-4-petalas-preta-sulformas-50un-26158-1,2026-08-18 13:06:57,https://www.fortali.com.br/confeitaria?page=77,Revisar embalagem
Fortali Distribuidora,Confeitaria,FORMINHA 4 PETALAS KRAFT SULFORMAS 50UN,FORMINHA 4 PETALAS KRAFT SULFORMAS 50UN,26159,,,,,,,Não,77,https://www.fortali.com.br/forminha-4-petalas-kraft-sulformas-50un-26159-1,2026-08-18 13:06:57,https://www.fortali.com.br/confeitaria?page=77,Revisar embalagem
Fortali Distribuidora,Confeitaria,FORMINHA 4 PETALAS ROSA BEBE SULFOR 50UN,FORMINHA 4 PETALAS ROSA BEBE SULFOR 50UN,26161,,,,,,,Não,77,https://www.fortali.com.br/forminha-4-petalas-rosa-bebe-sulfor-50un-26161-1,2026-08-18 13:06:57,https://www.fortali.com.br/confeitaria?page=77,Revisar embalagem
Fortali Distribuidora,Confeitaria,FORMINHA 4 PETALAS PINK SULFORMAS 50UN,FORMINHA 4 PETALAS PINK SULFORMAS 50UN,26162,,,,,,,Não,77,https://www.fortali.com.br/forminha-4-petalas-pink-sulformas-50un-26162-1,2026-08-18 13:06:57,https://www.fortali.com.br/confeitaria?page=77,Revisar embalagem
Fortali Distribuidora,Confeitaria,FORMINHA 4 PETALAS AZUL BEBE SULFOR 50UN,FORMINHA 4 PETALAS AZUL BEBE SULFOR 50UN,26163,,,,,,,Não,77,https://www.fortali.com.br/forminha-4-petalas-azul-bebe-sulfor-50un-26163-1,2026-08-18 13:06:57,https://www.fortali.com.br/confeitaria?page=77,Revisar embalagem
Fortali Distribuidora,Confeitaria,FORMINHA 4 PETALAS AZUL SULFORMAS 50UN,FORMINHA 4 PETALAS AZUL SULFORMAS 50UN,26164,,,,,,,Não,77,https://www.fortali.com.br/forminha-4-petalas-azul-sulformas-50un-26164-1,2026-08-18 13:06:57,https://www.fortali.com.br/confeitaria?page=77,Revisar embalagem
Fortali Distribuidora,Confeitaria,FORMINHA 4 PETALAS LARAN SULFORMAS 50UN,FORMINHA 4 PETALAS LARAN SULFORMAS 50UN,26165,,,,,,,Não,77,https://www.fortali.com.br/forminha-4-petalas-laran-sulformas-50un-26165-1,2026-08-18 13:06:57,https://www.fortali.com.br/confeitaria?page=77,Revisar embalagem
Fortali Distribuidora,Confeitaria,FORMINHA 4 PETALAS LILAS SULFORMAS 50UN,FORMINHA 4 PETALAS LILAS SULFORMAS 50UN,26166,,,,,,,Não,77,https://www.fortali.com.br/forminha-4-petalas-lilas-sulformas-50un-26166-1,2026-08-18 13:06:57,https://www.fortali.com.br/confeitaria?page=77,Revisar embalagem
Fortali Distribuidora,Confeitaria,FORMINHA 4 PETALAS VERDE SULFORMAS 50UN,FORMINHA 4 PETALAS VERDE SULFORMAS 50UN,26167,,,,,,,Não,77,https://www.fortali.com.br/forminha-4-petalas-verde-sulformas-50un-26167-1,2026-08-18 13:06:57,https://www.fortali.com.br/confeitaria?page=77,Revisar embalagem
Fortali Distribuidora,Confeitaria,FORMINHA 4 PETALAS VERM SULFORMAS 50UN,FORMINHA 4 PETALAS VERM SULFORMAS 50UN,26168,,,,,,,Não,77,https://www.fortali.com.br/forminha-4-petalas-verm-sulformas-50un-26168-1,2026-08-18 13:06:57,https://www.fortali.com.br/confeitaria?page=77,Revisar embalagem
Fortali Distribuidora,Confeitaria,FORMINHA 4 PETALAS AMAREL SULFORMAS 50UN,FORMINHA 4 PETALAS AMAREL SULFORMAS 50UN,26169,,,,,,,Não,77,https://www.fortali.com.br/forminha-4-petalas-amarel-sulformas-50un-26169-1,2026-08-18 13:06:57,https://www.fortali.com.br/confeitaria?page=77,Revisar embalagem
Fortali Distribuidora,Confeitaria,FORMINHA 4 PETALAS ROSA SULFORMAS 50UN,FORMINHA 4 PETALAS ROSA SULFORMAS 50UN,26170,,,,,,,Não,77,https://www.fortali.com.br/forminha-4-petalas-rosa-sulformas-50un-26170-1,2026-08-18 13:06:57,https://www.fortali.com.br/confeitaria?page=77,Revisar embalagem
Fortali Distribuidora,Confeitaria,FORMINHA 4 PETALAS MARROM SULFORMAS 50UN,FORMINHA 4 PETALAS MARROM SULFORMAS 50UN,26171,,,,,,,Não,77,https://www.fortali.com.br/forminha-4-petalas-marrom-sulformas-50un-26171-1,2026-08-18 13:06:57,https://www.fortali.com.br/confeitaria?page=77,Revisar embalagem
Fortali Distribuidora,Confeitaria,CANETA EASY PEN DOUR ICEBERG 60G,CANETA EASY PEN DOUR ICEBERG 60G,26187,60G,60.0,G,60.0,G,,Não,77,https://www.fortali.com.br/caneta-easy-pen-dour-iceberg-60g-26187-1,2026-08-18 13:06:57,https://www.fortali.com.br/confeitaria?page=77,Pronto para comparar
Fortali Distribuidora,Confeitaria,CANETA EASY PEN PRATA ICEBERG 60G,CANETA EASY PEN PRATA ICEBERG 60G,26188,60G,60.0,G,60.0,G,,Não,77,https://www.fortali.com.br/caneta-easy-pen-prata-iceberg-60g-26188-1,2026-08-18 13:06:57,https://www.fortali.com.br/confeitaria?page=77,Pronto para comparar
Fortali Distribuidora,Confeitaria,"DOCE LEITE XAMEGO BOM 1,01KG","DOCE LEITE XAMEGO BOM 1,01KG",26190,"1,01KG",1.01,KG,1010.0,G,,Não,5,https://www.fortali.com.br/doce-leite-xamego-bom-101kg-26190-1,2026-08-18 13:06:57,https://www.fortali.com.br/confeitaria?page=5,Pronto para comparar
Fortali Distribuidora,Confeitaria,PO P/DECOR METALICO DOURADO 5G,PO P DECOR METALICO DOURADO 5G,26194,5G,5.0,G,5.0,G,,Não,77,https://www.fortali.com.br/po-pdecor-metalico-dourado-5g-26194-1,2026-08-18 13:06:57,https://www.fortali.com.br/confeitaria?page=77,Pronto para comparar
Fortali Distribuidora,Confeitaria,PO P/DECORACAO NEON AMARELO FAB 5G,PO P DECORACAO NEON AMARELO FAB 5G,26244,5G,5.0,G,5.0,G,,Não,77,https://www.fortali.com.br/po-pdecoracao-neon-amarelo-fab-5g-26244-1,2026-08-18 13:06:57,https://www.fortali.com.br/confeitaria?page=77,Pronto para comparar
Fortali Distribuidora,Confeitaria,PO P/DECORACAO NEON AZUL FAB 5G,PO P DECORACAO NEON AZUL FAB 5G,26245,5G,5.0,G,5.0,G,,Não,77,https://www.fortali.com.br/po-pdecoracao-neon-azul-fab-5g-26245-1,2026-08-18 13:06:57,https://www.fortali.com.br/confeitaria?page=77,Pronto para comparar
Fortali Distribuidora,Confeitaria,PO P/DECORACAO NEON AZUL MARINHO FAB 5G,PO P DECORACAO NEON AZUL MARINHO FAB 5G,26246,5G,5.0,G,5.0,G,,Não,77,https://www.fortali.com.br/po-pdecoracao-neon-azul-marinho-fab-5g-26246-1,2026-08-18 13:06:57,https://www.fortali.com.br/confeitaria?page=77,Pronto para comparar
Fortali Distribuidora,Confeitaria,PO P/DECORACAO NEON LARANJA FAB 5G,PO P DECORACAO NEON LARANJA FAB 5G,26247,5G,5.0,G,5.0,G,,Não,78,https://www.fortali.com.br/po-pdecoracao-neon-laranja-fab-5g-26247-1,2026-08-18 13:06:57,https://www.fortali.com.br/confeitaria?page=78,Pronto para comparar
Fortali Distribuidora,Confeitaria,PO P/DECORACAO NEON PINK FAB 5G,PO P DECORACAO NEON PINK FAB 5G,26248,5G,5.0,G,5.0,G,,Não,78,https://www.fortali.com.br/po-pdecoracao-neon-pink-fab-5g-26248-1,2026-08-18 13:06:57,https://www.fortali.com.br/confeitaria?page=78,Pronto para comparar
Fortali Distribuidora,Confeitaria,PO P/DECORACAO NEON ROSA FAB 5G,PO P DECORACAO NEON ROSA FAB 5G,26249,5G,5.0,G,5.0,G,,Não,78,https://www.fortali.com.br/po-pdecoracao-neon-rosa-fab-5g-26249-1,2026-08-18 13:06:57,https://www.fortali.com.br/confeitaria?page=78,Pronto para comparar
Fortali Distribuidora,Confeitaria,PO P/DECORACAO NEON ROXO FAB 5G,PO P DECORACAO NEON ROXO FAB 5G,26250,5G,5.0,G,5.0,G,,Não,78,https://www.fortali.com.br/po-pdecoracao-neon-roxo-fab-5g-26250-1,2026-08-18 13:06:57,https://www.fortali.com.br/confeitaria?page=78,Pronto para comparar
Fortali Distribuidora,Confeitaria,PO P/DECORACAO NEON VERDE FAB 5G,PO P DECORACAO NEON VERDE FAB 5G,26251,5G,5.0,G,5.0,G,,Não,78,https://www.fortali.com.br/po-pdecoracao-neon-verde-fab-5g-26251-1,2026-08-18 13:06:57,https://www.fortali.com.br/confeitaria?page=78,Pronto para comparar
Fortali Distribuidora,Confeitaria,PO P/DECORACAO NEON VERMELHO FAB 5G,PO P DECORACAO NEON VERMELHO FAB 5G,26252,5G,5.0,G,5.0,G,,Não,78,https://www.fortali.com.br/po-pdecoracao-neon-vermelho-fab-5g-26252-1,2026-08-18 13:06:57,https://www.fortali.com.br/confeitaria?page=78,Pronto para comparar
Fortali Distribuidora,Confeitaria,PO P/DECORACAO NEON VERDE MAR FAB 5G,PO P DECORACAO NEON VERDE MAR FAB 5G,26253,5G,5.0,G,5.0,G,,Não,78,https://www.fortali.com.br/po-pdecoracao-neon-verde-mar-fab-5g-26253-1,2026-08-18 13:06:57,https://www.fortali.com.br/confeitaria?page=78,Pronto para comparar
Fortali Distribuidora,Confeitaria,PO P/DECORACAO NEON AMARELO GEMA FAB 5G,PO P DECORACAO NEON AMARELO GEMA FAB 5G,26254,5G,5.0,G,5.0,G,,Não,78,https://www.fortali.com.br/po-pdecoracao-neon-amarelo-gema-fab-5g-26254-1,2026-08-18 13:06:57,https://www.fortali.com.br/confeitaria?page=78,Pronto para comparar
Fortali Distribuidora,Confeitaria,"COB AMARGO C CACAU PRETO SICAO GOTAS 1,01KG","COB AMARGO C CACAU PRETO SICAO GOTAS 1,01KG",26256,"1,01KG",1.01,KG,1010.0,G,,Não,78,https://www.fortali.com.br/cob-amargo-c-cacau-preto-sicao-gotas-1-01kg-26256-1,2026-08-18 13:06:57,https://www.fortali.com.br/confeitaria?page=78,Pronto para comparar
Fortali Distribuidora,Confeitaria,"COB BLEND FRAC SICAO MAIS GOTAS 1,01KG","COB BLEND FRAC SICAO MAIS GOTAS 1,01KG",26257,"1,01KG",1.01,KG,1010.0,G,,Não,78,https://www.fortali.com.br/cob-blend-frac-sicao-mais-gotas-1-01kg-26257-1,2026-08-18 13:06:57,https://www.fortali.com.br/confeitaria?page=78,Pronto para comparar
Fortali Distribuidora,Confeitaria,PÓ PARA PREPARO COBERTURA GLACE REAL 500G,PO PARA PREPARO COBERTURA GLACE REAL 500G,26275,500G,500.0,G,500.0,G,,Não,32,https://www.fortali.com.br/po-para-preparo-cobertura-glace-real-500g-26275-1,2026-08-18 13:06:57,https://www.fortali.com.br/confeitaria?page=32,Pronto para comparar
Fortali Distribuidora,Confeitaria,CORANTE SOFT GEL ROSA CHICLETE 60G,CORANTE SOFT GEL ROSA CHICLETE 60G,26318,60G,60.0,G,60.0,G,,Não,23,https://www.fortali.com.br/corante-soft-gel-rosa-chiclete-60g-26318-1,2026-08-18 13:06:57,https://www.fortali.com.br/confeitaria?page=23,Pronto para comparar
Fortali Distribuidora,Confeitaria,COR SOFT GEL ROSA CHICLETE 15G,COR SOFT GEL ROSA CHICLETE 15G,26319,15G,15.0,G,15.0,G,,Não,23,https://www.fortali.com.br/cor-soft-gel-rosa-chiclete-15g--26319-1,2026-08-18 13:06:57,https://www.fortali.com.br/confeitaria?page=23,Pronto para comparar
Fortali Distribuidora,Confeitaria,CORANTE SOFT GEL AZUL MARINHO 60G,CORANTE SOFT GEL AZUL MARINHO 60G,26320,60G,60.0,G,60.0,G,,Não,23,https://www.fortali.com.br/corante-soft-gel-azul-marinho-60g-26320-1,2026-08-18 13:06:57,https://www.fortali.com.br/confeitaria?page=23,Pronto para comparar
Fortali Distribuidora,Confeitaria,CORANTE SOFT GEL ROXO UVA 15G,CORANTE SOFT GEL ROXO UVA 15G,26321,15G,15.0,G,15.0,G,,Não,23,https://www.fortali.com.br/corante-soft-gel-roxo-uva-15g--26321-1,2026-08-18 13:06:57,https://www.fortali.com.br/confeitaria?page=23,Pronto para comparar
Fortali Distribuidora,Confeitaria,COR SOFT GEL CORAL MAGO 60G,COR SOFT GEL CORAL MAGO 60G,26322,60G,60.0,G,60.0,G,,Não,78,https://www.fortali.com.br/cor-soft-gel-coral-mago-60g--26322-1,2026-08-18 13:06:57,https://www.fortali.com.br/confeitaria?page=78,Pronto para comparar
Fortali Distribuidora,Confeitaria,COR SOFT GEL CORAL 15G,COR SOFT GEL CORAL 15G,26323,15G,15.0,G,15.0,G,,Não,78,https://www.fortali.com.br/cor-soft-gel-coral-15g--26323-1,2026-08-18 13:06:57,https://www.fortali.com.br/confeitaria?page=78,Pronto para comparar
Fortali Distribuidora,Confeitaria,CORANTE SOFT GEL ROXO UVA 60G,CORANTE SOFT GEL ROXO UVA 60G,26324,60G,60.0,G,60.0,G,,Não,36,https://www.fortali.com.br/corante-soft-gel-roxo-uva-60g-26324-1,2026-08-18 13:06:57,https://www.fortali.com.br/confeitaria?page=36,Pronto para comparar
Fortali Distribuidora,Confeitaria,COR SOFT GEL AZUL MARINHO 15G,COR SOFT GEL AZUL MARINHO 15G,26325,15G,15.0,G,15.0,G,,Não,23,https://www.fortali.com.br/cor-soft-gel-azul-marinho-15g--26325-1,2026-08-18 13:06:57,https://www.fortali.com.br/confeitaria?page=23,Pronto para comparar
Fortali Distribuidora,Confeitaria,CORANTE SOFT GEL VERDE SECO 60G,CORANTE SOFT GEL VERDE SECO 60G,26326,60G,60.0,G,60.0,G,,Não,78,https://www.fortali.com.br/corante-soft-gel-verde-seco-60g-26326-1,2026-08-18 13:06:57,https://www.fortali.com.br/confeitaria?page=78,Pronto para comparar
Fortali Distribuidora,Confeitaria,CORANTE SOFT GEL VERDE SECO 15G,CORANTE SOFT GEL VERDE SECO 15G,26327,15G,15.0,G,15.0,G,,Não,78,https://www.fortali.com.br/corante-soft-gel-verde-seco-15g-26327-1,2026-08-18 13:06:57,https://www.fortali.com.br/confeitaria?page=78,Pronto para comparar
Fortali Distribuidora,Confeitaria,CHOCOLATTO 3C REF 5S 300G,CHOCOLATTO 3C REF 5S 300G,26537,300G,300.0,G,300.0,G,,Não,78,https://www.fortali.com.br/chocolatto-3c-ref-5s-300g-26537-1,2026-08-18 13:06:57,https://www.fortali.com.br/confeitaria?page=78,Pronto para comparar
Fortali Distribuidora,Confeitaria,CHOCOLATTO 3C REF 5S 200G,CHOCOLATTO 3C REF 5S 200G,26538,200G,200.0,G,200.0,G,,Não,78,https://www.fortali.com.br/chocolatto-3c-ref-5s-200g-26538-1,2026-08-18 13:06:57,https://www.fortali.com.br/confeitaria?page=78,Pronto para comparar
Fortali Distribuidora,Confeitaria,"CACAU EM PO 32% 1,050KG","CACAU EM PO 32% 1,050KG",26551,"1,050KG",1.05,KG,1050.0,G,,Não,78,https://www.fortali.com.br/cacau-em-po-32-1050kg-26551-1,2026-08-18 13:06:57,https://www.fortali.com.br/confeitaria?page=78,Pronto para comparar
Fortali Distribuidora,Confeitaria,KIT CARIMBOS UNICORNIO AMARELO 2CM C/7PC,KIT CARIMBOS UNICORNIO AMARELO 2CM C 7PC,26649,,,,,,,Não,78,https://www.fortali.com.br/kit-carimbos-unicornio-amarelo-2cm-c7pc-26649-1,2026-08-18 13:06:57,https://www.fortali.com.br/confeitaria?page=78,Revisar embalagem
Fortali Distribuidora,Confeitaria,KIT CARIMBOS UNICORNIO ROSA BEBE 2CM 7PC,KIT CARIMBOS UNICORNIO ROSA BEBE 2CM 7PC,26650,,,,,,,Não,78,https://www.fortali.com.br/kit-carimbos-unicornio-rosa-bebe-2cm-7pc-26650-1,2026-08-18 13:06:57,https://www.fortali.com.br/confeitaria?page=78,Revisar embalagem
Fortali Distribuidora,Confeitaria,KIT CARIMBOS HALLOWEEN AMARELO 2CM 7PC,KIT CARIMBOS HALLOWEEN AMARELO 2CM 7PC,26651,,,,,,,Não,78,https://www.fortali.com.br/kit-carimbos-halloween-amarelo-2cm-7pc-26651-1,2026-08-18 13:06:57,https://www.fortali.com.br/confeitaria?page=78,Revisar embalagem
Fortali Distribuidora,Confeitaria,KIT CARIMBOS HALLOWEEN ROSA BEBE 2CM 7PC,KIT CARIMBOS HALLOWEEN ROSA BEBE 2CM 7PC,26652,,,,,,,Não,78,https://www.fortali.com.br/kit-carimbos-halloween-rosa-bebe-2cm-7pc-26652-1,2026-08-18 13:06:57,https://www.fortali.com.br/confeitaria?page=78,Revisar embalagem
Fortali Distribuidora,Confeitaria,KIT CARIMBOS PETS AMARELO 2CM 7PC,KIT CARIMBOS PETS AMARELO 2CM 7PC,26653,,,,,,,Não,78,https://www.fortali.com.br/kit-carimbos-pets-amarelo-2cm-7pc-26653-1,2026-08-18 13:06:57,https://www.fortali.com.br/confeitaria?page=78,Revisar embalagem
Fortali Distribuidora,Confeitaria,KIT CARIMBOS PETS ROSA BEBE 2CM 7PC,KIT CARIMBOS PETS ROSA BEBE 2CM 7PC,26654,,,,,,,Não,78,https://www.fortali.com.br/kit-carimbos-pets-rosa-bebe-2cm-7pc-26654-1,2026-08-18 13:06:57,https://www.fortali.com.br/confeitaria?page=78,Revisar embalagem
Fortali Distribuidora,Confeitaria,KIT CARIMBOS BATIZADO AMARELO 2CM,KIT CARIMBOS BATIZADO AMARELO 2CM,26655,,,,,,,Não,78,https://www.fortali.com.br/kit-carimbos-batizado-amarelo-2cm-26655-1,2026-08-18 13:06:57,https://www.fortali.com.br/confeitaria?page=78,Revisar embalagem
Fortali Distribuidora,Confeitaria,KIT CARIMBOS BATIZADO ROSA BEBE 2 CM,KIT CARIMBOS BATIZADO ROSA BEBE 2 CM,26656,,,,,,,Não,79,https://www.fortali.com.br/kit-carimbos-batizado-rosa-bebe-2-cm-26656-1,2026-08-18 13:06:57,https://www.fortali.com.br/confeitaria?page=79,Revisar embalagem
Fortali Distribuidora,Confeitaria,KIT CARIMBOS FUTEBOL ROSA BEBE 2 CM,KIT CARIMBOS FUTEBOL ROSA BEBE 2 CM,26658,,,,,,,Não,79,https://www.fortali.com.br/kit-carimbos-futebol-rosa-bebe-2-cm-26658-1,2026-08-18 13:06:57,https://www.fortali.com.br/confeitaria?page=79,Revisar embalagem
Fortali Distribuidora,Confeitaria,CHOCOLATE EM PÓ 70% MELKEN 16X500G,CHOCOLATE EM PO 70% MELKEN 16X500G,26664,500G,500.0,G,500.0,G,,Não,30,https://www.fortali.com.br/chocolate-em-po-70-melken-16x500g-26664-1,2026-08-18 13:06:57,https://www.fortali.com.br/confeitaria?page=30,Pronto para comparar
Fortali Distribuidora,Confeitaria,MIST LACTEA CONDENSADA ITALAC TP 395G,MIST LACTEA CONDENSADA ITALAC TP 395G,26743,395G,395.0,G,395.0,G,,Não,79,https://www.fortali.com.br/mist-lactea-condensada-italac-tp-395g-26743-1,2026-08-18 13:06:57,https://www.fortali.com.br/confeitaria?page=79,Pronto para comparar
Fortali Distribuidora,Confeitaria,GLITTER PEROLA ART BRILHO 12X5G,GLITTER PEROLA ART BRILHO 12X5G,26762,5G,5.0,G,5.0,G,,Não,23,https://www.fortali.com.br/glitter-perola-art-brilho-12x5g-26762-1,2026-08-18 13:06:57,https://www.fortali.com.br/confeitaria?page=23,Pronto para comparar
Fortali Distribuidora,Confeitaria,GLITTER OURO ART BRILHO 5G,GLITTER OURO ART BRILHO 5G,26763,5G,5.0,G,5.0,G,,Não,79,https://www.fortali.com.br/glitter-ouro-art-brilho-5g-26763-1,2026-08-18 13:06:57,https://www.fortali.com.br/confeitaria?page=79,Pronto para comparar
Fortali Distribuidora,Confeitaria,GLITTER OURO CLARO ART BRILHO 5G,GLITTER OURO CLARO ART BRILHO 5G,26764,5G,5.0,G,5.0,G,,Não,79,https://www.fortali.com.br/glitter-ouro-claro-art-brilho-5g-26764-1,2026-08-18 13:06:57,https://www.fortali.com.br/confeitaria?page=79,Pronto para comparar
Fortali Distribuidora,Confeitaria,GLITTER OURO ROSE ART BRILHO 5G,GLITTER OURO ROSE ART BRILHO 5G,26765,5G,5.0,G,5.0,G,,Não,79,https://www.fortali.com.br/glitter-ouro-rose-art-brilho-5g-26765-1,2026-08-18 13:06:57,https://www.fortali.com.br/confeitaria?page=79,Pronto para comparar
Fortali Distribuidora,Confeitaria,GLITTER CHAMPANGE ART BRILHO 5G,GLITTER CHAMPANGE ART BRILHO 5G,26766,5G,5.0,G,5.0,G,,Não,23,https://www.fortali.com.br/glitter-champange-art-brilho-5g-26766-1,2026-08-18 13:06:57,https://www.fortali.com.br/confeitaria?page=23,Pronto para comparar
Fortali Distribuidora,Confeitaria,GLITTER BRONZE ART BRILHO 5G,GLITTER BRONZE ART BRILHO 5G,26767,5G,5.0,G,5.0,G,,Não,23,https://www.fortali.com.br/glitter-bronze-art-brilho-5g-26767-1,2026-08-18 13:06:57,https://www.fortali.com.br/confeitaria?page=23,Pronto para comparar
Fortali Distribuidora,Confeitaria,GLITTER PRATA ART BRILHO 5G,GLITTER PRATA ART BRILHO 5G,26768,5G,5.0,G,5.0,G,,Não,18,https://www.fortali.com.br/glitter-prata-art-brilho-5g-26768-1,2026-08-18 13:06:57,https://www.fortali.com.br/confeitaria?page=18,Pronto para comparar
Fortali Distribuidora,Confeitaria,GLITTER PRATA ESCURO ART BRILHO 5G,GLITTER PRATA ESCURO ART BRILHO 5G,26769,5G,5.0,G,5.0,G,,Não,23,https://www.fortali.com.br/glitter-prata-escuro-art-brilho-5g-26769-1,2026-08-18 13:06:57,https://www.fortali.com.br/confeitaria?page=23,Pronto para comparar
Fortali Distribuidora,Confeitaria,GLITTER LASER ART BRILHO 12X5G,GLITTER LASER ART BRILHO 12X5G,26770,5G,5.0,G,5.0,G,,Não,23,https://www.fortali.com.br/glitter-laser-art-brilho-12x5g-26770-1,2026-08-18 13:06:57,https://www.fortali.com.br/confeitaria?page=23,Pronto para comparar
Fortali Distribuidora,Confeitaria,GLITTER CRISTAL ART BRILHO 5G,GLITTER CRISTAL ART BRILHO 5G,26771,5G,5.0,G,5.0,G,,Não,23,https://www.fortali.com.br/glitter-cristal-art-brilho-5g-26771-1,2026-08-18 13:06:57,https://www.fortali.com.br/confeitaria?page=23,Pronto para comparar
Fortali Distribuidora,Confeitaria,GLITTER NACARADO LILAS ART BRILHO 5G,GLITTER NACARADO LILAS ART BRILHO 5G,26772,5G,5.0,G,5.0,G,,Não,23,https://www.fortali.com.br/glitter-nacarado-lilas-art-brilho-5g-26772-1,2026-08-18 13:06:57,https://www.fortali.com.br/confeitaria?page=23,Pronto para comparar
Fortali Distribuidora,Confeitaria,GLITTER VERMELHO ART BRILHO 5G,GLITTER VERMELHO ART BRILHO 5G,26773,5G,5.0,G,5.0,G,,Não,23,https://www.fortali.com.br/glitter-vermelho-art-brilho-5g-26773-1,2026-08-18 13:06:57,https://www.fortali.com.br/confeitaria?page=23,Pronto para comparar
Fortali Distribuidora,Confeitaria,GLITTER ROSA ART BRILHO 5G,GLITTER ROSA ART BRILHO 5G,26774,5G,5.0,G,5.0,G,,Não,23,https://www.fortali.com.br/glitter-rosa-art-brilho-5g-26774-1,2026-08-18 13:06:57,https://www.fortali.com.br/confeitaria?page=23,Pronto para comparar
Fortali Distribuidora,Confeitaria,GLITTER PINK ART BRILHO 5G,GLITTER PINK ART BRILHO 5G,26775,5G,5.0,G,5.0,G,,Não,79,https://www.fortali.com.br/glitter-pink-art-brilho-5g-26775-1,2026-08-18 13:06:57,https://www.fortali.com.br/confeitaria?page=79,Pronto para comparar
Fortali Distribuidora,Confeitaria,GLITTER VIOLETA ART BRILHO 5G,GLITTER VIOLETA ART BRILHO 5G,26776,5G,5.0,G,5.0,G,,Não,23,https://www.fortali.com.br/glitter-violeta-art-brilho-5g-26776-1,2026-08-18 13:06:57,https://www.fortali.com.br/confeitaria?page=23,Pronto para comparar
Fortali Distribuidora,Confeitaria,GLITTER VERDE ART BRILHO 5G,GLITTER VERDE ART BRILHO 5G,26777,5G,5.0,G,5.0,G,,Não,13,https://www.fortali.com.br/glitter-verde-art-brilho-5g-26777-1,2026-08-18 13:06:57,https://www.fortali.com.br/confeitaria?page=13,Pronto para comparar
Fortali Distribuidora,Confeitaria,GLITTER AZUL ART BRILHO 5G,GLITTER AZUL ART BRILHO 5G,26778,5G,5.0,G,5.0,G,,Não,79,https://www.fortali.com.br/glitter-azul-art-brilho-5g-26778-1,2026-08-18 13:06:57,https://www.fortali.com.br/confeitaria?page=79,Pronto para comparar
Fortali Distribuidora,Confeitaria,GLITTER AZUL CLARO ART BRILHO 5G,GLITTER AZUL CLARO ART BRILHO 5G,26779,5G,5.0,G,5.0,G,,Não,14,https://www.fortali.com.br/glitter-azul-claro-art-brilho-5g-26779-1,2026-08-18 13:06:57,https://www.fortali.com.br/confeitaria?page=14,Pronto para comparar
Fortali Distribuidora,Confeitaria,GLITTER PRETO ART BRILHO 5G,GLITTER PRETO ART BRILHO 5G,26780,5G,5.0,G,5.0,G,,Não,23,https://www.fortali.com.br/glitter-preto-art-brilho-5g-26780-1,2026-08-18 13:06:57,https://www.fortali.com.br/confeitaria?page=23,Pronto para comparar
Fortali Distribuidora,Confeitaria,GLITTER AZUL ROYAL ART BRILHO 5G,GLITTER AZUL ROYAL ART BRILHO 5G,26781,5G,5.0,G,5.0,G,,Não,24,https://www.fortali.com.br/glitter-azul-royal-art-brilho-5g-26781-1,2026-08-18 13:06:57,https://www.fortali.com.br/confeitaria?page=24,Pronto para comparar
Fortali Distribuidora,Confeitaria,GLITTER LILAS ART BRILHO 5G,GLITTER LILAS ART BRILHO 5G,26782,5G,5.0,G,5.0,G,,Não,24,https://www.fortali.com.br/glitter-lilas-art-brilho-5g-26782-1,2026-08-18 13:06:57,https://www.fortali.com.br/confeitaria?page=24,Pronto para comparar
Fortali Distribuidora,Confeitaria,GLITTER PINK CEREJA ART BRILHO 5G,GLITTER PINK CEREJA ART BRILHO 5G,26783,5G,5.0,G,5.0,G,,Não,79,https://www.fortali.com.br/glitter-pink-cereja-art-brilho-5g-26783-1,2026-08-18 13:06:57,https://www.fortali.com.br/confeitaria?page=79,Pronto para comparar
Fortali Distribuidora,Confeitaria,GLITTER MARSALA ART BRILHO 5G,GLITTER MARSALA ART BRILHO 5G,26784,5G,5.0,G,5.0,G,,Não,79,https://www.fortali.com.br/glitter-marsala-art-brilho-5g-26784-1,2026-08-18 13:06:57,https://www.fortali.com.br/confeitaria?page=79,Pronto para comparar
Fortali Distribuidora,Confeitaria,GLITTER VDE ESMERALDA ART BRILHO 12X5G,GLITTER VDE ESMERALDA ART BRILHO 12X5G,26785,5G,5.0,G,5.0,G,,Não,79,https://www.fortali.com.br/glitter-vde-esmeralda-art-brilho-12x5g-26785-1,2026-08-18 13:06:57,https://www.fortali.com.br/confeitaria?page=79,Pronto para comparar
Fortali Distribuidora,Confeitaria,GLITTER ROSA CLARO ART BRILHO 5G,GLITTER ROSA CLARO ART BRILHO 5G,26786,5G,5.0,G,5.0,G,,Não,24,https://www.fortali.com.br/glitter-rosa-claro-art-brilho-5g-26786-1,2026-08-18 13:06:57,https://www.fortali.com.br/confeitaria?page=24,Pronto para comparar
Fortali Distribuidora,Confeitaria,GLITTER AMARELO ART BRILHO 5G,GLITTER AMARELO ART BRILHO 5G,26787,5G,5.0,G,5.0,G,,Não,13,https://www.fortali.com.br/glitter-amarelo-art-brilho-5g-26787-1,2026-08-18 13:06:57,https://www.fortali.com.br/confeitaria?page=13,Pronto para comparar
Fortali Distribuidora,Confeitaria,GLITTER ROSE ART BRILHO 5G,GLITTER ROSE ART BRILHO 5G,26788,5G,5.0,G,5.0,G,,Não,24,https://www.fortali.com.br/glitter-rose-art-brilho-5g-26788-1,2026-08-18 13:06:57,https://www.fortali.com.br/confeitaria?page=24,Pronto para comparar
Fortali Distribuidora,Confeitaria,GLITTER AMARELO NEON ART BRILHO 12X5G,GLITTER AMARELO NEON ART BRILHO 12X5G,26789,5G,5.0,G,5.0,G,,Não,24,https://www.fortali.com.br/glitter-amarelo-neon-art-brilho-12x5g-26789-1,2026-08-18 13:06:57,https://www.fortali.com.br/confeitaria?page=24,Pronto para comparar
Fortali Distribuidora,Confeitaria,GLITTER VDE NEON ART BRILHO 12X5G,GLITTER VDE NEON ART BRILHO 12X5G,26790,5G,5.0,G,5.0,G,,Não,79,https://www.fortali.com.br/glitter-vde-neon-art-brilho-12x5g-26790-1,2026-08-18 13:06:57,https://www.fortali.com.br/confeitaria?page=79,Pronto para comparar
Fortali Distribuidora,Confeitaria,GLITTER LARANJA NEON ART BRILHO 12X5G,GLITTER LARANJA NEON ART BRILHO 12X5G,26791,5G,5.0,G,5.0,G,,Não,24,https://www.fortali.com.br/glitter-laranja-neon-art-brilho-12x5g-26791-1,2026-08-18 13:06:57,https://www.fortali.com.br/confeitaria?page=24,Pronto para comparar
Fortali Distribuidora,Confeitaria,GLITTER ROSA NEON ART BRILHO 12X5G,GLITTER ROSA NEON ART BRILHO 12X5G,26792,5G,5.0,G,5.0,G,,Não,24,https://www.fortali.com.br/glitter-rosa-neon-art-brilho-12x5g-26792-1,2026-08-18 13:06:57,https://www.fortali.com.br/confeitaria?page=24,Pronto para comparar
Fortali Distribuidora,Confeitaria,PO P/DECOR DOURADO ART BRILHO 12X4G,PO P DECOR DOURADO ART BRILHO 12X4G,26793,4G,4.0,G,4.0,G,,Não,33,https://www.fortali.com.br/po-pdecor-dourado-art-brilho-12x4g-26793-1,2026-08-18 13:06:57,https://www.fortali.com.br/confeitaria?page=33,Pronto para comparar
Fortali Distribuidora,Confeitaria,PO P/DECOR OURO ART BRILHO 12X4G,PO P DECOR OURO ART BRILHO 12X4G,26794,4G,4.0,G,4.0,G,,Não,12,https://www.fortali.com.br/po-pdecor-ouro-art-brilho-12x4g-26794-1,2026-08-18 13:06:57,https://www.fortali.com.br/confeitaria?page=12,Pronto para comparar
Fortali Distribuidora,Confeitaria,PO DECOR VERME IMPERIAL ART BRILHO 12X4G,PO DECOR VERME IMPERIAL ART BRILHO 12X4G,26795,4G,4.0,G,4.0,G,,Não,79,https://www.fortali.com.br/po-decor-verme-imperial-art-brilho-12x4g-26795-1,2026-08-18 13:06:57,https://www.fortali.com.br/confeitaria?page=79,Pronto para comparar
Fortali Distribuidora,Confeitaria,PO DECOR ROSA PEROLADO ART BRILHO12X4G,PO DECOR ROSA PEROLADO ART BRILHO12X4G,26796,4G,4.0,G,4.0,G,,Não,79,https://www.fortali.com.br/po-decor-rosa-perolado-art-brilho12x4g-26796-1,2026-08-18 13:06:57,https://www.fortali.com.br/confeitaria?page=79,Pronto para comparar
Fortali Distribuidora,Confeitaria,PO DECOR PEROLADO PRATA ART BRILHO 12X4G,PO DECOR PEROLADO PRATA ART BRILHO 12X4G,26797,4G,4.0,G,4.0,G,,Não,79,https://www.fortali.com.br/po-decor-perolado-prata-art-brilho-12x4g-26797-1,2026-08-18 13:06:57,https://www.fortali.com.br/confeitaria?page=79,Pronto para comparar
Fortali Distribuidora,Confeitaria,PO DECO VIOLETA PERO ART BRILHO 4G,PO DECO VIOLETA PERO ART BRILHO 4G,26798,4G,4.0,G,4.0,G,,Não,79,https://www.fortali.com.br/po-deco-violeta-pero-art-brilho-4g-26798-1,2026-08-18 13:06:57,https://www.fortali.com.br/confeitaria?page=79,Pronto para comparar
Fortali Distribuidora,Confeitaria,PO DECO OURO CINTILANTE ART BRILHO 12X4G,PO DECO OURO CINTILANTE ART BRILHO 12X4G,26799,4G,4.0,G,4.0,G,,Não,16,https://www.fortali.com.br/po-deco-ouro-cintilante-art-brilho-12x4g-26799-1,2026-08-18 13:06:57,https://www.fortali.com.br/confeitaria?page=16,Pronto para comparar
Fortali Distribuidora,Confeitaria,PO DECOR BRONZE ART BRILHO 12X4G,PO DECOR BRONZE ART BRILHO 12X4G,26800,4G,4.0,G,4.0,G,,Não,79,https://www.fortali.com.br/po-decor-bronze-art-brilho-12x4g-26800-1,2026-08-18 13:06:57,https://www.fortali.com.br/confeitaria?page=79,Pronto para comparar
Fortali Distribuidora,Confeitaria,PO DECOR PEROLA ART BRILHO 4G,PO DECOR PEROLA ART BRILHO 4G,26801,4G,4.0,G,4.0,G,,Não,10,https://www.fortali.com.br/po-decor-perola-art-brilho-4g-26801-1,2026-08-18 13:06:57,https://www.fortali.com.br/confeitaria?page=10,Pronto para comparar
Fortali Distribuidora,Confeitaria,PO DECOR NACARADO ART BRILHO 4G,PO DECOR NACARADO ART BRILHO 4G,26802,4G,4.0,G,4.0,G,,Não,79,https://www.fortali.com.br/po-decor-nacarado-art-brilho-4g-26802-1,2026-08-18 13:06:57,https://www.fortali.com.br/confeitaria?page=79,Pronto para comparar
Fortali Distribuidora,Confeitaria,PO DECOR PEROLADO LILAS ART BRILHO12X4G,PO DECOR PEROLADO LILAS ART BRILHO12X4G,26803,4G,4.0,G,4.0,G,,Não,79,https://www.fortali.com.br/po-decor-perolado-lilas-art-brilho12x4g-26803-1,2026-08-18 13:06:57,https://www.fortali.com.br/confeitaria?page=79,Pronto para comparar
Fortali Distribuidora,Confeitaria,PO DECOR PEROLADO OURO ART BRILHO 4G,PO DECOR PEROLADO OURO ART BRILHO 4G,26804,4G,4.0,G,4.0,G,,Não,79,https://www.fortali.com.br/po-decor-perolado-ouro-art-brilho-4g-26804-1,2026-08-18 13:06:57,https://www.fortali.com.br/confeitaria?page=79,Pronto para comparar
Fortali Distribuidora,Confeitaria,PO DECOR OURO ROSE ART BRILHO 4G,PO DECOR OURO ROSE ART BRILHO 4G,26805,4G,4.0,G,4.0,G,,Não,16,https://www.fortali.com.br/po-decor-ouro-rose-art-brilho-4g-26805-1,2026-08-18 13:06:57,https://www.fortali.com.br/confeitaria?page=16,Pronto para comparar
Fortali Distribuidora,Confeitaria,PO DECOR PINK ART BRILHO 12X4G,PO DECOR PINK ART BRILHO 12X4G,26806,4G,4.0,G,4.0,G,,Não,79,https://www.fortali.com.br/po-decor-pink-art-brilho-12x4g-26806-1,2026-08-18 13:06:57,https://www.fortali.com.br/confeitaria?page=79,Pronto para comparar
Fortali Distribuidora,Confeitaria,PO DECO VERDE ART BRILHO 4G,PO DECO VERDE ART BRILHO 4G,26807,4G,4.0,G,4.0,G,,Não,79,https://www.fortali.com.br/po-deco-verde-art-brilho-4g-26807-1,2026-08-18 13:06:57,https://www.fortali.com.br/confeitaria?page=79,Pronto para comparar
Fortali Distribuidora,Confeitaria,PO DECO BCO CINTILANTE ART BRILHO 4G,PO DECO BCO CINTILANTE ART BRILHO 4G,26808,4G,4.0,G,4.0,G,,Não,79,https://www.fortali.com.br/po-deco-bco-cintilante-art-brilho-4g-26808-1,2026-08-18 13:06:57,https://www.fortali.com.br/confeitaria?page=79,Pronto para comparar
Fortali Distribuidora,Confeitaria,PO DECOR PISCA ART BRILHO 12X4G,PO DECOR PISCA ART BRILHO 12X4G,26809,4G,4.0,G,4.0,G,,Não,79,https://www.fortali.com.br/po-decor-pisca-art-brilho-12x4g-26809-1,2026-08-18 13:06:57,https://www.fortali.com.br/confeitaria?page=79,Pronto para comparar
Fortali Distribuidora,Confeitaria,PO DECOR PRATA ART BRILHO 4G,PO DECOR PRATA ART BRILHO 4G,26810,4G,4.0,G,4.0,G,,Não,12,https://www.fortali.com.br/po-decor-prata-art-brilho-4g-26810-1,2026-08-18 13:06:57,https://www.fortali.com.br/confeitaria?page=12,Pronto para comparar
Fortali Distribuidora,Confeitaria,PO DECOR AZUL CLARO ART BRILHO 4G,PO DECOR AZUL CLARO ART BRILHO 4G,26811,4G,4.0,G,4.0,G,,Não,80,https://www.fortali.com.br/po-decor-azul-claro-art-brilho-4g-26811-1,2026-08-18 13:06:57,https://www.fortali.com.br/confeitaria?page=80,Pronto para comparar
Fortali Distribuidora,Confeitaria,PO DECOR COBRE ART BRILHO 12X4G,PO DECOR COBRE ART BRILHO 12X4G,26812,4G,4.0,G,4.0,G,,Não,80,https://www.fortali.com.br/po-decor-cobre-art-brilho-12x4g-26812-1,2026-08-18 13:06:57,https://www.fortali.com.br/confeitaria?page=80,Pronto para comparar
Fortali Distribuidora,Confeitaria,PO DECOR AZUL ESCURO ART BRILHO 12X4G,PO DECOR AZUL ESCURO ART BRILHO 12X4G,26813,4G,4.0,G,4.0,G,,Não,24,https://www.fortali.com.br/po-decor-azul-escuro-art-brilho-12x4g-26813-1,2026-08-18 13:06:57,https://www.fortali.com.br/confeitaria?page=24,Pronto para comparar
Fortali Distribuidora,Confeitaria,PO DECOR AZUL ART BRILHO 4G,PO DECOR AZUL ART BRILHO 4G,26834,4G,4.0,G,4.0,G,,Não,15,https://www.fortali.com.br/po-decor-azul-art-brilho-4g-26834-1,2026-08-18 13:06:57,https://www.fortali.com.br/confeitaria?page=15,Pronto para comparar
Fortali Distribuidora,Confeitaria,PO DECOR AMARELO ART BRILHO 4G,PO DECOR AMARELO ART BRILHO 4G,26836,4G,4.0,G,4.0,G,,Não,80,https://www.fortali.com.br/po-decor-amarelo-art-brilho-4g-26836-1,2026-08-18 13:06:57,https://www.fortali.com.br/confeitaria?page=80,Pronto para comparar
Fortali Distribuidora,Confeitaria,PO DECOR LARANJA ART BRILHO 12X4G,PO DECOR LARANJA ART BRILHO 12X4G,26837,4G,4.0,G,4.0,G,,Não,80,https://www.fortali.com.br/po-decor-laranja-art-brilho-12x4g-26837-1,2026-08-18 13:06:57,https://www.fortali.com.br/confeitaria?page=80,Pronto para comparar
Fortali Distribuidora,Confeitaria,PO DECOR PRETO ART BRILHO 12X4G,PO DECOR PRETO ART BRILHO 12X4G,26838,4G,4.0,G,4.0,G,,Não,19,https://www.fortali.com.br/po-decor-preto-art-brilho-12x4g-26838-1,2026-08-18 13:06:57,https://www.fortali.com.br/confeitaria?page=19,Pronto para comparar
Fortali Distribuidora,Confeitaria,PO DECOR VERDE CLARO ART BRILHO 4G,PO DECOR VERDE CLARO ART BRILHO 4G,26839,4G,4.0,G,4.0,G,,Não,80,https://www.fortali.com.br/po-decor-verde-claro-art-brilho-4g-26839-1,2026-08-18 13:06:57,https://www.fortali.com.br/confeitaria?page=80,Pronto para comparar
Fortali Distribuidora,Confeitaria,PO DECOR VERMELHO ART BRILHO 12X4G,PO DECOR VERMELHO ART BRILHO 12X4G,26840,4G,4.0,G,4.0,G,,Não,17,https://www.fortali.com.br/po-decor-vermelho-art-brilho-12x4g-26840-1,2026-08-18 13:06:57,https://www.fortali.com.br/confeitaria?page=17,Pronto para comparar
Fortali Distribuidora,Confeitaria,PO DECOR ACOBREADO ART BRILHO 12X4G,PO DECOR ACOBREADO ART BRILHO 12X4G,26841,4G,4.0,G,4.0,G,,Não,80,https://www.fortali.com.br/po-decor-acobreado-art-brilho-12x4g-26841-1,2026-08-18 13:06:57,https://www.fortali.com.br/confeitaria?page=80,Pronto para comparar
Fortali Distribuidora,Confeitaria,PO DECOR MARSALA ART BRILHO 12X4G,PO DECOR MARSALA ART BRILHO 12X4G,26842,4G,4.0,G,4.0,G,,Não,19,https://www.fortali.com.br/po-decor-marsala-art-brilho-12x4g-26842-1,2026-08-18 13:06:57,https://www.fortali.com.br/confeitaria?page=19,Pronto para comparar
Fortali Distribuidora,Confeitaria,PO DECOR AMARELO NEON ART BRILHO 12X4G,PO DECOR AMARELO NEON ART BRILHO 12X4G,26843,4G,4.0,G,4.0,G,,Não,80,https://www.fortali.com.br/po-decor-amarelo-neon-art-brilho-12x4g-26843-1,2026-08-18 13:06:57,https://www.fortali.com.br/confeitaria?page=80,Pronto para comparar
Fortali Distribuidora,Confeitaria,PO DECOR AZUL NEON ART BRILHO 12X4G,PO DECOR AZUL NEON ART BRILHO 12X4G,26844,4G,4.0,G,4.0,G,,Não,80,https://www.fortali.com.br/po-decor-azul-neon-art-brilho-12x4g-26844-1,2026-08-18 13:06:57,https://www.fortali.com.br/confeitaria?page=80,Pronto para comparar
Fortali Distribuidora,Confeitaria,PO DECOR LARANJA NEON ART BRILHO 12X4G,PO DECOR LARANJA NEON ART BRILHO 12X4G,26845,4G,4.0,G,4.0,G,,Não,80,https://www.fortali.com.br/po-decor-laranja-neon-art-brilho-12x4g-26845-1,2026-08-18 13:06:57,https://www.fortali.com.br/confeitaria?page=80,Pronto para comparar
Fortali Distribuidora,Confeitaria,PO DECOR PINK  NEON ART BRILHO 12X4G,PO DECOR PINK NEON ART BRILHO 12X4G,26846,4G,4.0,G,4.0,G,,Não,19,https://www.fortali.com.br/po-decor-pink--neon-art-brilho-12x4g-26846-1,2026-08-18 13:06:57,https://www.fortali.com.br/confeitaria?page=19,Pronto para comparar
Fortali Distribuidora,Confeitaria,PO DECOR ROXO NEON ART BRILHO 12X4G,PO DECOR ROXO NEON ART BRILHO 12X4G,26847,4G,4.0,G,4.0,G,,Não,80,https://www.fortali.com.br/po-decor-roxo-neon-art-brilho-12x4g-26847-1,2026-08-18 13:06:57,https://www.fortali.com.br/confeitaria?page=80,Pronto para comparar
Fortali Distribuidora,Confeitaria,PO DECOR ROSA NEON ART BRILHO 12X4G,PO DECOR ROSA NEON ART BRILHO 12X4G,26848,4G,4.0,G,4.0,G,,Não,80,https://www.fortali.com.br/po-decor-rosa-neon-art-brilho-12x4g-26848-1,2026-08-18 13:06:57,https://www.fortali.com.br/confeitaria?page=80,Pronto para comparar
Fortali Distribuidora,Confeitaria,PO DECOR VDE NEON ART BRILHO 12X4G,PO DECOR VDE NEON ART BRILHO 12X4G,26849,4G,4.0,G,4.0,G,,Não,19,https://www.fortali.com.br/po-decor-vde-neon-art-brilho-12x4g-26849-1,2026-08-18 13:06:57,https://www.fortali.com.br/confeitaria?page=19,Pronto para comparar
Fortali Distribuidora,Confeitaria,DOCE SORO DE LEITE ITAPERUNA 4.8KG,DOCE SORO DE LEITE ITAPERUNA 4.8KG,26869,4.8KG,4.8,KG,4800.0,G,,Não,12,https://www.fortali.com.br/doce-soro-de-leite-itaperuna-48kg-26869-1,2026-08-18 13:06:57,https://www.fortali.com.br/confeitaria?page=12,Pronto para comparar
Fortali Distribuidora,Confeitaria,"DOCE SORO DE LEITE COM CHOCOLATE ITAPERUNA 4,8KG","DOCE SORO DE LEITE COM CHOCOLATE ITAPERUNA 4,8KG",26870,"4,8KG",4.8,KG,4800.0,G,,Não,15,https://www.fortali.com.br/doce-soro-de-leite-com-chocolate-itaperuna-48kg-26870-1,2026-08-18 13:06:57,https://www.fortali.com.br/confeitaria?page=15,Pronto para comparar
Fortali Distribuidora,Confeitaria,CHOC RECH C/CHOC DARK SNICKERS 42G,CHOC RECH C CHOC DARK SNICKERS 42G,26883,42G,42.0,G,42.0,G,,Não,80,https://www.fortali.com.br/choc-rech-cchoc-dark-snickers-42g-26883-1,2026-08-18 13:06:57,https://www.fortali.com.br/confeitaria?page=80,Pronto para comparar
Fortali Distribuidora,Confeitaria,CHOC RECH C/MARACUJA SNICKERS 42G,CHOC RECH C MARACUJA SNICKERS 42G,26884,42G,42.0,G,42.0,G,,Não,80,https://www.fortali.com.br/choc-rech-cmaracuja-snickers-42g-26884-1,2026-08-18 13:06:57,https://www.fortali.com.br/confeitaria?page=80,Pronto para comparar
Fortali Distribuidora,Confeitaria,GRANULE CHOC BRANCO MELKEN HARALD 130G,GRANULE CHOC BRANCO MELKEN HARALD 130G,26985,130G,130.0,G,130.0,G,,Não,6,https://www.fortali.com.br/granule-choc-branco-melken-harald-130g-26985-1,2026-08-18 13:06:57,https://www.fortali.com.br/confeitaria?page=6,Pronto para comparar
Fortali Distribuidora,Confeitaria,CHOC AO LEITE MELKEN HARALD BARRA 500G,CHOC AO LEITE MELKEN HARALD BARRA 500G,26986,500G,500.0,G,500.0,G,,Não,33,https://www.fortali.com.br/choc-ao-leite-melken-harald-barra-500g-26986-1,2026-08-18 13:06:57,https://www.fortali.com.br/confeitaria?page=33,Pronto para comparar
Fortali Distribuidora,Confeitaria,CHOC BRANCO MELKEN HARALD BARRA 500G,CHOC BRANCO MELKEN HARALD BARRA 500G,26987,500G,500.0,G,500.0,G,,Não,10,https://www.fortali.com.br/choc-branco-melken-harald-barra-500g-26987-1,2026-08-18 13:06:57,https://www.fortali.com.br/confeitaria?page=10,Pronto para comparar
Fortali Distribuidora,Confeitaria,CHOC M AMARGO MELKEN HARALD BARRA 500G,CHOC M AMARGO MELKEN HARALD BARRA 500G,26988,500G,500.0,G,500.0,G,,Não,11,https://www.fortali.com.br/choc-m-amargo-melken-harald-barra-500g-26988-1,2026-08-18 13:06:57,https://www.fortali.com.br/confeitaria?page=11,Pronto para comparar
Fortali Distribuidora,Confeitaria,"CHOC BLEND MELKEN  HARALD BARRA 1,01KG","CHOC BLEND MELKEN HARALD BARRA 1,01KG",26989,"1,01KG",1.01,KG,1010.0,G,,Não,18,https://www.fortali.com.br/choc-blend-melken--harald-barra-101kg-26989-1,2026-08-18 13:06:57,https://www.fortali.com.br/confeitaria?page=18,Pronto para comparar
Fortali Distribuidora,Confeitaria,"COB GOTAS BRANCO TOP HARALD 1,01KG","COB GOTAS BRANCO TOP HARALD 1,01KG",26990,"1,01KG",1.01,KG,1010.0,G,,Não,8,https://www.fortali.com.br/cob-gotas-branco-top-harald-101kg-26990-1,2026-08-18 13:06:57,https://www.fortali.com.br/confeitaria?page=8,Pronto para comparar
Fortali Distribuidora,Confeitaria,"COB RASPAR E COBRIR AO LEITE HARALD 2,1KG","COB RASPAR E COBRIR AO LEITE HARALD 2,1KG",26991,"2,1KG",2.1,KG,2100.0,G,,Não,24,https://www.fortali.com.br/cob-raspar-e-cobrir-ao-leite-harald-21kg-26991-1,2026-08-18 13:06:57,https://www.fortali.com.br/confeitaria?page=24,Pronto para comparar
Fortali Distribuidora,Confeitaria,"COB RASPAR E COBRIR CHOC BCO HARALD 2,10KG","COB RASPAR E COBRIR CHOC BCO HARALD 2,10KG",26992,"2,10KG",2.1,KG,2100.0,G,,Não,11,https://www.fortali.com.br/cob-raspar-e-cobrir-choc-bco-harald-210kg-26992-1,2026-08-18 13:06:57,https://www.fortali.com.br/confeitaria?page=11,Pronto para comparar
Fortali Distribuidora,Confeitaria,PASTA DE AMENDOIM ZERO FIT FOOD 450G,PASTA DE AMENDOIM ZERO FIT FOOD 450G,27027,450G,450.0,G,450.0,G,,Não,80,https://www.fortali.com.br/pasta-de-amendoim-zero-fit-food-450g-27027-1,2026-08-18 13:06:57,https://www.fortali.com.br/confeitaria?page=80,Pronto para comparar
Fortali Distribuidora,Confeitaria,"RECH ART CREME LEITINHO VABENE 1,01KG","RECH ART CREME LEITINHO VABENE 1,01KG",27107,"1,01KG",1.01,KG,1010.0,G,,Não,8,https://www.fortali.com.br/rech-art-creme-leitinho-vabene-101kg-27107-1,2026-08-18 13:06:57,https://www.fortali.com.br/confeitaria?page=8,Pronto para comparar
Fortali Distribuidora,Confeitaria,"RECH FORN CHOCOLATE BRANCO VABENE 1,01KG","RECH FORN CHOCOLATE BRANCO VABENE 1,01KG",27108,"1,01KG",1.01,KG,1010.0,G,,Não,6,https://www.fortali.com.br/rech-forn-chocolate-branco-vabene-101kg-27108-1,2026-08-18 13:06:57,https://www.fortali.com.br/confeitaria?page=6,Pronto para comparar
Fortali Distribuidora,Confeitaria,"RECH FORN CHOC AO LEITE VABENE 1,01KG","RECH FORN CHOC AO LEITE VABENE 1,01KG",27109,"1,01KG",1.01,KG,1010.0,G,,Não,3,https://www.fortali.com.br/rech-forn-choc-ao-leite-vabene-101kg-27109-1,2026-08-18 13:06:57,https://www.fortali.com.br/confeitaria?page=3,Pronto para comparar
Fortali Distribuidora,Confeitaria,CHOCOPOWER MICRO CHOCCH BRANCO 300G,CHOCOPOWER MICRO CHOCCH BRANCO 300G,27113,300G,300.0,G,300.0,G,,Não,9,https://www.fortali.com.br/chocopower-micro-chocch-branco-300g-27113-1,2026-08-18 13:06:57,https://www.fortali.com.br/confeitaria?page=9,Pronto para comparar
Fortali Distribuidora,Confeitaria,CHOCOPOWERBALL MICRO SABOR CHOCOLATE 300G,CHOCOPOWERBALL MICRO SABOR CHOCOLATE 300G,27114,300G,300.0,G,300.0,G,,Não,32,https://www.fortali.com.br/chocopowerball-micro-sabor-chocolate-300g-27114-1,2026-08-18 13:06:57,https://www.fortali.com.br/confeitaria?page=32,Pronto para comparar
Fortali Distribuidora,Confeitaria,"RECHEIO SUPERCREM AVEL? BRANCO CT 2,5KG","RECHEIO SUPERCREM AVEL BRANCO CT 2,5KG",27121,"2,5KG",2.5,KG,2500.0,G,,Não,19,https://www.fortali.com.br/recheio-supercrem-avel-branco-ct-25kg-27121-1,2026-08-18 13:06:57,https://www.fortali.com.br/confeitaria?page=19,Pronto para comparar
Fortali Distribuidora,Confeitaria,"RECH FORN CREME CHOCOWAFER VABENE 1,01KG","RECH FORN CREME CHOCOWAFER VABENE 1,01KG",27198,"1,01KG",1.01,KG,1010.0,G,,Não,80,https://www.fortali.com.br/rech-forn-creme-chocowafer-vabene-101kg-27198-1,2026-08-18 13:06:57,https://www.fortali.com.br/confeitaria?page=80,Pronto para comparar
Fortali Distribuidora,Confeitaria,"RECH FORN CREME CHOCOMALTE VABENE 1,01KG","RECH FORN CREME CHOCOMALTE VABENE 1,01KG",27199,"1,01KG",1.01,KG,1010.0,G,,Não,80,https://www.fortali.com.br/rech-forn-creme-chocomalte-vabene-101kg-27199-1,2026-08-18 13:06:57,https://www.fortali.com.br/confeitaria?page=80,Pronto para comparar
Fortali Distribuidora,Confeitaria,FLOCOS CEREAIS CROC VABENE 750G,FLOCOS CEREAIS CROC VABENE 750G,27201,750G,750.0,G,750.0,G,,Não,80,https://www.fortali.com.br/flocos-cereais-croc-vabene-750g-27201-1,2026-08-18 13:06:57,https://www.fortali.com.br/confeitaria?page=80,Pronto para comparar
Fortali Distribuidora,Confeitaria,COR PO AMAR GEMA EMBRAMIX 1KG,COR PO AMAR GEMA EMBRAMIX 1KG,27223,1KG,1.0,KG,1000.0,G,,Não,80,https://www.fortali.com.br/cor-po-amar-gema-embramix-1kg-27223-1,2026-08-18 13:06:57,https://www.fortali.com.br/confeitaria?page=80,Pronto para comparar
Fortali Distribuidora,Confeitaria,CMC EMBRAMIX 40G,CMC EMBRAMIX 40G,27225,40G,40.0,G,40.0,G,,Não,80,https://www.fortali.com.br/cmc-embramix-40g-27225-1,2026-08-18 13:06:57,https://www.fortali.com.br/confeitaria?page=80,Pronto para comparar
Fortali Distribuidora,Confeitaria,CHOCOLATE PÓ 50% CACAU EMBRAMIX 1KG,CHOCOLATE PO 50% CACAU EMBRAMIX 1KG,27226,1KG,1.0,KG,1000.0,G,,Não,80,https://www.fortali.com.br/chocolate-po-50-cacau-embramix-1kg-27226-1,2026-08-18 13:06:57,https://www.fortali.com.br/confeitaria?page=80,Pronto para comparar
Fortali Distribuidora,Confeitaria,CREME CONF EMBRAMIX 1KG,CREME CONF EMBRAMIX 1KG,27227,1KG,1.0,KG,1000.0,G,,Não,80,https://www.fortali.com.br/creme-conf-embramix-1kg-27227-1,2026-08-18 13:06:57,https://www.fortali.com.br/confeitaria?page=80,Pronto para comparar
Fortali Distribuidora,Confeitaria,GLITTER P/DECORACAO AZUL FAB 5G,GLITTER P DECORACAO AZUL FAB 5G,27242,5G,5.0,G,5.0,G,,Não,80,https://www.fortali.com.br/glitter-pdecoracao-azul-fab-5g-27242-1,2026-08-18 13:06:57,https://www.fortali.com.br/confeitaria?page=80,Pronto para comparar
Fortali Distribuidora,Confeitaria,GLITTER AZUL TIFFANY 5G,GLITTER AZUL TIFFANY 5G,27243,5G,5.0,G,5.0,G,,Não,80,https://www.fortali.com.br/glitter-azul-tiffany-5g--27243-1,2026-08-18 13:06:57,https://www.fortali.com.br/confeitaria?page=80,Pronto para comparar
Fortali Distribuidora,Confeitaria,GLITTER P/DECORACAO CHAMPANHE FAB 5G,GLITTER P DECORACAO CHAMPANHE FAB 5G,27244,5G,5.0,G,5.0,G,,Não,80,https://www.fortali.com.br/glitter-pdecoracao-champanhe-fab-5g-27244-1,2026-08-18 13:06:57,https://www.fortali.com.br/confeitaria?page=80,Pronto para comparar
Fortali Distribuidora,Confeitaria,GLITTER P/DECORACAO CRISTAL FAB 5G,GLITTER P DECORACAO CRISTAL FAB 5G,27245,5G,5.0,G,5.0,G,,Não,81,https://www.fortali.com.br/glitter-pdecoracao-cristal-fab-5g-27245-1,2026-08-18 13:06:57,https://www.fortali.com.br/confeitaria?page=81,Pronto para comparar
Fortali Distribuidora,Confeitaria,GLITTER P/DECORACAO DOURADO FAB 5G,GLITTER P DECORACAO DOURADO FAB 5G,27246,5G,5.0,G,5.0,G,,Não,81,https://www.fortali.com.br/glitter-pdecoracao-dourado-fab-5g-27246-1,2026-08-18 13:06:57,https://www.fortali.com.br/confeitaria?page=81,Pronto para comparar
Fortali Distribuidora,Confeitaria,GLITTER P/DECOR DOURADO EGIPCIO FAB 5G,GLITTER P DECOR DOURADO EGIPCIO FAB 5G,27247,5G,5.0,G,5.0,G,,Não,81,https://www.fortali.com.br/glitter-pdecor-dourado-egipcio-fab-5g-27247-1,2026-08-18 13:06:57,https://www.fortali.com.br/confeitaria?page=81,Pronto para comparar
Fortali Distribuidora,Confeitaria,GLITTER LILAS 5G,GLITTER LILAS 5G,27248,5G,5.0,G,5.0,G,,Não,81,https://www.fortali.com.br/glitter-lilas-5g-27248-1,2026-08-18 13:06:57,https://www.fortali.com.br/confeitaria?page=81,Pronto para comparar
Fortali Distribuidora,Confeitaria,GLITTER P/DECORACAO PINK FAB 5G,GLITTER P DECORACAO PINK FAB 5G,27249,5G,5.0,G,5.0,G,,Não,81,https://www.fortali.com.br/glitter-pdecoracao-pink-fab-5g-27249-1,2026-08-18 13:06:57,https://www.fortali.com.br/confeitaria?page=81,Pronto para comparar
Fortali Distribuidora,Confeitaria,GLITTER P/DECORACAO PRATEADO FAB 5G,GLITTER P DECORACAO PRATEADO FAB 5G,27250,5G,5.0,G,5.0,G,,Não,81,https://www.fortali.com.br/glitter-pdecoracao-prateado-fab-5g-27250-1,2026-08-18 13:06:57,https://www.fortali.com.br/confeitaria?page=81,Pronto para comparar
Fortali Distribuidora,Confeitaria,GLITTER P/DECORACAO PRETO FAB 5G,GLITTER P DECORACAO PRETO FAB 5G,27251,5G,5.0,G,5.0,G,,Não,81,https://www.fortali.com.br/glitter-pdecoracao-preto-fab-5g-27251-1,2026-08-18 13:06:57,https://www.fortali.com.br/confeitaria?page=81,Pronto para comparar
Fortali Distribuidora,Confeitaria,GLITTER P/DECORACAO ROSA FAB 5G,GLITTER P DECORACAO ROSA FAB 5G,27252,5G,5.0,G,5.0,G,,Não,81,https://www.fortali.com.br/glitter-pdecoracao-rosa-fab-5g-27252-1,2026-08-18 13:06:57,https://www.fortali.com.br/confeitaria?page=81,Pronto para comparar
Fortali Distribuidora,Confeitaria,GLITTER ULTRAVIOLETA5G,GLITTER ULTRAVIOLETA5G,27254,5G,5.0,G,5.0,G,,Não,81,https://www.fortali.com.br/glitter-ultravioleta5g-27254-1,2026-08-18 13:06:57,https://www.fortali.com.br/confeitaria?page=81,Pronto para comparar
Fortali Distribuidora,Confeitaria,GLITTER VERMELHO 5G,GLITTER VERMELHO 5G,27256,5G,5.0,G,5.0,G,,Não,81,https://www.fortali.com.br/glitter-vermelho-5g-27256-1,2026-08-18 13:06:57,https://www.fortali.com.br/confeitaria?page=81,Pronto para comparar
Fortali Distribuidora,Confeitaria,GLITTER MARROM 5G,GLITTER MARROM 5G,27257,5G,5.0,G,5.0,G,,Não,81,https://www.fortali.com.br/glitter-marrom-5g-27257-1,2026-08-18 13:06:57,https://www.fortali.com.br/confeitaria?page=81,Pronto para comparar
Fortali Distribuidora,Confeitaria,GLITTER AMARELO COLLOR NEON 5G,GLITTER AMARELO COLLOR NEON 5G,27258,5G,5.0,G,5.0,G,,Não,81,https://www.fortali.com.br/glitter-amarelo-collor-neon-5g-27258-1,2026-08-18 13:06:57,https://www.fortali.com.br/confeitaria?page=81,Pronto para comparar
Fortali Distribuidora,Confeitaria,GLITTER HOLOGRÁFICO AZUL 5G,GLITTER HOLOGRAFICO AZUL 5G,27259,5G,5.0,G,5.0,G,,Não,81,https://www.fortali.com.br/glitter-holografico-azul-5g-27259-1,2026-08-18 13:06:57,https://www.fortali.com.br/confeitaria?page=81,Pronto para comparar
Fortali Distribuidora,Confeitaria,GLITTER P/DECO HOLOGRAFICO DOUR FAB 5G,GLITTER P DECO HOLOGRAFICO DOUR FAB 5G,27260,5G,5.0,G,5.0,G,,Não,81,https://www.fortali.com.br/glitter-pdeco-holografico-dour-fab-5g-27260-1,2026-08-18 13:06:57,https://www.fortali.com.br/confeitaria?page=81,Pronto para comparar
Fortali Distribuidora,Confeitaria,GLITTER HOLOGRÁFICO LILÁS 5G,GLITTER HOLOGRAFICO LILAS 5G,27261,5G,5.0,G,5.0,G,,Não,81,https://www.fortali.com.br/glitter-holografico-lilas-5g-27261-1,2026-08-18 13:06:57,https://www.fortali.com.br/confeitaria?page=81,Pronto para comparar
Fortali Distribuidora,Confeitaria,GLITTER HOLOGRÁFICO PINK 5G,GLITTER HOLOGRAFICO PINK 5G,27262,5G,5.0,G,5.0,G,,Não,81,https://www.fortali.com.br/glitter-holografico-pink-5g-27262-1,2026-08-18 13:06:57,https://www.fortali.com.br/confeitaria?page=81,Pronto para comparar
Fortali Distribuidora,Confeitaria,GLITTER P/DECO HOLOGRAFICO PRATA FAB 5G,GLITTER P DECO HOLOGRAFICO PRATA FAB 5G,27263,5G,5.0,G,5.0,G,,Não,81,https://www.fortali.com.br/glitter-pdeco-holografico-prata-fab-5g-27263-1,2026-08-18 13:06:57,https://www.fortali.com.br/confeitaria?page=81,Pronto para comparar
Fortali Distribuidora,Confeitaria,GLITTER HOLOGRÁFICO ROSA 5G,GLITTER HOLOGRAFICO ROSA 5G,27264,5G,5.0,G,5.0,G,,Não,81,https://www.fortali.com.br/glitter-holografico-rosa-5g-27264-1,2026-08-18 13:06:57,https://www.fortali.com.br/confeitaria?page=81,Pronto para comparar
Fortali Distribuidora,Confeitaria,GLITTER HOLOGRÁFICO ROSA SECO 5G,GLITTER HOLOGRAFICO ROSA SECO 5G,27265,5G,5.0,G,5.0,G,,Não,81,https://www.fortali.com.br/glitter-holografico-rosa-seco-5g-27265-1,2026-08-18 13:06:57,https://www.fortali.com.br/confeitaria?page=81,Pronto para comparar
Fortali Distribuidora,Confeitaria,GLITTER HOLOGRÁFICO VERMELHO 5G,GLITTER HOLOGRAFICO VERMELHO 5G,27266,5G,5.0,G,5.0,G,,Não,81,https://www.fortali.com.br/glitter-holografico-vermelho-5g-27266-1,2026-08-18 13:06:57,https://www.fortali.com.br/confeitaria?page=81,Pronto para comparar
Fortali Distribuidora,Confeitaria,GLITTER LARANJA COLLOR NEON 5G,GLITTER LARANJA COLLOR NEON 5G,27267,5G,5.0,G,5.0,G,,Não,81,https://www.fortali.com.br/glitter-laranja-collor-neon-5g-27267-1,2026-08-18 13:06:57,https://www.fortali.com.br/confeitaria?page=81,Pronto para comparar
Fortali Distribuidora,Confeitaria,GLITTER AZUL COLLOR NEON 5G,GLITTER AZUL COLLOR NEON 5G,27270,5G,5.0,G,5.0,G,,Não,81,https://www.fortali.com.br/glitter-azul-collor-neon-5g-27270-1,2026-08-18 13:06:57,https://www.fortali.com.br/confeitaria?page=81,Pronto para comparar
Fortali Distribuidora,Confeitaria,GLITTER LILAS CANDY 5G,GLITTER LILAS CANDY 5G,27271,5G,5.0,G,5.0,G,,Não,81,https://www.fortali.com.br/glitter-lilas-candy-5g-27271-1,2026-08-18 13:06:57,https://www.fortali.com.br/confeitaria?page=81,Pronto para comparar
Fortali Distribuidora,Confeitaria,GLITTER ROSA CANDY 5G,GLITTER ROSA CANDY 5G,27272,5G,5.0,G,5.0,G,,Não,81,https://www.fortali.com.br/glitter-rosa-candy-5g-27272-1,2026-08-18 13:06:57,https://www.fortali.com.br/confeitaria?page=81,Pronto para comparar
Fortali Distribuidora,Confeitaria,"COB GOTAS INTENSO TOP HARALD 1,01KG","COB GOTAS INTENSO TOP HARALD 1,01KG",27300,"1,01KG",1.01,KG,1010.0,G,,Não,82,https://www.fortali.com.br/cob-gotas-intenso-top-harald-101kg-27300-1,2026-08-18 13:06:57,https://www.fortali.com.br/confeitaria?page=82,Pronto para comparar
Fortali Distribuidora,Confeitaria,MOCA CHOCOLATE NESTLE 38G,MOCA CHOCOLATE NESTLE 38G,27301,38G,38.0,G,38.0,G,,Não,82,https://www.fortali.com.br/moca-chocolate-nestle-38g-27301-1,2026-08-18 13:06:57,https://www.fortali.com.br/confeitaria?page=82,Pronto para comparar
Fortali Distribuidora,Confeitaria,CREME DE LITE UHT NESTLE 200G,CREME DE LITE UHT NESTLE 200G,27302,200G,200.0,G,200.0,G,,Não,82,https://www.fortali.com.br/creme-de-lite-uht-nestle-200g-27302-1,2026-08-18 13:06:57,https://www.fortali.com.br/confeitaria?page=82,Pronto para comparar
Fortali Distribuidora,Confeitaria,LEITE COND MOCA LIGHT DESN 410G,LEITE COND MOCA LIGHT DESN 410G,27303,410G,410.0,G,410.0,G,,Não,82,https://www.fortali.com.br/leite-cond-moca-light-desn-410g-27303-1,2026-08-18 13:06:57,https://www.fortali.com.br/confeitaria?page=82,Pronto para comparar
Fortali Distribuidora,Confeitaria,LEITE COND MOCA DESN ZERO LACTOSE 395G,LEITE COND MOCA DESN ZERO LACTOSE 395G,27304,395G,395.0,G,395.0,G,,Não,82,https://www.fortali.com.br/leite-cond-moca-desn-zero-lactose-395g-27304-1,2026-08-18 13:06:57,https://www.fortali.com.br/confeitaria?page=82,Pronto para comparar
Fortali Distribuidora,Confeitaria,MISTURA LACTEA COND MOCA 395G,MISTURA LACTEA COND MOCA 395G,27305,395G,395.0,G,395.0,G,,Não,82,https://www.fortali.com.br/mistura-lactea-cond-moca-395g-27305-1,2026-08-18 13:06:57,https://www.fortali.com.br/confeitaria?page=82,Pronto para comparar
Fortali Distribuidora,Confeitaria,CHOC DARK MOEDAS 65%CACAU GENUINE 1KG,CHOC DARK MOEDAS 65%CACAU GENUINE 1KG,27354,1KG,1.0,KG,1000.0,G,,Não,5,https://www.fortali.com.br/choc-dark-moedas-65cacau-genuine-1kg-27354-1,2026-08-18 13:06:57,https://www.fortali.com.br/confeitaria?page=5,Pronto para comparar
Fortali Distribuidora,Confeitaria,"RECHEIO ARTESANAL CREME AMENDOIM VABENE 1,01KG","RECHEIO ARTESANAL CREME AMENDOIM VABENE 1,01KG",27358,"1,01KG",1.01,KG,1010.0,G,,Não,15,https://www.fortali.com.br/recheio-artesanal-creme-amendoim-vabene-101kg-27358-1,2026-08-18 13:06:57,https://www.fortali.com.br/confeitaria?page=15,Pronto para comparar
Fortali Distribuidora,Confeitaria,CEREAL BALL CHOCO POWER MAVALERIO 500G,CEREAL BALL CHOCO POWER MAVALERIO 500G,2736,500G,500.0,G,500.0,G,,Não,7,https://www.fortali.com.br/cereal-ball-choco-power-mavalerio-500g-2736-1,2026-08-18 13:06:57,https://www.fortali.com.br/confeitaria?page=7,Pronto para comparar
Fortali Distribuidora,Confeitaria,"RECH FORN LEITINHO MANGA ALISPEC 1,01KG","RECH FORN LEITINHO MANGA ALISPEC 1,01KG",27360,"1,01KG",1.01,KG,1010.0,G,,Não,16,https://www.fortali.com.br/rech-forn-leitinho-manga-alispec-101kg-27360-1,2026-08-18 13:06:57,https://www.fortali.com.br/confeitaria?page=16,Pronto para comparar
Fortali Distribuidora,Confeitaria,"RECH FORN CHOC ALISPEC MANGA 1,01KG","RECH FORN CHOC ALISPEC MANGA 1,01KG",27362,"1,01KG",1.01,KG,1010.0,G,,Não,24,https://www.fortali.com.br/rech-forn-choc-alispec-manga-101kg-27362-1,2026-08-18 13:06:57,https://www.fortali.com.br/confeitaria?page=24,Pronto para comparar
Fortali Distribuidora,Confeitaria,"RECH FORN AVELA MANGA ALISPEC 1,01KG","RECH FORN AVELA MANGA ALISPEC 1,01KG",27363,"1,01KG",1.01,KG,1010.0,G,,Não,24,https://www.fortali.com.br/rech-forn-avela-manga-alispec-101kg-27363-1,2026-08-18 13:06:57,https://www.fortali.com.br/confeitaria?page=24,Pronto para comparar
Fortali Distribuidora,Confeitaria,COLORETTI FESTA TRAD 18G,COLORETTI FESTA TRAD 18G,27364,18G,18.0,G,18.0,G,,Não,24,https://www.fortali.com.br/coloretti-festa-trad-18g-27364-1,2026-08-18 13:06:57,https://www.fortali.com.br/confeitaria?page=24,Pronto para comparar
Fortali Distribuidora,Confeitaria,COLORETTI FESTA CORACAO 18G,COLORETTI FESTA CORACAO 18G,27365,18G,18.0,G,18.0,G,,Não,82,https://www.fortali.com.br/coloretti-festa-coracao-18g-27365-1,2026-08-18 13:06:57,https://www.fortali.com.br/confeitaria?page=82,Pronto para comparar
Fortali Distribuidora,Confeitaria,ESTAB P/CHANTILLY CHANTY UP 160G,ESTAB P CHANTILLY CHANTY UP 160G,27373,160G,160.0,G,160.0,G,,Não,82,https://www.fortali.com.br/estab-pchantilly-chanty-up-160g-27373-1,2026-08-18 13:06:57,https://www.fortali.com.br/confeitaria?page=82,Pronto para comparar
Fortali Distribuidora,Confeitaria,"DOCE DE LEITE CREMOSO ITAMBE BAG 1,5KG","DOCE DE LEITE CREMOSO ITAMBE BAG 1,5KG",27376,"1,5KG",1.5,KG,1500.0,G,,Não,82,https://www.fortali.com.br/doce-de-leite-cremoso-itambe-bag-15kg-27376-1,2026-08-18 13:06:57,https://www.fortali.com.br/confeitaria?page=82,Pronto para comparar
Fortali Distribuidora,Confeitaria,DOCE LEITE ITALAC PT 350G,DOCE LEITE ITALAC PT 350G,27386,350G,350.0,G,350.0,G,,Não,5,https://www.fortali.com.br/doce-leite-italac-pt-350g-27386-1,2026-08-18 13:06:57,https://www.fortali.com.br/confeitaria?page=5,Pronto para comparar
Fortali Distribuidora,Confeitaria,CHOC GOTAS M AMARGO MELKEN HARALD 400G,CHOC GOTAS M AMARGO MELKEN HARALD 400G,27392,400G,400.0,G,400.0,G,,Não,15,https://www.fortali.com.br/choc-gotas-m-amargo-melken-harald-400g-27392-1,2026-08-18 13:06:57,https://www.fortali.com.br/confeitaria?page=15,Pronto para comparar
Fortali Distribuidora,Confeitaria,"CHOC GOTAS 42% MELKEN HARALD 1,01KG","CHOC GOTAS 42% MELKEN HARALD 1,01KG",27394,"1,01KG",1.01,KG,1010.0,G,,Não,16,https://www.fortali.com.br/choc-gotas-42-melken-harald-101kg-27394-1,2026-08-18 13:06:57,https://www.fortali.com.br/confeitaria?page=16,Pronto para comparar
Fortali Distribuidora,Confeitaria,PÊSSEGO METADE EM CALDA MARIZA 450G,PESSEGO METADE EM CALDA MARIZA 450G,27425,450G,450.0,G,450.0,G,,Não,9,https://www.fortali.com.br/pessego-metade-em-calda-mariza-450g-27425-1,2026-08-18 13:06:57,https://www.fortali.com.br/confeitaria?page=9,Pronto para comparar
Fortali Distribuidora,Confeitaria,"CHOCOLATE 70% AMARGO SICAO NOBRE GOTAS 1,01KG","CHOCOLATE 70% AMARGO SICAO NOBRE GOTAS 1,01KG",27431,"1,01KG",1.01,KG,1010.0,G,,Não,31,https://www.fortali.com.br/chocolate-70-amargo-sicao-nobre-gotas-1-01kg-27431-1,2026-08-18 13:06:57,https://www.fortali.com.br/confeitaria?page=31,Pronto para comparar
Fortali Distribuidora,Confeitaria,CHANTILLY AMBIANTE ICING PURATOS 1L,CHANTILLY AMBIANTE ICING PURATOS 1L,27432,1L,1.0,L,1000.0,ML,,Não,82,https://www.fortali.com.br/chantilly-ambiante-icing-puratos-1l-27432-1,2026-08-18 13:06:57,https://www.fortali.com.br/confeitaria?page=82,Pronto para comparar
Fortali Distribuidora,Confeitaria,"CREME CONFEITERO RECHEIO ARTESANAL VABENE BS 1,01KG","CREME CONFEITERO RECHEIO ARTESANAL VABENE BS 1,01KG",27444,"1,01KG",1.01,KG,1010.0,G,,Não,30,https://www.fortali.com.br/creme-confeitero-recheio-artesanal-vabene-bs-1-01kg-27444-1,2026-08-18 13:06:57,https://www.fortali.com.br/confeitaria?page=30,Pronto para comparar
Fortali Distribuidora,Confeitaria,FLOCOS MACIO BRANCO MIL CORES 500G,FLOCOS MACIO BRANCO MIL CORES 500G,27452,500G,500.0,G,500.0,G,,Não,18,https://www.fortali.com.br/flocos-macio-branco-mil-cores-500g-27452-1,2026-08-18 13:06:57,https://www.fortali.com.br/confeitaria?page=18,Pronto para comparar
Fortali Distribuidora,Confeitaria,"CEREJAS MARASQUINO SEM TALO ROFIMEX 1,8KG","CEREJAS MARASQUINO SEM TALO ROFIMEX 1,8KG",27454,"1,8KG",1.8,KG,1800.0,G,,Não,82,https://www.fortali.com.br/cerejas-marasquino-sem-talo-rofimex-1-8kg-27454-1,2026-08-18 13:06:57,https://www.fortali.com.br/confeitaria?page=82,Pronto para comparar
Fortali Distribuidora,Confeitaria,GOIABADA TAMBAÚ 500G,GOIABADA TAMBAU 500G,27460,500G,500.0,G,500.0,G,,Não,82,https://www.fortali.com.br/goiabada-tambau-500g-27460-1,2026-08-18 13:06:57,https://www.fortali.com.br/confeitaria?page=82,Pronto para comparar
Fortali Distribuidora,Confeitaria,CHANTILLY SPRAY VIGOR 250G,CHANTILLY SPRAY VIGOR 250G,27556,250G,250.0,G,250.0,G,,Não,29,https://www.fortali.com.br/chantilly-spray-vigor-250g-27556-1,2026-08-18 13:06:57,https://www.fortali.com.br/confeitaria?page=29,Pronto para comparar
Fortali Distribuidora,Confeitaria,LEITE CONDENSADO SEMI DESNATADO PIRACANJUBA 395G,LEITE CONDENSADO SEMI DESNATADO PIRACANJUBA 395G,27585,395G,395.0,G,395.0,G,,Não,1,https://www.fortali.com.br/leite-condensado-semi-desnatado-piracanjuba-395g-27585-1,2026-08-18 13:06:57,https://www.fortali.com.br/confeitaria?page=1,Pronto para comparar
Fortali Distribuidora,Confeitaria,STENCIL ESCAMAS UN CAKHE STAR,STENCIL ESCAMAS UN CAKHE STAR,27588,,,,,,,Não,82,https://www.fortali.com.br/stencil-escamas-un-cakhe-star-27588-1,2026-08-18 13:06:57,https://www.fortali.com.br/confeitaria?page=82,Revisar embalagem
Fortali Distribuidora,Confeitaria,STENCIL FOLHAS COSTELA ADAO UN BLUESTAR,STENCIL FOLHAS COSTELA ADAO UN BLUESTAR,27589,,,,,,,Não,82,https://www.fortali.com.br/stencil-folhas-costela-adao-un-bluestar--27589-1,2026-08-18 13:06:57,https://www.fortali.com.br/confeitaria?page=82,Revisar embalagem
Fortali Distribuidora,Confeitaria,STENCIL POA CORACOES UN CAKHS STAR,STENCIL POA CORACOES UN CAKHS STAR,27590,,,,,,,Não,82,https://www.fortali.com.br/stencil-poa-coracoes-un-cakhs-star-27590-1,2026-08-18 13:06:57,https://www.fortali.com.br/confeitaria?page=82,Revisar embalagem
Fortali Distribuidora,Confeitaria,STENCIL MINI CORACOES UN CAKHE STAR,STENCIL MINI CORACOES UN CAKHE STAR,27591,,,,,,,Não,82,https://www.fortali.com.br/stencil-mini-coracoes-un-cakhe-star-27591-1,2026-08-18 13:06:57,https://www.fortali.com.br/confeitaria?page=82,Revisar embalagem
Fortali Distribuidora,Confeitaria,STENCIL ORNAMENTOS FLORAIS UN CAKHE STAR,STENCIL ORNAMENTOS FLORAIS UN CAKHE STAR,27592,,,,,,,Não,82,https://www.fortali.com.br/stencil-ornamentos-florais-un-cakhe-star-27592-1,2026-08-18 13:06:57,https://www.fortali.com.br/confeitaria?page=82,Revisar embalagem
Fortali Distribuidora,Confeitaria,STENCIL ONCAS UN CAKHE STAR,STENCIL ONCAS UN CAKHE STAR,27593,,,,,,,Não,82,https://www.fortali.com.br/stencil-oncas-un-cakhe-star-27593-1,2026-08-18 13:06:57,https://www.fortali.com.br/confeitaria?page=82,Revisar embalagem
Fortali Distribuidora,Confeitaria,MARCADOR ARABESCO 1PC CAKHE STAR,MARCADOR ARABESCO 1PC CAKHE STAR,27596,,,,,,,Não,82,https://www.fortali.com.br/marcador-arabesco-1pc-cakhe-star-27596-1,2026-08-18 13:06:57,https://www.fortali.com.br/confeitaria?page=82,Revisar embalagem
Fortali Distribuidora,Confeitaria,MARCADOR FLOCO DE NEVE 1PC CAKHS STAR,MARCADOR FLOCO DE NEVE 1PC CAKHS STAR,27597,,,,,,,Não,82,https://www.fortali.com.br/marcador-floco-de-neve-1pc-cakhs-star-27597-1,2026-08-18 13:06:57,https://www.fortali.com.br/confeitaria?page=82,Revisar embalagem
Fortali Distribuidora,Confeitaria,SUPORTE C/ PEGA CONE C/3PCS CAKHE STAR,SUPORTE C PEGA CONE C 3PCS CAKHE STAR,27599,,,,,,,Não,82,https://www.fortali.com.br/suporte-c-pega-cone-c3pcs-cakhe-star-27599-1,2026-08-18 13:06:57,https://www.fortali.com.br/confeitaria?page=82,Revisar embalagem
Fortali Distribuidora,Confeitaria,KIT P/ COBERTURAS UN CAKHE STAR,KIT P COBERTURAS UN CAKHE STAR,27600,,,,,,,Não,82,https://www.fortali.com.br/kit-p-coberturas-un-cakhe-star-27600-1,2026-08-18 13:06:57,https://www.fortali.com.br/confeitaria?page=82,Revisar embalagem
Fortali Distribuidora,Confeitaria,DIOXIDO DE TITANIO MAGO 15G,DIOXIDO DE TITANIO MAGO 15G,27699,15G,15.0,G,15.0,G,,Não,24,https://www.fortali.com.br/dioxido-de-titanio-mago-15g-27699-1,2026-08-18 13:06:57,https://www.fortali.com.br/confeitaria?page=24,Pronto para comparar
Fortali Distribuidora,Confeitaria,EMULSAO SABORIZANTE DE LIMAO 18ML MAGO,EMULSAO SABORIZANTE DE LIMAO 18ML MAGO,27700,18ML,18.0,ML,18.0,ML,,Não,24,https://www.fortali.com.br/emulsao-saborizante-de-limao-18ml-mago-27700-1,2026-08-18 13:06:57,https://www.fortali.com.br/confeitaria?page=24,Pronto para comparar
Fortali Distribuidora,Confeitaria,EMULSAO SABORIZANTE DE LEITE 18ML  MAGO,EMULSAO SABORIZANTE DE LEITE 18ML MAGO,27701,18ML,18.0,ML,18.0,ML,,Não,82,https://www.fortali.com.br/emulsao-saborizante-de-leite-18ml-mago-27701-1,2026-08-18 13:06:57,https://www.fortali.com.br/confeitaria?page=82,Pronto para comparar
Fortali Distribuidora,Confeitaria,EMULSAO SABORIZANTE DE MORANGO 18ML MAGO,EMULSAO SABORIZANTE DE MORANGO 18ML MAGO,27702,18ML,18.0,ML,18.0,ML,,Não,82,https://www.fortali.com.br/emulsao-saborizante-de-morango-18ml-mago-27702-1,2026-08-18 13:06:57,https://www.fortali.com.br/confeitaria?page=82,Pronto para comparar
Fortali Distribuidora,Confeitaria,EMULSAO SABORIZANTE PISTACHE 18ML MAGO,EMULSAO SABORIZANTE PISTACHE 18ML MAGO,27703,18ML,18.0,ML,18.0,ML,,Não,83,https://www.fortali.com.br/emulsao-saborizante-pistache-18ml-mago-27703-1,2026-08-18 13:06:57,https://www.fortali.com.br/confeitaria?page=83,Pronto para comparar
Fortali Distribuidora,Confeitaria,EMULSAO SABORIZANTE DE AVELA 18ML MAGO,EMULSAO SABORIZANTE DE AVELA 18ML MAGO,27704,18ML,18.0,ML,18.0,ML,,Não,24,https://www.fortali.com.br/emulsao-saborizante-de-avela-18ml-mago-27704-1,2026-08-18 13:06:57,https://www.fortali.com.br/confeitaria?page=24,Pronto para comparar
Fortali Distribuidora,Confeitaria,EMULSAO SABORIZANTE DE ABACAXI 18ML MAGO,EMULSAO SABORIZANTE DE ABACAXI 18ML MAGO,27705,18ML,18.0,ML,18.0,ML,,Não,83,https://www.fortali.com.br/emulsao-saborizante-de-abacaxi-18ml-mago-27705-1,2026-08-18 13:06:57,https://www.fortali.com.br/confeitaria?page=83,Pronto para comparar
Fortali Distribuidora,Confeitaria,EMULSAO SABORIZANTE DE AMENDOA 18ML MAGO,EMULSAO SABORIZANTE DE AMENDOA 18ML MAGO,27706,18ML,18.0,ML,18.0,ML,,Não,83,https://www.fortali.com.br/emulsao-saborizante-de-amendoa-18ml-mago-27706-1,2026-08-18 13:06:57,https://www.fortali.com.br/confeitaria?page=83,Pronto para comparar
Fortali Distribuidora,Confeitaria,EMULSAO SABORIZANTE MARACUJA 18ML MAGO,EMULSAO SABORIZANTE MARACUJA 18ML MAGO,27707,18ML,18.0,ML,18.0,ML,,Não,83,https://www.fortali.com.br/emulsao-saborizante-maracuja-18ml-mago-27707-1,2026-08-18 13:06:57,https://www.fortali.com.br/confeitaria?page=83,Pronto para comparar
Fortali Distribuidora,Confeitaria,PO P/ DECO FURTACOR REFLEXO ROSA MAGO 5G,PO P DECO FURTACOR REFLEXO ROSA MAGO 5G,27708,5G,5.0,G,5.0,G,,Não,83,https://www.fortali.com.br/po-p-deco-furtacor-reflexo-rosa-mago-5g-27708-1,2026-08-18 13:06:57,https://www.fortali.com.br/confeitaria?page=83,Pronto para comparar
Fortali Distribuidora,Confeitaria,PO P/ DECO FURTACOR REFLEXO AMAR MAGO 5G,PO P DECO FURTACOR REFLEXO AMAR MAGO 5G,27709,5G,5.0,G,5.0,G,,Não,83,https://www.fortali.com.br/po-p-deco-furtacor-reflexo-amar-mago-5g-27709-1,2026-08-18 13:06:57,https://www.fortali.com.br/confeitaria?page=83,Pronto para comparar
Fortali Distribuidora,Confeitaria,PO P/ DECO FURTACOR REFLEXO AZUL MAGO 5G,PO P DECO FURTACOR REFLEXO AZUL MAGO 5G,27710,5G,5.0,G,5.0,G,,Não,83,https://www.fortali.com.br/po-p-deco-furtacor-reflexo-azul-mago-5g-27710-1,2026-08-18 13:06:57,https://www.fortali.com.br/confeitaria?page=83,Pronto para comparar
Fortali Distribuidora,Confeitaria,PO P/ DECOR PEROLA MAGO 5G,PO P DECOR PEROLA MAGO 5G,27711,5G,5.0,G,5.0,G,,Não,83,https://www.fortali.com.br/po-p-decor-perola-mago-5g--27711-1,2026-08-18 13:06:57,https://www.fortali.com.br/confeitaria?page=83,Pronto para comparar
Fortali Distribuidora,Confeitaria,PO P/ DECO FURTACOR REFLEXO VERM MAGO 5G,PO P DECO FURTACOR REFLEXO VERM MAGO 5G,27712,5G,5.0,G,5.0,G,,Não,83,https://www.fortali.com.br/po-p-deco-furtacor-reflexo-verm-mago-5g-27712-1,2026-08-18 13:06:57,https://www.fortali.com.br/confeitaria?page=83,Pronto para comparar
Fortali Distribuidora,Confeitaria,PO P/ DEC FURTACOR REFLEXO VERDE MAGO 5G,PO P DEC FURTACOR REFLEXO VERDE MAGO 5G,27713,5G,5.0,G,5.0,G,,Não,83,https://www.fortali.com.br/po-p-dec-furtacor-reflexo-verde-mago-5g-27713-1,2026-08-18 13:06:57,https://www.fortali.com.br/confeitaria?page=83,Pronto para comparar
Fortali Distribuidora,Confeitaria,PO P/ DECORACAO OURO MAGO 5G,PO P DECORACAO OURO MAGO 5G,27714,5G,5.0,G,5.0,G,,Não,83,https://www.fortali.com.br/po-p-decoracao-ouro-mago-5g--27714-1,2026-08-18 13:06:57,https://www.fortali.com.br/confeitaria?page=83,Pronto para comparar
Fortali Distribuidora,Confeitaria,PO P/ DECORACAO PRATA MAGO 5G,PO P DECORACAO PRATA MAGO 5G,27715,5G,5.0,G,5.0,G,,Não,83,https://www.fortali.com.br/po-p-decoracao-prata-mago-5g--27715-1,2026-08-18 13:06:57,https://www.fortali.com.br/confeitaria?page=83,Pronto para comparar
Fortali Distribuidora,Confeitaria,PO P/ DECORACAO COBRE MAGO 5G,PO P DECORACAO COBRE MAGO 5G,27716,5G,5.0,G,5.0,G,,Não,83,https://www.fortali.com.br/po-p-decoracao-cobre-mago-5g--27716-1,2026-08-18 13:06:57,https://www.fortali.com.br/confeitaria?page=83,Pronto para comparar
Fortali Distribuidora,Confeitaria,PO P/ DECORACAO NACAR MAGO 5G,PO P DECORACAO NACAR MAGO 5G,27717,5G,5.0,G,5.0,G,,Não,83,https://www.fortali.com.br/po-p-decoracao-nacar-mago-5g--27717-1,2026-08-18 13:06:57,https://www.fortali.com.br/confeitaria?page=83,Pronto para comparar
Fortali Distribuidora,Confeitaria,PO P/ DECORACAO AZUL MAGO 5G,PO P DECORACAO AZUL MAGO 5G,27718,5G,5.0,G,5.0,G,,Não,83,https://www.fortali.com.br/po-p-decoracao-azul-mago-5g--27718-1,2026-08-18 13:06:57,https://www.fortali.com.br/confeitaria?page=83,Pronto para comparar
Fortali Distribuidora,Confeitaria,PO P/ DECORACAO VERMELHO MAGO 5G,PO P DECORACAO VERMELHO MAGO 5G,27719,5G,5.0,G,5.0,G,,Não,83,https://www.fortali.com.br/po-p-decoracao-vermelho-mago-5g--27719-1,2026-08-18 13:06:57,https://www.fortali.com.br/confeitaria?page=83,Pronto para comparar
Fortali Distribuidora,Confeitaria,PO P/ DECORACAO ROSA MAGO 5G,PO P DECORACAO ROSA MAGO 5G,27720,5G,5.0,G,5.0,G,,Não,83,https://www.fortali.com.br/po-p-decoracao-rosa-mago-5g--27720-1,2026-08-18 13:06:57,https://www.fortali.com.br/confeitaria?page=83,Pronto para comparar
Fortali Distribuidora,Confeitaria,PO P/ DECORACAO OURO ILUSAO MAGO 5G,PO P DECORACAO OURO ILUSAO MAGO 5G,27721,5G,5.0,G,5.0,G,,Não,83,https://www.fortali.com.br/po-p-decoracao-ouro-ilusao-mago-5g--27721-1,2026-08-18 13:06:57,https://www.fortali.com.br/confeitaria?page=83,Pronto para comparar
Fortali Distribuidora,Confeitaria,PO P/ DECORACAO OURO ROSE MAGO 5G,PO P DECORACAO OURO ROSE MAGO 5G,27722,5G,5.0,G,5.0,G,,Não,83,https://www.fortali.com.br/po-p-decoracao-ouro-rose-mago-5g--27722-1,2026-08-18 13:06:57,https://www.fortali.com.br/confeitaria?page=83,Pronto para comparar
Fortali Distribuidora,Confeitaria,PO P/ DECORACAO PRETO MAGO 5G,PO P DECORACAO PRETO MAGO 5G,27723,5G,5.0,G,5.0,G,,Não,83,https://www.fortali.com.br/po-p-decoracao-preto-mago-5g--27723-1,2026-08-18 13:06:57,https://www.fortali.com.br/confeitaria?page=83,Pronto para comparar
Fortali Distribuidora,Confeitaria,PO P/ DECORACAO OURO BRILHANTE MAGO 5G,PO P DECORACAO OURO BRILHANTE MAGO 5G,27724,5G,5.0,G,5.0,G,,Não,83,https://www.fortali.com.br/po-p-decoracao-ouro-brilhante-mago-5g--27724-1,2026-08-18 13:06:57,https://www.fortali.com.br/confeitaria?page=83,Pronto para comparar
Fortali Distribuidora,Confeitaria,PO P/ DECORACAO PRATA UNICORNIO MAGO 5G,PO P DECORACAO PRATA UNICORNIO MAGO 5G,27725,5G,5.0,G,5.0,G,,Não,83,https://www.fortali.com.br/po-p-decoracao-prata-unicornio-mago-5g--27725-1,2026-08-18 13:06:57,https://www.fortali.com.br/confeitaria?page=83,Pronto para comparar
Fortali Distribuidora,Confeitaria,PO P/ DECORACAO AZUL CLARO MAGO 5G,PO P DECORACAO AZUL CLARO MAGO 5G,27726,5G,5.0,G,5.0,G,,Não,83,https://www.fortali.com.br/po-p-decoracao-azul-claro-mago-5g--27726-1,2026-08-18 13:06:57,https://www.fortali.com.br/confeitaria?page=83,Pronto para comparar
Fortali Distribuidora,Confeitaria,PO P/ DECORACAO ROSE MAGO 5G,PO P DECORACAO ROSE MAGO 5G,27727,5G,5.0,G,5.0,G,,Não,83,https://www.fortali.com.br/po-p-decoracao-rose-mago-5g--27727-1,2026-08-18 13:06:57,https://www.fortali.com.br/confeitaria?page=83,Pronto para comparar
Fortali Distribuidora,Confeitaria,PO P/ DECORACAO PINK MAGO 5G,PO P DECORACAO PINK MAGO 5G,27728,5G,5.0,G,5.0,G,,Não,84,https://www.fortali.com.br/po-p-decoracao-pink-mago-5g--27728-1,2026-08-18 13:06:57,https://www.fortali.com.br/confeitaria?page=84,Pronto para comparar
Fortali Distribuidora,Confeitaria,PO P/ DECOR VERMELHO BRILHANTE MAGO 5G,PO P DECOR VERMELHO BRILHANTE MAGO 5G,27729,5G,5.0,G,5.0,G,,Não,84,https://www.fortali.com.br/po-p-decor-vermelho-brilhante-mago-5g--27729-1,2026-08-18 13:06:57,https://www.fortali.com.br/confeitaria?page=84,Pronto para comparar
Fortali Distribuidora,Confeitaria,PO P/ DECORACAO OURO 50G MAGO,PO P DECORACAO OURO 50G MAGO,27730,50G,50.0,G,50.0,G,,Não,24,https://www.fortali.com.br/po-p-decoracao-ouro-50g-mago-27730-1,2026-08-18 13:06:57,https://www.fortali.com.br/confeitaria?page=24,Pronto para comparar
Fortali Distribuidora,Confeitaria,PO P/ DECORACAO AZUL ESCURO MAGO 5G,PO P DECORACAO AZUL ESCURO MAGO 5G,27731,5G,5.0,G,5.0,G,,Não,84,https://www.fortali.com.br/po-p-decoracao-azul-escuro-mago-5g--27731-1,2026-08-18 13:06:57,https://www.fortali.com.br/confeitaria?page=84,Pronto para comparar
Fortali Distribuidora,Confeitaria,PO P/ DECORACAO CHAMPANHE MAGO 5G,PO P DECORACAO CHAMPANHE MAGO 5G,27732,5G,5.0,G,5.0,G,,Não,84,https://www.fortali.com.br/po-p-decoracao-champanhe-mago-5g--27732-1,2026-08-18 13:06:57,https://www.fortali.com.br/confeitaria?page=84,Pronto para comparar
Fortali Distribuidora,Confeitaria,PO P/ DECORACAO VIOLETA MAGO 5G,PO P DECORACAO VIOLETA MAGO 5G,27733,5G,5.0,G,5.0,G,,Não,84,https://www.fortali.com.br/po-p-decoracao-violeta-mago-5g--27733-1,2026-08-18 13:06:57,https://www.fortali.com.br/confeitaria?page=84,Pronto para comparar
Fortali Distribuidora,Confeitaria,COR SOFT GEL AZUL JEANS 15G MAGO,COR SOFT GEL AZUL JEANS 15G MAGO,27764,15G,15.0,G,15.0,G,,Não,84,https://www.fortali.com.br/cor-soft-gel-azul-jeans-15g-mago-27764-1,2026-08-18 13:06:57,https://www.fortali.com.br/confeitaria?page=84,Pronto para comparar
Fortali Distribuidora,Confeitaria,COR SOFT GEL AZUL JEANS MAGO 60G,COR SOFT GEL AZUL JEANS MAGO 60G,27765,60G,60.0,G,60.0,G,,Não,84,https://www.fortali.com.br/cor-soft-gel-azul-jeans-mago-60g--27765-1,2026-08-18 13:06:57,https://www.fortali.com.br/confeitaria?page=84,Pronto para comparar
Fortali Distribuidora,Confeitaria,COR SOFT GEL VERDE 15G MAGO,COR SOFT GEL VERDE 15G MAGO,27766,15G,15.0,G,15.0,G,,Não,24,https://www.fortali.com.br/cor-soft-gel-verde-15g-mago-27766-1,2026-08-18 13:06:57,https://www.fortali.com.br/confeitaria?page=24,Pronto para comparar
Fortali Distribuidora,Confeitaria,COR SOFT GEL ROSA SECO 15G MAGO,COR SOFT GEL ROSA SECO 15G MAGO,27767,15G,15.0,G,15.0,G,,Não,84,https://www.fortali.com.br/cor-soft-gel-rosa-seco-15g-mago-27767-1,2026-08-18 13:06:57,https://www.fortali.com.br/confeitaria?page=84,Pronto para comparar
Fortali Distribuidora,Confeitaria,COR SOFT GEL VERDE MENTA MAGO 60G,COR SOFT GEL VERDE MENTA MAGO 60G,27768,60G,60.0,G,60.0,G,,Não,16,https://www.fortali.com.br/cor-soft-gel-verde-menta-mago-60g--27768-1,2026-08-18 13:06:57,https://www.fortali.com.br/confeitaria?page=16,Pronto para comparar
Fortali Distribuidora,Confeitaria,COR SOFT GEL VERDE MENTA 15G MAGO,COR SOFT GEL VERDE MENTA 15G MAGO,27769,15G,15.0,G,15.0,G,,Não,24,https://www.fortali.com.br/cor-soft-gel-verde-menta-15g-mago-27769-1,2026-08-18 13:06:57,https://www.fortali.com.br/confeitaria?page=24,Pronto para comparar
Fortali Distribuidora,Confeitaria,ACIDO CITRICO 50G MAGO,ACIDO CITRICO 50G MAGO,27771,50G,50.0,G,50.0,G,,Não,18,https://www.fortali.com.br/acido-citrico-50g-mago-27771-1,2026-08-18 13:06:57,https://www.fortali.com.br/confeitaria?page=18,Pronto para comparar
Fortali Distribuidora,Confeitaria,AGAR AGAR 30G MAGO,AGAR AGAR 30G MAGO,27772,30G,30.0,G,30.0,G,,Não,84,https://www.fortali.com.br/agar-agar-30g-mago-27772-1,2026-08-18 13:06:57,https://www.fortali.com.br/confeitaria?page=84,Pronto para comparar
Fortali Distribuidora,Confeitaria,GLUCOSE EM PO 50G MAGO,GLUCOSE EM PO 50G MAGO,27773,50G,50.0,G,50.0,G,,Não,84,https://www.fortali.com.br/glucose-em-po-50g-mago-27773-1,2026-08-18 13:06:57,https://www.fortali.com.br/confeitaria?page=84,Pronto para comparar
Fortali Distribuidora,Confeitaria,"FRUITFIL GOIABA PURATOS 1,05KG","FRUITFIL GOIABA PURATOS 1,05KG",27805,"1,05KG",1.05,KG,1050.0,G,,Não,84,https://www.fortali.com.br/fruitfil-goiaba-puratos-105kg-27805-1,2026-08-18 13:06:57,https://www.fortali.com.br/confeitaria?page=84,Pronto para comparar
Fortali Distribuidora,Confeitaria,"FRUITFIL MAÇÃ COM CANELA PURATOS 1,05KG","FRUITFIL MACA COM CANELA PURATOS 1,05KG",27806,"1,05KG",1.05,KG,1050.0,G,,Não,84,https://www.fortali.com.br/fruitfil-maca-com-canela-puratos-105kg-27806-1,2026-08-18 13:06:57,https://www.fortali.com.br/confeitaria?page=84,Pronto para comparar
Fortali Distribuidora,Confeitaria,COB AO LEITE SICAO FACIL CONF BARRA 5KG,COB AO LEITE SICAO FACIL CONF BARRA 5KG,27820,5KG,5.0,KG,5000.0,G,,Não,36,https://www.fortali.com.br/cob-ao-leite-sicao-facil-conf-barra-5kg-27820-1,2026-08-18 13:06:57,https://www.fortali.com.br/confeitaria?page=36,Pronto para comparar
Fortali Distribuidora,Confeitaria,COB M AMARGO SICAO FACIL CONF 5KG,COB M AMARGO SICAO FACIL CONF 5KG,27821,5KG,5.0,KG,5000.0,G,,Não,15,https://www.fortali.com.br/cob-m-amargo-sicao-facil-conf-5kg-27821-1,2026-08-18 13:06:57,https://www.fortali.com.br/confeitaria?page=15,Pronto para comparar
Fortali Distribuidora,Confeitaria,MANTEIGA CACAU MYCRYO CACAO BARRY 550G,MANTEIGA CACAU MYCRYO CACAO BARRY 550G,27822,550G,550.0,G,550.0,G,,Não,84,https://www.fortali.com.br/manteiga-cacau-mycryo-cacao-barry-550g-27822-1,2026-08-18 13:06:57,https://www.fortali.com.br/confeitaria?page=84,Pronto para comparar
Fortali Distribuidora,Confeitaria,"RECH COB FORN SABOR CHOC COM AVELA JUNCO BISN 1,01KG","RECH COB FORN SABOR CHOC COM AVELA JUNCO BISN 1,01KG",27826,"1,01KG",1.01,KG,1010.0,G,,Não,84,https://www.fortali.com.br/rech-cob-forn-sabor-choc-com-avela-junco-bisn-1-01kg-27826-1,2026-08-18 13:06:57,https://www.fortali.com.br/confeitaria?page=84,Pronto para comparar
Fortali Distribuidora,Confeitaria,"RECH&COB CHOC M AMARGO JUNCO BS 1,01KG","RECH COB CHOC M AMARGO JUNCO BS 1,01KG",27827,"1,01KG",1.01,KG,1010.0,G,,Não,84,https://www.fortali.com.br/rechcob-choc-m-amargo-junco-bs-101kg-27827-1,2026-08-18 13:06:57,https://www.fortali.com.br/confeitaria?page=84,Pronto para comparar
Fortali Distribuidora,Confeitaria,SPRAY CORANTE COLORCAKE AMARELO 42G,SPRAY CORANTE COLORCAKE AMARELO 42G,27835,42G,42.0,G,42.0,G,,Não,84,https://www.fortali.com.br/spray-corante-colorcake-amarelo-42g-27835-1,2026-08-18 13:06:57,https://www.fortali.com.br/confeitaria?page=84,Pronto para comparar
Fortali Distribuidora,Confeitaria,SPRAY CORANTE COLORCAKE AZUL 42G,SPRAY CORANTE COLORCAKE AZUL 42G,27836,42G,42.0,G,42.0,G,,Não,84,https://www.fortali.com.br/spray-corante-colorcake-azul-42g-27836-1,2026-08-18 13:06:57,https://www.fortali.com.br/confeitaria?page=84,Pronto para comparar
Fortali Distribuidora,Confeitaria,SPRAY CORANTE COLORCAKE VERDE 42G,SPRAY CORANTE COLORCAKE VERDE 42G,27837,42G,42.0,G,42.0,G,,Não,84,https://www.fortali.com.br/spray-corante-colorcake-verde-42g-27837-1,2026-08-18 13:06:57,https://www.fortali.com.br/confeitaria?page=84,Pronto para comparar
Fortali Distribuidora,Confeitaria,SPRAY CORANTE COLORCAKE VERMELHO 42G,SPRAY CORANTE COLORCAKE VERMELHO 42G,27838,42G,42.0,G,42.0,G,,Não,84,https://www.fortali.com.br/spray-corante-colorcake-vermelho-42g-27838-1,2026-08-18 13:06:57,https://www.fortali.com.br/confeitaria?page=84,Pronto para comparar
Fortali Distribuidora,Confeitaria,SPRAY CORANTE COLORCAKE ROSA 42G,SPRAY CORANTE COLORCAKE ROSA 42G,27839,42G,42.0,G,42.0,G,,Não,84,https://www.fortali.com.br/spray-corante-colorcake-rosa-42g-27839-1,2026-08-18 13:06:57,https://www.fortali.com.br/confeitaria?page=84,Pronto para comparar
Fortali Distribuidora,Confeitaria,CHANTILLY BEST BAKER 1L,CHANTILLY BEST BAKER 1L,27917,1L,1.0,L,1000.0,ML,,Não,3,https://www.fortali.com.br/chantilly-best-baker-1l-27917-1,2026-08-18 13:06:57,https://www.fortali.com.br/confeitaria?page=3,Pronto para comparar
Fortali Distribuidora,Confeitaria,"CROCANTE AMENDOIM MEDIO #5,5MM – 1KG","CROCANTE AMENDOIM MEDIO 5,5MM 1KG",27923,1KG,1.0,KG,1000.0,G,,Não,84,https://www.fortali.com.br/crocante-amendoim-medio-55mm--1kg-27923-1,2026-08-18 13:06:57,https://www.fortali.com.br/confeitaria?page=84,Pronto para comparar
Fortali Distribuidora,Confeitaria,"CROC CASTANHA DE CAJU MEDIO #5,5MM 1KG","CROC CASTANHA DE CAJU MEDIO 5,5MM 1KG",27925,1KG,1.0,KG,1000.0,G,,Não,84,https://www.fortali.com.br/croc-castanha-de-caju-medio-55mm-1kg-27925-1,2026-08-18 13:06:57,https://www.fortali.com.br/confeitaria?page=84,Pronto para comparar
Fortali Distribuidora,Confeitaria,RECHEIO E COBERTURA CARAMELO SALGADO MOCA NESTL¿ BS 980G,RECHEIO E COBERTURA CARAMELO SALGADO MOCA NESTL BS 980G,27934,980G,980.0,G,980.0,G,,Não,84,https://www.fortali.com.br/recheio-e-cobertura-caramelo-salgado-moca-nestl-bs-980g-27934-1,2026-08-18 13:06:57,https://www.fortali.com.br/confeitaria?page=84,Pronto para comparar
Fortali Distribuidora,Confeitaria,"PASTA CREM DOIS FRADES NESTLE BD 1,01KG","PASTA CREM DOIS FRADES NESTLE BD 1,01KG",27936,"1,01KG",1.01,KG,1010.0,G,,Não,84,https://www.fortali.com.br/pasta-crem-dois-frades-nestle-bd-101kg-27936-1,2026-08-18 13:06:57,https://www.fortali.com.br/confeitaria?page=84,Pronto para comparar
Fortali Distribuidora,Confeitaria,"CHOC SELECAO 75% AMARGO SICAO GTS 1,01KG","CHOC SELECAO 75% AMARGO SICAO GTS 1,01KG",28045,"1,01KG",1.01,KG,1010.0,G,,Não,18,https://www.fortali.com.br/choc-selecao-75-amargo-sicao-gts-1-01kg-28045-1,2026-08-18 13:06:57,https://www.fortali.com.br/confeitaria?page=18,Pronto para comparar
Fortali Distribuidora,Confeitaria,"CHOC SELECAO 38%AO LEITE SICAO GTS1,01KG","CHOC SELECAO 38%AO LEITE SICAO GTS1,01KG",28046,"1,01KG",1.01,KG,1010.0,G,,Não,24,https://www.fortali.com.br/choc-selecao-38-ao-leite-sicao-gts1-01kg-28046-1,2026-08-18 13:06:57,https://www.fortali.com.br/confeitaria?page=24,Pronto para comparar
Fortali Distribuidora,Confeitaria,"CHOC M AMARGO SICAO NOBRE GOTAS 1,01KG","CHOC M AMARGO SICAO NOBRE GOTAS 1,01KG",28047,"1,01KG",1.01,KG,1010.0,G,,Não,31,https://www.fortali.com.br/choc-m-amargo-sicao-nobre-gotas-1-01kg-28047-1,2026-08-18 13:06:57,https://www.fortali.com.br/confeitaria?page=31,Pronto para comparar
Fortali Distribuidora,Confeitaria,"CHOC AO LEITE CREAMY SICAO GOTAS 1,01KG","CHOC AO LEITE CREAMY SICAO GOTAS 1,01KG",28048,"1,01KG",1.01,KG,1010.0,G,,Não,85,https://www.fortali.com.br/choc-ao-leite-creamy-sicao-gotas-1-01kg-28048-1,2026-08-18 13:06:57,https://www.fortali.com.br/confeitaria?page=85,Pronto para comparar
Fortali Distribuidora,Confeitaria,"CHOC AO LEITE SICAO NOBRE GOTAS 1,01KG","CHOC AO LEITE SICAO NOBRE GOTAS 1,01KG",28049,"1,01KG",1.01,KG,1010.0,G,,Não,7,https://www.fortali.com.br/choc-ao-leite-sicao-nobre-gotas-1-01kg-28049-1,2026-08-18 13:06:57,https://www.fortali.com.br/confeitaria?page=7,Pronto para comparar
Fortali Distribuidora,Confeitaria,"CHOCOLATE BLEND SICAO NOBRE GOTAS 1,01KG","CHOCOLATE BLEND SICAO NOBRE GOTAS 1,01KG",28050,"1,01KG",1.01,KG,1010.0,G,,Não,34,https://www.fortali.com.br/chocolate-blend-sicao-nobre-gotas-1-01kg-28050-1,2026-08-18 13:06:57,https://www.fortali.com.br/confeitaria?page=34,Pronto para comparar
Fortali Distribuidora,Confeitaria,"CHOC BRANCO SICAO NOBRE GOTAS 1,01KG","CHOC BRANCO SICAO NOBRE GOTAS 1,01KG",28051,"1,01KG",1.01,KG,1010.0,G,,Não,10,https://www.fortali.com.br/choc-branco-sicao-nobre-gotas-1-01kg-28051-1,2026-08-18 13:06:57,https://www.fortali.com.br/confeitaria?page=10,Pronto para comparar
Fortali Distribuidora,Confeitaria,"COB BLEND FRAC SICAO MAIS GOTAS 1,01KG","COB BLEND FRAC SICAO MAIS GOTAS 1,01KG",28052,"1,01KG",1.01,KG,1010.0,G,,Não,19,https://www.fortali.com.br/cob-blend-frac-sicao-mais-gotas-101kg-28052-1,2026-08-18 13:06:57,https://www.fortali.com.br/confeitaria?page=19,Pronto para comparar
Fortali Distribuidora,Confeitaria,"COB BRANCO FRAC SICAO MAIS GOTAS 1,01KG","COB BRANCO FRAC SICAO MAIS GOTAS 1,01KG",28053,"1,01KG",1.01,KG,1010.0,G,,Não,13,https://www.fortali.com.br/cob-branco-frac-sicao-mais-gotas-1-01kg-28053-1,2026-08-18 13:06:57,https://www.fortali.com.br/confeitaria?page=13,Pronto para comparar
Fortali Distribuidora,Confeitaria,"COB M AMARGO SICAO FACIL GOTAS 1,01KG","COB M AMARGO SICAO FACIL GOTAS 1,01KG",28054,"1,01KG",1.01,KG,1010.0,G,,Não,30,https://www.fortali.com.br/cob-m-amargo-sicao-facil-gotas-1-01kg-28054-1,2026-08-18 13:06:57,https://www.fortali.com.br/confeitaria?page=30,Pronto para comparar
Fortali Distribuidora,Confeitaria,"GRANULADO MACIO CHOCOLATE SICAO 1,01KG","GRANULADO MACIO CHOCOLATE SICAO 1,01KG",28055,"1,01KG",1.01,KG,1010.0,G,,Não,85,https://www.fortali.com.br/granulado-macio-chocolate-sicao-1-01kg-28055-1,2026-08-18 13:06:57,https://www.fortali.com.br/confeitaria?page=85,Pronto para comparar
Fortali Distribuidora,Confeitaria,"GRANULADO MEIO AMARGO 37% SICAO 1,01KG","GRANULADO MEIO AMARGO 37% SICAO 1,01KG",28056,"1,01KG",1.01,KG,1010.0,G,,Não,85,https://www.fortali.com.br/granulado-meio-amargo-37-sicao-1-01kg-28056-1,2026-08-18 13:06:57,https://www.fortali.com.br/confeitaria?page=85,Pronto para comparar
Fortali Distribuidora,Confeitaria,ACUCAR COLOR VERMELHO MIL CORES PCT 300G,ACUCAR COLOR VERMELHO MIL CORES PCT 300G,28120,300G,300.0,G,300.0,G,,Não,18,https://www.fortali.com.br/acucar-color-vermelho-mil-cores-pct-300g-28120-1,2026-08-18 13:06:57,https://www.fortali.com.br/confeitaria?page=18,Pronto para comparar
Fortali Distribuidora,Confeitaria,ACUCAR COLOR VERDE MIL CORES PCT 300G,ACUCAR COLOR VERDE MIL CORES PCT 300G,28121,300G,300.0,G,300.0,G,,Não,85,https://www.fortali.com.br/acucar-color-verde-mil-cores-pct-300g-28121-1,2026-08-18 13:06:57,https://www.fortali.com.br/confeitaria?page=85,Pronto para comparar
Fortali Distribuidora,Confeitaria,ACUCAR COLOR ROSA MIL CORES PCT 300G,ACUCAR COLOR ROSA MIL CORES PCT 300G,28122,300G,300.0,G,300.0,G,,Não,85,https://www.fortali.com.br/acucar-color-rosa-mil-cores-pct-300g-28122-1,2026-08-18 13:06:57,https://www.fortali.com.br/confeitaria?page=85,Pronto para comparar
Fortali Distribuidora,Confeitaria,ACUCAR COLOR BRANCO MIL CORES PCT 300G,ACUCAR COLOR BRANCO MIL CORES PCT 300G,28123,300G,300.0,G,300.0,G,,Não,85,https://www.fortali.com.br/acucar-color-branco-mil-cores-pct-300g-28123-1,2026-08-18 13:06:57,https://www.fortali.com.br/confeitaria?page=85,Pronto para comparar
Fortali Distribuidora,Confeitaria,ACUCAR COLOR AZUL MIL CORES PCT 300G,ACUCAR COLOR AZUL MIL CORES PCT 300G,28125,300G,300.0,G,300.0,G,,Não,85,https://www.fortali.com.br/acucar-color-azul-mil-cores-pct-300g-28125-1,2026-08-18 13:06:57,https://www.fortali.com.br/confeitaria?page=85,Pronto para comparar
Fortali Distribuidora,Confeitaria,ACUCAR COLOR AMARELO MIL CORES PCT 300G,ACUCAR COLOR AMARELO MIL CORES PCT 300G,28126,300G,300.0,G,300.0,G,,Não,85,https://www.fortali.com.br/acucar-color-amarelo-mil-cores-pct-300g-28126-1,2026-08-18 13:06:57,https://www.fortali.com.br/confeitaria?page=85,Pronto para comparar
Fortali Distribuidora,Confeitaria,KIT COLHER TRANSP 13 CM C/10 PC,KIT COLHER TRANSP 13 CM C 10 PC,28133,,,,,,,Não,85,https://www.fortali.com.br/kit-colher-transp-13-cm-c10-pc-28133-1,2026-08-18 13:06:57,https://www.fortali.com.br/confeitaria?page=85,Revisar embalagem
Fortali Distribuidora,Confeitaria,"RECHEIO E COBERTURA CHURROS MOCA NESTL¿ 2,6KG","RECHEIO E COBERTURA CHURROS MOCA NESTL 2,6KG",28227,"2,6KG",2.6,KG,2600.0,G,,Não,85,https://www.fortali.com.br/recheio-e-cobertura-churros-moca-nestl-2-6kg-28227-1,2026-08-18 13:06:57,https://www.fortali.com.br/confeitaria?page=85,Pronto para comparar
Fortali Distribuidora,Confeitaria,"CHOC PO 50% SOLUVEL NESTLE 1,01KG","CHOC PO 50% SOLUVEL NESTLE 1,01KG",28228,"1,01KG",1.01,KG,1010.0,G,,Não,85,https://www.fortali.com.br/choc-po-50-soluvel-nestle-101kg-28228-1,2026-08-18 13:06:57,https://www.fortali.com.br/confeitaria?page=85,Pronto para comparar
Fortali Distribuidora,Confeitaria,CORANTE SOFTGEL AZUL NEON FAB 25G,CORANTE SOFTGEL AZUL NEON FAB 25G,28236,25G,25.0,G,25.0,G,,Não,85,https://www.fortali.com.br/corante-softgel-azul-neon-fab-25g-28236-1,2026-08-18 13:06:57,https://www.fortali.com.br/confeitaria?page=85,Pronto para comparar
Fortali Distribuidora,Confeitaria,CORANTE SOFTGEL LARANJA NEON FAB 25G,CORANTE SOFTGEL LARANJA NEON FAB 25G,28237,25G,25.0,G,25.0,G,,Não,85,https://www.fortali.com.br/corante-softgel-laranja-neon-fab-25g-28237-1,2026-08-18 13:06:57,https://www.fortali.com.br/confeitaria?page=85,Pronto para comparar
Fortali Distribuidora,Confeitaria,CORANTE SOFTGEL ROSA NEON FAB 25G,CORANTE SOFTGEL ROSA NEON FAB 25G,28238,25G,25.0,G,25.0,G,,Não,85,https://www.fortali.com.br/corante-softgel-rosa-neon-fab-25g-28238-1,2026-08-18 13:06:57,https://www.fortali.com.br/confeitaria?page=85,Pronto para comparar
Fortali Distribuidora,Confeitaria,CORANTE SOFTGEL VERDE NEON FAB 25G,CORANTE SOFTGEL VERDE NEON FAB 25G,28239,25G,25.0,G,25.0,G,,Não,85,https://www.fortali.com.br/corante-softgel-verde-neon-fab-25g-28239-1,2026-08-18 13:06:57,https://www.fortali.com.br/confeitaria?page=85,Pronto para comparar
Fortali Distribuidora,Confeitaria,CORANTE PO P/ CHOC AMARELO FAB 5G,CORANTE PO P CHOC AMARELO FAB 5G,28240,5G,5.0,G,5.0,G,,Não,85,https://www.fortali.com.br/corante-po-p-choc-amarelo-fab-5g-28240-1,2026-08-18 13:06:57,https://www.fortali.com.br/confeitaria?page=85,Pronto para comparar
Fortali Distribuidora,Confeitaria,CORANTE PO P/CHOCOLATE  AZUL FAB 5G,CORANTE PO P CHOCOLATE AZUL FAB 5G,28241,5G,5.0,G,5.0,G,,Não,34,https://www.fortali.com.br/corante-po-p-chocolate-azul-fab-5g-28241-1,2026-08-18 13:06:57,https://www.fortali.com.br/confeitaria?page=34,Pronto para comparar
Fortali Distribuidora,Confeitaria,CORANTE PO P/CHOCOLATE ROSA FAB 5G,CORANTE PO P CHOCOLATE ROSA FAB 5G,28242,5G,5.0,G,5.0,G,,Não,85,https://www.fortali.com.br/corante-po-p-chocolate-rosa-fab-5g-28242-1,2026-08-18 13:06:57,https://www.fortali.com.br/confeitaria?page=85,Pronto para comparar
Fortali Distribuidora,Confeitaria,CORANTE PO P/CHOCOLATE VERDE FAB 5G,CORANTE PO P CHOCOLATE VERDE FAB 5G,28243,5G,5.0,G,5.0,G,,Não,34,https://www.fortali.com.br/corante-po-p-chocolate-verde-fab-5g-28243-1,2026-08-18 13:06:57,https://www.fortali.com.br/confeitaria?page=34,Pronto para comparar
Fortali Distribuidora,Confeitaria,PO P/DECORACAO LARANJA FAB 3G,PO P DECORACAO LARANJA FAB 3G,28244,3G,3.0,G,3.0,G,,Não,85,https://www.fortali.com.br/po-pdecoracao-laranja-fab-3g-28244-1,2026-08-18 13:06:57,https://www.fortali.com.br/confeitaria?page=85,Pronto para comparar
Fortali Distribuidora,Confeitaria,PO P/DECORACAO AZUL MARINHO FAB 3G,PO P DECORACAO AZUL MARINHO FAB 3G,28245,3G,3.0,G,3.0,G,,Não,85,https://www.fortali.com.br/po-pdecoracao-azul-marinho-fab-3g-28245-1,2026-08-18 13:06:57,https://www.fortali.com.br/confeitaria?page=85,Pronto para comparar
Fortali Distribuidora,Confeitaria,"COB BLEND FRAC SICAO FACIL GOTAS 1,01KG","COB BLEND FRAC SICAO FACIL GOTAS 1,01KG",28285,"1,01KG",1.01,KG,1010.0,G,,Não,19,https://www.fortali.com.br/cob-blend-frac-sicao-facil-gotas-1-01kg-28285-1,2026-08-18 13:06:57,https://www.fortali.com.br/confeitaria?page=19,Pronto para comparar
Fortali Distribuidora,Confeitaria,"BOMBONS SORTIDOS LACTA FAVORITOS 250,6G","BOMBONS SORTIDOS LACTA FAVORITOS 250,6G",28322,"250,6G",250.6,G,250.6,G,,Não,85,https://www.fortali.com.br/bombons-sortidos-lacta-favoritos-2506g-28322-1,2026-08-18 13:06:57,https://www.fortali.com.br/confeitaria?page=85,Pronto para comparar
Fortali Distribuidora,Confeitaria,BASE P/CREME MANTEIGA BUTTERCOLOR BD 1KG,BASE P CREME MANTEIGA BUTTERCOLOR BD 1KG,28394,1KG,1.0,KG,1000.0,G,,Não,85,https://www.fortali.com.br/base-pcreme-manteiga-buttercolor-bd-1kg-28394-1,2026-08-18 13:06:57,https://www.fortali.com.br/confeitaria?page=85,Pronto para comparar
Fortali Distribuidora,Confeitaria,CHANTY MAIS NORCAU 1L,CHANTY MAIS NORCAU 1L,28404,1L,1.0,L,1000.0,ML,,Não,85,https://www.fortali.com.br/chanty-mais-norcau-1l-28404-1,2026-08-18 13:06:57,https://www.fortali.com.br/confeitaria?page=85,Pronto para comparar
Fortali Distribuidora,Confeitaria,TRUFA SOS CHOCOLOVER,TRUFA SOS CHOCOLOVER,28405,,,,,,,Não,85,https://www.fortali.com.br/trufa-sos-chocolover-28405-1,2026-08-18 13:06:57,https://www.fortali.com.br/confeitaria?page=85,Revisar embalagem
Fortali Distribuidora,Confeitaria,FORMA SIMPLES SP 25 CORAC?O LISO PEQ BWB,FORMA SIMPLES SP 25 CORAC O LISO PEQ BWB,28463,,,,,,,Não,85,https://www.fortali.com.br/forma-simples-sp-25-coraco-liso-peq-bwb-28463-1,2026-08-18 13:06:57,https://www.fortali.com.br/confeitaria?page=85,Revisar embalagem
Fortali Distribuidora,Confeitaria,FORMA SIMPLES SP 05 RISCADO BWB,FORMA SIMPLES SP 05 RISCADO BWB,28464,,,,,,,Não,86,https://www.fortali.com.br/forma-simples-sp-05-riscado-bwb-28464-1,2026-08-18 13:06:57,https://www.fortali.com.br/confeitaria?page=86,Revisar embalagem
Fortali Distribuidora,Confeitaria,FORMA SIMPLES SP  BOMBOM MINI ROSA BWB,FORMA SIMPLES SP BOMBOM MINI ROSA BWB,28467,,,,,,,Não,86,https://www.fortali.com.br/forma-simples-sp--bombom-mini-rosa-bwb-28467-1,2026-08-18 13:06:57,https://www.fortali.com.br/confeitaria?page=86,Revisar embalagem
Fortali Distribuidora,Confeitaria,FORMA ESP SP 10514  PAO DE MEL GDE BWB,FORMA ESP SP 10514 PAO DE MEL GDE BWB,28468,,,,,,,Não,86,https://www.fortali.com.br/forma-esp-sp-10514--pao-de-mel-gde-bwb-28468-1,2026-08-18 13:06:57,https://www.fortali.com.br/confeitaria?page=86,Revisar embalagem
Fortali Distribuidora,Confeitaria,FORMA ESP TRAD CAIXINHA ALONGADA BWB,FORMA ESP TRAD CAIXINHA ALONGADA BWB,28469,,,,,,,Não,86,https://www.fortali.com.br/forma-esp-trad-caixinha-alongada-bwb-28469-1,2026-08-18 13:06:57,https://www.fortali.com.br/confeitaria?page=86,Revisar embalagem
Fortali Distribuidora,Confeitaria,FORM ESP TRAD TAB MELH PAI DE TODOS BWB,FORM ESP TRAD TAB MELH PAI DE TODOS BWB,28470,,,,,,,Não,86,https://www.fortali.com.br/form-esp-trad-tab-melh-pai-de-todos-bwb-28470-1,2026-08-18 13:06:57,https://www.fortali.com.br/confeitaria?page=86,Revisar embalagem
Fortali Distribuidora,Confeitaria,FORMA ESP TRAD TAB HAPPY VALENTINES BWB,FORMA ESP TRAD TAB HAPPY VALENTINES BWB,28471,,,,,,,Não,86,https://www.fortali.com.br/forma-esp-trad-tab-happy-valentines-bwb-28471-1,2026-08-18 13:06:57,https://www.fortali.com.br/confeitaria?page=86,Revisar embalagem
Fortali Distribuidora,Confeitaria,FORM ESP TRAD TAB FELIZ DIA DO NAMORADOS,FORM ESP TRAD TAB FELIZ DIA DO NAMORADOS,28472,,,,,,,Não,86,https://www.fortali.com.br/form-esp-trad-tab-feliz-dia-do-namorados-28472-1,2026-08-18 13:06:57,https://www.fortali.com.br/confeitaria?page=86,Revisar embalagem
Fortali Distribuidora,Confeitaria,FORMA ESP TRAD TABLETE TRIANGULO BWB,FORMA ESP TRAD TABLETE TRIANGULO BWB,28473,,,,,,,Não,86,https://www.fortali.com.br/forma-esp-trad-tablete-triangulo-bwb-28473-1,2026-08-18 13:06:57,https://www.fortali.com.br/confeitaria?page=86,Revisar embalagem
Fortali Distribuidora,Confeitaria,FORMA ESPECIAL TRAD TABLETE BOLINHA BWB,FORMA ESPECIAL TRAD TABLETE BOLINHA BWB,28474,,,,,,,Não,86,https://www.fortali.com.br/forma-especial-trad-tablete-bolinha-bwb-28474-1,2026-08-18 13:06:57,https://www.fortali.com.br/confeitaria?page=86,Revisar embalagem
Fortali Distribuidora,Confeitaria,CHANTY MIX AMELIA 200ML,CHANTY MIX AMELIA 200ML,28509,200ML,200.0,ML,200.0,ML,,Não,29,https://www.fortali.com.br/chanty-mix-amelia-200ml-28509-1,2026-08-18 13:06:57,https://www.fortali.com.br/confeitaria?page=29,Pronto para comparar
Fortali Distribuidora,Confeitaria,ESPATULA P/ BOLO DE METAL BRICOFLEX,ESPATULA P BOLO DE METAL BRICOFLEX,28529,,,,,,,Não,86,https://www.fortali.com.br/espatula-p-bolo-de-metal-bricoflex--28529-1,2026-08-18 13:06:57,https://www.fortali.com.br/confeitaria?page=86,Revisar embalagem
Fortali Distribuidora,Confeitaria,SUPORTE P/ CORTAR BOLO 5 ALT BRICOFLEX,SUPORTE P CORTAR BOLO 5 ALT BRICOFLEX,28533,,,,,,,Não,86,https://www.fortali.com.br/suporte-p-cortar-bolo-5-alt-bricoflex-28533-1,2026-08-18 13:06:57,https://www.fortali.com.br/confeitaria?page=86,Revisar embalagem
Fortali Distribuidora,Confeitaria,ESCOVA LIMPEZA DE BICO BRICOFLEX,ESCOVA LIMPEZA DE BICO BRICOFLEX,28534,,,,,,,Não,86,https://www.fortali.com.br/escova-limpeza-de-bico-bricoflex-28534-1,2026-08-18 13:06:57,https://www.fortali.com.br/confeitaria?page=86,Revisar embalagem
Fortali Distribuidora,Confeitaria,FLAKES CHOC AMARGO MONALISA LARGE GRANDE 1KG,FLAKES CHOC AMARGO MONALISA LARGE GRANDE 1KG,28537,1KG,1.0,KG,1000.0,G,,Não,32,https://www.fortali.com.br/flakes-choc-amargo-monalisa-large-grande-1kg-28537-1,2026-08-18 13:06:57,https://www.fortali.com.br/confeitaria?page=32,Pronto para comparar
Fortali Distribuidora,Confeitaria,CACAU EM PO 100% PLEIN AROME CALLEBAUT 1KG,CACAU EM PO 100% PLEIN AROME CALLEBAUT 1KG,28538,1KG,1.0,KG,1000.0,G,,Não,16,https://www.fortali.com.br/cacau-em-po-100-plein-arome-callebaut-1kg-28538-1,2026-08-18 13:06:57,https://www.fortali.com.br/confeitaria?page=16,Pronto para comparar
Fortali Distribuidora,Confeitaria,"CHOC BLEND SICAO NOBRE GOTAS PACOTE 2,05 KG","CHOC BLEND SICAO NOBRE GOTAS PACOTE 2,05 KG",28539,"2,05KG",2.05,KG,2050.0,G,,Não,32,https://www.fortali.com.br/choc-blend-sicao-nobre-gotas-pacote-2-05-kg-28539-1,2026-08-18 13:06:57,https://www.fortali.com.br/confeitaria?page=32,Pronto para comparar
Fortali Distribuidora,Confeitaria,KIT XÍCARA MEDIDORA G BRICOFLEX,KIT XICARA MEDIDORA G BRICOFLEX,28546,,,,,,,Não,86,https://www.fortali.com.br/kit-xicara-medidora-g-bricoflex--28546-1,2026-08-18 13:06:57,https://www.fortali.com.br/confeitaria?page=86,Revisar embalagem
Fortali Distribuidora,Confeitaria,KIT CUP CAKE BRICOFLEX,KIT CUP CAKE BRICOFLEX,28548,,,,,,,Não,86,https://www.fortali.com.br/kit-cup-cake-bricoflex-28548-1,2026-08-18 13:06:57,https://www.fortali.com.br/confeitaria?page=86,Revisar embalagem
Fortali Distribuidora,Confeitaria,CHOC COB BLEND NESTLE BARRA 1KG,CHOC COB BLEND NESTLE BARRA 1KG,28551,1KG,1.0,KG,1000.0,G,,Não,86,https://www.fortali.com.br/choc-cob-blend-nestle-barra-1kg-28551-1,2026-08-18 13:06:57,https://www.fortali.com.br/confeitaria?page=86,Pronto para comparar
Fortali Distribuidora,Confeitaria,MINI CEREAL BALL CROC CHOCOLATE DECORA 500G,MINI CEREAL BALL CROC CHOCOLATE DECORA 500G,28552,500G,500.0,G,500.0,G,,Não,86,https://www.fortali.com.br/mini-cereal-ball-croc-chocolate-decora-500g-28552-1,2026-08-18 13:06:57,https://www.fortali.com.br/confeitaria?page=86,Pronto para comparar
Fortali Distribuidora,Confeitaria,MINI CEREAL BALL CROC BCO DECORA 300G,MINI CEREAL BALL CROC BCO DECORA 300G,28553,300G,300.0,G,300.0,G,,Não,86,https://www.fortali.com.br/mini-cereal-ball-croc-bco-decora-300g-28553-1,2026-08-18 13:06:57,https://www.fortali.com.br/confeitaria?page=86,Pronto para comparar
Fortali Distribuidora,Confeitaria,KIT EJETOR MAX FLORES BLUESTAR 5 PECAS,KIT EJETOR MAX FLORES BLUESTAR 5 PECAS,28561,,,,,,,Não,86,https://www.fortali.com.br/kit-ejetor-max-flores-bluestar-5-pecas--28561-1,2026-08-18 13:06:57,https://www.fortali.com.br/confeitaria?page=86,Revisar embalagem
Fortali Distribuidora,Confeitaria,KIT EJETOR MAX CORAC?ES PACOTE C/10UN,KIT EJETOR MAX CORAC ES PACOTE C 10UN,28562,,,,,,,Não,86,https://www.fortali.com.br/kit-ejetor-max-coraces-pacote-c10un-28562-1,2026-08-18 13:06:57,https://www.fortali.com.br/confeitaria?page=86,Revisar embalagem
Fortali Distribuidora,Confeitaria,CHANTILLY CESIBON ORIGINAL UHT 1L,CHANTILLY CESIBON ORIGINAL UHT 1L,28610,1L,1.0,L,1000.0,ML,,Não,12,https://www.fortali.com.br/chantilly-cesibon-original-uht-1l-28610-1,2026-08-18 13:06:57,https://www.fortali.com.br/confeitaria?page=12,Pronto para comparar
Fortali Distribuidora,Confeitaria,CHANTILLY CESIBON PLUS UHT 1L,CHANTILLY CESIBON PLUS UHT 1L,28611,1L,1.0,L,1000.0,ML,,Não,86,https://www.fortali.com.br/chantilly-cesibon-plus-uht-1l-28611-1,2026-08-18 13:06:57,https://www.fortali.com.br/confeitaria?page=86,Pronto para comparar
Fortali Distribuidora,Confeitaria,PASTA GUSTOSIA GIANDUIA 90G,PASTA GUSTOSIA GIANDUIA 90G,28625,90G,90.0,G,90.0,G,,Não,24,https://www.fortali.com.br/pasta-gustosia-gianduia-90g-28625-1,2026-08-18 13:06:57,https://www.fortali.com.br/confeitaria?page=24,Pronto para comparar
Fortali Distribuidora,Confeitaria,PASTA GUSTOSIA ROMA 90G,PASTA GUSTOSIA ROMA 90G,28626,90G,90.0,G,90.0,G,,Não,86,https://www.fortali.com.br/pasta-gustosia-roma-90g-28626-1,2026-08-18 13:06:57,https://www.fortali.com.br/confeitaria?page=86,Pronto para comparar
Fortali Distribuidora,Confeitaria,PASTA GUSTOSIA CAFFE 90G,PASTA GUSTOSIA CAFFE 90G,28627,90G,90.0,G,90.0,G,,Não,24,https://www.fortali.com.br/pasta-gustosia-caffe-90g-28627-1,2026-08-18 13:06:57,https://www.fortali.com.br/confeitaria?page=24,Pronto para comparar
Fortali Distribuidora,Confeitaria,PASTA GUSTOSIA DAMASCO CLASSIC 90G,PASTA GUSTOSIA DAMASCO CLASSIC 90G,28628,90G,90.0,G,90.0,G,,Não,86,https://www.fortali.com.br/pasta-gustosia-damasco-classic-90g-28628-1,2026-08-18 13:06:57,https://www.fortali.com.br/confeitaria?page=86,Pronto para comparar
Fortali Distribuidora,Confeitaria,PASTA GUSTOSIA NOCCIOLISSIMA 90G,PASTA GUSTOSIA NOCCIOLISSIMA 90G,28629,90G,90.0,G,90.0,G,,Não,86,https://www.fortali.com.br/pasta-gustosia-nocciolissima-90g-28629-1,2026-08-18 13:06:57,https://www.fortali.com.br/confeitaria?page=86,Pronto para comparar
Fortali Distribuidora,Confeitaria,PASTA GUSTOSIA MENTA 90G,PASTA GUSTOSIA MENTA 90G,28630,90G,90.0,G,90.0,G,,Não,86,https://www.fortali.com.br/pasta-gustosia-menta-90g-28630-1,2026-08-18 13:06:57,https://www.fortali.com.br/confeitaria?page=86,Pronto para comparar
Fortali Distribuidora,Confeitaria,PASTA GUSTOSIA WHISKY CREAM 90G,PASTA GUSTOSIA WHISKY CREAM 90G,28631,90G,90.0,G,90.0,G,,Não,87,https://www.fortali.com.br/pasta-gustosia-whisky-cream-90g-28631-1,2026-08-18 13:06:57,https://www.fortali.com.br/confeitaria?page=87,Pronto para comparar
Fortali Distribuidora,Confeitaria,PASTA GUSTOSIA DOCE DE LEITE 90G,PASTA GUSTOSIA DOCE DE LEITE 90G,28632,90G,90.0,G,90.0,G,,Não,87,https://www.fortali.com.br/pasta-gustosia-doce-de-leite-90g-28632-1,2026-08-18 13:06:57,https://www.fortali.com.br/confeitaria?page=87,Pronto para comparar
Fortali Distribuidora,Confeitaria,ACUCAR CONFEITEIRO SNOW SUGAR 500G,ACUCAR CONFEITEIRO SNOW SUGAR 500G,28633,500G,500.0,G,500.0,G,,Não,35,https://www.fortali.com.br/acucar-confeiteiro-snow-sugar-500g-28633-1,2026-08-18 13:06:57,https://www.fortali.com.br/confeitaria?page=35,Pronto para comparar
Fortali Distribuidora,Confeitaria,CHOCOPOWER MINI CHOCOLATE 300G,CHOCOPOWER MINI CHOCOLATE 300G,28634,300G,300.0,G,300.0,G,,Não,24,https://www.fortali.com.br/chocopower-mini-chocolate-300g-28634-1,2026-08-18 13:06:57,https://www.fortali.com.br/confeitaria?page=24,Pronto para comparar
Fortali Distribuidora,Confeitaria,CACAU EM PO BLACK MAVALERIO 180G,CACAU EM PO BLACK MAVALERIO 180G,28636,180G,180.0,G,180.0,G,,Não,36,https://www.fortali.com.br/cacau-em-po-black-mavalerio-180g-28636-1,2026-08-18 13:06:57,https://www.fortali.com.br/confeitaria?page=36,Pronto para comparar
Fortali Distribuidora,Confeitaria,SABOR P/CHANTILY MARACUJA MAVALERIO 80G,SABOR P CHANTILY MARACUJA MAVALERIO 80G,28637,80G,80.0,G,80.0,G,,Não,87,https://www.fortali.com.br/sabor-pchantily-maracuja-mavalerio-80g-28637-1,2026-08-18 13:06:57,https://www.fortali.com.br/confeitaria?page=87,Pronto para comparar
Fortali Distribuidora,Confeitaria,SABOR P/CHANTILY AVELA MAVALERIO 80G,SABOR P CHANTILY AVELA MAVALERIO 80G,28638,80G,80.0,G,80.0,G,,Não,87,https://www.fortali.com.br/sabor-pchantily-avela-mavalerio-80g-28638-1,2026-08-18 13:06:57,https://www.fortali.com.br/confeitaria?page=87,Pronto para comparar
Fortali Distribuidora,Confeitaria,SABOR P/CHANTILY AVELA MAVALERIO 80G,SABOR P CHANTILY AVELA MAVALERIO 80G,28639,80G,80.0,G,80.0,G,,Não,87,https://www.fortali.com.br/sabor-pchantily-avela-mavalerio-80g-28639-1,2026-08-18 13:06:57,https://www.fortali.com.br/confeitaria?page=87,Pronto para comparar
Fortali Distribuidora,Confeitaria,FORMINHA 4 PET MARROM CORAÇAO SULFORMAS,FORMINHA 4 PET MARROM CORACAO SULFORMAS,28674,,,,,,,Não,87,https://www.fortali.com.br/forminha-4-pet-marrom-coracao-sulformas-28674-1,2026-08-18 13:06:57,https://www.fortali.com.br/confeitaria?page=87,Revisar embalagem
Fortali Distribuidora,Confeitaria,FORMINHA 4 PET MARROM FIORI SULFORMAS,FORMINHA 4 PET MARROM FIORI SULFORMAS,28675,,,,,,,Não,87,https://www.fortali.com.br/forminha-4-pet-marrom-fiori-sulformas-28675-1,2026-08-18 13:06:57,https://www.fortali.com.br/confeitaria?page=87,Revisar embalagem
Fortali Distribuidora,Confeitaria,FORMINHA 4 PETALAS MARROM LINHA SULFORM,FORMINHA 4 PETALAS MARROM LINHA SULFORM,28676,,,,,,,Não,87,https://www.fortali.com.br/forminha-4-petalas-marrom-linha-sulform-28676-1,2026-08-18 13:06:57,https://www.fortali.com.br/confeitaria?page=87,Revisar embalagem
Fortali Distribuidora,Confeitaria,FORMINHA 4 PETALAS BCO CORAÇAO SULFORMAS,FORMINHA 4 PETALAS BCO CORACAO SULFORMAS,28677,,,,,,,Não,87,https://www.fortali.com.br/forminha-4-petalas-bco-coracao-sulformas-28677-1,2026-08-18 13:06:57,https://www.fortali.com.br/confeitaria?page=87,Revisar embalagem
Fortali Distribuidora,Confeitaria,FORMINHA 4 PETALAS BCO FIORI SULFORMAS,FORMINHA 4 PETALAS BCO FIORI SULFORMAS,28678,,,,,,,Não,87,https://www.fortali.com.br/forminha-4-petalas-bco-fiori-sulformas-28678-1,2026-08-18 13:06:57,https://www.fortali.com.br/confeitaria?page=87,Revisar embalagem
Fortali Distribuidora,Confeitaria,FORMINHA 4 PETALAS BCO LINHA SULFORMAS,FORMINHA 4 PETALAS BCO LINHA SULFORMAS,28679,,,,,,,Não,87,https://www.fortali.com.br/forminha-4-petalas-bco-linha-sulformas-28679-1,2026-08-18 13:06:57,https://www.fortali.com.br/confeitaria?page=87,Revisar embalagem
Fortali Distribuidora,Confeitaria,FORMINHA 4 PETALAS ROSA CORAÇAO SULFORM,FORMINHA 4 PETALAS ROSA CORACAO SULFORM,28680,,,,,,,Não,87,https://www.fortali.com.br/forminha-4-petalas-rosa-coracao-sulform-28680-1,2026-08-18 13:06:57,https://www.fortali.com.br/confeitaria?page=87,Revisar embalagem
Fortali Distribuidora,Confeitaria,FORMINHA 4 PETALAS ROSA FIORI SULFORMAS,FORMINHA 4 PETALAS ROSA FIORI SULFORMAS,28681,,,,,,,Não,87,https://www.fortali.com.br/forminha-4-petalas-rosa-fiori-sulformas-28681-1,2026-08-18 13:06:57,https://www.fortali.com.br/confeitaria?page=87,Revisar embalagem
Fortali Distribuidora,Confeitaria,FORMINHA 4 PETALAS ROSA LINHA SULFORMAS,FORMINHA 4 PETALAS ROSA LINHA SULFORMAS,28682,,,,,,,Não,87,https://www.fortali.com.br/forminha-4-petalas-rosa-linha-sulformas-28682-1,2026-08-18 13:06:57,https://www.fortali.com.br/confeitaria?page=87,Revisar embalagem
Fortali Distribuidora,Confeitaria,"BOMBOM FERRERO ROCHER 37,5G PCT C/3UN","BOMBOM FERRERO ROCHER 37,5G PCT C 3UN",28742,"37,5G",37.5,G,37.5,G,,Não,87,https://www.fortali.com.br/bombom-ferrero-rocher-375g-pct-c3un-28742-1,2026-08-18 13:06:57,https://www.fortali.com.br/confeitaria?page=87,Pronto para comparar
Fortali Distribuidora,Confeitaria,BOMBOM FERRERO ROCHER 100G PCT C/8UN,BOMBOM FERRERO ROCHER 100G PCT C 8UN,28743,100G,100.0,G,100.0,G,,Não,87,https://www.fortali.com.br/bombom-ferrero-rocher-100g-pct-c8un-28743-1,2026-08-18 13:06:57,https://www.fortali.com.br/confeitaria?page=87,Pronto para comparar
Fortali Distribuidora,Confeitaria,CHOCOLATE KINDER BUENO WHITE T2,CHOCOLATE KINDER BUENO WHITE T2,28744,,,,,,,Não,87,https://www.fortali.com.br/chocolate-kinder-bueno-white-t2-28744-1,2026-08-18 13:06:57,https://www.fortali.com.br/confeitaria?page=87,Revisar embalagem
Fortali Distribuidora,Confeitaria,CHOCOLATE KINDER JOY LEI T1,CHOCOLATE KINDER JOY LEI T1,28745,,,,,,,Não,87,https://www.fortali.com.br/chocolate-kinder-joy-lei-t1-28745-1,2026-08-18 13:06:57,https://www.fortali.com.br/confeitaria?page=87,Revisar embalagem
Fortali Distribuidora,Confeitaria,CHOCOLATE KINDER JOY LUI T1,CHOCOLATE KINDER JOY LUI T1,28746,,,,,,,Não,87,https://www.fortali.com.br/chocolate-kinder-joy-lui-t1-28746-1,2026-08-18 13:06:57,https://www.fortali.com.br/confeitaria?page=87,Revisar embalagem
Fortali Distribuidora,Confeitaria,CHOCOLATE KINDER TRONKY T1 180G,CHOCOLATE KINDER TRONKY T1 180G,28747,180G,180.0,G,180.0,G,,Não,87,https://www.fortali.com.br/chocolate-kinder-tronky-t1-180g-28747-1,2026-08-18 13:06:57,https://www.fortali.com.br/confeitaria?page=87,Pronto para comparar
Fortali Distribuidora,Confeitaria,GLITTER P/ DECORACAO AZUL FLEXFEST 5G,GLITTER P DECORACAO AZUL FLEXFEST 5G,28777,5G,5.0,G,5.0,G,,Não,87,https://www.fortali.com.br/glitter-p-decoracao-azul-flexfest-5g-28777-1,2026-08-18 13:06:57,https://www.fortali.com.br/confeitaria?page=87,Pronto para comparar
Fortali Distribuidora,Confeitaria,GLITTER P/ DECORACAO AZUL ROYAL FLEXFEST 5G,GLITTER P DECORACAO AZUL ROYAL FLEXFEST 5G,28778,5G,5.0,G,5.0,G,,Não,87,https://www.fortali.com.br/glitter-p-decoracao-azul-royal-flexfest-5g-28778-1,2026-08-18 13:06:57,https://www.fortali.com.br/confeitaria?page=87,Pronto para comparar
Fortali Distribuidora,Confeitaria,GLITTER P/ DECORACAO AZUL TURQUESA FLEXFEST 5G,GLITTER P DECORACAO AZUL TURQUESA FLEXFEST 5G,28779,5G,5.0,G,5.0,G,,Não,87,https://www.fortali.com.br/glitter-p-decoracao-azul-turquesa-flexfest-5g-28779-1,2026-08-18 13:06:57,https://www.fortali.com.br/confeitaria?page=87,Pronto para comparar
Fortali Distribuidora,Confeitaria,GLITTER P/ DECORACAO BRONZE FLEXFEST 5G,GLITTER P DECORACAO BRONZE FLEXFEST 5G,28780,5G,5.0,G,5.0,G,,Não,87,https://www.fortali.com.br/glitter-p-decoracao-bronze-flexfest-5g-28780-1,2026-08-18 13:06:57,https://www.fortali.com.br/confeitaria?page=87,Pronto para comparar
Fortali Distribuidora,Confeitaria,GLITTER P/ DECORACAO LILAS FLEXFEST 5G,GLITTER P DECORACAO LILAS FLEXFEST 5G,28781,5G,5.0,G,5.0,G,,Não,88,https://www.fortali.com.br/glitter-p-decoracao-lilas-flexfest-5g-28781-1,2026-08-18 13:06:57,https://www.fortali.com.br/confeitaria?page=88,Pronto para comparar
Fortali Distribuidora,Confeitaria,GLITTER P/ DECORACAO MAGENTA FLEXFEST 5G,GLITTER P DECORACAO MAGENTA FLEXFEST 5G,28782,5G,5.0,G,5.0,G,,Não,88,https://www.fortali.com.br/glitter-p-decoracao-magenta-flexfest-5g-28782-1,2026-08-18 13:06:57,https://www.fortali.com.br/confeitaria?page=88,Pronto para comparar
Fortali Distribuidora,Confeitaria,GLITTER P/ DECORACAO OURO FLEXFEST 5G,GLITTER P DECORACAO OURO FLEXFEST 5G,28783,5G,5.0,G,5.0,G,,Não,88,https://www.fortali.com.br/glitter-p-decoracao-ouro-flexfest-5g-28783-1,2026-08-18 13:06:57,https://www.fortali.com.br/confeitaria?page=88,Pronto para comparar
Fortali Distribuidora,Confeitaria,GLITTER P/ DECOR OURO ANTIGO FLEXFEST 5G,GLITTER P DECOR OURO ANTIGO FLEXFEST 5G,28784,5G,5.0,G,5.0,G,,Não,88,https://www.fortali.com.br/glitter-p-decor-ouro-antigo-flexfest-5g-28784-1,2026-08-18 13:06:57,https://www.fortali.com.br/confeitaria?page=88,Pronto para comparar
Fortali Distribuidora,Confeitaria,GLITTER P/ DECORACAO PEROLA FLEXFEST 5G,GLITTER P DECORACAO PEROLA FLEXFEST 5G,28785,5G,5.0,G,5.0,G,,Não,88,https://www.fortali.com.br/glitter-p-decoracao-perola-flexfest-5g-28785-1,2026-08-18 13:06:57,https://www.fortali.com.br/confeitaria?page=88,Pronto para comparar
Fortali Distribuidora,Confeitaria,GLITTER P/ DECORACAO PISCA FLEXFEST 5G,GLITTER P DECORACAO PISCA FLEXFEST 5G,28786,5G,5.0,G,5.0,G,,Não,88,https://www.fortali.com.br/glitter-p-decoracao-pisca-flexfest-5g-28786-1,2026-08-18 13:06:57,https://www.fortali.com.br/confeitaria?page=88,Pronto para comparar
Fortali Distribuidora,Confeitaria,GLITTER P/ DECORACAO PRATA FLEXFEST 5G,GLITTER P DECORACAO PRATA FLEXFEST 5G,28787,5G,5.0,G,5.0,G,,Não,88,https://www.fortali.com.br/glitter-p-decoracao-prata-flexfest-5g-28787-1,2026-08-18 13:06:57,https://www.fortali.com.br/confeitaria?page=88,Pronto para comparar
Fortali Distribuidora,Confeitaria,GLITTER P/ DECORACAO PRETO FLEXFEST 5G,GLITTER P DECORACAO PRETO FLEXFEST 5G,28788,5G,5.0,G,5.0,G,,Não,88,https://www.fortali.com.br/glitter-p-decoracao-preto-flexfest-5g-28788-1,2026-08-18 13:06:57,https://www.fortali.com.br/confeitaria?page=88,Pronto para comparar
Fortali Distribuidora,Confeitaria,GLITTER P/ DECORACAO ROSA FLEXFEST 5G,GLITTER P DECORACAO ROSA FLEXFEST 5G,28789,5G,5.0,G,5.0,G,,Não,88,https://www.fortali.com.br/glitter-p-decoracao-rosa-flexfest-5g-28789-1,2026-08-18 13:06:57,https://www.fortali.com.br/confeitaria?page=88,Pronto para comparar
Fortali Distribuidora,Confeitaria,GLITTER P/ DECORACAO ROSA CLARO FLEXFEST 5G,GLITTER P DECORACAO ROSA CLARO FLEXFEST 5G,28790,5G,5.0,G,5.0,G,,Não,88,https://www.fortali.com.br/glitter-p-decoracao-rosa-claro-flexfest-5g-28790-1,2026-08-18 13:06:57,https://www.fortali.com.br/confeitaria?page=88,Pronto para comparar
Fortali Distribuidora,Confeitaria,GLITTER P/ DECORACAO ROSA CLARO FLEXFEST 5G,GLITTER P DECORACAO ROSA CLARO FLEXFEST 5G,28791,5G,5.0,G,5.0,G,,Não,88,https://www.fortali.com.br/glitter-p-decoracao-rosa-claro-flexfest-5g-28791-1,2026-08-18 13:06:57,https://www.fortali.com.br/confeitaria?page=88,Pronto para comparar
Fortali Distribuidora,Confeitaria,GLITTER P/ DECORACAO ROSE GOLD FLEXFEST 5G,GLITTER P DECORACAO ROSE GOLD FLEXFEST 5G,28792,5G,5.0,G,5.0,G,,Não,88,https://www.fortali.com.br/glitter-p-decoracao-rose-gold-flexfest-5g-28792-1,2026-08-18 13:06:57,https://www.fortali.com.br/confeitaria?page=88,Pronto para comparar
Fortali Distribuidora,Confeitaria,GLITTER P/ DECORACAO VERDE FLEXFEST 5G,GLITTER P DECORACAO VERDE FLEXFEST 5G,28793,5G,5.0,G,5.0,G,,Não,88,https://www.fortali.com.br/glitter-p-decoracao-verde-flexfest-5g-28793-1,2026-08-18 13:06:57,https://www.fortali.com.br/confeitaria?page=88,Pronto para comparar
Fortali Distribuidora,Confeitaria,GLITTER P/ DECORACAO VERDE CLARO FLEXFEST 5G,GLITTER P DECORACAO VERDE CLARO FLEXFEST 5G,28794,5G,5.0,G,5.0,G,,Não,88,https://www.fortali.com.br/glitter-p-decoracao-verde-claro-flexfest-5g-28794-1,2026-08-18 13:06:57,https://www.fortali.com.br/confeitaria?page=88,Pronto para comparar
Fortali Distribuidora,Confeitaria,GLITTER P/ DECORACAO VERMELHO FLEXFEST 5G,GLITTER P DECORACAO VERMELHO FLEXFEST 5G,28795,5G,5.0,G,5.0,G,,Não,88,https://www.fortali.com.br/glitter-p-decoracao-vermelho-flexfest-5g-28795-1,2026-08-18 13:06:57,https://www.fortali.com.br/confeitaria?page=88,Pronto para comparar
Fortali Distribuidora,Confeitaria,GLITTER P/ DECORACAO VIOLETA FLEXFEST 5G,GLITTER P DECORACAO VIOLETA FLEXFEST 5G,28796,5G,5.0,G,5.0,G,,Não,88,https://www.fortali.com.br/glitter-p-decoracao-violeta-flexfest-5g-28796-1,2026-08-18 13:06:57,https://www.fortali.com.br/confeitaria?page=88,Pronto para comparar
Fortali Distribuidora,Confeitaria,GLITTER P/ DECORACAO VIOLETA FLEXFEST 5G,GLITTER P DECORACAO VIOLETA FLEXFEST 5G,28797,5G,5.0,G,5.0,G,,Não,88,https://www.fortali.com.br/glitter-p-decoracao-violeta-flexfest-5g-28797-1,2026-08-18 13:06:57,https://www.fortali.com.br/confeitaria?page=88,Pronto para comparar
Fortali Distribuidora,Confeitaria,GLITTER P/ DECORACAO ROSE GOLD FLEXFEST 25G,GLITTER P DECORACAO ROSE GOLD FLEXFEST 25G,28798,25G,25.0,G,25.0,G,,Não,88,https://www.fortali.com.br/glitter-p-decoracao-rose-gold-flexfest-25g-28798-1,2026-08-18 13:06:57,https://www.fortali.com.br/confeitaria?page=88,Pronto para comparar
Fortali Distribuidora,Confeitaria,GLITTER P/ DECORACAO OURO FLEXFEST 25G,GLITTER P DECORACAO OURO FLEXFEST 25G,28799,25G,25.0,G,25.0,G,,Não,88,https://www.fortali.com.br/glitter-p-decoracao-ouro-flexfest-25g-28799-1,2026-08-18 13:06:57,https://www.fortali.com.br/confeitaria?page=88,Pronto para comparar
Fortali Distribuidora,Confeitaria,GLITTER P/ DECORACAO PEROLA FLEXFEST 25G,GLITTER P DECORACAO PEROLA FLEXFEST 25G,28800,25G,25.0,G,25.0,G,,Não,88,https://www.fortali.com.br/glitter-p-decoracao-perola-flexfest-25g-28800-1,2026-08-18 13:06:57,https://www.fortali.com.br/confeitaria?page=88,Pronto para comparar
Fortali Distribuidora,Confeitaria,GLITTER P/ DECORACAO NEON AMARELO FLEXFEST 5G,GLITTER P DECORACAO NEON AMARELO FLEXFEST 5G,28801,5G,5.0,G,5.0,G,,Não,88,https://www.fortali.com.br/glitter-p-decoracao-neon-amarelo-flexfest-5g-28801-1,2026-08-18 13:06:57,https://www.fortali.com.br/confeitaria?page=88,Pronto para comparar
Fortali Distribuidora,Confeitaria,GLITTER P/ DECORACAO NEON AZUL FLEXFEST 5G,GLITTER P DECORACAO NEON AZUL FLEXFEST 5G,28802,5G,5.0,G,5.0,G,,Não,88,https://www.fortali.com.br/glitter-p-decoracao-neon-azul-flexfest-5g-28802-1,2026-08-18 13:06:57,https://www.fortali.com.br/confeitaria?page=88,Pronto para comparar
Fortali Distribuidora,Confeitaria,GLITTER P DECOR NEON LARANJA FLEXFEST 5G,GLITTER P DECOR NEON LARANJA FLEXFEST 5G,28803,5G,5.0,G,5.0,G,,Não,88,https://www.fortali.com.br/glitter-p-decor-neon-laranja-flexfest-5g-28803-1,2026-08-18 13:06:57,https://www.fortali.com.br/confeitaria?page=88,Pronto para comparar
Fortali Distribuidora,Confeitaria,GLITTER P/ DECORACAO NEON LILAS FLEXFEST 5G,GLITTER P DECORACAO NEON LILAS FLEXFEST 5G,28804,5G,5.0,G,5.0,G,,Não,88,https://www.fortali.com.br/glitter-p-decoracao-neon-lilas-flexfest-5g-28804-1,2026-08-18 13:06:57,https://www.fortali.com.br/confeitaria?page=88,Pronto para comparar
Fortali Distribuidora,Confeitaria,GLITTER P/ DECORACAO NEON PINK FLEXFEST 5G,GLITTER P DECORACAO NEON PINK FLEXFEST 5G,28805,5G,5.0,G,5.0,G,,Não,89,https://www.fortali.com.br/glitter-p-decoracao-neon-pink-flexfest-5g-28805-1,2026-08-18 13:06:57,https://www.fortali.com.br/confeitaria?page=89,Pronto para comparar
Fortali Distribuidora,Confeitaria,GLITTER P/ DECORAC?O NEON VERDE FLEXFEST 5G,GLITTER P DECORAC O NEON VERDE FLEXFEST 5G,28806,5G,5.0,G,5.0,G,,Não,89,https://www.fortali.com.br/glitter-p-decoraco-neon-verde-flexfest-5g-28806-1,2026-08-18 13:06:57,https://www.fortali.com.br/confeitaria?page=89,Pronto para comparar
Fortali Distribuidora,Confeitaria,PO P/ DECORACAO AZUL FLEXFEST 3G,PO P DECORACAO AZUL FLEXFEST 3G,28807,3G,3.0,G,3.0,G,,Não,89,https://www.fortali.com.br/po-p-decoracao-azul-flexfest-3g-28807-1,2026-08-18 13:06:57,https://www.fortali.com.br/confeitaria?page=89,Pronto para comparar
Fortali Distribuidora,Confeitaria,PO P/ DECORACAO AZUL BRILHANTE FLEXFEST 3G,PO P DECORACAO AZUL BRILHANTE FLEXFEST 3G,28808,3G,3.0,G,3.0,G,,Não,89,https://www.fortali.com.br/po-p-decoracao-azul-brilhante-flexfest-3g-28808-1,2026-08-18 13:06:57,https://www.fortali.com.br/confeitaria?page=89,Pronto para comparar
Fortali Distribuidora,Confeitaria,PO P/ DECORACAO AZUL MARINHO FLEXFEST 3G,PO P DECORACAO AZUL MARINHO FLEXFEST 3G,28809,3G,3.0,G,3.0,G,,Não,89,https://www.fortali.com.br/po-p-decoracao-azul-marinho-flexfest-3g-28809-1,2026-08-18 13:06:57,https://www.fortali.com.br/confeitaria?page=89,Pronto para comparar
Fortali Distribuidora,Confeitaria,PO P/ DECORACAO AZUL ROYAL FLEXFEST 3G,PO P DECORACAO AZUL ROYAL FLEXFEST 3G,28810,3G,3.0,G,3.0,G,,Não,89,https://www.fortali.com.br/po-p-decoracao-azul-royal-flexfest-3g-28810-1,2026-08-18 13:06:57,https://www.fortali.com.br/confeitaria?page=89,Pronto para comparar
Fortali Distribuidora,Confeitaria,PO P/ DECORACAO AZUL TIFFANY FLEXFEST 3G,PO P DECORACAO AZUL TIFFANY FLEXFEST 3G,28811,3G,3.0,G,3.0,G,,Não,89,https://www.fortali.com.br/po-p-decoracao-azul-tiffany-flexfest-3g-28811-1,2026-08-18 13:06:57,https://www.fortali.com.br/confeitaria?page=89,Pronto para comparar
Fortali Distribuidora,Confeitaria,PO P/ DECORACAO CRISTAL FLEXFEST 3G,PO P DECORACAO CRISTAL FLEXFEST 3G,28812,3G,3.0,G,3.0,G,,Não,89,https://www.fortali.com.br/po-p-decoracao-cristal-flexfest-3g-28812-1,2026-08-18 13:06:57,https://www.fortali.com.br/confeitaria?page=89,Pronto para comparar
Fortali Distribuidora,Confeitaria,PO P/ DECORACAO DOURADO FLEXFEST 3G,PO P DECORACAO DOURADO FLEXFEST 3G,28819,3G,3.0,G,3.0,G,,Não,89,https://www.fortali.com.br/po-p-decoracao-dourado-flexfest-3g-28819-1,2026-08-18 13:06:57,https://www.fortali.com.br/confeitaria?page=89,Pronto para comparar
Fortali Distribuidora,Confeitaria,PO P/ DECORACAO LILAS FLEXFEST 3G,PO P DECORACAO LILAS FLEXFEST 3G,28820,3G,3.0,G,3.0,G,,Não,89,https://www.fortali.com.br/po-p-decoracao-lilas-flexfest-3g-28820-1,2026-08-18 13:06:57,https://www.fortali.com.br/confeitaria?page=89,Pronto para comparar
Fortali Distribuidora,Confeitaria,PO P/ DECORACAO MAGENTA FLEXFEST 3G,PO P DECORACAO MAGENTA FLEXFEST 3G,28821,3G,3.0,G,3.0,G,,Não,89,https://www.fortali.com.br/po-p-decoracao-magenta-flexfest-3g-28821-1,2026-08-18 13:06:57,https://www.fortali.com.br/confeitaria?page=89,Pronto para comparar
Fortali Distribuidora,Confeitaria,PO P/ DECORACAO OURO FLEXFEST 3G,PO P DECORACAO OURO FLEXFEST 3G,28822,3G,3.0,G,3.0,G,,Não,89,https://www.fortali.com.br/po-p-decoracao-ouro-flexfest-3g-28822-1,2026-08-18 13:06:57,https://www.fortali.com.br/confeitaria?page=89,Pronto para comparar
Fortali Distribuidora,Confeitaria,PO P/ DECORACAO OURO ANTIGO FLEXFEST 3G,PO P DECORACAO OURO ANTIGO FLEXFEST 3G,28823,3G,3.0,G,3.0,G,,Não,89,https://www.fortali.com.br/po-p-decoracao-ouro-antigo-flexfest-3g-28823-1,2026-08-18 13:06:57,https://www.fortali.com.br/confeitaria?page=89,Pronto para comparar
Fortali Distribuidora,Confeitaria,PO P/ DECORACAO PEROLA FLEXFEST 3G,PO P DECORACAO PEROLA FLEXFEST 3G,28824,3G,3.0,G,3.0,G,,Não,89,https://www.fortali.com.br/po-p-decoracao-perola-flexfest-3g-28824-1,2026-08-18 13:06:57,https://www.fortali.com.br/confeitaria?page=89,Pronto para comparar
Fortali Distribuidora,Confeitaria,PO P/ DECORACAO PRATA FLEXFEST 3G,PO P DECORACAO PRATA FLEXFEST 3G,28825,3G,3.0,G,3.0,G,,Não,89,https://www.fortali.com.br/po-p-decoracao-prata-flexfest-3g-28825-1,2026-08-18 13:06:57,https://www.fortali.com.br/confeitaria?page=89,Pronto para comparar
Fortali Distribuidora,Confeitaria,PO P/ DECORACAO PRETO FLEXFEST 3G,PO P DECORACAO PRETO FLEXFEST 3G,28826,3G,3.0,G,3.0,G,,Não,89,https://www.fortali.com.br/po-p-decoracao-preto-flexfest-3g-28826-1,2026-08-18 13:06:57,https://www.fortali.com.br/confeitaria?page=89,Pronto para comparar
Fortali Distribuidora,Confeitaria,PO P/ DECORACAO ROSA FLEXFEST 3G,PO P DECORACAO ROSA FLEXFEST 3G,28827,3G,3.0,G,3.0,G,,Não,89,https://www.fortali.com.br/po-p-decoracao-rosa-flexfest-3g-28827-1,2026-08-18 13:06:57,https://www.fortali.com.br/confeitaria?page=89,Pronto para comparar
Fortali Distribuidora,Confeitaria,PO P/ DECORACAO ROSE FLEXFEST 3G,PO P DECORACAO ROSE FLEXFEST 3G,28828,3G,3.0,G,3.0,G,,Não,89,https://www.fortali.com.br/po-p-decoracao-rose-flexfest-3g-28828-1,2026-08-18 13:06:57,https://www.fortali.com.br/confeitaria?page=89,Pronto para comparar
Fortali Distribuidora,Confeitaria,PO P/ DECORACAO ROSE GOLD FLEXFEST 3G,PO P DECORACAO ROSE GOLD FLEXFEST 3G,28829,3G,3.0,G,3.0,G,,Não,89,https://www.fortali.com.br/po-p-decoracao-rose-gold-flexfest-3g-28829-1,2026-08-18 13:06:57,https://www.fortali.com.br/confeitaria?page=89,Pronto para comparar
Fortali Distribuidora,Confeitaria,COR. GEL AMARELO 30 G ARCOLOR,COR. GEL AMARELO 30 G ARCOLOR,2883,30G,30.0,G,30.0,G,,Não,89,https://www.fortali.com.br/cor-gel-amarelo-30-g-arcolor-2883-1,2026-08-18 13:06:57,https://www.fortali.com.br/confeitaria?page=89,Pronto para comparar
Fortali Distribuidora,Confeitaria,PO P/ DECORACAO VERDE FOLHA FLEXFEST 3G,PO P DECORACAO VERDE FOLHA FLEXFEST 3G,28830,3G,3.0,G,3.0,G,,Não,89,https://www.fortali.com.br/po-p-decoracao-verde-folha-flexfest-3g-28830-1,2026-08-18 13:06:57,https://www.fortali.com.br/confeitaria?page=89,Pronto para comparar
Fortali Distribuidora,Confeitaria,PO P/ DECORACAO VERDE CLARO FLEXFEST 3G,PO P DECORACAO VERDE CLARO FLEXFEST 3G,28831,3G,3.0,G,3.0,G,,Não,89,https://www.fortali.com.br/po-p-decoracao-verde-claro-flexfest-3g-28831-1,2026-08-18 13:06:57,https://www.fortali.com.br/confeitaria?page=89,Pronto para comparar
Fortali Distribuidora,Confeitaria,PO P/ DECORACAO VERMELHO FLEXFEST 3G,PO P DECORACAO VERMELHO FLEXFEST 3G,28832,3G,3.0,G,3.0,G,,Não,89,https://www.fortali.com.br/po-p-decoracao-vermelho-flexfest-3g-28832-1,2026-08-18 13:06:57,https://www.fortali.com.br/confeitaria?page=89,Pronto para comparar
Fortali Distribuidora,Confeitaria,PO P/ DECORACAO VIOLETA FLEXFEST 3G,PO P DECORACAO VIOLETA FLEXFEST 3G,28833,3G,3.0,G,3.0,G,,Não,89,https://www.fortali.com.br/po-p-decoracao-violeta-flexfest-3g-28833-1,2026-08-18 13:06:57,https://www.fortali.com.br/confeitaria?page=89,Pronto para comparar
Fortali Distribuidora,Confeitaria,PO P/ DECORACAO ROSE GOLD FLEXFEST 20G,PO P DECORACAO ROSE GOLD FLEXFEST 20G,28834,20G,20.0,G,20.0,G,,Não,90,https://www.fortali.com.br/po-p-decoracao-rose-gold-flexfest-20g-28834-1,2026-08-18 13:06:57,https://www.fortali.com.br/confeitaria?page=90,Pronto para comparar
Fortali Distribuidora,Confeitaria,PO P/ DECORACAO DOURADO FLEXFEST 20G,PO P DECORACAO DOURADO FLEXFEST 20G,28836,20G,20.0,G,20.0,G,,Não,90,https://www.fortali.com.br/po-p-decoracao-dourado-flexfest-20g-28836-1,2026-08-18 13:06:57,https://www.fortali.com.br/confeitaria?page=90,Pronto para comparar
Fortali Distribuidora,Confeitaria,PO P/ DECORACAO NEON AMARELO FLEXFEST 3G,PO P DECORACAO NEON AMARELO FLEXFEST 3G,28837,3G,3.0,G,3.0,G,,Não,90,https://www.fortali.com.br/po-p-decoracao-neon-amarelo-flexfest-3g-28837-1,2026-08-18 13:06:57,https://www.fortali.com.br/confeitaria?page=90,Pronto para comparar
Fortali Distribuidora,Confeitaria,PO P/ DECORACAO NEON AZUL FLEXFEST 3G,PO P DECORACAO NEON AZUL FLEXFEST 3G,28838,3G,3.0,G,3.0,G,,Não,90,https://www.fortali.com.br/po-p-decoracao-neon-azul-flexfest-3g-28838-1,2026-08-18 13:06:57,https://www.fortali.com.br/confeitaria?page=90,Pronto para comparar
Fortali Distribuidora,Confeitaria,PO P/ DECORACAO NEON LARANJA FLEXFEST 3G,PO P DECORACAO NEON LARANJA FLEXFEST 3G,28839,3G,3.0,G,3.0,G,,Não,90,https://www.fortali.com.br/po-p-decoracao-neon-laranja-flexfest-3g-28839-1,2026-08-18 13:06:57,https://www.fortali.com.br/confeitaria?page=90,Pronto para comparar
Fortali Distribuidora,Confeitaria,PO P/ DECORACAO NEON PINK FLEXFEST 3G,PO P DECORACAO NEON PINK FLEXFEST 3G,28840,3G,3.0,G,3.0,G,,Não,90,https://www.fortali.com.br/po-p-decoracao-neon-pink-flexfest-3g-28840-1,2026-08-18 13:06:57,https://www.fortali.com.br/confeitaria?page=90,Pronto para comparar
Fortali Distribuidora,Confeitaria,PO P/ DECORACAO NEON ROSA FLEXFEST 3G,PO P DECORACAO NEON ROSA FLEXFEST 3G,28841,3G,3.0,G,3.0,G,,Não,90,https://www.fortali.com.br/po-p-decoracao-neon-rosa-flexfest-3g-28841-1,2026-08-18 13:06:57,https://www.fortali.com.br/confeitaria?page=90,Pronto para comparar
Fortali Distribuidora,Confeitaria,PO P/ DECORACAO NEON VERDE FLEXFEST 3G,PO P DECORACAO NEON VERDE FLEXFEST 3G,28842,3G,3.0,G,3.0,G,,Não,90,https://www.fortali.com.br/po-p-decoracao-neon-verde-flexfest-3g-28842-1,2026-08-18 13:06:57,https://www.fortali.com.br/confeitaria?page=90,Pronto para comparar
Fortali Distribuidora,Confeitaria,PÓ PARA DECORAÇÃO NEON VERMELHO FLEXFEST 3G,PO PARA DECORACAO NEON VERMELHO FLEXFEST 3G,28843,3G,3.0,G,3.0,G,,Não,90,https://www.fortali.com.br/po-para-decoracao-neon-vermelho-flexfest-3g-28843-1,2026-08-18 13:06:57,https://www.fortali.com.br/confeitaria?page=90,Pronto para comparar
Fortali Distribuidora,Confeitaria,PO P/ DECORACAO NEON VIOLETA FLEXFEST 3G,PO P DECORACAO NEON VIOLETA FLEXFEST 3G,28844,3G,3.0,G,3.0,G,,Não,90,https://www.fortali.com.br/po-p-decoracao-neon-violeta-flexfest-3g-28844-1,2026-08-18 13:06:57,https://www.fortali.com.br/confeitaria?page=90,Pronto para comparar
Fortali Distribuidora,Confeitaria,CHOCOLATE MEIO AMARGO AERO GAROTO 80G,CHOCOLATE MEIO AMARGO AERO GAROTO 80G,28853,80G,80.0,G,80.0,G,,Não,90,https://www.fortali.com.br/chocolate-meio-amargo-aero-garoto-80g-28853-1,2026-08-18 13:06:57,https://www.fortali.com.br/confeitaria?page=90,Pronto para comparar
Fortali Distribuidora,Confeitaria,CHOCOLATE CROCANTE GAROTO 80G,CHOCOLATE CROCANTE GAROTO 80G,28854,80G,80.0,G,80.0,G,,Não,90,https://www.fortali.com.br/chocolate-crocante-garoto-80g-28854-1,2026-08-18 13:06:57,https://www.fortali.com.br/confeitaria?page=90,Pronto para comparar
Fortali Distribuidora,Confeitaria,CHOCOLATE CORES GAROTO 80G,CHOCOLATE CORES GAROTO 80G,28855,80G,80.0,G,80.0,G,,Não,90,https://www.fortali.com.br/chocolate-cores-garoto-80g-28855-1,2026-08-18 13:06:57,https://www.fortali.com.br/confeitaria?page=90,Pronto para comparar
Fortali Distribuidora,Confeitaria,CHOCOLATE BISCOITO BRANCO GAROTO 80G,CHOCOLATE BISCOITO BRANCO GAROTO 80G,28856,80G,80.0,G,80.0,G,,Não,90,https://www.fortali.com.br/chocolate-biscoito-branco-garoto-80g-28856-1,2026-08-18 13:06:57,https://www.fortali.com.br/confeitaria?page=90,Pronto para comparar
Fortali Distribuidora,Confeitaria,CHOCOLATE AO LEITE GAROTO 80G,CHOCOLATE AO LEITE GAROTO 80G,28857,80G,80.0,G,80.0,G,,Não,90,https://www.fortali.com.br/chocolate-ao-leite-garoto-80g-28857-1,2026-08-18 13:06:57,https://www.fortali.com.br/confeitaria?page=90,Pronto para comparar
Fortali Distribuidora,Confeitaria,CHOC COB BLEND NESTLE BARRA 1KG,CHOC COB BLEND NESTLE BARRA 1KG,28858,1KG,1.0,KG,1000.0,G,,Não,90,https://www.fortali.com.br/choc-cob-blend-nestle-barra-1kg-28858-1,2026-08-18 13:06:57,https://www.fortali.com.br/confeitaria?page=90,Pronto para comparar
Fortali Distribuidora,Confeitaria,CHOCOLATE CASTANHA DE CAJÚ GAROTO 80G,CHOCOLATE CASTANHA DE CAJU GAROTO 80G,28859,80G,80.0,G,80.0,G,,Não,90,https://www.fortali.com.br/chocolate-castanha-de-caju-garoto-80g-28859-1,2026-08-18 13:06:57,https://www.fortali.com.br/confeitaria?page=90,Pronto para comparar
Fortali Distribuidora,Confeitaria,COR. GEL PRETO 30 G ARCOLOR,COR. GEL PRETO 30 G ARCOLOR,2886,30G,30.0,G,30.0,G,,Não,90,https://www.fortali.com.br/cor-gel-preto-30-g-arcolor-2886-1,2026-08-18 13:06:57,https://www.fortali.com.br/confeitaria?page=90,Pronto para comparar
Fortali Distribuidora,Confeitaria,CHOC COB BLEND NESTLE BARRA 1KG,CHOC COB BLEND NESTLE BARRA 1KG,28860,1KG,1.0,KG,1000.0,G,,Não,90,https://www.fortali.com.br/choc-cob-blend-nestle-barra-1kg-28860-1,2026-08-18 13:06:57,https://www.fortali.com.br/confeitaria?page=90,Pronto para comparar
Fortali Distribuidora,Confeitaria,CHOC COB BLEND NESTLE BARRA 1KG,CHOC COB BLEND NESTLE BARRA 1KG,28861,1KG,1.0,KG,1000.0,G,,Não,90,https://www.fortali.com.br/choc-cob-blend-nestle-barra-1kg-28861-1,2026-08-18 13:06:57,https://www.fortali.com.br/confeitaria?page=90,Pronto para comparar
Fortali Distribuidora,Confeitaria,CHOCOLATE AO LEITE CAJU E PASSAS GAROTO 80G,CHOCOLATE AO LEITE CAJU E PASSAS GAROTO 80G,28862,80G,80.0,G,80.0,G,,Não,90,https://www.fortali.com.br/chocolate-ao-leite-caju-e-passas-garoto-80g-28862-1,2026-08-18 13:06:57,https://www.fortali.com.br/confeitaria?page=90,Pronto para comparar
Fortali Distribuidora,Confeitaria,CHOC COB BLEND NESTLE BARRA 1KG,CHOC COB BLEND NESTLE BARRA 1KG,28863,1KG,1.0,KG,1000.0,G,,Não,90,https://www.fortali.com.br/choc-cob-blend-nestle-barra-1kg-28863-1,2026-08-18 13:06:57,https://www.fortali.com.br/confeitaria?page=90,Pronto para comparar
Fortali Distribuidora,Confeitaria,CHOCOLATE BRANCO GAROTO 80G,CHOCOLATE BRANCO GAROTO 80G,28864,80G,80.0,G,80.0,G,,Não,90,https://www.fortali.com.br/chocolate-branco-garoto-80g-28864-1,2026-08-18 13:06:57,https://www.fortali.com.br/confeitaria?page=90,Pronto para comparar
Fortali Distribuidora,Confeitaria,CHOCOLATE DUO SUFLAIR NESTLE 80G,CHOCOLATE DUO SUFLAIR NESTLE 80G,28865,80G,80.0,G,80.0,G,,Não,90,https://www.fortali.com.br/chocolate-duo-suflair-nestle-80g-28865-1,2026-08-18 13:06:57,https://www.fortali.com.br/confeitaria?page=90,Pronto para comparar
Fortali Distribuidora,Confeitaria,CHOCOLATE AO LEITE SUFLAIR NESTLE 80G,CHOCOLATE AO LEITE SUFLAIR NESTLE 80G,28866,80G,80.0,G,80.0,G,,Não,91,https://www.fortali.com.br/chocolate-ao-leite-suflair-nestle-80g-28866-1,2026-08-18 13:06:57,https://www.fortali.com.br/confeitaria?page=91,Pronto para comparar
Fortali Distribuidora,Confeitaria,CHOCOLATE COBERTURA BLEND NESTLE BARRA 80G,CHOCOLATE COBERTURA BLEND NESTLE BARRA 80G,28867,80G,80.0,G,80.0,G,,Não,91,https://www.fortali.com.br/chocolate-cobertura-blend-nestle-barra-80g-28867-1,2026-08-18 13:06:57,https://www.fortali.com.br/confeitaria?page=91,Pronto para comparar
Fortali Distribuidora,Confeitaria,CHOCOLATE GALAK NESTLÉ 80G,CHOCOLATE GALAK NESTLE 80G,28868,80G,80.0,G,80.0,G,,Não,91,https://www.fortali.com.br/chocolate-galak-nestle-80g-28868-1,2026-08-18 13:06:57,https://www.fortali.com.br/confeitaria?page=91,Pronto para comparar
Fortali Distribuidora,Confeitaria,CHOCOLATE DIPLOMATA NESTLÉ 80G,CHOCOLATE DIPLOMATA NESTLE 80G,28869,80G,80.0,G,80.0,G,,Não,91,https://www.fortali.com.br/chocolate-diplomata-nestle-80g-28869-1,2026-08-18 13:06:57,https://www.fortali.com.br/confeitaria?page=91,Pronto para comparar
Fortali Distribuidora,Confeitaria,CHOCOLATE AO LEITE CLASSIC NESTLE 80G,CHOCOLATE AO LEITE CLASSIC NESTLE 80G,28870,80G,80.0,G,80.0,G,,Não,91,https://www.fortali.com.br/chocolate-ao-leite-classic-nestle-80g-28870-1,2026-08-18 13:06:57,https://www.fortali.com.br/confeitaria?page=91,Pronto para comparar
Fortali Distribuidora,Confeitaria,CHOCOLATE DUO CLASSIC NESTLÉ 80G,CHOCOLATE DUO CLASSIC NESTLE 80G,28871,80G,80.0,G,80.0,G,,Não,91,https://www.fortali.com.br/chocolate-duo-classic-nestle-80g-28871-1,2026-08-18 13:06:57,https://www.fortali.com.br/confeitaria?page=91,Pronto para comparar
Fortali Distribuidora,Confeitaria,CHOCOLATE PRESTÍGIO CLASSIC NESTLÉ 80G,CHOCOLATE PRESTIGIO CLASSIC NESTLE 80G,28872,80G,80.0,G,80.0,G,,Não,91,https://www.fortali.com.br/chocolate-prestigio-classic-nestle-80g-28872-1,2026-08-18 13:06:57,https://www.fortali.com.br/confeitaria?page=91,Pronto para comparar
Fortali Distribuidora,Confeitaria,CHOCOLATE CRUNCH NESTLÉ 80G,CHOCOLATE CRUNCH NESTLE 80G,28873,80G,80.0,G,80.0,G,,Não,91,https://www.fortali.com.br/chocolate-crunch-nestle-80g-28873-1,2026-08-18 13:06:57,https://www.fortali.com.br/confeitaria?page=91,Pronto para comparar
Fortali Distribuidora,Confeitaria,CHOC SERENATA DE AMOR NESTLE TABLETE 80G,CHOC SERENATA DE AMOR NESTLE TABLETE 80G,28874,80G,80.0,G,80.0,G,,Não,91,https://www.fortali.com.br/choc-serenata-de-amor-nestle-tablete-80g-28874-1,2026-08-18 13:06:57,https://www.fortali.com.br/confeitaria?page=91,Pronto para comparar
Fortali Distribuidora,Confeitaria,CHOC ALPINO 41% DARK MILK TABLETE 85G,CHOC ALPINO 41% DARK MILK TABLETE 85G,28875,85G,85.0,G,85.0,G,,Não,91,https://www.fortali.com.br/choc-alpino-41-dark-milk-tablete-85g-28875-1,2026-08-18 13:06:57,https://www.fortali.com.br/confeitaria?page=91,Pronto para comparar
Fortali Distribuidora,Confeitaria,CHOC ALPINO 51% DARK MILK TABLETE 85G,CHOC ALPINO 51% DARK MILK TABLETE 85G,28876,85G,85.0,G,85.0,G,,Não,91,https://www.fortali.com.br/choc-alpino-51-dark-milk-tablete-85g-28876-1,2026-08-18 13:06:57,https://www.fortali.com.br/confeitaria?page=91,Pronto para comparar
Fortali Distribuidora,Confeitaria,CHOC ALPINO 61% DARK MILK TABLETE 85G,CHOC ALPINO 61% DARK MILK TABLETE 85G,28877,85G,85.0,G,85.0,G,,Não,91,https://www.fortali.com.br/choc-alpino-61-dark-milk-tablete-85g-28877-1,2026-08-18 13:06:57,https://www.fortali.com.br/confeitaria?page=91,Pronto para comparar
Fortali Distribuidora,Confeitaria,CHOCOLATE ALPINO NESTLÉ BLACK TOP 85G,CHOCOLATE ALPINO NESTLE BLACK TOP 85G,28878,85G,85.0,G,85.0,G,,Não,91,https://www.fortali.com.br/chocolate-alpino-nestle-black-top-85g-28878-1,2026-08-18 13:06:57,https://www.fortali.com.br/confeitaria?page=91,Pronto para comparar
Fortali Distribuidora,Confeitaria,CHOCOLATE ALPINO NESTLÉ NEVADO 85G,CHOCOLATE ALPINO NESTLE NEVADO 85G,28879,85G,85.0,G,85.0,G,,Não,91,https://www.fortali.com.br/chocolate-alpino-nestle-nevado-85g-28879-1,2026-08-18 13:06:57,https://www.fortali.com.br/confeitaria?page=91,Pronto para comparar
Fortali Distribuidora,Confeitaria,COR. GEL VERMELHO 30 G ARCOLOR,COR. GEL VERMELHO 30 G ARCOLOR,2888,30G,30.0,G,30.0,G,,Não,91,https://www.fortali.com.br/cor-gel-vermelho-30-g-arcolor-2888-1,2026-08-18 13:06:57,https://www.fortali.com.br/confeitaria?page=91,Pronto para comparar
Fortali Distribuidora,Confeitaria,CHOCOLATE ALPINO AO LEITE 85G,CHOCOLATE ALPINO AO LEITE 85G,28880,85G,85.0,G,85.0,G,,Não,91,https://www.fortali.com.br/chocolate-alpino-ao-leite-85g-28880-1,2026-08-18 13:06:57,https://www.fortali.com.br/confeitaria?page=91,Pronto para comparar
Fortali Distribuidora,Confeitaria,CHOCOLATE PRESTÍGIO MAXI NESTLÉ 90G,CHOCOLATE PRESTIGIO MAXI NESTLE 90G,28881,90G,90.0,G,90.0,G,,Não,91,https://www.fortali.com.br/chocolate-prestigio-maxi-nestle-90g-28881-1,2026-08-18 13:06:57,https://www.fortali.com.br/confeitaria?page=91,Pronto para comparar
Fortali Distribuidora,Confeitaria,CHOCOLATE CHOCOTRIO NESTLÉ 90G,CHOCOLATE CHOCOTRIO NESTLE 90G,28882,90G,90.0,G,90.0,G,,Não,91,https://www.fortali.com.br/chocolate-chocotrio-nestle-90g-28882-1,2026-08-18 13:06:57,https://www.fortali.com.br/confeitaria?page=91,Pronto para comparar
Fortali Distribuidora,Confeitaria,CHOCOLATE COBERTURA BLEND NESTLE BARRA 90G,CHOCOLATE COBERTURA BLEND NESTLE BARRA 90G,28883,90G,90.0,G,90.0,G,,Não,91,https://www.fortali.com.br/chocolate-cobertura-blend-nestle-barra-90g-28883-1,2026-08-18 13:06:57,https://www.fortali.com.br/confeitaria?page=91,Pronto para comparar
Fortali Distribuidora,Confeitaria,CHOCOLATE DUO COOKIE CLASSIC NESTLÉ 150G,CHOCOLATE DUO COOKIE CLASSIC NESTLE 150G,28884,150G,150.0,G,150.0,G,,Não,91,https://www.fortali.com.br/chocolate-duo-cookie-classic-nestle-150g-28884-1,2026-08-18 13:06:57,https://www.fortali.com.br/confeitaria?page=91,Pronto para comparar
Fortali Distribuidora,Confeitaria,CHOCOLATE AMENDOIM CLASSIC NESTLÉ 150G,CHOCOLATE AMENDOIM CLASSIC NESTLE 150G,28885,150G,150.0,G,150.0,G,,Não,91,https://www.fortali.com.br/chocolate-amendoim-classic-nestle-150g-28885-1,2026-08-18 13:06:57,https://www.fortali.com.br/confeitaria?page=91,Pronto para comparar
Fortali Distribuidora,Confeitaria,CHOCOLATE AO LEITE CLASSIC NESTLE 150G,CHOCOLATE AO LEITE CLASSIC NESTLE 150G,28886,150G,150.0,G,150.0,G,,Não,91,https://www.fortali.com.br/chocolate-ao-leite-classic-nestle-150g-28886-1,2026-08-18 13:06:57,https://www.fortali.com.br/confeitaria?page=91,Pronto para comparar
Fortali Distribuidora,Confeitaria,SOFT GEL AZUL ROYAL FLEXFEST 25G,SOFT GEL AZUL ROYAL FLEXFEST 25G,28889,25G,25.0,G,25.0,G,,Não,91,https://www.fortali.com.br/soft-gel-azul-royal-flexfest-25g-28889-1,2026-08-18 13:06:57,https://www.fortali.com.br/confeitaria?page=91,Pronto para comparar
Fortali Distribuidora,Confeitaria,SOFT GEL AZUL MARINHO FLEXFEST 25G,SOFT GEL AZUL MARINHO FLEXFEST 25G,28890,25G,25.0,G,25.0,G,,Não,91,https://www.fortali.com.br/soft-gel-azul-marinho-flexfest-25g-28890-1,2026-08-18 13:06:57,https://www.fortali.com.br/confeitaria?page=91,Pronto para comparar
Fortali Distribuidora,Confeitaria,SOFT GEL AZUL JEANS FLEXFEST 25G,SOFT GEL AZUL JEANS FLEXFEST 25G,28891,25G,25.0,G,25.0,G,,Não,92,https://www.fortali.com.br/soft-gel-azul-jeans-flexfest-25g-28891-1,2026-08-18 13:06:57,https://www.fortali.com.br/confeitaria?page=92,Pronto para comparar
Fortali Distribuidora,Confeitaria,SOFT GEL AZUL TIFFANY FLEXFEST 25G,SOFT GEL AZUL TIFFANY FLEXFEST 25G,28892,25G,25.0,G,25.0,G,,Não,92,https://www.fortali.com.br/soft-gel-azul-tiffany-flexfest-25g-28892-1,2026-08-18 13:06:57,https://www.fortali.com.br/confeitaria?page=92,Pronto para comparar
Fortali Distribuidora,Confeitaria,SOFT GEL LARANJA FLEXFEST 25G,SOFT GEL LARANJA FLEXFEST 25G,28893,25G,25.0,G,25.0,G,,Não,92,https://www.fortali.com.br/soft-gel-laranja-flexfest-25g-28893-1,2026-08-18 13:06:57,https://www.fortali.com.br/confeitaria?page=92,Pronto para comparar
Fortali Distribuidora,Confeitaria,SOFT GEL LILAS FLEXFEST 25G,SOFT GEL LILAS FLEXFEST 25G,28894,25G,25.0,G,25.0,G,,Não,92,https://www.fortali.com.br/soft-gel-lilas-flexfest-25g-28894-1,2026-08-18 13:06:57,https://www.fortali.com.br/confeitaria?page=92,Pronto para comparar
Fortali Distribuidora,Confeitaria,SOFT GEL MARRON FLEXFEST 25G,SOFT GEL MARRON FLEXFEST 25G,28895,25G,25.0,G,25.0,G,,Não,92,https://www.fortali.com.br/soft-gel-marron-flexfest-25g-28895-1,2026-08-18 13:06:57,https://www.fortali.com.br/confeitaria?page=92,Pronto para comparar
Fortali Distribuidora,Confeitaria,SOFT GEL MAGENTA FLEXFEST 25G,SOFT GEL MAGENTA FLEXFEST 25G,28896,25G,25.0,G,25.0,G,,Não,92,https://www.fortali.com.br/soft-gel-magenta-flexfest-25g-28896-1,2026-08-18 13:06:57,https://www.fortali.com.br/confeitaria?page=92,Pronto para comparar
Fortali Distribuidora,Confeitaria,SOFT GEL MARFIM FLEXFEST 25G,SOFT GEL MARFIM FLEXFEST 25G,28897,25G,25.0,G,25.0,G,,Não,92,https://www.fortali.com.br/soft-gel-marfim-flexfest-25g-28897-1,2026-08-18 13:06:57,https://www.fortali.com.br/confeitaria?page=92,Pronto para comparar
Fortali Distribuidora,Confeitaria,SOFT GEL PINK FLEXFEST 25G,SOFT GEL PINK FLEXFEST 25G,28898,25G,25.0,G,25.0,G,,Não,92,https://www.fortali.com.br/soft-gel-pink-flexfest-25g-28898-1,2026-08-18 13:06:57,https://www.fortali.com.br/confeitaria?page=92,Pronto para comparar
Fortali Distribuidora,Confeitaria,SOFT GEL PRETO FLEXFEST 25G,SOFT GEL PRETO FLEXFEST 25G,28899,25G,25.0,G,25.0,G,,Não,92,https://www.fortali.com.br/soft-gel-preto-flexfest-25g-28899-1,2026-08-18 13:06:57,https://www.fortali.com.br/confeitaria?page=92,Pronto para comparar
Fortali Distribuidora,Confeitaria,SOFT GEL ROSA FLEXFEST 25G,SOFT GEL ROSA FLEXFEST 25G,28900,25G,25.0,G,25.0,G,,Não,92,https://www.fortali.com.br/soft-gel-rosa-flexfest-25g-28900-1,2026-08-18 13:06:57,https://www.fortali.com.br/confeitaria?page=92,Pronto para comparar
Fortali Distribuidora,Confeitaria,SOFT GEL ROSA BEBE FLEXFEST 25G,SOFT GEL ROSA BEBE FLEXFEST 25G,28901,25G,25.0,G,25.0,G,,Não,92,https://www.fortali.com.br/soft-gel-rosa-bebe-flexfest-25g-28901-1,2026-08-18 13:06:57,https://www.fortali.com.br/confeitaria?page=92,Pronto para comparar
Fortali Distribuidora,Confeitaria,SOFT GEL ROSE FLEXFEST 25G,SOFT GEL ROSE FLEXFEST 25G,28902,25G,25.0,G,25.0,G,,Não,92,https://www.fortali.com.br/soft-gel-rose-flexfest-25g-28902-1,2026-08-18 13:06:57,https://www.fortali.com.br/confeitaria?page=92,Pronto para comparar
Fortali Distribuidora,Confeitaria,SOFT GEL VERMELHO FLEXFEST 25G,SOFT GEL VERMELHO FLEXFEST 25G,28903,25G,25.0,G,25.0,G,,Não,92,https://www.fortali.com.br/soft-gel-vermelho-flexfest-25g-28903-1,2026-08-18 13:06:57,https://www.fortali.com.br/confeitaria?page=92,Pronto para comparar
Fortali Distribuidora,Confeitaria,SOFT GEL VERMELHO BORDO FLEXFEST 25G,SOFT GEL VERMELHO BORDO FLEXFEST 25G,28904,25G,25.0,G,25.0,G,,Não,92,https://www.fortali.com.br/soft-gel-vermelho-bordo-flexfest-25g-28904-1,2026-08-18 13:06:57,https://www.fortali.com.br/confeitaria?page=92,Pronto para comparar
Fortali Distribuidora,Confeitaria,SOFT GEL VERDE FOLHA FLEXFEST 25G,SOFT GEL VERDE FOLHA FLEXFEST 25G,28905,25G,25.0,G,25.0,G,,Não,92,https://www.fortali.com.br/soft-gel-verde-folha-flexfest-25g-28905-1,2026-08-18 13:06:57,https://www.fortali.com.br/confeitaria?page=92,Pronto para comparar
Fortali Distribuidora,Confeitaria,SOFT GEL VERDE LIMAO FLEXFEST 25G,SOFT GEL VERDE LIMAO FLEXFEST 25G,28906,25G,25.0,G,25.0,G,,Não,92,https://www.fortali.com.br/soft-gel-verde-limao-flexfest-25g-28906-1,2026-08-18 13:06:57,https://www.fortali.com.br/confeitaria?page=92,Pronto para comparar
Fortali Distribuidora,Confeitaria,SOFT GEL VERDE MAR FLEXFEST25G,SOFT GEL VERDE MAR FLEXFEST25G,28907,25G,25.0,G,25.0,G,,Não,92,https://www.fortali.com.br/soft-gel-verde-mar-flexfest25g-28907-1,2026-08-18 13:06:57,https://www.fortali.com.br/confeitaria?page=92,Pronto para comparar
Fortali Distribuidora,Confeitaria,SOFT GEL VERDE FLEXFEST 25G,SOFT GEL VERDE FLEXFEST 25G,28908,25G,25.0,G,25.0,G,,Não,92,https://www.fortali.com.br/soft-gel-verde-flexfest-25g-28908-1,2026-08-18 13:06:57,https://www.fortali.com.br/confeitaria?page=92,Pronto para comparar
Fortali Distribuidora,Confeitaria,SOFT GEL VIOLETA FLEXFEST 25G,SOFT GEL VIOLETA FLEXFEST 25G,28909,25G,25.0,G,25.0,G,,Não,92,https://www.fortali.com.br/soft-gel-violeta-flexfest-25g-28909-1,2026-08-18 13:06:57,https://www.fortali.com.br/confeitaria?page=92,Pronto para comparar
Fortali Distribuidora,Confeitaria,COR PRETO ARCOLOR 10ML,COR PRETO ARCOLOR 10ML,2891,10ML,10.0,ML,10.0,ML,,Não,92,https://www.fortali.com.br/cor-preto-arcolor-10ml-2891-1,2026-08-18 13:06:57,https://www.fortali.com.br/confeitaria?page=92,Pronto para comparar
Fortali Distribuidora,Confeitaria,COR ROSA ARCOLOR 10ML,COR ROSA ARCOLOR 10ML,2892,10ML,10.0,ML,10.0,ML,,Não,92,https://www.fortali.com.br/cor-rosa-arcolor-10ml-2892-1,2026-08-18 13:06:57,https://www.fortali.com.br/confeitaria?page=92,Pronto para comparar
Fortali Distribuidora,Confeitaria,CHOCOLATE CHOCOTRIO LEITE NESTLÉ 90G,CHOCOLATE CHOCOTRIO LEITE NESTLE 90G,28923,90G,90.0,G,90.0,G,,Não,92,https://www.fortali.com.br/chocolate-chocotrio-leite-nestle-90g-28923-1,2026-08-18 13:06:57,https://www.fortali.com.br/confeitaria?page=92,Pronto para comparar
Fortali Distribuidora,Confeitaria,GRANULADO CHOC MEIO AMARGO 37% SICAO PCT 300G,GRANULADO CHOC MEIO AMARGO 37% SICAO PCT 300G,28948,300G,300.0,G,300.0,G,,Não,92,https://www.fortali.com.br/granulado-choc-meio-amargo-37-sicao-pct-300g-28948-1,2026-08-18 13:06:57,https://www.fortali.com.br/confeitaria?page=92,Pronto para comparar
Fortali Distribuidora,Confeitaria,CORANTE VERDE LIMÃO 10ML ARCOLOR,CORANTE VERDE LIMAO 10ML ARCOLOR,2895,10ML,10.0,ML,10.0,ML,,Não,92,https://www.fortali.com.br/corante-verde-limao-10ml-arcolor-2895-1,2026-08-18 13:06:57,https://www.fortali.com.br/confeitaria?page=92,Pronto para comparar
Fortali Distribuidora,Confeitaria,GRANULADO CHOC MEIO AMARGO 37% SICAO PCT 300G,GRANULADO CHOC MEIO AMARGO 37% SICAO PCT 300G,28950,300G,300.0,G,300.0,G,,Não,93,https://www.fortali.com.br/granulado-choc-meio-amargo-37-sicao-pct-300g-28950-1,2026-08-18 13:06:57,https://www.fortali.com.br/confeitaria?page=93,Pronto para comparar
Fortali Distribuidora,Confeitaria,GOIABADA BARRA TAMBAU 400G,GOIABADA BARRA TAMBAU 400G,28951,400G,400.0,G,400.0,G,,Não,30,https://www.fortali.com.br/goiabada-barra-tambau-400g-28951-1,2026-08-18 13:06:57,https://www.fortali.com.br/confeitaria?page=30,Pronto para comparar
Fortali Distribuidora,Confeitaria,COR COLOR LIQ GEL VERDE PISTACHE 25G,COR COLOR LIQ GEL VERDE PISTACHE 25G,28955,25G,25.0,G,25.0,G,,Não,93,https://www.fortali.com.br/cor-color-liq-gel-verde-pistache-25g-28955-1,2026-08-18 13:06:57,https://www.fortali.com.br/confeitaria?page=93,Pronto para comparar
Fortali Distribuidora,Confeitaria,"CREME CONFEITEIRO PRONTO PURATOS 1,05KG","CREME CONFEITEIRO PRONTO PURATOS 1,05KG",28961,"1,05KG",1.05,KG,1050.0,G,,Não,24,https://www.fortali.com.br/creme-confeiteiro-pronto-puratos-105kg-28961-1,2026-08-18 13:06:57,https://www.fortali.com.br/confeitaria?page=24,Pronto para comparar
Fortali Distribuidora,Confeitaria,GOMA TUBO DINOS FLORESTAL 900G,GOMA TUBO DINOS FLORESTAL 900G,28965,900G,900.0,G,900.0,G,,Não,93,https://www.fortali.com.br/goma-tubo-dinos-florestal-900g-28965-1,2026-08-18 13:06:57,https://www.fortali.com.br/confeitaria?page=93,Pronto para comparar
Fortali Distribuidora,Confeitaria,GOMA TUBO PRINCESAS FLORESTAL 900G,GOMA TUBO PRINCESAS FLORESTAL 900G,28966,900G,900.0,G,900.0,G,,Não,93,https://www.fortali.com.br/goma-tubo-princesas-florestal-900g-28966-1,2026-08-18 13:06:57,https://www.fortali.com.br/confeitaria?page=93,Pronto para comparar
Fortali Distribuidora,Confeitaria,GOMA TUBO SORTIDA FLORESTAL 900G,GOMA TUBO SORTIDA FLORESTAL 900G,28967,900G,900.0,G,900.0,G,,Não,93,https://www.fortali.com.br/goma-tubo-sortida-florestal-900g-28967-1,2026-08-18 13:06:57,https://www.fortali.com.br/confeitaria?page=93,Pronto para comparar
Fortali Distribuidora,Confeitaria,BALA DE GOMA TUBO DINOS FLORESTAL 900G,BALA DE GOMA TUBO DINOS FLORESTAL 900G,28971,900G,900.0,G,900.0,G,,Não,93,https://www.fortali.com.br/bala-de-goma-tubo-dinos-florestal-900g-28971-1,2026-08-18 13:06:57,https://www.fortali.com.br/confeitaria?page=93,Pronto para comparar
Fortali Distribuidora,Confeitaria,BALA DE GOMA TUBO PRINCESS FLORESTAL 900G,BALA DE GOMA TUBO PRINCESS FLORESTAL 900G,28972,900G,900.0,G,900.0,G,,Não,93,https://www.fortali.com.br/bala-de-goma-tubo-princess-florestal-900g-28972-1,2026-08-18 13:06:57,https://www.fortali.com.br/confeitaria?page=93,Pronto para comparar
Fortali Distribuidora,Confeitaria,BALA DE GOMA TUBO SORTIDA FLORESTAL 900G,BALA DE GOMA TUBO SORTIDA FLORESTAL 900G,28973,900G,900.0,G,900.0,G,,Não,93,https://www.fortali.com.br/bala-de-goma-tubo-sortida-florestal-900g-28973-1,2026-08-18 13:06:57,https://www.fortali.com.br/confeitaria?page=93,Pronto para comparar
Fortali Distribuidora,Confeitaria,CORAGEMA ADINOR POTE 500G,CORAGEMA ADINOR POTE 500G,2898,500G,500.0,G,500.0,G,,Não,6,https://www.fortali.com.br/coragema-adinor-pote-500g-2898-1,2026-08-18 13:06:57,https://www.fortali.com.br/confeitaria?page=6,Pronto para comparar
Fortali Distribuidora,Confeitaria,BALA SONHARE LEITE CONDENSADO FLORESTAL 600G,BALA SONHARE LEITE CONDENSADO FLORESTAL 600G,28992,600G,600.0,G,600.0,G,,Não,93,https://www.fortali.com.br/bala-sonhare-leite-condensado-florestal-600g-28992-1,2026-08-18 13:06:57,https://www.fortali.com.br/confeitaria?page=93,Pronto para comparar
Fortali Distribuidora,Confeitaria,BALA SONHARE SORTIDA FLORESTAL 600G,BALA SONHARE SORTIDA FLORESTAL 600G,28993,600G,600.0,G,600.0,G,,Não,93,https://www.fortali.com.br/bala-sonhare-sortida-florestal-600g-28993-1,2026-08-18 13:06:57,https://www.fortali.com.br/confeitaria?page=93,Pronto para comparar
Fortali Distribuidora,Confeitaria,BALA MASTIGAVEL BALINHA CORACAO MORANGO FLORESTAL 500G,BALA MASTIGAVEL BALINHA CORACAO MORANGO FLORESTAL 500G,28994,500G,500.0,G,500.0,G,,Não,93,https://www.fortali.com.br/bala-mastigavel-balinha-coracao-morango-florestal-500g-28994-1,2026-08-18 13:06:57,https://www.fortali.com.br/confeitaria?page=93,Pronto para comparar
Fortali Distribuidora,Confeitaria,BALA MASTIGAVEL BRAZILIAN COFFEE FLORESTAL 500G,BALA MASTIGAVEL BRAZILIAN COFFEE FLORESTAL 500G,28995,500G,500.0,G,500.0,G,,Não,93,https://www.fortali.com.br/bala-mastigavel-brazilian-coffee-florestal-500g-28995-1,2026-08-18 13:06:57,https://www.fortali.com.br/confeitaria?page=93,Pronto para comparar
Fortali Distribuidora,Confeitaria,BARRA CHOCOLATE BRAZILIAN COFFEE AO LEITE 80G,BARRA CHOCOLATE BRAZILIAN COFFEE AO LEITE 80G,28996,80G,80.0,G,80.0,G,,Não,93,https://www.fortali.com.br/barra-chocolate-brazilian-coffee-ao-leite-80g-28996-1,2026-08-18 13:06:57,https://www.fortali.com.br/confeitaria?page=93,Pronto para comparar
Fortali Distribuidora,Confeitaria,BARRA CHOCOLATE BRAZILIAN COFFEE BRANCO 80G,BARRA CHOCOLATE BRAZILIAN COFFEE BRANCO 80G,28997,80G,80.0,G,80.0,G,,Não,93,https://www.fortali.com.br/barra-chocolate-brazilian-coffee-branco-80g-28997-1,2026-08-18 13:06:57,https://www.fortali.com.br/confeitaria?page=93,Pronto para comparar
Fortali Distribuidora,Confeitaria,BARRA CHOCOLATE BALINHA DO CORACAO BRANCO 80G,BARRA CHOCOLATE BALINHA DO CORACAO BRANCO 80G,28998,80G,80.0,G,80.0,G,,Não,93,https://www.fortali.com.br/barra-chocolate-balinha-do-coracao-branco-80g-28998-1,2026-08-18 13:06:57,https://www.fortali.com.br/confeitaria?page=93,Pronto para comparar
Fortali Distribuidora,Confeitaria,BARRA CHOCOLATE AO LEITE BALINHA DO CORACAO 80G,BARRA CHOCOLATE AO LEITE BALINHA DO CORACAO 80G,28999,80G,80.0,G,80.0,G,,Não,93,https://www.fortali.com.br/barra-chocolate-ao-leite-balinha-do-coracao-80g-28999-1,2026-08-18 13:06:57,https://www.fortali.com.br/confeitaria?page=93,Pronto para comparar
Fortali Distribuidora,Confeitaria,BARRA CHOCOLATE FLORESTAL AO LEITE DINOS 80G,BARRA CHOCOLATE FLORESTAL AO LEITE DINOS 80G,29000,80G,80.0,G,80.0,G,,Não,93,https://www.fortali.com.br/barra-chocolate-florestal-ao-leite-dinos-80g-29000-1,2026-08-18 13:06:57,https://www.fortali.com.br/confeitaria?page=93,Pronto para comparar
Fortali Distribuidora,Confeitaria,BARRA CHOCOLATE AO LEITE FLORESTAL 80G,BARRA CHOCOLATE AO LEITE FLORESTAL 80G,29001,80G,80.0,G,80.0,G,,Não,93,https://www.fortali.com.br/barra-chocolate-ao-leite-florestal-80g-29001-1,2026-08-18 13:06:57,https://www.fortali.com.br/confeitaria?page=93,Pronto para comparar
Fortali Distribuidora,Confeitaria,BARRA CHOCOLATE FLORESTAL AO LEITE COM AMENDOIM 80G,BARRA CHOCOLATE FLORESTAL AO LEITE COM AMENDOIM 80G,29002,80G,80.0,G,80.0,G,,Não,93,https://www.fortali.com.br/barra-chocolate-florestal-ao-leite-com-amendoim-80g-29002-1,2026-08-18 13:06:57,https://www.fortali.com.br/confeitaria?page=93,Pronto para comparar
Fortali Distribuidora,Confeitaria,BARRA CHOCOLATE FLORESTAL MEIO AMARGO 80G,BARRA CHOCOLATE FLORESTAL MEIO AMARGO 80G,29003,80G,80.0,G,80.0,G,,Não,93,https://www.fortali.com.br/barra-chocolate-florestal-meio-amargo-80g-29003-1,2026-08-18 13:06:57,https://www.fortali.com.br/confeitaria?page=93,Pronto para comparar
Fortali Distribuidora,Confeitaria,BARRA CHOCOLATE FLORESTAL BRANCO UNICORNIOS 80G,BARRA CHOCOLATE FLORESTAL BRANCO UNICORNIOS 80G,29004,80G,80.0,G,80.0,G,,Não,93,https://www.fortali.com.br/barra-chocolate-florestal-branco-unicornios-80g-29004-1,2026-08-18 13:06:57,https://www.fortali.com.br/confeitaria?page=93,Pronto para comparar
Fortali Distribuidora,Confeitaria,BARRA CHOCOLATE FLORESTAL AO LEITE PRINCESS 80G,BARRA CHOCOLATE FLORESTAL AO LEITE PRINCESS 80G,29005,80G,80.0,G,80.0,G,,Não,93,https://www.fortali.com.br/barra-chocolate-florestal-ao-leite-princess-80g-29005-1,2026-08-18 13:06:57,https://www.fortali.com.br/confeitaria?page=93,Pronto para comparar
Fortali Distribuidora,Confeitaria,CHOCO FOFS A LEITE E BAUNILHA 18G,CHOCO FOFS A LEITE E BAUNILHA 18G,29006,18G,18.0,G,18.0,G,,Não,93,https://www.fortali.com.br/choco-fofs-a-leite-e-baunilha-18g-29006-1,2026-08-18 13:06:57,https://www.fortali.com.br/confeitaria?page=93,Pronto para comparar
Fortali Distribuidora,Confeitaria,CHOCO FOFS A LEITE E MORANGO 18G,CHOCO FOFS A LEITE E MORANGO 18G,29007,18G,18.0,G,18.0,G,,Não,93,https://www.fortali.com.br/choco-fofs-a-leite-e-morango-18g-29007-1,2026-08-18 13:06:57,https://www.fortali.com.br/confeitaria?page=93,Pronto para comparar
Fortali Distribuidora,Confeitaria,CHOCO FOFS A LEITE E BANANA 18G,CHOCO FOFS A LEITE E BANANA 18G,29008,18G,18.0,G,18.0,G,,Não,94,https://www.fortali.com.br/choco-fofs-a-leite-e-banana-18g-29008-1,2026-08-18 13:06:57,https://www.fortali.com.br/confeitaria?page=94,Pronto para comparar
Fortali Distribuidora,Confeitaria,CHOCO FOFS FLORESTAL 288G,CHOCO FOFS FLORESTAL 288G,29009,288G,288.0,G,288.0,G,,Não,94,https://www.fortali.com.br/choco-fofs-florestal-288g-29009-1,2026-08-18 13:06:57,https://www.fortali.com.br/confeitaria?page=94,Pronto para comparar
Fortali Distribuidora,Confeitaria,CHOCO FOFS FLORESTAL 112G,CHOCO FOFS FLORESTAL 112G,29010,112G,112.0,G,112.0,G,,Não,94,https://www.fortali.com.br/choco-fofs-florestal-112g-29010-1,2026-08-18 13:06:57,https://www.fortali.com.br/confeitaria?page=94,Pronto para comparar
Fortali Distribuidora,Confeitaria,COLORETI SORTIDO GRANULETI 5KG,COLORETI SORTIDO GRANULETI 5KG,29031,5KG,5.0,KG,5000.0,G,,Não,94,https://www.fortali.com.br/coloreti-sortido-granuleti-5kg-29031-1,2026-08-18 13:06:57,https://www.fortali.com.br/confeitaria?page=94,Pronto para comparar
Fortali Distribuidora,Confeitaria,TUBITOS CAIXA 100X15G,TUBITOS CAIXA 100X15G,29033,15G,15.0,G,15.0,G,,Não,94,https://www.fortali.com.br/tubitos-caixa-100x15g-29033-1,2026-08-18 13:06:57,https://www.fortali.com.br/confeitaria?page=94,Pronto para comparar
Fortali Distribuidora,Confeitaria,"CHIPS LEITE CHOCOMAIS 1,01KG","CHIPS LEITE CHOCOMAIS 1,01KG",29035,"1,01KG",1.01,KG,1010.0,G,,Não,15,https://www.fortali.com.br/chips-leite-chocomais-1-01kg-29035-1,2026-08-18 13:06:57,https://www.fortali.com.br/confeitaria?page=15,Pronto para comparar
Fortali Distribuidora,Confeitaria,GELEIA DE BRILHO MORANGO HARMONY COLD PURATOS 4KG,GELEIA DE BRILHO MORANGO HARMONY COLD PURATOS 4KG,29040,4KG,4.0,KG,4000.0,G,,Não,13,https://www.fortali.com.br/geleia-de-brilho-morango-harmony-cold-puratos-4kg-29040-1,2026-08-18 13:06:57,https://www.fortali.com.br/confeitaria?page=13,Pronto para comparar
Fortali Distribuidora,Confeitaria,CACAU EM PO 100% ALCALINO DONA JURA 500G,CACAU EM PO 100% ALCALINO DONA JURA 500G,29049,500G,500.0,G,500.0,G,,Não,94,https://www.fortali.com.br/cacau-em-po-100-alcalino-dona-jura-500g-29049-1,2026-08-18 13:06:57,https://www.fortali.com.br/confeitaria?page=94,Pronto para comparar
Fortali Distribuidora,Confeitaria,CHOCOLATE EM PO 70% DONA JURA 500G,CHOCOLATE EM PO 70% DONA JURA 500G,29050,500G,500.0,G,500.0,G,,Não,94,https://www.fortali.com.br/chocolate-em-po-70-dona-jura-500g-29050-1,2026-08-18 13:06:57,https://www.fortali.com.br/confeitaria?page=94,Pronto para comparar
Fortali Distribuidora,Confeitaria,CACAU PO ALCALI BLACK 100%DONA JURA 200G,CACAU PO ALCALI BLACK 100%DONA JURA 200G,29051,200G,200.0,G,200.0,G,,Não,94,https://www.fortali.com.br/cacau-po-alcali-black-100dona-jura-200g-29051-1,2026-08-18 13:06:57,https://www.fortali.com.br/confeitaria?page=94,Pronto para comparar
Fortali Distribuidora,Confeitaria,BIG CEREAL CROCANTE CHOCOLATE DECORA 500G,BIG CEREAL CROCANTE CHOCOLATE DECORA 500G,29052,500G,500.0,G,500.0,G,,Não,31,https://www.fortali.com.br/big-cereal-crocante-chocolate-decora-500g--29052-1,2026-08-18 13:06:57,https://www.fortali.com.br/confeitaria?page=31,Pronto para comparar
Fortali Distribuidora,Confeitaria,BIG CEREAL CROCANTE CHOC BCO DECORA 500G,BIG CEREAL CROCANTE CHOC BCO DECORA 500G,29053,500G,500.0,G,500.0,G,,Não,94,https://www.fortali.com.br/big-cereal-crocante-choc-bco-decora-500g-29053-1,2026-08-18 13:06:57,https://www.fortali.com.br/confeitaria?page=94,Pronto para comparar
Fortali Distribuidora,Confeitaria,CONFEITO MICANGA PRETO DECORA 300G,CONFEITO MICANGA PRETO DECORA 300G,29055,300G,300.0,G,300.0,G,,Não,94,https://www.fortali.com.br/confeito-micanga-preto-decora-300g-29055-1,2026-08-18 13:06:57,https://www.fortali.com.br/confeitaria?page=94,Pronto para comparar
Fortali Distribuidora,Confeitaria,CONFEITO MIÇANGA BRANCO/PRETO DECORA 300G,CONFEITO MICANGA BRANCO PRETO DECORA 300G,29056,300G,300.0,G,300.0,G,,Não,94,https://www.fortali.com.br/confeito-micanga-brancopreto-decora-300g--29056-1,2026-08-18 13:06:57,https://www.fortali.com.br/confeitaria?page=94,Pronto para comparar
Fortali Distribuidora,Confeitaria,CONFEITO MIÇANGA COLORIDO DECORA 300G,CONFEITO MICANGA COLORIDO DECORA 300G,29057,300G,300.0,G,300.0,G,,Não,94,https://www.fortali.com.br/confeito-micanga-colorido-decora-300g-29057-1,2026-08-18 13:06:57,https://www.fortali.com.br/confeitaria?page=94,Pronto para comparar
Fortali Distribuidora,Confeitaria,CONFEITO MICANGA COLORIDO DIVERTIDO DECORA 300G,CONFEITO MICANGA COLORIDO DIVERTIDO DECORA 300G,29059,300G,300.0,G,300.0,G,,Não,94,https://www.fortali.com.br/confeito-micanga-colorido-divertido-decora-300g-29059-1,2026-08-18 13:06:57,https://www.fortali.com.br/confeitaria?page=94,Pronto para comparar
Fortali Distribuidora,Confeitaria,MICRO CEREAL CROC P/ COLORIR DECORA 300G,MICRO CEREAL CROC P COLORIR DECORA 300G,29062,300G,300.0,G,300.0,G,,Não,94,https://www.fortali.com.br/micro-cereal-croc-p-colorir-decora-300g-29062-1,2026-08-18 13:06:57,https://www.fortali.com.br/confeitaria?page=94,Pronto para comparar
Fortali Distribuidora,Confeitaria,MINI CEREAL CROC P/ COLORIR DECORA 300G,MINI CEREAL CROC P COLORIR DECORA 300G,29063,300G,300.0,G,300.0,G,,Não,94,https://www.fortali.com.br/mini-cereal-croc-p-colorir-decora-300g-29063-1,2026-08-18 13:06:57,https://www.fortali.com.br/confeitaria?page=94,Pronto para comparar
Fortali Distribuidora,Confeitaria,CORANTE SOFTGEL PELE CLARA,CORANTE SOFTGEL PELE CLARA,2907,,,,,,,Não,94,https://www.fortali.com.br/corante-softgel-pele-clara-2907-1,2026-08-18 13:06:57,https://www.fortali.com.br/confeitaria?page=94,Revisar embalagem
Fortali Distribuidora,Confeitaria,"COB FRAC BLEND SICAO MAIS GTS 2,05KG","COB FRAC BLEND SICAO MAIS GTS 2,05KG",29093,"2,05KG",2.05,KG,2050.0,G,,Não,14,https://www.fortali.com.br/cob-frac-blend-sicao-mais-gts-2-05kg-29093-1,2026-08-18 13:06:57,https://www.fortali.com.br/confeitaria?page=14,Pronto para comparar
Fortali Distribuidora,Confeitaria,MIX CONFEITOS MARROM MAVALERIO PCT 150G,MIX CONFEITOS MARROM MAVALERIO PCT 150G,29103,150G,150.0,G,150.0,G,,Não,94,https://www.fortali.com.br/mix-confeitos-marrom-mavalerio-pct-150g-29103-1,2026-08-18 13:06:57,https://www.fortali.com.br/confeitaria?page=94,Pronto para comparar
Fortali Distribuidora,Confeitaria,MIX CONFEITOS MARROM MAVALERIO PCT 150G,MIX CONFEITOS MARROM MAVALERIO PCT 150G,29104,150G,150.0,G,150.0,G,,Não,94,https://www.fortali.com.br/mix-confeitos-marrom-mavalerio-pct-150g-29104-1,2026-08-18 13:06:57,https://www.fortali.com.br/confeitaria?page=94,Pronto para comparar
Fortali Distribuidora,Confeitaria,MIX CONFEITOS MARROM MAVALERIO PCT 150G,MIX CONFEITOS MARROM MAVALERIO PCT 150G,29105,150G,150.0,G,150.0,G,,Não,94,https://www.fortali.com.br/mix-confeitos-marrom-mavalerio-pct-150g-29105-1,2026-08-18 13:06:57,https://www.fortali.com.br/confeitaria?page=94,Pronto para comparar
Fortali Distribuidora,Confeitaria,CREME DE GANACHE BRANCO CARAT DECORCREM PURATOS 4KG,CREME DE GANACHE BRANCO CARAT DECORCREM PURATOS 4KG,29166,4KG,4.0,KG,4000.0,G,,Não,94,https://www.fortali.com.br/creme-de-ganache-branco-carat-decorcrem-puratos-4kg-29166-1,2026-08-18 13:06:57,https://www.fortali.com.br/confeitaria?page=94,Pronto para comparar
Fortali Distribuidora,Confeitaria,LEITE COND SEMIDESNATADO CCGL 395G,LEITE COND SEMIDESNATADO CCGL 395G,29193,395G,395.0,G,395.0,G,,Não,1,https://www.fortali.com.br/leite-cond-semidesnatado-ccgl-395g-29193-1,2026-08-18 13:06:57,https://www.fortali.com.br/confeitaria?page=1,Pronto para comparar
Fortali Distribuidora,Confeitaria,PÓ P/ DECORAÇÃO ROSA CEREJA 5G,PO P DECORACAO ROSA CEREJA 5G,29230,5G,5.0,G,5.0,G,,Não,94,https://www.fortali.com.br/po-p-decoracao-rosa-cereja-5g-29230-1,2026-08-18 13:06:57,https://www.fortali.com.br/confeitaria?page=94,Pronto para comparar
Fortali Distribuidora,Confeitaria,PÓ P/ DECORAÇÃO LILAS 5G,PO P DECORACAO LILAS 5G,29231,5G,5.0,G,5.0,G,,Não,94,https://www.fortali.com.br/po-p-decoracao-lilas-5g-29231-1,2026-08-18 13:06:57,https://www.fortali.com.br/confeitaria?page=94,Pronto para comparar
Fortali Distribuidora,Confeitaria,PÓ P/ DECORAÇÃO VIOLETA 5G,PO P DECORACAO VIOLETA 5G,29232,5G,5.0,G,5.0,G,,Não,94,https://www.fortali.com.br/po-p-decoracao-violeta-5g-29232-1,2026-08-18 13:06:57,https://www.fortali.com.br/confeitaria?page=94,Pronto para comparar
Fortali Distribuidora,Confeitaria,PÓ P/ DECORAÇÃO CRISTAL 5G,PO P DECORACAO CRISTAL 5G,29233,5G,5.0,G,5.0,G,,Não,94,https://www.fortali.com.br/po-p-decoracao-cristal-5g-29233-1,2026-08-18 13:06:57,https://www.fortali.com.br/confeitaria?page=94,Pronto para comparar
Fortali Distribuidora,Confeitaria,PÓ P/ DECORAÇÃO AZUL CEU 5G,PO P DECORACAO AZUL CEU 5G,29234,5G,5.0,G,5.0,G,,Não,95,https://www.fortali.com.br/po-p-decoracao-azul-ceu-5g-29234-1,2026-08-18 13:06:57,https://www.fortali.com.br/confeitaria?page=95,Pronto para comparar
Fortali Distribuidora,Confeitaria,CARIMBO MARCADOR ANIVERSARIO C/ 7UN,CARIMBO MARCADOR ANIVERSARIO C 7UN,29235,,,,,,,Não,95,https://www.fortali.com.br/carimbo-marcador-aniversario-c-7un-29235-1,2026-08-18 13:06:57,https://www.fortali.com.br/confeitaria?page=95,Revisar embalagem
Fortali Distribuidora,Confeitaria,CARIMBO MARCADOR LOVE C/ 7UN,CARIMBO MARCADOR LOVE C 7UN,29236,,,,,,,Não,95,https://www.fortali.com.br/carimbo-marcador-love-c-7un-29236-1,2026-08-18 13:06:57,https://www.fortali.com.br/confeitaria?page=95,Revisar embalagem
Fortali Distribuidora,Confeitaria,CARIMBO MARCADOR MUMEROS C/ 10UN,CARIMBO MARCADOR MUMEROS C 10UN,29237,,,,,,,Não,95,https://www.fortali.com.br/carimbo-marcador-mumeros-c-10un-29237-1,2026-08-18 13:06:57,https://www.fortali.com.br/confeitaria?page=95,Revisar embalagem
Fortali Distribuidora,Confeitaria,CONFEITO DE AÇUCAR PEROLADO AMARELO ICEBERG 80G,CONFEITO DE ACUCAR PEROLADO AMARELO ICEBERG 80G,29261,80G,80.0,G,80.0,G,,Não,95,https://www.fortali.com.br/confeito-de-acucar-perolado-amarelo-iceberg-80g-29261-1,2026-08-18 13:06:57,https://www.fortali.com.br/confeitaria?page=95,Pronto para comparar
Fortali Distribuidora,Confeitaria,CONFEITOS DE ACUCAR PEROLADO AZUL ICEBERG 80G,CONFEITOS DE ACUCAR PEROLADO AZUL ICEBERG 80G,29262,80G,80.0,G,80.0,G,,Não,95,https://www.fortali.com.br/confeitos-de-acucar-perolado-azul-iceberg-80g-29262-1,2026-08-18 13:06:57,https://www.fortali.com.br/confeitaria?page=95,Pronto para comparar
Fortali Distribuidora,Confeitaria,CONFEITOS DE ACUCAR PEROLADO AZUL TURQUESA ICEBERG 80G,CONFEITOS DE ACUCAR PEROLADO AZUL TURQUESA ICEBERG 80G,29263,80G,80.0,G,80.0,G,,Não,10,https://www.fortali.com.br/confeitos-de-acucar-perolado-azul-turquesa-iceberg-80g-29263-1,2026-08-18 13:06:57,https://www.fortali.com.br/confeitaria?page=10,Pronto para comparar
Fortali Distribuidora,Confeitaria,CONFEITOS DE ACUCAR PEROLADO LILAS ICEBERG 80G,CONFEITOS DE ACUCAR PEROLADO LILAS ICEBERG 80G,29264,80G,80.0,G,80.0,G,,Não,95,https://www.fortali.com.br/confeitos-de-acucar-perolado-lilas-iceberg-80g-29264-1,2026-08-18 13:06:57,https://www.fortali.com.br/confeitaria?page=95,Pronto para comparar
Fortali Distribuidora,Confeitaria,CONFEITOS DE ACUCAR PEROLADO MIX DE CORES ICEBERG 80G,CONFEITOS DE ACUCAR PEROLADO MIX DE CORES ICEBERG 80G,29265,80G,80.0,G,80.0,G,,Não,14,https://www.fortali.com.br/confeitos-de-acucar-perolado-mix-de-cores-iceberg-80g-29265-1,2026-08-18 13:06:57,https://www.fortali.com.br/confeitaria?page=14,Pronto para comparar
Fortali Distribuidora,Confeitaria,CONFEITOS DE ACUCAR PEROLADO OURO ICEBERG 80G,CONFEITOS DE ACUCAR PEROLADO OURO ICEBERG 80G,29266,80G,80.0,G,80.0,G,,Não,95,https://www.fortali.com.br/confeitos-de-acucar-perolado-ouro-iceberg-80g-29266-1,2026-08-18 13:06:57,https://www.fortali.com.br/confeitaria?page=95,Pronto para comparar
Fortali Distribuidora,Confeitaria,CONFEITOS DE ACUCAR PEROLADO ICEBERG 80G,CONFEITOS DE ACUCAR PEROLADO ICEBERG 80G,29267,80G,80.0,G,80.0,G,,Não,95,https://www.fortali.com.br/confeitos-de-acucar-perolado-iceberg-80g-29267-1,2026-08-18 13:06:57,https://www.fortali.com.br/confeitaria?page=95,Pronto para comparar
Fortali Distribuidora,Confeitaria,CONFEITOS DE ACUCAR PEROLADO ROSA ICEBERG 80G,CONFEITOS DE ACUCAR PEROLADO ROSA ICEBERG 80G,29268,80G,80.0,G,80.0,G,,Não,95,https://www.fortali.com.br/confeitos-de-acucar-perolado-rosa-iceberg-80g-29268-1,2026-08-18 13:06:57,https://www.fortali.com.br/confeitaria?page=95,Pronto para comparar
Fortali Distribuidora,Confeitaria,CONFEITOS DE ACUCAR PEROLADO VERDE ICEBERG 80G,CONFEITOS DE ACUCAR PEROLADO VERDE ICEBERG 80G,29269,80G,80.0,G,80.0,G,,Não,95,https://www.fortali.com.br/confeitos-de-acucar-perolado-verde-iceberg-80g-29269-1,2026-08-18 13:06:57,https://www.fortali.com.br/confeitaria?page=95,Pronto para comparar
Fortali Distribuidora,Confeitaria,KIT CARIMBOS MASCULINO ROSA BEBE 2CM,KIT CARIMBOS MASCULINO ROSA BEBE 2CM,29270,,,,,,,Não,95,https://www.fortali.com.br/kit-carimbos-masculino-rosa-bebe-2cm--29270-1,2026-08-18 13:06:57,https://www.fortali.com.br/confeitaria?page=95,Revisar embalagem
Fortali Distribuidora,Confeitaria,KIT CARIMBOS MASCULINO AMARELO 2CM,KIT CARIMBOS MASCULINO AMARELO 2CM,29271,,,,,,,Não,95,https://www.fortali.com.br/kit-carimbos-masculino-amarelo-2cm--29271-1,2026-08-18 13:06:57,https://www.fortali.com.br/confeitaria?page=95,Revisar embalagem
Fortali Distribuidora,Confeitaria,KIT EJETOR MAX PETALAS,KIT EJETOR MAX PETALAS,29272,,,,,,,Não,95,https://www.fortali.com.br/kit-ejetor-max-petalas--29272-1,2026-08-18 13:06:57,https://www.fortali.com.br/confeitaria?page=95,Revisar embalagem
Fortali Distribuidora,Confeitaria,KIT EJETOR MAX DOCINHO,KIT EJETOR MAX DOCINHO,29273,,,,,,,Não,95,https://www.fortali.com.br/kit-ejetor-max-docinho-29273-1,2026-08-18 13:06:57,https://www.fortali.com.br/confeitaria?page=95,Revisar embalagem
Fortali Distribuidora,Confeitaria,KIT EJETOR MAX HALLOWEEN,KIT EJETOR MAX HALLOWEEN,29274,,,,,,,Não,95,https://www.fortali.com.br/kit-ejetor-max-halloween--29274-1,2026-08-18 13:06:57,https://www.fortali.com.br/confeitaria?page=95,Revisar embalagem
Fortali Distribuidora,Confeitaria,STENCIL ABÓBORA,STENCIL ABOBORA,29276,,,,,,,Não,95,https://www.fortali.com.br/stencil-abobora--29276-1,2026-08-18 13:06:57,https://www.fortali.com.br/confeitaria?page=95,Revisar embalagem
Fortali Distribuidora,Confeitaria,STENCIL ABÓBORA,STENCIL ABOBORA,29277,,,,,,,Não,95,https://www.fortali.com.br/stencil-abobora--29277-1,2026-08-18 13:06:57,https://www.fortali.com.br/confeitaria?page=95,Revisar embalagem
Fortali Distribuidora,Confeitaria,STENCIL LOS MUERTOS,STENCIL LOS MUERTOS,29278,,,,,,,Não,95,https://www.fortali.com.br/stencil-los-muertos--29278-1,2026-08-18 13:06:57,https://www.fortali.com.br/confeitaria?page=95,Revisar embalagem
Fortali Distribuidora,Confeitaria,STENCIL CASA ASSOMBRADA,STENCIL CASA ASSOMBRADA,29279,,,,,,,Não,95,https://www.fortali.com.br/stencil-casa-assombrada-29279-1,2026-08-18 13:06:57,https://www.fortali.com.br/confeitaria?page=95,Revisar embalagem
Fortali Distribuidora,Confeitaria,CEREAL MEGA CHOCOLATE AO LEITE VABENE 500G,CEREAL MEGA CHOCOLATE AO LEITE VABENE 500G,29288,500G,500.0,G,500.0,G,,Não,6,https://www.fortali.com.br/cereal-mega-chocolate-ao-leite-vabene-500g--29288-1,2026-08-18 13:06:57,https://www.fortali.com.br/confeitaria?page=6,Pronto para comparar
Fortali Distribuidora,Confeitaria,PASTA GUSTOSIA SABOR CHAMPAGNE 90G,PASTA GUSTOSIA SABOR CHAMPAGNE 90G,29309,90G,90.0,G,90.0,G,,Não,95,https://www.fortali.com.br/pasta-gustosia-sabor-champagne-90g-29309-1,2026-08-18 13:06:57,https://www.fortali.com.br/confeitaria?page=95,Pronto para comparar
Fortali Distribuidora,Confeitaria,PASTA GUSTOSIA SABOR UVA 90G,PASTA GUSTOSIA SABOR UVA 90G,29310,90G,90.0,G,90.0,G,,Não,95,https://www.fortali.com.br/pasta-gustosia-sabor-uva-90g-29310-1,2026-08-18 13:06:57,https://www.fortali.com.br/confeitaria?page=95,Pronto para comparar
Fortali Distribuidora,Confeitaria,PASTA GUSTOSIA SABOR BANANA 90G,PASTA GUSTOSIA SABOR BANANA 90G,29311,90G,90.0,G,90.0,G,,Não,95,https://www.fortali.com.br/pasta-gustosia-sabor-banana-90g-29311-1,2026-08-18 13:06:57,https://www.fortali.com.br/confeitaria?page=95,Pronto para comparar
Fortali Distribuidora,Confeitaria,PASTA GUSTOSIA TORTA DE MACA 90G,PASTA GUSTOSIA TORTA DE MACA 90G,29312,90G,90.0,G,90.0,G,,Não,95,https://www.fortali.com.br/pasta-gustosia-torta-de-maca-90g-29312-1,2026-08-18 13:06:57,https://www.fortali.com.br/confeitaria?page=95,Pronto para comparar
Fortali Distribuidora,Confeitaria,PASTA GUSTOSIA TORTA DE MACA 90G,PASTA GUSTOSIA TORTA DE MACA 90G,29314,90G,90.0,G,90.0,G,,Não,96,https://www.fortali.com.br/pasta-gustosia-torta-de-maca-90g-29314-1,2026-08-18 13:06:57,https://www.fortali.com.br/confeitaria?page=96,Pronto para comparar
Fortali Distribuidora,Confeitaria,FORMA ESPECIAL SP 40 BOMBOM ESPECIAL BWB,FORMA ESPECIAL SP 40 BOMBOM ESPECIAL BWB,29366,,,,,,,Não,96,https://www.fortali.com.br/forma-especial-sp-40-bombom-especial-bwb-29366-1,2026-08-18 13:06:57,https://www.fortali.com.br/confeitaria?page=96,Revisar embalagem
Fortali Distribuidora,Confeitaria,FORMA ESPECIAL SP 829 MINI PAO DE MEL ESPECIAL BWB,FORMA ESPECIAL SP 829 MINI PAO DE MEL ESPECIAL BWB,29367,,,,,,,Não,96,https://www.fortali.com.br/forma-especial-sp-829-mini-pao-de-mel-especial-bwb-29367-1,2026-08-18 13:06:57,https://www.fortali.com.br/confeitaria?page=96,Revisar embalagem
Fortali Distribuidora,Confeitaria,FORMA ESPECIAL SP 1074 BOLO BOMBOM PEQUENO BWB,FORMA ESPECIAL SP 1074 BOLO BOMBOM PEQUENO BWB,29368,,,,,,,Não,96,https://www.fortali.com.br/forma-especial-sp-1074-bolo-bombom-pequeno-bwb-29368-1,2026-08-18 13:06:57,https://www.fortali.com.br/confeitaria?page=96,Revisar embalagem
Fortali Distribuidora,Confeitaria,FORMA ESPECIAL SP BARRA PARA RECHEAR GRANDE BWB,FORMA ESPECIAL SP BARRA PARA RECHEAR GRANDE BWB,29369,,,,,,,Não,96,https://www.fortali.com.br/forma-especial-sp-barra-para-rechear-grande-bwb-29369-1,2026-08-18 13:06:57,https://www.fortali.com.br/confeitaria?page=96,Revisar embalagem
Fortali Distribuidora,Confeitaria,FORMA ESPECIAL TRAD COPO MOUSSE 3 BWB,FORMA ESPECIAL TRAD COPO MOUSSE 3 BWB,29376,,,,,,,Não,96,https://www.fortali.com.br/forma-especial-trad-copo-mousse-3-bwb-29376-1,2026-08-18 13:06:57,https://www.fortali.com.br/confeitaria?page=96,Revisar embalagem
Fortali Distribuidora,Confeitaria,FORMA SIMPLES SP 9386 UNICORNIO BWB,FORMA SIMPLES SP 9386 UNICORNIO BWB,29377,,,,,,,Não,96,https://www.fortali.com.br/forma-simples-sp-9386-unicornio-bwb-29377-1,2026-08-18 13:06:57,https://www.fortali.com.br/confeitaria?page=96,Revisar embalagem
Fortali Distribuidora,Confeitaria,FORMA SIMPLES SP 9662 DINOSSAURO BWB,FORMA SIMPLES SP 9662 DINOSSAURO BWB,29378,,,,,,,Não,96,https://www.fortali.com.br/forma-simples-sp-9662-dinossauro-bwb-29378-1,2026-08-18 13:06:57,https://www.fortali.com.br/confeitaria?page=96,Revisar embalagem
Fortali Distribuidora,Confeitaria,FORMA SIMPLES SP 9660 CHIFRE DE UNICORNIO BWB,FORMA SIMPLES SP 9660 CHIFRE DE UNICORNIO BWB,29379,,,,,,,Não,96,https://www.fortali.com.br/forma-simples-sp-9660-chifre-de-unicornio-bwb-29379-1,2026-08-18 13:06:57,https://www.fortali.com.br/confeitaria?page=96,Revisar embalagem
Fortali Distribuidora,Confeitaria,PESSEGO FATIAS EM CALDA FRUTASUL 450G,PESSEGO FATIAS EM CALDA FRUTASUL 450G,29413,450G,450.0,G,450.0,G,,Não,13,https://www.fortali.com.br/pessego-fatias-em-calda-frutasul-450g-29413-1,2026-08-18 13:06:57,https://www.fortali.com.br/confeitaria?page=13,Pronto para comparar
Fortali Distribuidora,Confeitaria,CORANTE SOFTGEL BECA AMARELO CARAMELO 25G,CORANTE SOFTGEL BECA AMARELO CARAMELO 25G,29433,25G,25.0,G,25.0,G,,Não,96,https://www.fortali.com.br/corante-softgel-beca-amarelo-caramelo-25g-29433-1,2026-08-18 13:06:57,https://www.fortali.com.br/confeitaria?page=96,Pronto para comparar
Fortali Distribuidora,Confeitaria,CORANTE SOFTGEL BECA AZUL GELADINHO 25G,CORANTE SOFTGEL BECA AZUL GELADINHO 25G,29434,25G,25.0,G,25.0,G,,Não,96,https://www.fortali.com.br/corante-softgel-beca-azul-geladinho-25g-29434-1,2026-08-18 13:06:57,https://www.fortali.com.br/confeitaria?page=96,Pronto para comparar
Fortali Distribuidora,Confeitaria,CORANTE SOFTGEL BECA AZUL PIRULITO 25G,CORANTE SOFTGEL BECA AZUL PIRULITO 25G,29435,25G,25.0,G,25.0,G,,Não,96,https://www.fortali.com.br/corante-softgel-beca-azul-pirulito-25g-29435-1,2026-08-18 13:06:57,https://www.fortali.com.br/confeitaria?page=96,Pronto para comparar
Fortali Distribuidora,Confeitaria,CORANTE SOFTGEL BECA BORDÔ GOMINHA 25G,CORANTE SOFTGEL BECA BORDO GOMINHA 25G,29436,25G,25.0,G,25.0,G,,Não,96,https://www.fortali.com.br/corante-softgel-beca-bordo-gominha-25g-29436-1,2026-08-18 13:06:57,https://www.fortali.com.br/confeitaria?page=96,Pronto para comparar
Fortali Distribuidora,Confeitaria,CORANTE SOFTGEL BECA BORDÔ JABUTICABA 25G,CORANTE SOFTGEL BECA BORDO JABUTICABA 25G,29437,25G,25.0,G,25.0,G,,Não,96,https://www.fortali.com.br/corante-softgel-beca-bordo-jabuticaba-25g-29437-1,2026-08-18 13:06:57,https://www.fortali.com.br/confeitaria?page=96,Pronto para comparar
Fortali Distribuidora,Confeitaria,CORANTE SOFTGEL BECA CINZA 25G,CORANTE SOFTGEL BECA CINZA 25G,29438,25G,25.0,G,25.0,G,,Não,96,https://www.fortali.com.br/corante-softgel-beca-cinza-25g-29438-1,2026-08-18 13:06:57,https://www.fortali.com.br/confeitaria?page=96,Pronto para comparar
Fortali Distribuidora,Confeitaria,CORANTE SOFTGEL BECA LARANJA TANGERINA 25G,CORANTE SOFTGEL BECA LARANJA TANGERINA 25G,29439,25G,25.0,G,25.0,G,,Não,96,https://www.fortali.com.br/corante-softgel-beca-laranja-tangerina-25g-29439-1,2026-08-18 13:06:57,https://www.fortali.com.br/confeitaria?page=96,Pronto para comparar
Fortali Distribuidora,Confeitaria,CORANTE SOFTGEL BECA ROSA ALGODÃO 25G,CORANTE SOFTGEL BECA ROSA ALGODAO 25G,29440,25G,25.0,G,25.0,G,,Não,96,https://www.fortali.com.br/corante-softgel-beca-rosa-algodao-25g-29440-1,2026-08-18 13:06:57,https://www.fortali.com.br/confeitaria?page=96,Pronto para comparar
Fortali Distribuidora,Confeitaria,CORANTE SOFTGEL BECA ROSA CHICLETE 25G,CORANTE SOFTGEL BECA ROSA CHICLETE 25G,29441,25G,25.0,G,25.0,G,,Não,96,https://www.fortali.com.br/corante-softgel-beca-rosa-chiclete-25g-29441-1,2026-08-18 13:06:57,https://www.fortali.com.br/confeitaria?page=96,Pronto para comparar
Fortali Distribuidora,Confeitaria,CORANTE SOFTGEL BECA ROSA CUPCAKE 25G,CORANTE SOFTGEL BECA ROSA CUPCAKE 25G,29442,25G,25.0,G,25.0,G,,Não,96,https://www.fortali.com.br/corante-softgel-beca-rosa-cupcake-25g-29442-1,2026-08-18 13:06:57,https://www.fortali.com.br/confeitaria?page=96,Pronto para comparar
Fortali Distribuidora,Confeitaria,CORANTE SOFTGEL BECA ROXO MARSHMALLOW 25G,CORANTE SOFTGEL BECA ROXO MARSHMALLOW 25G,29443,25G,25.0,G,25.0,G,,Não,96,https://www.fortali.com.br/corante-softgel-beca-roxo-marshmallow-25g-29443-1,2026-08-18 13:06:57,https://www.fortali.com.br/confeitaria?page=96,Pronto para comparar
Fortali Distribuidora,Confeitaria,CORANTE SOFTGEL BECA VERDE ÁGUA CONFETE 25G,CORANTE SOFTGEL BECA VERDE AGUA CONFETE 25G,29444,25G,25.0,G,25.0,G,,Não,96,https://www.fortali.com.br/corante-softgel-beca-verde-agua-confete-25g-29444-1,2026-08-18 13:06:57,https://www.fortali.com.br/confeitaria?page=96,Pronto para comparar
Fortali Distribuidora,Confeitaria,CORANTE SOFTGEL BECA VERDE LIMONADA 25G,CORANTE SOFTGEL BECA VERDE LIMONADA 25G,29445,25G,25.0,G,25.0,G,,Não,96,https://www.fortali.com.br/corante-softgel-beca-verde-limonada-25g-29445-1,2026-08-18 13:06:57,https://www.fortali.com.br/confeitaria?page=96,Pronto para comparar
Fortali Distribuidora,Confeitaria,CORANTE SOFTGEL BECA VERDE PINTA LÍNGUA 25G,CORANTE SOFTGEL BECA VERDE PINTA LINGUA 25G,29446,25G,25.0,G,25.0,G,,Não,96,https://www.fortali.com.br/corante-softgel-beca-verde-pinta-lingua-25g-29446-1,2026-08-18 13:06:57,https://www.fortali.com.br/confeitaria?page=96,Pronto para comparar
Fortali Distribuidora,Confeitaria,CORANTE AVELUDADO BECA AMARELO CARAMELO 3G,CORANTE AVELUDADO BECA AMARELO CARAMELO 3G,29447,3G,3.0,G,3.0,G,,Não,96,https://www.fortali.com.br/corante-aveludado-beca-amarelo-caramelo-3g-29447-1,2026-08-18 13:06:57,https://www.fortali.com.br/confeitaria?page=96,Pronto para comparar
Fortali Distribuidora,Confeitaria,CORANTE AVELUDADO BECA AZUL GELADINHO 3G,CORANTE AVELUDADO BECA AZUL GELADINHO 3G,29448,3G,3.0,G,3.0,G,,Não,97,https://www.fortali.com.br/corante-aveludado-beca-azul-geladinho-3g-29448-1,2026-08-18 13:06:57,https://www.fortali.com.br/confeitaria?page=97,Pronto para comparar
Fortali Distribuidora,Confeitaria,CORANTE AVELUDADO BECA BORDÔ JABUTICABA 3G,CORANTE AVELUDADO BECA BORDO JABUTICABA 3G,29449,3G,3.0,G,3.0,G,,Não,97,https://www.fortali.com.br/corante-aveludado-beca-bordo-jabuticaba-3g-29449-1,2026-08-18 13:06:57,https://www.fortali.com.br/confeitaria?page=97,Pronto para comparar
Fortali Distribuidora,Confeitaria,CORANTE AVELUDADO BECA CINZA SUSPIRO 3G,CORANTE AVELUDADO BECA CINZA SUSPIRO 3G,29450,3G,3.0,G,3.0,G,,Não,97,https://www.fortali.com.br/corante-aveludado-beca-cinza-suspiro-3g-29450-1,2026-08-18 13:06:57,https://www.fortali.com.br/confeitaria?page=97,Pronto para comparar
Fortali Distribuidora,Confeitaria,CORANTE AVELUDADO BECA LARANJA TANGERINA 3G,CORANTE AVELUDADO BECA LARANJA TANGERINA 3G,29451,3G,3.0,G,3.0,G,,Não,97,https://www.fortali.com.br/corante-aveludado-beca-laranja-tangerina-3g-29451-1,2026-08-18 13:06:57,https://www.fortali.com.br/confeitaria?page=97,Pronto para comparar
Fortali Distribuidora,Confeitaria,CORANTE AVELUDADO BECA ROXO CUPCAKE 3G,CORANTE AVELUDADO BECA ROXO CUPCAKE 3G,29452,3G,3.0,G,3.0,G,,Não,97,https://www.fortali.com.br/corante-aveludado-beca-roxo-cupcake-3g-29452-1,2026-08-18 13:06:57,https://www.fortali.com.br/confeitaria?page=97,Pronto para comparar
Fortali Distribuidora,Confeitaria,LICHIA EM CALDA TIO PACO 230G,LICHIA EM CALDA TIO PACO 230G,29683,230G,230.0,G,230.0,G,,Não,2,https://www.fortali.com.br/lichia-em-calda-tio-paco-230g-29683-1,2026-08-18 13:06:57,https://www.fortali.com.br/confeitaria?page=2,Pronto para comparar
Fortali Distribuidora,Confeitaria,CEREJA TIO PACO MARRASQ CALD S/C VD 100G,CEREJA TIO PACO MARRASQ CALD S C VD 100G,29684,100G,100.0,G,100.0,G,,Não,8,https://www.fortali.com.br/cereja-tio-paco-marrasq-cald-s-c-vd-100g-29684-1,2026-08-18 13:06:57,https://www.fortali.com.br/confeitaria?page=8,Pronto para comparar
Fortali Distribuidora,Confeitaria,"GANACHE PISTACHE AROMITALIA 3,5KG","GANACHE PISTACHE AROMITALIA 3,5KG",29717,"3,5KG",3.5,KG,3500.0,G,,Não,9,https://www.fortali.com.br/ganache-pistache-aromitalia-35kg-29717-1,2026-08-18 13:06:57,https://www.fortali.com.br/confeitaria?page=9,Pronto para comparar
Fortali Distribuidora,Confeitaria,"GANACHE CHOC BRANCO AROMITALIA 3,5KG","GANACHE CHOC BRANCO AROMITALIA 3,5KG",29727,"3,5KG",3.5,KG,3500.0,G,,Não,19,https://www.fortali.com.br/ganache-choc-branco-aromitalia-35kg-29727-1,2026-08-18 13:06:57,https://www.fortali.com.br/confeitaria?page=19,Pronto para comparar
Fortali Distribuidora,Confeitaria,GANACHE DE CHOCOLATE COM AVELÃ AROMITALIA 3.5KG,GANACHE DE CHOCOLATE COM AVELA AROMITALIA 3.5KG,29730,3.5KG,3.5,KG,3500.0,G,,Não,24,https://www.fortali.com.br/ganache-de-chocolate-com-avela-aromitalia-35kg-29730-1,2026-08-18 13:06:57,https://www.fortali.com.br/confeitaria?page=24,Pronto para comparar
Fortali Distribuidora,Confeitaria,"GANACHE AO LEITE AROMITALIA 3,5KG","GANACHE AO LEITE AROMITALIA 3,5KG",29736,"3,5KG",3.5,KG,3500.0,G,,Não,97,https://www.fortali.com.br/ganache-ao-leite-aromitalia-35kg-29736-1,2026-08-18 13:06:57,https://www.fortali.com.br/confeitaria?page=97,Pronto para comparar
Fortali Distribuidora,Confeitaria,"GANACHE MEIO AMARGO AROMITALIA 3,5KG","GANACHE MEIO AMARGO AROMITALIA 3,5KG",29741,"3,5KG",3.5,KG,3500.0,G,,Não,97,https://www.fortali.com.br/ganache-meio-amargo-aromitalia-35kg-29741-1,2026-08-18 13:06:57,https://www.fortali.com.br/confeitaria?page=97,Pronto para comparar
Fortali Distribuidora,Confeitaria,PO P PREPARO CHANTILY CHANTIMALLOW MIX 400G,PO P PREPARO CHANTILY CHANTIMALLOW MIX 400G,29747,400G,400.0,G,400.0,G,,Não,97,https://www.fortali.com.br/po-p-preparo-chantily-chantimallow-mix-400g-29747-1,2026-08-18 13:06:57,https://www.fortali.com.br/confeitaria?page=97,Pronto para comparar
Fortali Distribuidora,Confeitaria,COR SOFTGEL VINTAGE AZUL MIX 25G,COR SOFTGEL VINTAGE AZUL MIX 25G,29750,25G,25.0,G,25.0,G,,Não,97,https://www.fortali.com.br/cor-softgel-vintage-azul-mix-25g-29750-1,2026-08-18 13:06:57,https://www.fortali.com.br/confeitaria?page=97,Pronto para comparar
Fortali Distribuidora,Confeitaria,CREME DE AVELA SELECTA CLASSIC 3KG,CREME DE AVELA SELECTA CLASSIC 3KG,29756,3KG,3.0,KG,3000.0,G,,Não,19,https://www.fortali.com.br/creme-de-avela-selecta-classic-3kg-29756-1,2026-08-18 13:06:57,https://www.fortali.com.br/confeitaria?page=19,Pronto para comparar
Fortali Distribuidora,Confeitaria,"CHOC GRANULADO ESC  MARVI 1,01KG","CHOC GRANULADO ESC MARVI 1,01KG",29780,"1,01KG",1.01,KG,1010.0,G,,Não,97,https://www.fortali.com.br/choc-granulado-esc-marvi-1-01kg-29780-1,2026-08-18 13:06:57,https://www.fortali.com.br/confeitaria?page=97,Pronto para comparar
Fortali Distribuidora,Confeitaria,CORANTE LIQUIGEL MARFIM 25G ICEBERG,CORANTE LIQUIGEL MARFIM 25G ICEBERG,29782,25G,25.0,G,25.0,G,,Não,97,https://www.fortali.com.br/corante-liquigel-marfim-25g-iceberg-29782-1,2026-08-18 13:06:57,https://www.fortali.com.br/confeitaria?page=97,Pronto para comparar
Fortali Distribuidora,Confeitaria,CORANTE LIQUIGEL ROSA SECO 60G ICEBERG,CORANTE LIQUIGEL ROSA SECO 60G ICEBERG,29784,60G,60.0,G,60.0,G,,Não,97,https://www.fortali.com.br/corante-liquigel-rosa-seco-60g-iceberg-29784-1,2026-08-18 13:06:57,https://www.fortali.com.br/confeitaria?page=97,Pronto para comparar
Fortali Distribuidora,Confeitaria,COR PO AMARELO 100G ICEBERG,COR PO AMARELO 100G ICEBERG,29785,100G,100.0,G,100.0,G,,Não,97,https://www.fortali.com.br/cor-po-amarelo-100g-iceberg-29785-1,2026-08-18 13:06:57,https://www.fortali.com.br/confeitaria?page=97,Pronto para comparar
Fortali Distribuidora,Confeitaria,COR PO ROSA CEREJA 100G ICEBERG,COR PO ROSA CEREJA 100G ICEBERG,29786,100G,100.0,G,100.0,G,,Não,97,https://www.fortali.com.br/cor-po-rosa-cereja-100g-iceberg-29786-1,2026-08-18 13:06:57,https://www.fortali.com.br/confeitaria?page=97,Pronto para comparar
Fortali Distribuidora,Confeitaria,COR PO VERMELHO BORDO 100G ICEBERG,COR PO VERMELHO BORDO 100G ICEBERG,29787,100G,100.0,G,100.0,G,,Não,97,https://www.fortali.com.br/cor-po-vermelho-bordo-100g-iceberg-29787-1,2026-08-18 13:06:57,https://www.fortali.com.br/confeitaria?page=97,Pronto para comparar
Fortali Distribuidora,Confeitaria,COR PO ROXO AÇAÍ 100G ICEBERG,COR PO ROXO ACAI 100G ICEBERG,29788,100G,100.0,G,100.0,G,,Não,17,https://www.fortali.com.br/cor-po-roxo-acai-100g-iceberg-29788-1,2026-08-18 13:06:57,https://www.fortali.com.br/confeitaria?page=17,Pronto para comparar
Fortali Distribuidora,Confeitaria,COR PO LIPOSSOLUVEL BRANCO 5G ICEBERG,COR PO LIPOSSOLUVEL BRANCO 5G ICEBERG,29789,5G,5.0,G,5.0,G,,Não,97,https://www.fortali.com.br/cor-po-lipossoluvel-branco-5g-iceberg-29789-1,2026-08-18 13:06:57,https://www.fortali.com.br/confeitaria?page=97,Pronto para comparar
Fortali Distribuidora,Confeitaria,ESSENCIA AMENDOA ICEBERG 30ML,ESSENCIA AMENDOA ICEBERG 30ML,29790,30ML,30.0,ML,30.0,ML,,Não,97,https://www.fortali.com.br/essencia-amendoa-iceberg-30ml-29790-1,2026-08-18 13:06:57,https://www.fortali.com.br/confeitaria?page=97,Pronto para comparar
Fortali Distribuidora,Confeitaria,COR PO LIPOSSOLUVEL PRETO 5G ICEBERG,COR PO LIPOSSOLUVEL PRETO 5G ICEBERG,29791,5G,5.0,G,5.0,G,,Não,97,https://www.fortali.com.br/cor-po-lipossoluvel-preto-5g-iceberg-29791-1,2026-08-18 13:06:57,https://www.fortali.com.br/confeitaria?page=97,Pronto para comparar
Fortali Distribuidora,Confeitaria,COR PO LIPOSSOLUVEL CORAL 5G ICEBERG,COR PO LIPOSSOLUVEL CORAL 5G ICEBERG,29792,5G,5.0,G,5.0,G,,Não,97,https://www.fortali.com.br/cor-po-lipossoluvel-coral-5g-iceberg-29792-1,2026-08-18 13:06:57,https://www.fortali.com.br/confeitaria?page=97,Pronto para comparar
Fortali Distribuidora,Confeitaria,COR PO LIPOSSOLUVEL SALMAO 5G ICEBERG,COR PO LIPOSSOLUVEL SALMAO 5G ICEBERG,29793,5G,5.0,G,5.0,G,,Não,97,https://www.fortali.com.br/cor-po-lipossoluvel-salmao-5g-iceberg-29793-1,2026-08-18 13:06:57,https://www.fortali.com.br/confeitaria?page=97,Pronto para comparar
Fortali Distribuidora,Confeitaria,COR PO LIPOSSOLUVEL AZUL TURQ 5G ICEBERG,COR PO LIPOSSOLUVEL AZUL TURQ 5G ICEBERG,29794,5G,5.0,G,5.0,G,,Não,97,https://www.fortali.com.br/cor-po-lipossoluvel-azul-turq-5g-iceberg-29794-1,2026-08-18 13:06:57,https://www.fortali.com.br/confeitaria?page=97,Pronto para comparar
Fortali Distribuidora,Confeitaria,ESSENCIA MANTEIGA ICEBERG 30ML,ESSENCIA MANTEIGA ICEBERG 30ML,29795,30ML,30.0,ML,30.0,ML,,Não,97,https://www.fortali.com.br/essencia-manteiga-iceberg-30ml-29795-1,2026-08-18 13:06:57,https://www.fortali.com.br/confeitaria?page=97,Pronto para comparar
Fortali Distribuidora,Confeitaria,ESSENCIA MARACUJA ICEBERG 30ML,ESSENCIA MARACUJA ICEBERG 30ML,29796,30ML,30.0,ML,30.0,ML,,Não,97,https://www.fortali.com.br/essencia-maracuja-iceberg-30ml-29796-1,2026-08-18 13:06:57,https://www.fortali.com.br/confeitaria?page=97,Pronto para comparar
Fortali Distribuidora,Confeitaria,PULVERIZADOR P/ DECOR ROSE GOLD ICEBERG,PULVERIZADOR P DECOR ROSE GOLD ICEBERG,29797,,,,,,,Não,97,https://www.fortali.com.br/pulverizador-p-decor-rose-gold-iceberg-29797-1,2026-08-18 13:06:57,https://www.fortali.com.br/confeitaria?page=97,Revisar embalagem
Fortali Distribuidora,Confeitaria,PO P/REVES BRILHANTE PISCA 5G ICEBERG,PO P REVES BRILHANTE PISCA 5G ICEBERG,29798,5G,5.0,G,5.0,G,,Não,98,https://www.fortali.com.br/po-preves-brilhante-pisca-5g-iceberg-29798-1,2026-08-18 13:06:57,https://www.fortali.com.br/confeitaria?page=98,Pronto para comparar
Fortali Distribuidora,Confeitaria,ESSENCIA NOZES ICEBERG 30ML,ESSENCIA NOZES ICEBERG 30ML,29799,30ML,30.0,ML,30.0,ML,,Não,98,https://www.fortali.com.br/essencia-nozes-iceberg-30ml-29799-1,2026-08-18 13:06:57,https://www.fortali.com.br/confeitaria?page=98,Pronto para comparar
Fortali Distribuidora,Confeitaria,ESSENCIA AMARULA ICEBERG 10ML,ESSENCIA AMARULA ICEBERG 10ML,29800,10ML,10.0,ML,10.0,ML,,Não,98,https://www.fortali.com.br/essencia-amarula-iceberg-10ml-29800-1,2026-08-18 13:06:57,https://www.fortali.com.br/confeitaria?page=98,Pronto para comparar
Fortali Distribuidora,Confeitaria,ESSENCIA AMENDOA ICEBERG 10ML,ESSENCIA AMENDOA ICEBERG 10ML,29801,10ML,10.0,ML,10.0,ML,,Não,98,https://www.fortali.com.br/essencia-amendoa-iceberg-10ml-29801-1,2026-08-18 13:06:57,https://www.fortali.com.br/confeitaria?page=98,Pronto para comparar
Fortali Distribuidora,Confeitaria,ESSENCIA MENTA ICEBERG 10ML,ESSENCIA MENTA ICEBERG 10ML,29802,10ML,10.0,ML,10.0,ML,,Não,98,https://www.fortali.com.br/essencia-menta-iceberg-10ml-29802-1,2026-08-18 13:06:57,https://www.fortali.com.br/confeitaria?page=98,Pronto para comparar
Fortali Distribuidora,Confeitaria,ESSENCIA NOZES ICEBERG 10ML,ESSENCIA NOZES ICEBERG 10ML,29803,10ML,10.0,ML,10.0,ML,,Não,98,https://www.fortali.com.br/essencia-nozes-iceberg-10ml-29803-1,2026-08-18 13:06:57,https://www.fortali.com.br/confeitaria?page=98,Pronto para comparar
Fortali Distribuidora,Confeitaria,ESSENCIA LARANJA ADINOR PET 960ML,ESSENCIA LARANJA ADINOR PET 960ML,29804,960ML,960.0,ML,960.0,ML,,Não,98,https://www.fortali.com.br/essencia-laranja-adinor-pet-960ml-29804-1,2026-08-18 13:06:57,https://www.fortali.com.br/confeitaria?page=98,Pronto para comparar
Fortali Distribuidora,Confeitaria,ESSENCIA MANTEIGA ICEBERG 960ML,ESSENCIA MANTEIGA ICEBERG 960ML,29805,960ML,960.0,ML,960.0,ML,,Não,98,https://www.fortali.com.br/essencia-manteiga-iceberg-960ml-29805-1,2026-08-18 13:06:57,https://www.fortali.com.br/confeitaria?page=98,Pronto para comparar
Fortali Distribuidora,Confeitaria,ESSENCIA MENTA ICEBERG 30ML,ESSENCIA MENTA ICEBERG 30ML,29806,30ML,30.0,ML,30.0,ML,,Não,98,https://www.fortali.com.br/essencia-menta-iceberg-30ml-29806-1,2026-08-18 13:06:57,https://www.fortali.com.br/confeitaria?page=98,Pronto para comparar
Fortali Distribuidora,Confeitaria,GLITTER P/DECOR AZUL GLOW 5G,GLITTER P DECOR AZUL GLOW 5G,29807,5G,5.0,G,5.0,G,,Não,98,https://www.fortali.com.br/glitter-pdecor-azul-glow-5g-29807-1,2026-08-18 13:06:57,https://www.fortali.com.br/confeitaria?page=98,Pronto para comparar
Fortali Distribuidora,Confeitaria,GLITTER P/DECOR CRISTAL GLOW 5G,GLITTER P DECOR CRISTAL GLOW 5G,29808,5G,5.0,G,5.0,G,,Não,98,https://www.fortali.com.br/glitter-pdecor-cristal-glow-5g-29808-1,2026-08-18 13:06:57,https://www.fortali.com.br/confeitaria?page=98,Pronto para comparar
Fortali Distribuidora,Confeitaria,GLITTER P/DECOR DOURADO GLOW 5G,GLITTER P DECOR DOURADO GLOW 5G,29809,5G,5.0,G,5.0,G,,Não,98,https://www.fortali.com.br/glitter-pdecor-dourado-glow-5g-29809-1,2026-08-18 13:06:57,https://www.fortali.com.br/confeitaria?page=98,Pronto para comparar
Fortali Distribuidora,Confeitaria,GLITTER P/DECOR PINK GLOW 5G,GLITTER P DECOR PINK GLOW 5G,29810,5G,5.0,G,5.0,G,,Não,98,https://www.fortali.com.br/glitter-pdecor-pink-glow-5g-29810-1,2026-08-18 13:06:57,https://www.fortali.com.br/confeitaria?page=98,Pronto para comparar
Fortali Distribuidora,Confeitaria,GLITTER P/DECOR PRETO GLOW 5G,GLITTER P DECOR PRETO GLOW 5G,29811,5G,5.0,G,5.0,G,,Não,98,https://www.fortali.com.br/glitter-pdecor-preto-glow-5g-29811-1,2026-08-18 13:06:57,https://www.fortali.com.br/confeitaria?page=98,Pronto para comparar
Fortali Distribuidora,Confeitaria,GLITTER P/DECOR ROXO GLOW 5G,GLITTER P DECOR ROXO GLOW 5G,29812,5G,5.0,G,5.0,G,,Não,98,https://www.fortali.com.br/glitter-pdecor-roxo-glow-5g-29812-1,2026-08-18 13:06:57,https://www.fortali.com.br/confeitaria?page=98,Pronto para comparar
Fortali Distribuidora,Confeitaria,GLITTER P/DECOR VERDE GLOW 5G,GLITTER P DECOR VERDE GLOW 5G,29813,5G,5.0,G,5.0,G,,Não,98,https://www.fortali.com.br/glitter-pdecor-verde-glow-5g-29813-1,2026-08-18 13:06:57,https://www.fortali.com.br/confeitaria?page=98,Pronto para comparar
Fortali Distribuidora,Confeitaria,GLITTER P/DECOR NAC OURO ROSE GLOW 5G,GLITTER P DECOR NAC OURO ROSE GLOW 5G,29814,5G,5.0,G,5.0,G,,Não,98,https://www.fortali.com.br/glitter-pdecor-nac-ouro-rose-glow-5g-29814-1,2026-08-18 13:06:57,https://www.fortali.com.br/confeitaria?page=98,Pronto para comparar
Fortali Distribuidora,Confeitaria,GLITTER P/DECOR OURO CINTILANTE GLOW 5G,GLITTER P DECOR OURO CINTILANTE GLOW 5G,29815,5G,5.0,G,5.0,G,,Não,98,https://www.fortali.com.br/glitter-pdecor-ouro-cintilante-glow-5g-29815-1,2026-08-18 13:06:57,https://www.fortali.com.br/confeitaria?page=98,Pronto para comparar
Fortali Distribuidora,Confeitaria,PO P/DECOR METAL BRONZE 5G ICEBERG,PO P DECOR METAL BRONZE 5G ICEBERG,29817,5G,5.0,G,5.0,G,,Não,98,https://www.fortali.com.br/po-pdecor-metal-bronze-5g-iceberg-29817-1,2026-08-18 13:06:57,https://www.fortali.com.br/confeitaria?page=98,Pronto para comparar
Fortali Distribuidora,Confeitaria,GLITTER P/DECOR ROSA CHICLETE GLOW 5G,GLITTER P DECOR ROSA CHICLETE GLOW 5G,29818,5G,5.0,G,5.0,G,,Não,98,https://www.fortali.com.br/glitter-pdecor-rosa-chiclete-glow-5g-29818-1,2026-08-18 13:06:57,https://www.fortali.com.br/confeitaria?page=98,Pronto para comparar
Fortali Distribuidora,Confeitaria,CREME DE CONFEITEIRO 500G ICEBERG,CREME DE CONFEITEIRO 500G ICEBERG,29821,500G,500.0,G,500.0,G,,Não,34,https://www.fortali.com.br/creme-de-confeiteiro-500g-iceberg-29821-1,2026-08-18 13:06:57,https://www.fortali.com.br/confeitaria?page=34,Pronto para comparar
Fortali Distribuidora,Confeitaria,CONFEITO OURO 500G ICEBERG,CONFEITO OURO 500G ICEBERG,29822,500G,500.0,G,500.0,G,,Não,98,https://www.fortali.com.br/confeito-ouro-500g-iceberg-29822-1,2026-08-18 13:06:57,https://www.fortali.com.br/confeitaria?page=98,Pronto para comparar
Fortali Distribuidora,Confeitaria,CONFEITO PEROLADA 500G ICEBERG,CONFEITO PEROLADA 500G ICEBERG,29823,500G,500.0,G,500.0,G,,Não,98,https://www.fortali.com.br/confeito-perolada-500g-iceberg-29823-1,2026-08-18 13:06:57,https://www.fortali.com.br/confeitaria?page=98,Pronto para comparar
Fortali Distribuidora,Confeitaria,CREMOR DE TÁRTARO 50G ICEBERG,CREMOR DE TARTARO 50G ICEBERG,29824,50G,50.0,G,50.0,G,,Não,98,https://www.fortali.com.br/cremor-de-tartaro-50g-iceberg-29824-1,2026-08-18 13:06:57,https://www.fortali.com.br/confeitaria?page=98,Pronto para comparar
Fortali Distribuidora,Confeitaria,PECTINA 50G ICEBERG,PECTINA 50G ICEBERG,29826,50G,50.0,G,50.0,G,,Não,98,https://www.fortali.com.br/pectina-50g-iceberg-29826-1,2026-08-18 13:06:57,https://www.fortali.com.br/confeitaria?page=98,Pronto para comparar
Fortali Distribuidora,Confeitaria,GLITTER MARROM ART BRILHO 5G,GLITTER MARROM ART BRILHO 5G,29855,5G,5.0,G,5.0,G,,Não,99,https://www.fortali.com.br/glitter-marrom-art-brilho-5g-29855-1,2026-08-18 13:06:57,https://www.fortali.com.br/confeitaria?page=99,Pronto para comparar
Fortali Distribuidora,Confeitaria,GLITTER ROSA GLAMOUR ART BRILHO 5G,GLITTER ROSA GLAMOUR ART BRILHO 5G,29856,5G,5.0,G,5.0,G,,Não,13,https://www.fortali.com.br/glitter-rosa-glamour-art-brilho-5g-29856-1,2026-08-18 13:06:57,https://www.fortali.com.br/confeitaria?page=13,Pronto para comparar
Fortali Distribuidora,Confeitaria,PO P/ DECORACAO MARROM ART BRILHO 4G,PO P DECORACAO MARROM ART BRILHO 4G,29857,4G,4.0,G,4.0,G,,Não,99,https://www.fortali.com.br/po-p-decoracao-marrom-art-brilho-4g-29857-1,2026-08-18 13:06:57,https://www.fortali.com.br/confeitaria?page=99,Pronto para comparar
Fortali Distribuidora,Confeitaria,PO P/ DECORACAO MUNDO ROSA ART BRILHO 4G,PO P DECORACAO MUNDO ROSA ART BRILHO 4G,29858,4G,4.0,G,4.0,G,,Não,99,https://www.fortali.com.br/po-p-decoracao-mundo-rosa-art-brilho-4g-29858-1,2026-08-18 13:06:57,https://www.fortali.com.br/confeitaria?page=99,Pronto para comparar
Fortali Distribuidora,Confeitaria,PO P/ DECORACAO ROSA FANTASTIC ART BRILHO 4G,PO P DECORACAO ROSA FANTASTIC ART BRILHO 4G,29859,4G,4.0,G,4.0,G,,Não,19,https://www.fortali.com.br/po-p-decoracao-rosa-fantastic-art-brilho-4g-29859-1,2026-08-18 13:06:57,https://www.fortali.com.br/confeitaria?page=19,Pronto para comparar
Fortali Distribuidora,Confeitaria,PO P/ DECORACAO CANDY ROSA ART BRILHO 4G,PO P DECORACAO CANDY ROSA ART BRILHO 4G,29860,4G,4.0,G,4.0,G,,Não,15,https://www.fortali.com.br/po-p-decoracao-candy-rosa-art-brilho-4g-29860-1,2026-08-18 13:06:57,https://www.fortali.com.br/confeitaria?page=15,Pronto para comparar
Fortali Distribuidora,Confeitaria,PO P/ DECORACAO CANDY AZUL ART BRILHO 4G,PO P DECORACAO CANDY AZUL ART BRILHO 4G,29861,4G,4.0,G,4.0,G,,Não,99,https://www.fortali.com.br/po-p-decoracao-candy-azul-art-brilho-4g-29861-1,2026-08-18 13:06:57,https://www.fortali.com.br/confeitaria?page=99,Pronto para comparar
Fortali Distribuidora,Confeitaria,PO P/ DECORACAO CANDY VERDE ART BRILHO 4G,PO P DECORACAO CANDY VERDE ART BRILHO 4G,29862,4G,4.0,G,4.0,G,,Não,99,https://www.fortali.com.br/po-p-decoracao-candy-verde-art-brilho-4g-29862-1,2026-08-18 13:06:57,https://www.fortali.com.br/confeitaria?page=99,Pronto para comparar
Fortali Distribuidora,Confeitaria,PO P/ DECORACAO CANDY LILAS ART BRILHO 4G,PO P DECORACAO CANDY LILAS ART BRILHO 4G,29863,4G,4.0,G,4.0,G,,Não,99,https://www.fortali.com.br/po-p-decoracao-candy-lilas-art-brilho-4g-29863-1,2026-08-18 13:06:57,https://www.fortali.com.br/confeitaria?page=99,Pronto para comparar
Fortali Distribuidora,Confeitaria,PO P/ DECORACAO CANDY AMARELO ART BRILHO 4G,PO P DECORACAO CANDY AMARELO ART BRILHO 4G,29864,4G,4.0,G,4.0,G,,Não,16,https://www.fortali.com.br/po-p-decoracao-candy-amarelo-art-brilho-4g-29864-1,2026-08-18 13:06:57,https://www.fortali.com.br/confeitaria?page=16,Pronto para comparar
Fortali Distribuidora,Confeitaria,PO P/ DECORACAO CANDY LARANJA ART BRILHO 4G,PO P DECORACAO CANDY LARANJA ART BRILHO 4G,29865,4G,4.0,G,4.0,G,,Não,99,https://www.fortali.com.br/po-p-decoracao-candy-laranja-art-brilho-4g-29865-1,2026-08-18 13:06:57,https://www.fortali.com.br/confeitaria?page=99,Pronto para comparar
Fortali Distribuidora,Confeitaria,PASTA PISTACHE PRIMO AMORE GUSTOSIA 90G,PASTA PISTACHE PRIMO AMORE GUSTOSIA 90G,29940,90G,90.0,G,90.0,G,,Não,18,https://www.fortali.com.br/pasta-pistache-primo-amore-gustosia-90g--29940-1,2026-08-18 13:06:57,https://www.fortali.com.br/confeitaria?page=18,Pronto para comparar
Fortali Distribuidora,Confeitaria,PASTA SAB. CONC. FRUTAS VERM MEC3 90G,PASTA SAB. CONC. FRUTAS VERM MEC3 90G,29941,90G,90.0,G,90.0,G,,Não,25,https://www.fortali.com.br/pasta-sab-conc-frutas-verm-mec3-90g-29941-1,2026-08-18 13:06:57,https://www.fortali.com.br/confeitaria?page=25,Pronto para comparar
Fortali Distribuidora,Confeitaria,PASTA GUSTOSIA FRENCH VANILLA - BAUN 90G,PASTA GUSTOSIA FRENCH VANILLA BAUN 90G,29950,90G,90.0,G,90.0,G,,Não,99,https://www.fortali.com.br/pasta-gustosia-french-vanilla--baun-90g-29950-1,2026-08-18 13:06:57,https://www.fortali.com.br/confeitaria?page=99,Pronto para comparar
Fortali Distribuidora,Confeitaria,PASTA GUSTOSIA FRUTTI DI BOSCO MEC3 250G,PASTA GUSTOSIA FRUTTI DI BOSCO MEC3 250G,29951,250G,250.0,G,250.0,G,,Não,99,https://www.fortali.com.br/pasta-gustosia-frutti-di-bosco-mec3-250g-29951-1,2026-08-18 13:06:57,https://www.fortali.com.br/confeitaria?page=99,Pronto para comparar
Fortali Distribuidora,Confeitaria,PASTA CONCENTRADA MARACUJA GUSTOSIA 90G,PASTA CONCENTRADA MARACUJA GUSTOSIA 90G,29956,90G,90.0,G,90.0,G,,Não,99,https://www.fortali.com.br/pasta-concentrada-maracuja-gustosia-90g-29956-1,2026-08-18 13:06:57,https://www.fortali.com.br/confeitaria?page=99,Pronto para comparar
Fortali Distribuidora,Confeitaria,PASTA SABOR. CONCENTRADA MORANGO 90G,PASTA SABOR. CONCENTRADA MORANGO 90G,29957,90G,90.0,G,90.0,G,,Não,99,https://www.fortali.com.br/pasta-sabor-concentrada-morango-90g-29957-1,2026-08-18 13:06:57,https://www.fortali.com.br/confeitaria?page=99,Pronto para comparar
Fortali Distribuidora,Confeitaria,PASTA SABOR CONC. MILHO VERDE 90G,PASTA SABOR CONC. MILHO VERDE 90G,29958,90G,90.0,G,90.0,G,,Não,99,https://www.fortali.com.br/pasta-sabor-conc-milho-verde-90g-29958-1,2026-08-18 13:06:57,https://www.fortali.com.br/confeitaria?page=99,Pronto para comparar
Fortali Distribuidora,Confeitaria,PASTA GUSTOSIA ABACAXI  250G,PASTA GUSTOSIA ABACAXI 250G,29961,250G,250.0,G,250.0,G,,Não,99,https://www.fortali.com.br/pasta-gustosia-abacaxi--250g-29961-1,2026-08-18 13:06:57,https://www.fortali.com.br/confeitaria?page=99,Pronto para comparar
Fortali Distribuidora,Confeitaria,PASTA GUSTOSIA PASSAS AO RUM  250G,PASTA GUSTOSIA PASSAS AO RUM 250G,29962,250G,250.0,G,250.0,G,,Não,99,https://www.fortali.com.br/pasta-gustosia-passas-ao-rum--250g-29962-1,2026-08-18 13:06:57,https://www.fortali.com.br/confeitaria?page=99,Pronto para comparar
Fortali Distribuidora,Confeitaria,PASTA PISTACHE CALIFORNIA GUSTOSIA 180G,PASTA PISTACHE CALIFORNIA GUSTOSIA 180G,29963,180G,180.0,G,180.0,G,,Não,34,https://www.fortali.com.br/pasta-pistache-california-gustosia-180g-29963-1,2026-08-18 13:06:57,https://www.fortali.com.br/confeitaria?page=34,Pronto para comparar
Fortali Distribuidora,Confeitaria,FIX CREAM MEC3 250G,FIX CREAM MEC3 250G,29965,250G,250.0,G,250.0,G,,Não,99,https://www.fortali.com.br/fix-cream-mec3-250g-29965-1,2026-08-18 13:06:57,https://www.fortali.com.br/confeitaria?page=99,Pronto para comparar
Fortali Distribuidora,Confeitaria,FORMA SIMPLES SP 64 - PIRULIT?O BWB,FORMA SIMPLES SP 64 PIRULIT O BWB,29970,,,,,,,Não,99,https://www.fortali.com.br/forma-simples-sp-64--pirulito-bwb-29970-1,2026-08-18 13:06:57,https://www.fortali.com.br/confeitaria?page=99,Revisar embalagem
Fortali Distribuidora,Confeitaria,FORMA ESPECIAL TRAD- BOMBOM DECORADO BWB,FORMA ESPECIAL TRAD BOMBOM DECORADO BWB,29972,,,,,,,Não,99,https://www.fortali.com.br/forma-especial-trad-bombom-decorado-bwb-29972-1,2026-08-18 13:06:57,https://www.fortali.com.br/confeitaria?page=99,Revisar embalagem
Fortali Distribuidora,Confeitaria,FORMA ESPECIAL TRAD- COPO MOUSSE C/20,FORMA ESPECIAL TRAD COPO MOUSSE C 20,29973,,,,,,,Não,99,https://www.fortali.com.br/forma-especial-trad-copo-mousse-c20-29973-1,2026-08-18 13:06:57,https://www.fortali.com.br/confeitaria?page=99,Revisar embalagem
Fortali Distribuidora,Confeitaria,FORMA ESPECIAL TRAD- COPO MOUSSE C/15,FORMA ESPECIAL TRAD COPO MOUSSE C 15,29974,,,,,,,Não,99,https://www.fortali.com.br/forma-especial-trad-copo-mousse-c15-29974-1,2026-08-18 13:06:57,https://www.fortali.com.br/confeitaria?page=99,Revisar embalagem
Fortali Distribuidora,Confeitaria,FORMA SIMP TRAD - MINI NUMEROS,FORMA SIMP TRAD MINI NUMEROS,29975,,,,,,,Não,99,https://www.fortali.com.br/forma-simp-trad--mini-numeros-29975-1,2026-08-18 13:06:57,https://www.fortali.com.br/confeitaria?page=99,Revisar embalagem
Fortali Distribuidora,Confeitaria,EMULSAO SABOR. FRUTAS VERM. 18ML,EMULSAO SABOR. FRUTAS VERM. 18ML,29980,18ML,18.0,ML,18.0,ML,,Não,99,https://www.fortali.com.br/emulsao-sabor-frutas-verm-18ml-29980-1,2026-08-18 13:06:57,https://www.fortali.com.br/confeitaria?page=99,Pronto para comparar
Fortali Distribuidora,Confeitaria,EMULSAO SABORIZANTE DE LARANJA 18ML,EMULSAO SABORIZANTE DE LARANJA 18ML,29981,18ML,18.0,ML,18.0,ML,,Não,25,https://www.fortali.com.br/emulsao-saborizante-de-laranja-18ml-29981-1,2026-08-18 13:06:57,https://www.fortali.com.br/confeitaria?page=25,Pronto para comparar
Fortali Distribuidora,Confeitaria,EMULSAO SABORIZANTE DE  CAFE 18ML,EMULSAO SABORIZANTE DE CAFE 18ML,29982,18ML,18.0,ML,18.0,ML,,Não,99,https://www.fortali.com.br/emulsao-saborizante-de-cafe-18ml-29982-1,2026-08-18 13:06:57,https://www.fortali.com.br/confeitaria?page=99,Pronto para comparar
Fortali Distribuidora,Confeitaria,SOFT GEL FLEX AMARELO 60G,SOFT GEL FLEX AMARELO 60G,29983,60G,60.0,G,60.0,G,,Não,99,https://www.fortali.com.br/soft-gel-flex-amarelo-60g-29983-1,2026-08-18 13:06:57,https://www.fortali.com.br/confeitaria?page=99,Pronto para comparar
Fortali Distribuidora,Confeitaria,PASTA SABORIZANTE LIMAO SICILIANO 90G,PASTA SABORIZANTE LIMAO SICILIANO 90G,29984,90G,90.0,G,90.0,G,,Não,25,https://www.fortali.com.br/pasta-saborizante-limao-siciliano-90g-29984-1,2026-08-18 13:06:57,https://www.fortali.com.br/confeitaria?page=25,Pronto para comparar
Fortali Distribuidora,Confeitaria,SOFT GEL FLEX AZUL 60G,SOFT GEL FLEX AZUL 60G,29985,60G,60.0,G,60.0,G,,Não,99,https://www.fortali.com.br/soft-gel-flex-azul-60g-29985-1,2026-08-18 13:06:57,https://www.fortali.com.br/confeitaria?page=99,Pronto para comparar
Fortali Distribuidora,Confeitaria,PASTA SABORIZANTE BAUNILHA 90G,PASTA SABORIZANTE BAUNILHA 90G,29987,90G,90.0,G,90.0,G,,Não,100,https://www.fortali.com.br/pasta-saborizante-baunilha-90g-29987-1,2026-08-18 13:06:57,https://www.fortali.com.br/confeitaria?page=100,Pronto para comparar
Fortali Distribuidora,Confeitaria,PASTA SABORIZANTE MORANGO 90G,PASTA SABORIZANTE MORANGO 90G,29988,90G,90.0,G,90.0,G,,Não,100,https://www.fortali.com.br/pasta-saborizante-morango-90g-29988-1,2026-08-18 13:06:57,https://www.fortali.com.br/confeitaria?page=100,Pronto para comparar
Fortali Distribuidora,Confeitaria,SOFT GEL FLEX  AZUL ROYAL 60G,SOFT GEL FLEX AZUL ROYAL 60G,29989,60G,60.0,G,60.0,G,,Não,100,https://www.fortali.com.br/soft-gel-flex--azul-royal-60g-29989-1,2026-08-18 13:06:57,https://www.fortali.com.br/confeitaria?page=100,Pronto para comparar
Fortali Distribuidora,Confeitaria,PASTA SABORIZANTE PISTACHE MAGO 90G,PASTA SABORIZANTE PISTACHE MAGO 90G,29990,90G,90.0,G,90.0,G,,Não,25,https://www.fortali.com.br/pasta-saborizante-pistache-mago-90g-29990-1,2026-08-18 13:06:57,https://www.fortali.com.br/confeitaria?page=25,Pronto para comparar
Fortali Distribuidora,Confeitaria,SOFT GEL FLEX AZUL TIFFANY 60G,SOFT GEL FLEX AZUL TIFFANY 60G,29991,60G,60.0,G,60.0,G,,Não,100,https://www.fortali.com.br/soft-gel-flex-azul-tiffany-60g-29991-1,2026-08-18 13:06:57,https://www.fortali.com.br/confeitaria?page=100,Pronto para comparar
Fortali Distribuidora,Confeitaria,SOFT GEL FLEX  LARANJA 60G,SOFT GEL FLEX LARANJA 60G,29992,60G,60.0,G,60.0,G,,Não,100,https://www.fortali.com.br/soft-gel-flex--laranja-60g-29992-1,2026-08-18 13:06:57,https://www.fortali.com.br/confeitaria?page=100,Pronto para comparar
Fortali Distribuidora,Confeitaria,SOFT GEL FLEX MAGENTA 60G,SOFT GEL FLEX MAGENTA 60G,29993,60G,60.0,G,60.0,G,,Não,100,https://www.fortali.com.br/soft-gel-flex-magenta-60g-29993-1,2026-08-18 13:06:57,https://www.fortali.com.br/confeitaria?page=100,Pronto para comparar
Fortali Distribuidora,Confeitaria,SOFT GEL FLEX  PRETO 60G,SOFT GEL FLEX PRETO 60G,29994,60G,60.0,G,60.0,G,,Não,100,https://www.fortali.com.br/soft-gel-flex--preto-60g-29994-1,2026-08-18 13:06:57,https://www.fortali.com.br/confeitaria?page=100,Pronto para comparar
Fortali Distribuidora,Confeitaria,SOFT GEL FLEX  PINK 60G,SOFT GEL FLEX PINK 60G,29995,60G,60.0,G,60.0,G,,Não,100,https://www.fortali.com.br/soft-gel-flex--pink-60g-29995-1,2026-08-18 13:06:57,https://www.fortali.com.br/confeitaria?page=100,Pronto para comparar
Fortali Distribuidora,Confeitaria,PASTA SABORIZANTE AVELA 90G,PASTA SABORIZANTE AVELA 90G,29996,90G,90.0,G,90.0,G,,Não,100,https://www.fortali.com.br/pasta-saborizante-avela-90g-29996-1,2026-08-18 13:06:57,https://www.fortali.com.br/confeitaria?page=100,Pronto para comparar
Fortali Distribuidora,Confeitaria,SOFT GEL FLEX  ROSA 60G,SOFT GEL FLEX ROSA 60G,29997,60G,60.0,G,60.0,G,,Não,100,https://www.fortali.com.br/soft-gel-flex--rosa-60g-29997-1,2026-08-18 13:06:57,https://www.fortali.com.br/confeitaria?page=100,Pronto para comparar
Fortali Distribuidora,Confeitaria,SOFT GEL FLEX  VERDE FOLHA 60G,SOFT GEL FLEX VERDE FOLHA 60G,29998,60G,60.0,G,60.0,G,,Não,100,https://www.fortali.com.br/soft-gel-flex--verde-folha-60g-29998-1,2026-08-18 13:06:57,https://www.fortali.com.br/confeitaria?page=100,Pronto para comparar
Fortali Distribuidora,Confeitaria,SOFT GEL FLEX VERMELHO 60G,SOFT GEL FLEX VERMELHO 60G,29999,60G,60.0,G,60.0,G,,Não,100,https://www.fortali.com.br/soft-gel-flex-vermelho-60g-29999-1,2026-08-18 13:06:57,https://www.fortali.com.br/confeitaria?page=100,Pronto para comparar
Fortali Distribuidora,Confeitaria,SOFT GEL FLEX VIOLETA 60G,SOFT GEL FLEX VIOLETA 60G,30000,60G,60.0,G,60.0,G,,Não,100,https://www.fortali.com.br/soft-gel-flex-violeta-60g-30000-1,2026-08-18 13:06:57,https://www.fortali.com.br/confeitaria?page=100,Pronto para comparar
Fortali Distribuidora,Confeitaria,GLITTER P DECORAC?O AZUL MARINHO 5G,GLITTER P DECORAC O AZUL MARINHO 5G,30001,5G,5.0,G,5.0,G,,Não,100,https://www.fortali.com.br/glitter-p-decoraco-azul-marinho-5g-30001-1,2026-08-18 13:06:57,https://www.fortali.com.br/confeitaria?page=100,Pronto para comparar
Fortali Distribuidora,Confeitaria,ALCOOL DE CEREAIS 50ML,ALCOOL DE CEREAIS 50ML,30002,50ML,50.0,ML,50.0,ML,,Não,100,https://www.fortali.com.br/alcool-de-cereais-50ml-30002-1,2026-08-18 13:06:57,https://www.fortali.com.br/confeitaria?page=100,Pronto para comparar
Fortali Distribuidora,Confeitaria,SOLUCAO ALCOOLICA 250ML,SOLUCAO ALCOOLICA 250ML,30003,250ML,250.0,ML,250.0,ML,,Não,100,https://www.fortali.com.br/solucao-alcoolica-250ml-30003-1,2026-08-18 13:06:57,https://www.fortali.com.br/confeitaria?page=100,Pronto para comparar
Fortali Distribuidora,Confeitaria,SOFT GEL FLEX AZUL 25G,SOFT GEL FLEX AZUL 25G,30004,25G,25.0,G,25.0,G,,Não,100,https://www.fortali.com.br/soft-gel-flex-azul-25g-30004-1,2026-08-18 13:06:57,https://www.fortali.com.br/confeitaria?page=100,Pronto para comparar
Fortali Distribuidora,Confeitaria,FORMA ESPECIAL TRAD- P?O DE MEL PEQ. BWB C/20,FORMA ESPECIAL TRAD P O DE MEL PEQ. BWB C 20,30017,,,,,,,Não,100,https://www.fortali.com.br/forma-especial-trad-po-de-mel-peq-bwb-c20-30017-1,2026-08-18 13:06:57,https://www.fortali.com.br/confeitaria?page=100,Revisar embalagem
Fortali Distribuidora,Confeitaria,FORMA ESPECIAL TRAD- P?O DE MEL QUADRADO C/20,FORMA ESPECIAL TRAD P O DE MEL QUADRADO C 20,30019,,,,,,,Não,25,https://www.fortali.com.br/forma-especial-trad-po-de-mel-quadrado-c20-30019-1,2026-08-18 13:06:57,https://www.fortali.com.br/confeitaria?page=25,Revisar embalagem
Fortali Distribuidora,Confeitaria,FORMA ESPECIAL TRAD- MINI P?O DE MEL C/ 25,FORMA ESPECIAL TRAD MINI P O DE MEL C 25,30020,,,,,,,Não,100,https://www.fortali.com.br/forma-especial-trad-mini-po-de-mel-c-25-30020-1,2026-08-18 13:06:57,https://www.fortali.com.br/confeitaria?page=100,Revisar embalagem
Fortali Distribuidora,Confeitaria,FORMA ESPECIAL TRAD. - BOMBOM QUADRADO,FORMA ESPECIAL TRAD. BOMBOM QUADRADO,30021,,,,,,,Não,100,https://www.fortali.com.br/forma-especial-trad--bombom-quadrado-30021-1,2026-08-18 13:06:57,https://www.fortali.com.br/confeitaria?page=100,Revisar embalagem
Fortali Distribuidora,Confeitaria,FORMA ESPECIAL TRAD. BARRA LISA C/30,FORMA ESPECIAL TRAD. BARRA LISA C 30,30027,,,,,,,Não,100,https://www.fortali.com.br/forma-especial-trad-barra-lisa-c30-30027-1,2026-08-18 13:06:57,https://www.fortali.com.br/confeitaria?page=100,Revisar embalagem
Fortali Distribuidora,Confeitaria,PASTA SABORIZANTE FR. DO BOSQUE 90G MAGO,PASTA SABORIZANTE FR. DO BOSQUE 90G MAGO,30028,90G,90.0,G,90.0,G,,Não,100,https://www.fortali.com.br/pasta-saborizante-fr-do-bosque-90g-mago-30028-1,2026-08-18 13:06:57,https://www.fortali.com.br/confeitaria?page=100,Pronto para comparar
Fortali Distribuidora,Confeitaria,PASTA SABORIZANTE COCO 90G MAGO,PASTA SABORIZANTE COCO 90G MAGO,30029,90G,90.0,G,90.0,G,,Não,100,https://www.fortali.com.br/pasta-saborizante-coco-90g-mago-30029-1,2026-08-18 13:06:57,https://www.fortali.com.br/confeitaria?page=100,Pronto para comparar
Fortali Distribuidora,Confeitaria,DOCE DE GOIABA CREMOSO VAL BALDE 4.8KG,DOCE DE GOIABA CREMOSO VAL BALDE 4.8KG,3003,4.8KG,4.8,KG,4800.0,G,,Não,100,https://www.fortali.com.br/doce-de-goiaba-cremoso-val-balde-48kg-3003-1,2026-08-18 13:06:57,https://www.fortali.com.br/confeitaria?page=100,Pronto para comparar
Fortali Distribuidora,Confeitaria,PASTA SABORIZANTE MARACUJA 90G MAGO,PASTA SABORIZANTE MARACUJA 90G MAGO,30030,90G,90.0,G,90.0,G,,Não,101,https://www.fortali.com.br/pasta-saborizante-maracuja-90g-mago-30030-1,2026-08-18 13:06:57,https://www.fortali.com.br/confeitaria?page=101,Pronto para comparar
Fortali Distribuidora,Confeitaria,PASTA SABORIZANTE CEREJA 90G MAGO,PASTA SABORIZANTE CEREJA 90G MAGO,30031,90G,90.0,G,90.0,G,,Não,101,https://www.fortali.com.br/pasta-saborizante-cereja-90g-mago-30031-1,2026-08-18 13:06:57,https://www.fortali.com.br/confeitaria?page=101,Pronto para comparar
Fortali Distribuidora,Confeitaria,PO P/ DECOR. RS BONECA BRILHO 5G MAGO,PO P DECOR. RS BONECA BRILHO 5G MAGO,30032,5G,5.0,G,5.0,G,,Não,101,https://www.fortali.com.br/po-p-decor-rs-boneca-brilho-5g-mago-30032-1,2026-08-18 13:06:57,https://www.fortali.com.br/confeitaria?page=101,Pronto para comparar
Fortali Distribuidora,Confeitaria,PO P/ DECOR. QUARTZO ROSA BRILHO 5G MAGO,PO P DECOR. QUARTZO ROSA BRILHO 5G MAGO,30033,5G,5.0,G,5.0,G,,Não,101,https://www.fortali.com.br/po-p-decor-quartzo-rosa-brilho-5g-mago-30033-1,2026-08-18 13:06:57,https://www.fortali.com.br/confeitaria?page=101,Pronto para comparar
Fortali Distribuidora,Confeitaria,PO P/ DECOR. TURMALINA BRILHO 5G MAGO,PO P DECOR. TURMALINA BRILHO 5G MAGO,30034,5G,5.0,G,5.0,G,,Não,101,https://www.fortali.com.br/po-p-decor-turmalina-brilho-5g-mago-30034-1,2026-08-18 13:06:57,https://www.fortali.com.br/confeitaria?page=101,Pronto para comparar
Fortali Distribuidora,Confeitaria,PO P/ DECORACAO JADE BRILHO  5G MAGO,PO P DECORACAO JADE BRILHO 5G MAGO,30035,5G,5.0,G,5.0,G,,Não,101,https://www.fortali.com.br/po-p-decoracao-jade-brilho--5g-mago-30035-1,2026-08-18 13:06:57,https://www.fortali.com.br/confeitaria?page=101,Pronto para comparar
Fortali Distribuidora,Confeitaria,PO P/ DECORACAO DOURADO PURO 5G MAGO,PO P DECORACAO DOURADO PURO 5G MAGO,30036,5G,5.0,G,5.0,G,,Não,101,https://www.fortali.com.br/po-p-decoracao-dourado-puro-5g-mago-30036-1,2026-08-18 13:06:57,https://www.fortali.com.br/confeitaria?page=101,Pronto para comparar
Fortali Distribuidora,Confeitaria,PO P/ DECORACAO VERDE MENTA 5G MAGO,PO P DECORACAO VERDE MENTA 5G MAGO,30038,5G,5.0,G,5.0,G,,Não,101,https://www.fortali.com.br/po-p-decoracao-verde-menta-5g-mago-30038-1,2026-08-18 13:06:57,https://www.fortali.com.br/confeitaria?page=101,Pronto para comparar
Fortali Distribuidora,Confeitaria,CREME DE AVELA CHOCONUTTE FOODBASE 4KG,CREME DE AVELA CHOCONUTTE FOODBASE 4KG,30041,4KG,4.0,KG,4000.0,G,,Não,101,https://www.fortali.com.br/creme-de-avela-choconutte-foodbase-4kg-30041-1,2026-08-18 13:06:57,https://www.fortali.com.br/confeitaria?page=101,Pronto para comparar
Fortali Distribuidora,Confeitaria,CREME DE AVELA CHOCONUTTE IND FOODB 4KG,CREME DE AVELA CHOCONUTTE IND FOODB 4KG,30042,4KG,4.0,KG,4000.0,G,,Não,101,https://www.fortali.com.br/creme-de-avela-choconutte-ind-foodb-4kg-30042-1,2026-08-18 13:06:57,https://www.fortali.com.br/confeitaria?page=101,Pronto para comparar
Fortali Distribuidora,Confeitaria,STENCIL PRESÉPIO - 1 PC BLUESTAR,STENCIL PRESEPIO 1 PC BLUESTAR,30043,,,,,,,Não,101,https://www.fortali.com.br/stencil-presepio--1-pc-bluestar-30043-1,2026-08-18 13:06:57,https://www.fortali.com.br/confeitaria?page=101,Revisar embalagem
Fortali Distribuidora,Confeitaria,STENCIL NATAL SORTIDO - 1 PC BLUE STAR,STENCIL NATAL SORTIDO 1 PC BLUE STAR,30046,,,,,,,Não,101,https://www.fortali.com.br/stencil-natal-sortido--1-pc-blue-star-30046-1,2026-08-18 13:06:57,https://www.fortali.com.br/confeitaria?page=101,Revisar embalagem
Fortali Distribuidora,Confeitaria,STENCIL PENDENTES DE NATAL - 1 PC B.STAR,STENCIL PENDENTES DE NATAL 1 PC B.STAR,30050,,,,,,,Não,101,https://www.fortali.com.br/stencil-pendentes-de-natal--1-pc-bstar-30050-1,2026-08-18 13:06:57,https://www.fortali.com.br/confeitaria?page=101,Revisar embalagem
Fortali Distribuidora,Confeitaria,STENCIL TRENÓ DO PAPAI NOEL - 1 PC B.STA,STENCIL TRENO DO PAPAI NOEL 1 PC B.STA,30052,,,,,,,Não,101,https://www.fortali.com.br/stencil-treno-do-papai-noel--1-pc-bsta-30052-1,2026-08-18 13:06:57,https://www.fortali.com.br/confeitaria?page=101,Revisar embalagem
Fortali Distribuidora,Confeitaria,KIT MINI STENCILS NATAL 1 - 4 PC  B.STAR,KIT MINI STENCILS NATAL 1 4 PC B.STAR,30055,,,,,,,Não,101,https://www.fortali.com.br/kit-mini-stencils-natal-1--4-pc--bstar-30055-1,2026-08-18 13:06:57,https://www.fortali.com.br/confeitaria?page=101,Revisar embalagem
Fortali Distribuidora,Confeitaria,KIT MINI STENCILS NATAL 2 - 4 PC  B.STAR,KIT MINI STENCILS NATAL 2 4 PC B.STAR,30059,,,,,,,Não,101,https://www.fortali.com.br/kit-mini-stencils-natal-2--4-pc--bstar-30059-1,2026-08-18 13:06:57,https://www.fortali.com.br/confeitaria?page=101,Revisar embalagem
Fortali Distribuidora,Confeitaria,CHOCOCREME AO LEITE FOODBASE 4KG,CHOCOCREME AO LEITE FOODBASE 4KG,30060,4KG,4.0,KG,4000.0,G,,Não,101,https://www.fortali.com.br/chococreme-ao-leite-foodbase-4kg--30060-1,2026-08-18 13:06:57,https://www.fortali.com.br/confeitaria?page=101,Pronto para comparar
Fortali Distribuidora,Confeitaria,KIT CARIMBOS NATAL ILUMINADO AMARELO BLUE STAR (2CM) - 7 PC,KIT CARIMBOS NATAL ILUMINADO AMARELO BLUE STAR 2CM 7 PC,30062,,,,,,,Não,101,https://www.fortali.com.br/kit-carimbos-natal-iluminado-amarelo-blue-star-2cm--7-pc-30062-1,2026-08-18 13:06:57,https://www.fortali.com.br/confeitaria?page=101,Revisar embalagem
Fortali Distribuidora,Confeitaria,CHOCOCREME BRANCO FOODBASE 4KG,CHOCOCREME BRANCO FOODBASE 4KG,30063,4KG,4.0,KG,4000.0,G,,Não,101,https://www.fortali.com.br/chococreme-branco-foodbase-4kg--30063-1,2026-08-18 13:06:57,https://www.fortali.com.br/confeitaria?page=101,Pronto para comparar
Fortali Distribuidora,Confeitaria,CHOCOCREME MORANGO FOODBASE 4KG,CHOCOCREME MORANGO FOODBASE 4KG,30064,4KG,4.0,KG,4000.0,G,,Não,101,https://www.fortali.com.br/chococreme-morango-foodbase-4kg-30064-1,2026-08-18 13:06:57,https://www.fortali.com.br/confeitaria?page=101,Pronto para comparar
Fortali Distribuidora,Confeitaria,"BOMBOM BRANCO GOLD FOODBASE 1,05KG","BOMBOM BRANCO GOLD FOODBASE 1,05KG",30071,"1,05KG",1.05,KG,1050.0,G,,Não,101,https://www.fortali.com.br/bombom-branco-gold-foodbase-105kg--30071-1,2026-08-18 13:06:57,https://www.fortali.com.br/confeitaria?page=101,Pronto para comparar
Fortali Distribuidora,Confeitaria,"BRIGADEIRO DE PANELA FOODBASE 1,050KG","BRIGADEIRO DE PANELA FOODBASE 1,050KG",30072,"1,050KG",1.05,KG,1050.0,G,,Não,101,https://www.fortali.com.br/brigadeiro-de-panela-foodbase-1050kg-30072-1,2026-08-18 13:06:57,https://www.fortali.com.br/confeitaria?page=101,Pronto para comparar
Fortali Distribuidora,Confeitaria,"CREME DE AVELA CHOCONUTTE FOODBASE 1,05KG","CREME DE AVELA CHOCONUTTE FOODBASE 1,05KG",30073,"1,05KG",1.05,KG,1050.0,G,,Não,101,https://www.fortali.com.br/creme-de-avela-choconutte-foodbase-1-05kg-30073-1,2026-08-18 13:06:57,https://www.fortali.com.br/confeitaria?page=101,Pronto para comparar
Fortali Distribuidora,Confeitaria,"CHOKO BEN BONO FOODBASE 1,050KG","CHOKO BEN BONO FOODBASE 1,050KG",30075,"1,050KG",1.05,KG,1050.0,G,,Não,101,https://www.fortali.com.br/choko-ben-bono-foodbase-1050kg--30075-1,2026-08-18 13:06:57,https://www.fortali.com.br/confeitaria?page=101,Pronto para comparar
Fortali Distribuidora,Confeitaria,STENCIL PINHEIRINHO - 1 PC BLUESTAR,STENCIL PINHEIRINHO 1 PC BLUESTAR,30076,,,,,,,Não,102,https://www.fortali.com.br/stencil-pinheirinho--1-pc-bluestar-30076-1,2026-08-18 13:06:57,https://www.fortali.com.br/confeitaria?page=102,Revisar embalagem
Fortali Distribuidora,Confeitaria,"CHOCOLATE BRANCO GOLD FOODBASE 1,050KG","CHOCOLATE BRANCO GOLD FOODBASE 1,050KG",30077,"1,050KG",1.05,KG,1050.0,G,,Não,102,https://www.fortali.com.br/chocolate-branco-gold-foodbase-1050kg--30077-1,2026-08-18 13:06:57,https://www.fortali.com.br/confeitaria?page=102,Pronto para comparar
Fortali Distribuidora,Confeitaria,STENCIL FELIZ NATAL - 1 PC STARBLUE,STENCIL FELIZ NATAL 1 PC STARBLUE,30078,,,,,,,Não,102,https://www.fortali.com.br/stencil-feliz-natal--1-pc-starblue-30078-1,2026-08-18 13:06:57,https://www.fortali.com.br/confeitaria?page=102,Revisar embalagem
Fortali Distribuidora,Confeitaria,KIT EJETOR MAX NATAL - 8 PC,KIT EJETOR MAX NATAL 8 PC,30079,,,,,,,Não,102,https://www.fortali.com.br/kit-ejetor-max-natal--8-pc-30079-1,2026-08-18 13:06:57,https://www.fortali.com.br/confeitaria?page=102,Revisar embalagem
Fortali Distribuidora,Confeitaria,"CHOKO WAFFER BRANCO FOODBASE 1,050KG","CHOKO WAFFER BRANCO FOODBASE 1,050KG",30080,"1,050KG",1.05,KG,1050.0,G,,Não,102,https://www.fortali.com.br/choko-waffer-branco-foodbase-1050kg--30080-1,2026-08-18 13:06:57,https://www.fortali.com.br/confeitaria?page=102,Pronto para comparar
Fortali Distribuidora,Confeitaria,"CHOKO WAFFER AO LEITE FOOD BASE 1,050KG","CHOKO WAFFER AO LEITE FOOD BASE 1,050KG",30081,"1,050KG",1.05,KG,1050.0,G,,Não,102,https://www.fortali.com.br/choko-waffer-ao-leite-food-base-1050kg--30081-1,2026-08-18 13:06:57,https://www.fortali.com.br/confeitaria?page=102,Pronto para comparar
Fortali Distribuidora,Confeitaria,"CHOKO COOKIES AO LEITE FOODBASE 1,050KG","CHOKO COOKIES AO LEITE FOODBASE 1,050KG",30084,"1,050KG",1.05,KG,1050.0,G,,Não,102,https://www.fortali.com.br/choko-cookies-ao-leite-foodbase-1050kg--30084-1,2026-08-18 13:06:57,https://www.fortali.com.br/confeitaria?page=102,Pronto para comparar
Fortali Distribuidora,Confeitaria,"KOKO KROKANTE FOODBASE 1,050KG","KOKO KROKANTE FOODBASE 1,050KG",30086,"1,050KG",1.05,KG,1050.0,G,,Não,102,https://www.fortali.com.br/koko-krokante-foodbase-1050kg--30086-1,2026-08-18 13:06:57,https://www.fortali.com.br/confeitaria?page=102,Pronto para comparar
Fortali Distribuidora,Confeitaria,"GANACHE MEIO AMARGO FOODBASE 1,050KG","GANACHE MEIO AMARGO FOODBASE 1,050KG",30087,"1,050KG",1.05,KG,1050.0,G,,Não,102,https://www.fortali.com.br/ganache-meio-amargo-foodbase-1050kg-30087-1,2026-08-18 13:06:57,https://www.fortali.com.br/confeitaria?page=102,Pronto para comparar
Fortali Distribuidora,Confeitaria,"CREME DE AVELA CHOCONUTTE FOODBASE 1,01KG","CREME DE AVELA CHOCONUTTE FOODBASE 1,01KG",30088,"1,01KG",1.01,KG,1010.0,G,,Não,102,https://www.fortali.com.br/creme-de-avela-choconutte-foodbase-1-01kg-30088-1,2026-08-18 13:06:57,https://www.fortali.com.br/confeitaria?page=102,Pronto para comparar
Fortali Distribuidora,Confeitaria,KIT EJETOR MAX PARABÉNS - B.STAR 8 PC,KIT EJETOR MAX PARABENS B.STAR 8 PC,30089,,,,,,,Não,102,https://www.fortali.com.br/kit-ejetor-max-parabens--bstar-8-pc--30089-1,2026-08-18 13:06:57,https://www.fortali.com.br/confeitaria?page=102,Revisar embalagem
Fortali Distribuidora,Confeitaria,"BRIGADEIRO DE PANELA FOODBASE BISN 1,01KG","BRIGADEIRO DE PANELA FOODBASE BISN 1,01KG",30090,"1,01KG",1.01,KG,1010.0,G,,Não,102,https://www.fortali.com.br/brigadeiro-de-panela-foodbase-bisn-101kg--30090-1,2026-08-18 13:06:57,https://www.fortali.com.br/confeitaria?page=102,Pronto para comparar
Fortali Distribuidora,Confeitaria,CHOCOLATE QUENTE CREMOSO EM PO FOOD 250G,CHOCOLATE QUENTE CREMOSO EM PO FOOD 250G,30092,250G,250.0,G,250.0,G,,Não,102,https://www.fortali.com.br/chocolate-quente-cremoso-em-po-food-250g-30092-1,2026-08-18 13:06:57,https://www.fortali.com.br/confeitaria?page=102,Pronto para comparar
Fortali Distribuidora,Confeitaria,KIT EJETOR MAX CORACOES BABADOS 6 PECAS,KIT EJETOR MAX CORACOES BABADOS 6 PECAS,30095,,,,,,,Não,102,https://www.fortali.com.br/kit-ejetor-max-coracoes-babados-6-pecas--30095-1,2026-08-18 13:06:57,https://www.fortali.com.br/confeitaria?page=102,Revisar embalagem
Fortali Distribuidora,Confeitaria,CHOCO BOMBOM FOODBASE 4KG,CHOCO BOMBOM FOODBASE 4KG,30099,4KG,4.0,KG,4000.0,G,,Não,102,https://www.fortali.com.br/choco-bombom-foodbase-4kg--30099-1,2026-08-18 13:06:57,https://www.fortali.com.br/confeitaria?page=102,Pronto para comparar
Fortali Distribuidora,Confeitaria,CORANTE SOFT GEL AZUL BEBE  MAGO 60G,CORANTE SOFT GEL AZUL BEBE MAGO 60G,30111,60G,60.0,G,60.0,G,,Não,102,https://www.fortali.com.br/corante-soft-gel-azul-bebe--mago-60g--30111-1,2026-08-18 13:06:57,https://www.fortali.com.br/confeitaria?page=102,Pronto para comparar
Fortali Distribuidora,Confeitaria,CORANTE SOFT GEL ROSA BONECA MAGO 60G,CORANTE SOFT GEL ROSA BONECA MAGO 60G,30112,60G,60.0,G,60.0,G,,Não,102,https://www.fortali.com.br/corante-soft-gel-rosa-boneca-mago-60g-30112-1,2026-08-18 13:06:57,https://www.fortali.com.br/confeitaria?page=102,Pronto para comparar
Fortali Distribuidora,Confeitaria,CORANTE SOFT GEL ROSA SECO MAGO 60G,CORANTE SOFT GEL ROSA SECO MAGO 60G,30113,60G,60.0,G,60.0,G,,Não,25,https://www.fortali.com.br/corante-soft-gel-rosa-seco-mago-60g-30113-1,2026-08-18 13:06:57,https://www.fortali.com.br/confeitaria?page=25,Pronto para comparar
Fortali Distribuidora,Confeitaria,CORANTE SOFT GEL LAVANDA MAGO 60G,CORANTE SOFT GEL LAVANDA MAGO 60G,30114,60G,60.0,G,60.0,G,,Não,102,https://www.fortali.com.br/corante-soft-gel-lavanda-mago-60g-30114-1,2026-08-18 13:06:57,https://www.fortali.com.br/confeitaria?page=102,Pronto para comparar
Fortali Distribuidora,Confeitaria,CORANTE SOFT GEL ABOBORA MAGO 60G,CORANTE SOFT GEL ABOBORA MAGO 60G,30115,60G,60.0,G,60.0,G,,Não,102,https://www.fortali.com.br/corante-soft-gel-abobora-mago-60g-30115-1,2026-08-18 13:06:57,https://www.fortali.com.br/confeitaria?page=102,Pronto para comparar
Fortali Distribuidora,Confeitaria,CORANTE SOFT GEL FUCSIA MAGO  60G,CORANTE SOFT GEL FUCSIA MAGO 60G,30116,60G,60.0,G,60.0,G,,Não,102,https://www.fortali.com.br/corante-soft-gel-fucsia-mago--60g-30116-1,2026-08-18 13:06:57,https://www.fortali.com.br/confeitaria?page=102,Pronto para comparar
Fortali Distribuidora,Confeitaria,COR SOFT GEL VERMELHO BRILHANTE MAGO 60G,COR SOFT GEL VERMELHO BRILHANTE MAGO 60G,30117,60G,60.0,G,60.0,G,,Não,102,https://www.fortali.com.br/cor-soft-gel-vermelho-brilhante-mago-60g-30117-1,2026-08-18 13:06:57,https://www.fortali.com.br/confeitaria?page=102,Pronto para comparar
Fortali Distribuidora,Confeitaria,CORANTE SOFT GEL VERDE SEREIA MAGO 60G,CORANTE SOFT GEL VERDE SEREIA MAGO 60G,30118,60G,60.0,G,60.0,G,,Não,102,https://www.fortali.com.br/corante-soft-gel-verde-sereia-mago-60g-30118-1,2026-08-18 13:06:57,https://www.fortali.com.br/confeitaria?page=102,Pronto para comparar
Fortali Distribuidora,Confeitaria,COR. SOFT GEL AZUL BEBE MAGO 15G,COR. SOFT GEL AZUL BEBE MAGO 15G,30128,15G,15.0,G,15.0,G,,Não,25,https://www.fortali.com.br/cor-soft-gel-azul-bebe-mago-15g-30128-1,2026-08-18 13:06:57,https://www.fortali.com.br/confeitaria?page=25,Pronto para comparar
Fortali Distribuidora,Confeitaria,COR. SOFT GEL ROSA BONECA  MAGO 15G,COR. SOFT GEL ROSA BONECA MAGO 15G,30129,15G,15.0,G,15.0,G,,Não,102,https://www.fortali.com.br/cor-soft-gel-rosa-boneca--mago-15g-30129-1,2026-08-18 13:06:57,https://www.fortali.com.br/confeitaria?page=102,Pronto para comparar
Fortali Distribuidora,Confeitaria,KIT CARIMBO DESEJOS AMARELO 2CM,KIT CARIMBO DESEJOS AMARELO 2CM,30130,,,,,,,Não,102,https://www.fortali.com.br/kit-carimbo-desejos-amarelo-2cm--30130-1,2026-08-18 13:06:57,https://www.fortali.com.br/confeitaria?page=102,Revisar embalagem
Fortali Distribuidora,Confeitaria,COR. SOFT GEL VERMELHO BRILH 15G,COR. SOFT GEL VERMELHO BRILH 15G,30131,15G,15.0,G,15.0,G,,Não,103,https://www.fortali.com.br/cor-soft-gel-vermelho-brilh-15g-30131-1,2026-08-18 13:06:57,https://www.fortali.com.br/confeitaria?page=103,Pronto para comparar
Fortali Distribuidora,Confeitaria,PASTA SABORIZANTE NOZES MAGO 90G,PASTA SABORIZANTE NOZES MAGO 90G,30134,90G,90.0,G,90.0,G,,Não,103,https://www.fortali.com.br/pasta-saborizante-nozes-mago-90g-30134-1,2026-08-18 13:06:57,https://www.fortali.com.br/confeitaria?page=103,Pronto para comparar
Fortali Distribuidora,Confeitaria,KIT CARIMBOS NUMEROS FOFOS AMARELO PCT,KIT CARIMBOS NUMEROS FOFOS AMARELO PCT,30135,,,,,,,Não,103,https://www.fortali.com.br/kit-carimbos-numeros-fofos-amarelo-pct-30135-1,2026-08-18 13:06:57,https://www.fortali.com.br/confeitaria?page=103,Revisar embalagem
Fortali Distribuidora,Confeitaria,KIT CARIMBOS LETRAS FOFAS AMARELO 2 CM,KIT CARIMBOS LETRAS FOFAS AMARELO 2 CM,30136,,,,,,,Não,103,https://www.fortali.com.br/kit-carimbos-letras-fofas-amarelo-2-cm-30136-1,2026-08-18 13:06:57,https://www.fortali.com.br/confeitaria?page=103,Revisar embalagem
Fortali Distribuidora,Confeitaria,REGADOR DE BOLOS AMARELO PCT,REGADOR DE BOLOS AMARELO PCT,30137,,,,,,,Não,103,https://www.fortali.com.br/regador-de-bolos-amarelo-pct-30137-1,2026-08-18 13:06:57,https://www.fortali.com.br/confeitaria?page=103,Revisar embalagem
Fortali Distribuidora,Confeitaria,CARIMBO MARACADOR NATAL MAGO 7UN,CARIMBO MARACADOR NATAL MAGO 7UN,30142,,,,,,,Não,103,https://www.fortali.com.br/carimbo-maracador-natal-mago-7un-30142-1,2026-08-18 13:06:57,https://www.fortali.com.br/confeitaria?page=103,Revisar embalagem
Fortali Distribuidora,Confeitaria,KIT CARIMBOS DESEJOS ROSA BEBE 2CM C/ 10,KIT CARIMBOS DESEJOS ROSA BEBE 2CM C 10,30143,,,,,,,Não,103,https://www.fortali.com.br/kit-carimbos-desejos-rosa-bebe-2cm-c-10-30143-1,2026-08-18 13:06:57,https://www.fortali.com.br/confeitaria?page=103,Revisar embalagem
Fortali Distribuidora,Confeitaria,FLOCOS DE TAPIOCA CEIFEIRO 250G,FLOCOS DE TAPIOCA CEIFEIRO 250G,30152,250G,250.0,G,250.0,G,,Não,103,https://www.fortali.com.br/flocos-de-tapioca-ceifeiro-250g-30152-1,2026-08-18 13:06:57,https://www.fortali.com.br/confeitaria?page=103,Pronto para comparar
Fortali Distribuidora,Confeitaria,G43 PANETONE GALVONOTEK UN,G43 PANETONE GALVONOTEK UN,30155,,,,,,,Não,103,https://www.fortali.com.br/g43-panetone-galvonotek-un-30155-1,2026-08-18 13:06:57,https://www.fortali.com.br/confeitaria?page=103,Revisar embalagem
Fortali Distribuidora,Confeitaria,CREME CONFEITEIRO CREMULZIN 800G,CREME CONFEITEIRO CREMULZIN 800G,30205,800G,800.0,G,800.0,G,,Não,103,https://www.fortali.com.br/creme-confeiteiro-cremulzin-800g--30205-1,2026-08-18 13:06:57,https://www.fortali.com.br/confeitaria?page=103,Pronto para comparar
Fortali Distribuidora,Confeitaria,"CHOC MEIO AMARGO SICAO NOBRE GOTAS 2,05KG","CHOC MEIO AMARGO SICAO NOBRE GOTAS 2,05KG",30207,"2,05KG",2.05,KG,2050.0,G,,Não,7,https://www.fortali.com.br/choc-meio-amargo-sicao-nobre-gotas-2-05kg-30207-1,2026-08-18 13:06:57,https://www.fortali.com.br/confeitaria?page=7,Pronto para comparar
Fortali Distribuidora,Confeitaria,"CHIPS FORN CHOC AO LEITE SICAO NOBRE 1,01KG","CHIPS FORN CHOC AO LEITE SICAO NOBRE 1,01KG",30216,"1,01KG",1.01,KG,1010.0,G,,Não,103,https://www.fortali.com.br/chips-forn-choc-ao-leite-sicao-nobre-1-01kg-30216-1,2026-08-18 13:06:57,https://www.fortali.com.br/confeitaria?page=103,Pronto para comparar
Fortali Distribuidora,Confeitaria,"CHIPS FORN COB FRAC AO LEITE SICAO 2,5KG","CHIPS FORN COB FRAC AO LEITE SICAO 2,5KG",30217,"2,5KG",2.5,KG,2500.0,G,,Não,5,https://www.fortali.com.br/chips-forn-cob-frac-ao-leite-sicao-2-5kg-30217-1,2026-08-18 13:06:57,https://www.fortali.com.br/confeitaria?page=5,Pronto para comparar
Fortali Distribuidora,Confeitaria,CHOCOLATE BRANCO GENUINE BARRA 1KG,CHOCOLATE BRANCO GENUINE BARRA 1KG,30235,1KG,1.0,KG,1000.0,G,,Não,3,https://www.fortali.com.br/chocolate-branco-genuine-barra-1kg-30235-1,2026-08-18 13:06:57,https://www.fortali.com.br/confeitaria?page=3,Pronto para comparar
Fortali Distribuidora,Confeitaria,ESSÊNCIA AL BAUNILHA 960 ML ARCO-IRIS,ESSENCIA AL BAUNILHA 960 ML ARCO IRIS,3040,960ML,960.0,ML,960.0,ML,,Não,30,https://www.fortali.com.br/essencia-al-baunilha-960-ml-arcoiris-3040-1,2026-08-18 13:06:57,https://www.fortali.com.br/confeitaria?page=30,Pronto para comparar
Fortali Distribuidora,Confeitaria,ESSÊNCIA AL COCO 960 ML ARCO-IRIS,ESSENCIA AL COCO 960 ML ARCO IRIS,3041,960ML,960.0,ML,960.0,ML,,Não,12,https://www.fortali.com.br/essencia-al-coco-960-ml-arcoiris-3041-1,2026-08-18 13:06:57,https://www.fortali.com.br/confeitaria?page=12,Pronto para comparar
Fortali Distribuidora,Confeitaria,KIT COLHER AZUL 13 CM C/10 PC,KIT COLHER AZUL 13 CM C 10 PC,30415,,,,,,,Não,103,https://www.fortali.com.br/kit-colher-azul-13-cm-c10-pc-30415-1,2026-08-18 13:06:57,https://www.fortali.com.br/confeitaria?page=103,Revisar embalagem
Fortali Distribuidora,Confeitaria,ESSÊNCIA AL LARANJA 960 ML ARCO-IRIS,ESSENCIA AL LARANJA 960 ML ARCO IRIS,3042,960ML,960.0,ML,960.0,ML,,Não,103,https://www.fortali.com.br/essencia-al-laranja-960-ml-arcoiris-3042-1,2026-08-18 13:06:57,https://www.fortali.com.br/confeitaria?page=103,Pronto para comparar
Fortali Distribuidora,Confeitaria,ESSENCIA AL LIMÃO 960 ML ARCO-IRIS,ESSENCIA AL LIMAO 960 ML ARCO IRIS,3043,960ML,960.0,ML,960.0,ML,,Não,13,https://www.fortali.com.br/essencia-al-limao-960-ml-arcoiris-3043-1,2026-08-18 13:06:57,https://www.fortali.com.br/confeitaria?page=13,Pronto para comparar
Fortali Distribuidora,Confeitaria,"CHOC EM PO 33% MELKEN HARALD 1,010KG","CHOC EM PO 33% MELKEN HARALD 1,010KG",30442,"1,010KG",1.01,KG,1010.0,G,,Não,29,https://www.fortali.com.br/choc-em-po-33-melken-harald-1010kg-30442-1,2026-08-18 13:06:57,https://www.fortali.com.br/confeitaria?page=29,Pronto para comparar
Fortali Distribuidora,Confeitaria,"CHOC EM PO 50% MELKEN HARALD 1,010KG","CHOC EM PO 50% MELKEN HARALD 1,010KG",30443,"1,010KG",1.01,KG,1010.0,G,,Não,29,https://www.fortali.com.br/choc-em-po-50-melken-harald-1010kg-30443-1,2026-08-18 13:06:57,https://www.fortali.com.br/confeitaria?page=29,Pronto para comparar
Fortali Distribuidora,Confeitaria,"GRANULADO CONF CROC COLOR HARALD 1,01KG","GRANULADO CONF CROC COLOR HARALD 1,01KG",30444,"1,01KG",1.01,KG,1010.0,G,,Não,5,https://www.fortali.com.br/granulado-conf-croc-color-harald-101kg-30444-1,2026-08-18 13:06:57,https://www.fortali.com.br/confeitaria?page=5,Pronto para comparar
Fortali Distribuidora,Confeitaria,"GRANULADO CONF CROC CHOC HARALD 1,01KG","GRANULADO CONF CROC CHOC HARALD 1,01KG",30445,"1,01KG",1.01,KG,1010.0,G,,Não,1,https://www.fortali.com.br/granulado-conf-croc-choc-harald-101kg-30445-1,2026-08-18 13:06:57,https://www.fortali.com.br/confeitaria?page=1,Pronto para comparar
Fortali Distribuidora,Confeitaria,"GRANULADO CONF MACIO CHOC HARALD 1,010KG","GRANULADO CONF MACIO CHOC HARALD 1,010KG",30446,"1,010KG",1.01,KG,1010.0,G,,Não,4,https://www.fortali.com.br/granulado-conf-macio-choc-harald-1010kg-30446-1,2026-08-18 13:06:57,https://www.fortali.com.br/confeitaria?page=4,Pronto para comparar
Fortali Distribuidora,Confeitaria,"GRANULADO CONF CROC CHOC HARALD 2,05KG","GRANULADO CONF CROC CHOC HARALD 2,05KG",30447,"2,05KG",2.05,KG,2050.0,G,,Não,103,https://www.fortali.com.br/granulado-conf-croc-choc-harald-205kg-30447-1,2026-08-18 13:06:57,https://www.fortali.com.br/confeitaria?page=103,Pronto para comparar
Fortali Distribuidora,Confeitaria,ESSENCIA AL MARACUJA 960 ML ARCO-IRIS,ESSENCIA AL MARACUJA 960 ML ARCO IRIS,3045,960ML,960.0,ML,960.0,ML,,Não,16,https://www.fortali.com.br/essencia-al-maracuja-960-ml-arcoiris-3045-1,2026-08-18 13:06:57,https://www.fortali.com.br/confeitaria?page=16,Pronto para comparar
Fortali Distribuidora,Confeitaria,"COB FRAC SICAO MAIS  M AMARGO GTS 1,01KG","COB FRAC SICAO MAIS M AMARGO GTS 1,01KG",30456,"1,01KG",1.01,KG,1010.0,G,,Não,33,https://www.fortali.com.br/cob-frac-sicao-mais-m-amargo-gts-1-01kg-30456-1,2026-08-18 13:06:57,https://www.fortali.com.br/confeitaria?page=33,Pronto para comparar
Fortali Distribuidora,Confeitaria,GRANULE CHOC 70% CACAU  MELKEN HARALD 400G,GRANULE CHOC 70% CACAU MELKEN HARALD 400G,30457,400G,400.0,G,400.0,G,,Não,103,https://www.fortali.com.br/granule-choc-70-cacau--melken-harald-400g-30457-1,2026-08-18 13:06:57,https://www.fortali.com.br/confeitaria?page=103,Pronto para comparar
Fortali Distribuidora,Confeitaria,"COB GOTAS CARAMELO TOP HARALD 1,01KG","COB GOTAS CARAMELO TOP HARALD 1,01KG",30458,"1,01KG",1.01,KG,1010.0,G,,Não,103,https://www.fortali.com.br/cob-gotas-caramelo-top-harald-101kg-30458-1,2026-08-18 13:06:57,https://www.fortali.com.br/confeitaria?page=103,Pronto para comparar
Fortali Distribuidora,Confeitaria,ESSENCIA PANETONE 960ML ARCOLOR,ESSENCIA PANETONE 960ML ARCOLOR,3047,960ML,960.0,ML,960.0,ML,,Não,18,https://www.fortali.com.br/essencia-panetone-960ml-arcolor-3047-1,2026-08-18 13:06:57,https://www.fortali.com.br/confeitaria?page=18,Pronto para comparar
Fortali Distribuidora,Confeitaria,BLISTER PARA CORACAO LAPIDADO TIPO 350G,BLISTER PARA CORACAO LAPIDADO TIPO 350G,30559,350G,350.0,G,350.0,G,,Não,103,https://www.fortali.com.br/blister-para-coracao-lapidado-tipo-350g-30559-1,2026-08-18 13:06:57,https://www.fortali.com.br/confeitaria?page=103,Pronto para comparar
Fortali Distribuidora,Confeitaria,BLISTER PARA CORACAO LAPIDADO TIPO 500G,BLISTER PARA CORACAO LAPIDADO TIPO 500G,30560,500G,500.0,G,500.0,G,,Não,103,https://www.fortali.com.br/blister-para-coracao-lapidado-tipo-500g-30560-1,2026-08-18 13:06:57,https://www.fortali.com.br/confeitaria?page=103,Pronto para comparar
Fortali Distribuidora,Confeitaria,STENCIL FELIZ PASCOA BLUESTAR,STENCIL FELIZ PASCOA BLUESTAR,30582,,,,,,,Não,103,https://www.fortali.com.br/stencil-feliz-pascoa-bluestar-30582-1,2026-08-18 13:06:57,https://www.fortali.com.br/confeitaria?page=103,Revisar embalagem
Fortali Distribuidora,Confeitaria,STENCIL PORQUE ELE VIVE PAS 1PC BLUESTAR,STENCIL PORQUE ELE VIVE PAS 1PC BLUESTAR,30583,,,,,,,Não,103,https://www.fortali.com.br/stencil-porque-ele-vive-pas-1pc-bluestar-30583-1,2026-08-18 13:06:57,https://www.fortali.com.br/confeitaria?page=103,Revisar embalagem
Fortali Distribuidora,Confeitaria,STENCIL PASCOA SORTIDA - 1 PC BLUESTAR,STENCIL PASCOA SORTIDA 1 PC BLUESTAR,30584,,,,,,,Não,103,https://www.fortali.com.br/stencil-pascoa-sortida--1-pc-bluestar-30584-1,2026-08-18 13:06:57,https://www.fortali.com.br/confeitaria?page=103,Revisar embalagem
Fortali Distribuidora,Confeitaria,STENCIL FELIZ PASCOA RAMOS BLUESTAR,STENCIL FELIZ PASCOA RAMOS BLUESTAR,30585,,,,,,,Não,103,https://www.fortali.com.br/stencil-feliz-pascoa-ramos-bluestar-30585-1,2026-08-18 13:06:57,https://www.fortali.com.br/confeitaria?page=103,Revisar embalagem
Fortali Distribuidora,Confeitaria,STENCIL AMOR EM OVINHOS BLUESTAR,STENCIL AMOR EM OVINHOS BLUESTAR,30586,,,,,,,Não,103,https://www.fortali.com.br/stencil-amor-em-ovinhos-bluestar-30586-1,2026-08-18 13:06:57,https://www.fortali.com.br/confeitaria?page=103,Revisar embalagem
Fortali Distribuidora,Confeitaria,STENCIL ROSTINHO DE COELHO BLUESTAR,STENCIL ROSTINHO DE COELHO BLUESTAR,30587,,,,,,,Não,103,https://www.fortali.com.br/stencil-rostinho-de-coelho-bluestar-30587-1,2026-08-18 13:06:57,https://www.fortali.com.br/confeitaria?page=103,Revisar embalagem
Fortali Distribuidora,Confeitaria,KIT MINI STENCILS COELHINHOS DIVERTIDOS,KIT MINI STENCILS COELHINHOS DIVERTIDOS,30588,,,,,,,Não,104,https://www.fortali.com.br/kit-mini-stencils-coelhinhos-divertidos-30588-1,2026-08-18 13:06:57,https://www.fortali.com.br/confeitaria?page=104,Revisar embalagem
Fortali Distribuidora,Confeitaria,KIT MINI STENCILS PASCOA BRILHANTE,KIT MINI STENCILS PASCOA BRILHANTE,30589,,,,,,,Não,104,https://www.fortali.com.br/kit-mini-stencils-pascoa-brilhante--30589-1,2026-08-18 13:06:57,https://www.fortali.com.br/confeitaria?page=104,Revisar embalagem
Fortali Distribuidora,Confeitaria,KIT MINI STENCILS PASCOA CRISTA,KIT MINI STENCILS PASCOA CRISTA,30590,,,,,,,Não,104,https://www.fortali.com.br/kit-mini-stencils-pascoa-crista-30590-1,2026-08-18 13:06:57,https://www.fortali.com.br/confeitaria?page=104,Revisar embalagem
Fortali Distribuidora,Confeitaria,KIT CARIMBOS PASCOA ROSA BEBE - 9 PC,KIT CARIMBOS PASCOA ROSA BEBE 9 PC,30591,,,,,,,Não,104,https://www.fortali.com.br/kit-carimbos-pascoa-rosa-bebe--9-pc-30591-1,2026-08-18 13:06:57,https://www.fortali.com.br/confeitaria?page=104,Revisar embalagem
Fortali Distribuidora,Confeitaria,KIT CARIMBOS PASCOA BRILHANTE AMARELO 7P,KIT CARIMBOS PASCOA BRILHANTE AMARELO 7P,30592,,,,,,,Não,104,https://www.fortali.com.br/kit-carimbos-pascoa-brilhante-amarelo-7p-30592-1,2026-08-18 13:06:57,https://www.fortali.com.br/confeitaria?page=104,Revisar embalagem
Fortali Distribuidora,Confeitaria,KIT CARIMBOS PASCOA BRILHANTE ROSA BE 7P,KIT CARIMBOS PASCOA BRILHANTE ROSA BE 7P,30593,,,,,,,Não,104,https://www.fortali.com.br/kit-carimbos-pascoa-brilhante-rosa-be-7p-30593-1,2026-08-18 13:06:57,https://www.fortali.com.br/confeitaria?page=104,Revisar embalagem
Fortali Distribuidora,Confeitaria,MINI DISKET COLORIDO CHOCOCANDY 1KG,MINI DISKET COLORIDO CHOCOCANDY 1KG,30676,1KG,1.0,KG,1000.0,G,,Não,104,https://www.fortali.com.br/mini-disket-colorido-chococandy-1kg-30676-1,2026-08-18 13:06:57,https://www.fortali.com.br/confeitaria?page=104,Pronto para comparar
Fortali Distribuidora,Confeitaria,CX ENCAN 100G D FACE AZUL E ROSA PC /5UN,CX ENCAN 100G D FACE AZUL E ROSA PC 5UN,30707,100G,100.0,G,100.0,G,,Não,104,https://www.fortali.com.br/cx-encan-100g-d-face-azul-e-rosa-pc-5un-30707-1,2026-08-18 13:06:57,https://www.fortali.com.br/confeitaria?page=104,Pronto para comparar
Fortali Distribuidora,Confeitaria,CX ENCAN 50G D FACE AZUL ROSA PCT C/5UN,CX ENCAN 50G D FACE AZUL ROSA PCT C 5UN,30708,50G,50.0,G,50.0,G,,Não,104,https://www.fortali.com.br/cx-encan-50g-d-face-azul-rosa-pct-c5un--30708-1,2026-08-18 13:06:57,https://www.fortali.com.br/confeitaria?page=104,Pronto para comparar
Fortali Distribuidora,Confeitaria,CX ENCANTO 2X50G DUPLA FC AZUL ROSA 5UN,CX ENCANTO 2X50G DUPLA FC AZUL ROSA 5UN,30709,50G,50.0,G,50.0,G,,Não,104,https://www.fortali.com.br/cx-encanto-2x50g-dupla-fc-azul-rosa-5un-30709-1,2026-08-18 13:06:57,https://www.fortali.com.br/confeitaria?page=104,Pronto para comparar
Fortali Distribuidora,Confeitaria,CX ENCAN 3X50G FACE AZUL E ROSA PC /5UN,CX ENCAN 3X50G FACE AZUL E ROSA PC 5UN,30712,50G,50.0,G,50.0,G,,Não,104,https://www.fortali.com.br/cx-encan-3x50g-face-azul-e-rosa-pc-5un-30712-1,2026-08-18 13:06:57,https://www.fortali.com.br/confeitaria?page=104,Pronto para comparar
Fortali Distribuidora,Confeitaria,CX ENCANTO 5X50G DUPLA FC PASCOA PCT/5UN,CX ENCANTO 5X50G DUPLA FC PASCOA PCT 5UN,30713,50G,50.0,G,50.0,G,,Não,104,https://www.fortali.com.br/cx-encanto-5x50g-dupla-fc-pascoa-pct5un-30713-1,2026-08-18 13:06:57,https://www.fortali.com.br/confeitaria?page=104,Pronto para comparar
Fortali Distribuidora,Confeitaria,CX ENCANTO 6X50G  DUPLA FACE PASCOA 5UN,CX ENCANTO 6X50G DUPLA FACE PASCOA 5UN,30714,50G,50.0,G,50.0,G,,Não,104,https://www.fortali.com.br/cx-encanto-6x50g--dupla-face-pascoa-5un-30714-1,2026-08-18 13:06:57,https://www.fortali.com.br/confeitaria?page=104,Pronto para comparar
Fortali Distribuidora,Confeitaria,CX ENCANTO 2X50G DUPLA FACE PASCOA 5UN,CX ENCANTO 2X50G DUPLA FACE PASCOA 5UN,30716,50G,50.0,G,50.0,G,,Não,104,https://www.fortali.com.br/cx-encanto-2x50g-dupla-face-pascoa-5un-30716-1,2026-08-18 13:06:57,https://www.fortali.com.br/confeitaria?page=104,Pronto para comparar
Fortali Distribuidora,Confeitaria,CX ENCANTO 100G DUPLA FACE PASCOA 5UN,CX ENCANTO 100G DUPLA FACE PASCOA 5UN,30718,100G,100.0,G,100.0,G,,Não,104,https://www.fortali.com.br/cx-encanto-100g-dupla-face-pascoa-5un-30718-1,2026-08-18 13:06:57,https://www.fortali.com.br/confeitaria?page=104,Pronto para comparar
Fortali Distribuidora,Confeitaria,CX ENCANTO 2X1 250/350G DUPLA FC PASCOA,CX ENCANTO 2X1 250 350G DUPLA FC PASCOA,30723,350G,350.0,G,350.0,G,,Não,104,https://www.fortali.com.br/cx-encanto-2x1-250350g-dupla-fc-pascoa--30723-1,2026-08-18 13:06:57,https://www.fortali.com.br/confeitaria?page=104,Pronto para comparar
Fortali Distribuidora,Confeitaria,CX CLASSIC 3X1 250/500G OFF WHITE KRAFT,CX CLASSIC 3X1 250 500G OFF WHITE KRAFT,30725,500G,500.0,G,500.0,G,,Não,104,https://www.fortali.com.br/cx-classic-3x1-250500g-off-white-kraft-30725-1,2026-08-18 13:06:57,https://www.fortali.com.br/confeitaria?page=104,Pronto para comparar
Fortali Distribuidora,Confeitaria,ALTA 2X1 250G KRAFT BRONZ 5UN,ALTA 2X1 250G KRAFT BRONZ 5UN,30726,250G,250.0,G,250.0,G,,Não,104,https://www.fortali.com.br/alta-2x1-250g-kraft-bronz-5un-30726-1,2026-08-18 13:06:57,https://www.fortali.com.br/confeitaria?page=104,Pronto para comparar
Fortali Distribuidora,Confeitaria,CX CLASSIC ALTA 2X1 150G KRAFT BRONZ 5UN,CX CLASSIC ALTA 2X1 150G KRAFT BRONZ 5UN,30727,150G,150.0,G,150.0,G,,Não,104,https://www.fortali.com.br/cx-classic-alta-2x1-150g-kraft-bronz-5un-30727-1,2026-08-18 13:06:57,https://www.fortali.com.br/confeitaria?page=104,Pronto para comparar
Fortali Distribuidora,Confeitaria,CX CLASSIC ALTA 2X1 150/250G  ROSE 5UN,CX CLASSIC ALTA 2X1 150 250G ROSE 5UN,30728,250G,250.0,G,250.0,G,,Não,104,https://www.fortali.com.br/cx-classic-alta-2x1-150250g--rose-5un-30728-1,2026-08-18 13:06:57,https://www.fortali.com.br/confeitaria?page=104,Pronto para comparar
Fortali Distribuidora,Confeitaria,SACOLA ECO (PPQL) PASCOA FELIZ 10UN,SACOLA ECO PPQL PASCOA FELIZ 10UN,30729,,,,,,,Não,104,https://www.fortali.com.br/sacola-eco-ppql-pascoa-feliz-10un-30729-1,2026-08-18 13:06:57,https://www.fortali.com.br/confeitaria?page=104,Revisar embalagem
Fortali Distribuidora,Confeitaria,SACOLA ECO (PPQL) OVINHOS  C/ 10 UN,SACOLA ECO PPQL OVINHOS C 10 UN,30731,,,,,,,Não,104,https://www.fortali.com.br/sacola-eco-ppql-ovinhos--c-10-un-30731-1,2026-08-18 13:06:57,https://www.fortali.com.br/confeitaria?page=104,Revisar embalagem
Fortali Distribuidora,Confeitaria,CX POP UP KIDS - PASCOA COLORIDA C/10UN,CX POP UP KIDS PASCOA COLORIDA C 10UN,30732,,,,,,,Não,104,https://www.fortali.com.br/cx-pop-up-kids--pascoa-colorida-c10un-30732-1,2026-08-18 13:06:57,https://www.fortali.com.br/confeitaria?page=104,Revisar embalagem
Fortali Distribuidora,Confeitaria,CX POP UP KIDS - PASCOA ENCANTADA C/10UN,CX POP UP KIDS PASCOA ENCANTADA C 10UN,30733,,,,,,,Não,104,https://www.fortali.com.br/cx-pop-up-kids--pascoa-encantada-c10un-30733-1,2026-08-18 13:06:57,https://www.fortali.com.br/confeitaria?page=104,Revisar embalagem
Fortali Distribuidora,Confeitaria,SACO ESPECIAL C/ VISOR PASCOA COLOR 10UN,SACO ESPECIAL C VISOR PASCOA COLOR 10UN,30735,,,,,,,Não,105,https://www.fortali.com.br/saco-especial-c-visor-pascoa-color-10un-30735-1,2026-08-18 13:06:57,https://www.fortali.com.br/confeitaria?page=105,Revisar embalagem
Fortali Distribuidora,Confeitaria,SACO  C/ALCA E VISOR - PASCOA C/10UN,SACO C ALCA E VISOR PASCOA C 10UN,30736,,,,,,,Não,105,https://www.fortali.com.br/saco--calca-e-visor--pascoa-c10un-30736-1,2026-08-18 13:06:57,https://www.fortali.com.br/confeitaria?page=105,Revisar embalagem
Fortali Distribuidora,Confeitaria,CAIXA LIVRO 06 DOCES PASCOA ENCAN C/10UN,CAIXA LIVRO 06 DOCES PASCOA ENCAN C 10UN,30737,,,,,,,Não,105,https://www.fortali.com.br/caixa-livro-06-doces-pascoa-encan-c10un-30737-1,2026-08-18 13:06:57,https://www.fortali.com.br/confeitaria?page=105,Revisar embalagem
Fortali Distribuidora,Confeitaria,CX PRACTICE VISOR  9 DOCES PASCOA 10UN,CX PRACTICE VISOR 9 DOCES PASCOA 10UN,30738,,,,,,,Não,105,https://www.fortali.com.br/cx-practice-visor--9-doces-pascoa-10un-30738-1,2026-08-18 13:06:57,https://www.fortali.com.br/confeitaria?page=105,Revisar embalagem
Fortali Distribuidora,Confeitaria,CX PRACTICE PASCOA ENC 4 DOCES 10UUN,CX PRACTICE PASCOA ENC 4 DOCES 10UUN,30739,,,,,,,Não,105,https://www.fortali.com.br/cx-practice-pascoa-enc-4-doces-10uun-30739-1,2026-08-18 13:06:57,https://www.fortali.com.br/confeitaria?page=105,Revisar embalagem
Fortali Distribuidora,Confeitaria,CX GAVETA ESPECIAL C VISOR(9 DOCES) PASC,CX GAVETA ESPECIAL C VISOR 9 DOCES PASC,30740,,,,,,,Não,105,https://www.fortali.com.br/cx-gaveta-especial-c-visor9-doces-pasc-30740-1,2026-08-18 13:06:57,https://www.fortali.com.br/confeitaria?page=105,Revisar embalagem
Fortali Distribuidora,Confeitaria,CX CARTAO (03 DOCES) WITH LOVE  C/10UN,CX CARTAO 03 DOCES WITH LOVE C 10UN,30741,,,,,,,Não,105,https://www.fortali.com.br/cx-cartao-03-doces-with-love--c10un-30741-1,2026-08-18 13:06:57,https://www.fortali.com.br/confeitaria?page=105,Revisar embalagem
Fortali Distribuidora,Confeitaria,CX CLASSIC ALTA 2X1 250/350G  ROSE 5UN,CX CLASSIC ALTA 2X1 250 350G ROSE 5UN,30790,350G,350.0,G,350.0,G,,Não,105,https://www.fortali.com.br/cx-classic-alta-2x1-250350g--rose-5un-30790-1,2026-08-18 13:06:57,https://www.fortali.com.br/confeitaria?page=105,Pronto para comparar
Fortali Distribuidora,Confeitaria,ACIDO CITRICO FLEXFEST 40G,ACIDO CITRICO FLEXFEST 40G,30798,40G,40.0,G,40.0,G,,Não,105,https://www.fortali.com.br/acido-citrico-flexfest-40g-30798-1,2026-08-18 13:06:57,https://www.fortali.com.br/confeitaria?page=105,Pronto para comparar
Fortali Distribuidora,Confeitaria,CREMOR DE TARTARO FLEXFEST 50G,CREMOR DE TARTARO FLEXFEST 50G,30799,50G,50.0,G,50.0,G,,Não,105,https://www.fortali.com.br/cremor-de-tartaro-flexfest-50g-30799-1,2026-08-18 13:06:57,https://www.fortali.com.br/confeitaria?page=105,Pronto para comparar
Fortali Distribuidora,Confeitaria,CMC FLEXFEST 40G,CMC FLEXFEST 40G,30800,40G,40.0,G,40.0,G,,Não,105,https://www.fortali.com.br/cmc-flexfest-40g--30800-1,2026-08-18 13:06:57,https://www.fortali.com.br/confeitaria?page=105,Pronto para comparar
Fortali Distribuidora,Confeitaria,VANILINA FLEXFEST 50G,VANILINA FLEXFEST 50G,30801,50G,50.0,G,50.0,G,,Não,105,https://www.fortali.com.br/vanilina-flexfest-50g-30801-1,2026-08-18 13:06:57,https://www.fortali.com.br/confeitaria?page=105,Pronto para comparar
Fortali Distribuidora,Confeitaria,GLUCOSE EM PO FLEXFEST 40G,GLUCOSE EM PO FLEXFEST 40G,30802,40G,40.0,G,40.0,G,,Não,105,https://www.fortali.com.br/glucose-em-po-flexfest-40g--30802-1,2026-08-18 13:06:57,https://www.fortali.com.br/confeitaria?page=105,Pronto para comparar
Fortali Distribuidora,Confeitaria,GLICERINA BI-DESTILADA FLEXFEST 40G,GLICERINA BI DESTILADA FLEXFEST 40G,30803,40G,40.0,G,40.0,G,,Não,105,https://www.fortali.com.br/glicerina-bidestilada-flexfest-40g-30803-1,2026-08-18 13:06:57,https://www.fortali.com.br/confeitaria?page=105,Pronto para comparar
Fortali Distribuidora,Confeitaria,AGAR AGAR FLEXFEST 40G,AGAR AGAR FLEXFEST 40G,30804,40G,40.0,G,40.0,G,,Não,105,https://www.fortali.com.br/agar-agar-flexfest-40g-30804-1,2026-08-18 13:06:57,https://www.fortali.com.br/confeitaria?page=105,Pronto para comparar
Fortali Distribuidora,Confeitaria,DIOXIDO DE TITANIO FLEXFEST 15G,DIOXIDO DE TITANIO FLEXFEST 15G,30805,15G,15.0,G,15.0,G,,Não,105,https://www.fortali.com.br/dioxido-de-titanio-flexfest-15g-30805-1,2026-08-18 13:06:57,https://www.fortali.com.br/confeitaria?page=105,Pronto para comparar
Fortali Distribuidora,Confeitaria,CORANTE P/ CHOCOLATE AMAREL FLEXFEST 5G,CORANTE P CHOCOLATE AMAREL FLEXFEST 5G,30806,5G,5.0,G,5.0,G,,Não,105,https://www.fortali.com.br/corante-p-chocolate-amarel-flexfest-5g-30806-1,2026-08-18 13:06:57,https://www.fortali.com.br/confeitaria?page=105,Pronto para comparar
Fortali Distribuidora,Confeitaria,CORANTE P/ CHOCOLATE AZUL FLEXFEST 5G,CORANTE P CHOCOLATE AZUL FLEXFEST 5G,30807,5G,5.0,G,5.0,G,,Não,105,https://www.fortali.com.br/corante-p-chocolate-azul-flexfest-5g-30807-1,2026-08-18 13:06:57,https://www.fortali.com.br/confeitaria?page=105,Pronto para comparar
Fortali Distribuidora,Confeitaria,CORANTE P/ CHOCOLATE AZUL T FLEXFEST 5G,CORANTE P CHOCOLATE AZUL T FLEXFEST 5G,30808,5G,5.0,G,5.0,G,,Não,105,https://www.fortali.com.br/corante-p-chocolate-azul-t-flexfest-5g-30808-1,2026-08-18 13:06:57,https://www.fortali.com.br/confeitaria?page=105,Pronto para comparar
Fortali Distribuidora,Confeitaria,CORANTE P/ CHOCOLATE LARANJ FLEXFEST 5G,CORANTE P CHOCOLATE LARANJ FLEXFEST 5G,30809,5G,5.0,G,5.0,G,,Não,105,https://www.fortali.com.br/corante-p-chocolate-laranj-flexfest-5g-30809-1,2026-08-18 13:06:57,https://www.fortali.com.br/confeitaria?page=105,Pronto para comparar
Fortali Distribuidora,Confeitaria,CORANTE P/ CHOCOLATE MAGENT FLEXFEST 5G,CORANTE P CHOCOLATE MAGENT FLEXFEST 5G,30810,5G,5.0,G,5.0,G,,Não,105,https://www.fortali.com.br/corante-p-chocolate-magent-flexfest-5g-30810-1,2026-08-18 13:06:57,https://www.fortali.com.br/confeitaria?page=105,Pronto para comparar
Fortali Distribuidora,Confeitaria,CORANTE P/ CHOCOLATE ROSA FLEXFEST 5G,CORANTE P CHOCOLATE ROSA FLEXFEST 5G,30811,5G,5.0,G,5.0,G,,Não,105,https://www.fortali.com.br/corante-p-chocolate-rosa-flexfest-5g-30811-1,2026-08-18 13:06:57,https://www.fortali.com.br/confeitaria?page=105,Pronto para comparar
Fortali Distribuidora,Confeitaria,CORANTE P/ CHOCOLATE VERDE FLEXFEST 5G,CORANTE P CHOCOLATE VERDE FLEXFEST 5G,30812,5G,5.0,G,5.0,G,,Não,105,https://www.fortali.com.br/corante-p-chocolate-verde-flexfest-5g-30812-1,2026-08-18 13:06:57,https://www.fortali.com.br/confeitaria?page=105,Pronto para comparar
Fortali Distribuidora,Confeitaria,CORANTE P/ CHOCOLATE VERMEL FLEXFEST 5G,CORANTE P CHOCOLATE VERMEL FLEXFEST 5G,30813,5G,5.0,G,5.0,G,,Não,105,https://www.fortali.com.br/corante-p-chocolate-vermel-flexfest-5g-30813-1,2026-08-18 13:06:57,https://www.fortali.com.br/confeitaria?page=105,Pronto para comparar
Fortali Distribuidora,Confeitaria,CORANTE P/ CHOCOLATE VIOLET FLEXFEST 5G,CORANTE P CHOCOLATE VIOLET FLEXFEST 5G,30814,5G,5.0,G,5.0,G,,Não,106,https://www.fortali.com.br/corante-p-chocolate-violet-flexfest-5g-30814-1,2026-08-18 13:06:57,https://www.fortali.com.br/confeitaria?page=106,Pronto para comparar
Fortali Distribuidora,Confeitaria,CORANTE P/ CHOCOLATE PRETO FLEXFEST 5G,CORANTE P CHOCOLATE PRETO FLEXFEST 5G,30815,5G,5.0,G,5.0,G,,Não,106,https://www.fortali.com.br/corante-p-chocolate-preto-flexfest-5g-30815-1,2026-08-18 13:06:57,https://www.fortali.com.br/confeitaria?page=106,Pronto para comparar
Fortali Distribuidora,Confeitaria,PO P/ DECORACO ROSA CEREJA SUGAR ART 3G,PO P DECORACO ROSA CEREJA SUGAR ART 3G,30925,3G,3.0,G,3.0,G,,Não,106,https://www.fortali.com.br/po-p-decoraco-rosa-cereja-sugar-art-3g-30925-1,2026-08-18 13:06:57,https://www.fortali.com.br/confeitaria?page=106,Pronto para comparar
Fortali Distribuidora,Confeitaria,PO DECO DOURADO EGIPCIO SUGAR ART 5G,PO DECO DOURADO EGIPCIO SUGAR ART 5G,30936,5G,5.0,G,5.0,G,,Não,106,https://www.fortali.com.br/po-deco-dourado-egipcio-sugar-art-5g-30936-1,2026-08-18 13:06:57,https://www.fortali.com.br/confeitaria?page=106,Pronto para comparar
Fortali Distribuidora,Confeitaria,PÓ DECORATIVO VERMELHO INTENSO SUGAR ART 3G,PO DECORATIVO VERMELHO INTENSO SUGAR ART 3G,30937,3G,3.0,G,3.0,G,,Não,106,https://www.fortali.com.br/po-decorativo-vermelho-intenso-sugar-art-3g-30937-1,2026-08-18 13:06:57,https://www.fortali.com.br/confeitaria?page=106,Pronto para comparar
Fortali Distribuidora,Confeitaria,PO P/ DECORACAO ROXO SUGAR ART 3G,PO P DECORACAO ROXO SUGAR ART 3G,30938,3G,3.0,G,3.0,G,,Não,106,https://www.fortali.com.br/po-p-decoracao-roxo-sugar-art-3g-30938-1,2026-08-18 13:06:57,https://www.fortali.com.br/confeitaria?page=106,Pronto para comparar
Fortali Distribuidora,Confeitaria,PO P/ DECORACAO AZUL MARINH SUGAR ART 3G,PO P DECORACAO AZUL MARINH SUGAR ART 3G,30939,3G,3.0,G,3.0,G,,Não,106,https://www.fortali.com.br/po-p-decoracao-azul-marinh-sugar-art-3g-30939-1,2026-08-18 13:06:57,https://www.fortali.com.br/confeitaria?page=106,Pronto para comparar
Fortali Distribuidora,Confeitaria,PO P/ DECORACAO ROSA NEON SUGAR ART 5G,PO P DECORACAO ROSA NEON SUGAR ART 5G,30940,5G,5.0,G,5.0,G,,Não,106,https://www.fortali.com.br/po-p-decoracao-rosa-neon-sugar-art-5g-30940-1,2026-08-18 13:06:57,https://www.fortali.com.br/confeitaria?page=106,Pronto para comparar
Fortali Distribuidora,Confeitaria,PO P/ DECORACAO PEROLADO SUGAR ART 20G,PO P DECORACAO PEROLADO SUGAR ART 20G,30941,20G,20.0,G,20.0,G,,Não,36,https://www.fortali.com.br/po-p-decoracao-perolado-sugar-art-20g-30941-1,2026-08-18 13:06:57,https://www.fortali.com.br/confeitaria?page=36,Pronto para comparar
Fortali Distribuidora,Confeitaria,PO P/ DECORACAO DOURADO SUGAR ART 30G,PO P DECORACAO DOURADO SUGAR ART 30G,30942,30G,30.0,G,30.0,G,,Não,36,https://www.fortali.com.br/po-p-decoracao-dourado-sugar-art-30g-30942-1,2026-08-18 13:06:57,https://www.fortali.com.br/confeitaria?page=36,Pronto para comparar
Fortali Distribuidora,Confeitaria,PO P/ DECOR GLITTER PEROLA SUGAR ART 5G,PO P DECOR GLITTER PEROLA SUGAR ART 5G,30943,5G,5.0,G,5.0,G,,Não,106,https://www.fortali.com.br/po-p-decor-glitter-perola-sugar-art-5g-30943-1,2026-08-18 13:06:57,https://www.fortali.com.br/confeitaria?page=106,Pronto para comparar
Fortali Distribuidora,Confeitaria,GLITTER AZUL MARINHO HOLOGR SUGAR ART 5G,GLITTER AZUL MARINHO HOLOGR SUGAR ART 5G,30944,5G,5.0,G,5.0,G,,Não,106,https://www.fortali.com.br/glitter-azul-marinho-hologr-sugar-art-5g-30944-1,2026-08-18 13:06:57,https://www.fortali.com.br/confeitaria?page=106,Pronto para comparar
Fortali Distribuidora,Confeitaria,GLITTER PRATA HOLOGRAFICO SUGAR ART 5G,GLITTER PRATA HOLOGRAFICO SUGAR ART 5G,30945,5G,5.0,G,5.0,G,,Não,106,https://www.fortali.com.br/glitter-prata-holografico-sugar-art-5g-30945-1,2026-08-18 13:06:57,https://www.fortali.com.br/confeitaria?page=106,Pronto para comparar
Fortali Distribuidora,Confeitaria,GLITTER ROSA HOLOGRAFICO SUGAR ART 5G,GLITTER ROSA HOLOGRAFICO SUGAR ART 5G,30946,5G,5.0,G,5.0,G,,Não,106,https://www.fortali.com.br/glitter-rosa-holografico-sugar-art-5g-30946-1,2026-08-18 13:06:57,https://www.fortali.com.br/confeitaria?page=106,Pronto para comparar
Fortali Distribuidora,Confeitaria,GLITTER PINK NEON SUGAR ART 5G,GLITTER PINK NEON SUGAR ART 5G,30947,5G,5.0,G,5.0,G,,Não,106,https://www.fortali.com.br/glitter-pink-neon-sugar-art-5g-30947-1,2026-08-18 13:06:57,https://www.fortali.com.br/confeitaria?page=106,Pronto para comparar
Fortali Distribuidora,Confeitaria,PO P/ DECOR GLITTER PEROLA SUGAR ART 20G,PO P DECOR GLITTER PEROLA SUGAR ART 20G,30948,20G,20.0,G,20.0,G,,Não,106,https://www.fortali.com.br/po-p-decor-glitter-perola-sugar-art-20g-30948-1,2026-08-18 13:06:57,https://www.fortali.com.br/confeitaria?page=106,Pronto para comparar
Fortali Distribuidora,Confeitaria,PO P/ DECOR GLITTER OURO SUGAR ART 20G,PO P DECOR GLITTER OURO SUGAR ART 20G,30949,20G,20.0,G,20.0,G,,Não,106,https://www.fortali.com.br/po-p-decor-glitter-ouro-sugar-art-20g-30949-1,2026-08-18 13:06:57,https://www.fortali.com.br/confeitaria?page=106,Pronto para comparar
Fortali Distribuidora,Confeitaria,PO P/ DECOR GLITTER VERMEL SUGAR ART 20G,PO P DECOR GLITTER VERMEL SUGAR ART 20G,30950,20G,20.0,G,20.0,G,,Não,106,https://www.fortali.com.br/po-p-decor-glitter-vermel-sugar-art-20g-30950-1,2026-08-18 13:06:57,https://www.fortali.com.br/confeitaria?page=106,Pronto para comparar
Fortali Distribuidora,Confeitaria,PO P/ DECOR GLITTER PRATA SUGAR ART 20G,PO P DECOR GLITTER PRATA SUGAR ART 20G,30951,20G,20.0,G,20.0,G,,Não,106,https://www.fortali.com.br/po-p-decor-glitter-prata-sugar-art-20g-30951-1,2026-08-18 13:06:57,https://www.fortali.com.br/confeitaria?page=106,Pronto para comparar
Fortali Distribuidora,Confeitaria,ACIDO CITRICO SUGAR ART 40G,ACIDO CITRICO SUGAR ART 40G,30952,40G,40.0,G,40.0,G,,Não,32,https://www.fortali.com.br/acido-citrico-sugar-art-40g-30952-1,2026-08-18 13:06:57,https://www.fortali.com.br/confeitaria?page=32,Pronto para comparar
Fortali Distribuidora,Confeitaria,BIRCABONATO DE SODIO SUGAR ART 50G,BIRCABONATO DE SODIO SUGAR ART 50G,30953,50G,50.0,G,50.0,G,,Não,25,https://www.fortali.com.br/bircabonato-de-sodio-sugar-art-50g-30953-1,2026-08-18 13:06:57,https://www.fortali.com.br/confeitaria?page=25,Pronto para comparar
Fortali Distribuidora,Confeitaria,CMC SUGAR ART 30G,CMC SUGAR ART 30G,30954,30G,30.0,G,30.0,G,,Não,17,https://www.fortali.com.br/cmc-sugar-art-30g-30954-1,2026-08-18 13:06:57,https://www.fortali.com.br/confeitaria?page=17,Pronto para comparar
Fortali Distribuidora,Confeitaria,COMPOSTO ALCOOLICO ARTES SUGAR ART 60ML,COMPOSTO ALCOOLICO ARTES SUGAR ART 60ML,30955,60ML,60.0,ML,60.0,ML,,Não,106,https://www.fortali.com.br/composto-alcoolico-artes-sugar-art-60ml-30955-1,2026-08-18 13:06:57,https://www.fortali.com.br/confeitaria?page=106,Pronto para comparar
Fortali Distribuidora,Confeitaria,GLICERINA SUGAR ART 60G,GLICERINA SUGAR ART 60G,30956,60G,60.0,G,60.0,G,,Não,25,https://www.fortali.com.br/glicerina-sugar-art-60g-30956-1,2026-08-18 13:06:57,https://www.fortali.com.br/confeitaria?page=25,Pronto para comparar
Fortali Distribuidora,Confeitaria,BIRCABONATO DE AMONIO SUGAR ART 40G,BIRCABONATO DE AMONIO SUGAR ART 40G,30965,40G,40.0,G,40.0,G,,Não,25,https://www.fortali.com.br/bircabonato-de-amonio-sugar-art-40g-30965-1,2026-08-18 13:06:57,https://www.fortali.com.br/confeitaria?page=25,Pronto para comparar
Fortali Distribuidora,Confeitaria,CORANTE LIPOSSOLUVEL AMARE SUGAR ART 5G,CORANTE LIPOSSOLUVEL AMARE SUGAR ART 5G,30966,5G,5.0,G,5.0,G,,Não,25,https://www.fortali.com.br/corante-lipossoluvel-amare-sugar-art-5g-30966-1,2026-08-18 13:06:57,https://www.fortali.com.br/confeitaria?page=25,Pronto para comparar
Fortali Distribuidora,Confeitaria,CORANTE LIPOSSOLUVEL LARANJ SUGAR ART 5G,CORANTE LIPOSSOLUVEL LARANJ SUGAR ART 5G,30967,5G,5.0,G,5.0,G,,Não,25,https://www.fortali.com.br/corante-lipossoluvel-laranj-sugar-art-5g-30967-1,2026-08-18 13:06:57,https://www.fortali.com.br/confeitaria?page=25,Pronto para comparar
Fortali Distribuidora,Confeitaria,CORANTE LIPOSSOLUVEL VERDE SUGAR ART 5G,CORANTE LIPOSSOLUVEL VERDE SUGAR ART 5G,30968,5G,5.0,G,5.0,G,,Não,25,https://www.fortali.com.br/corante-lipossoluvel-verde-sugar-art-5g-30968-1,2026-08-18 13:06:57,https://www.fortali.com.br/confeitaria?page=25,Pronto para comparar
Fortali Distribuidora,Confeitaria,CORANTE LIPOSSOLUVEL ROXO SUGAR ART 5G,CORANTE LIPOSSOLUVEL ROXO SUGAR ART 5G,30969,5G,5.0,G,5.0,G,,Não,25,https://www.fortali.com.br/corante-lipossoluvel-roxo-sugar-art-5g-30969-1,2026-08-18 13:06:57,https://www.fortali.com.br/confeitaria?page=25,Pronto para comparar
Fortali Distribuidora,Confeitaria,CORANTE LIPOSSOLUVEL MAGENT SUGAR ART 5G,CORANTE LIPOSSOLUVEL MAGENT SUGAR ART 5G,30970,5G,5.0,G,5.0,G,,Não,25,https://www.fortali.com.br/corante-lipossoluvel-magent-sugar-art-5g-30970-1,2026-08-18 13:06:57,https://www.fortali.com.br/confeitaria?page=25,Pronto para comparar
Fortali Distribuidora,Confeitaria,CORANTE LIPOSSOLUVEL PRETO SUGAR ART 5G,CORANTE LIPOSSOLUVEL PRETO SUGAR ART 5G,30971,5G,5.0,G,5.0,G,,Não,25,https://www.fortali.com.br/corante-lipossoluvel-preto-sugar-art-5g-30971-1,2026-08-18 13:06:57,https://www.fortali.com.br/confeitaria?page=25,Pronto para comparar
Fortali Distribuidora,Confeitaria,CORANTE LIPOSSOLUVEL VERMEL SUGAR ART 5G,CORANTE LIPOSSOLUVEL VERMEL SUGAR ART 5G,30972,5G,5.0,G,5.0,G,,Não,25,https://www.fortali.com.br/corante-lipossoluvel-vermel-sugar-art-5g-30972-1,2026-08-18 13:06:57,https://www.fortali.com.br/confeitaria?page=25,Pronto para comparar
Fortali Distribuidora,Confeitaria,CORANTE LIPOSSOLUVEL BRANCO SUGAR ART 5G,CORANTE LIPOSSOLUVEL BRANCO SUGAR ART 5G,30973,5G,5.0,G,5.0,G,,Não,25,https://www.fortali.com.br/corante-lipossoluvel-branco-sugar-art-5g-30973-1,2026-08-18 13:06:57,https://www.fortali.com.br/confeitaria?page=25,Pronto para comparar
Fortali Distribuidora,Confeitaria,CORANTE LIPOSSOLUVEL AZUL SUGAR ART 5G,CORANTE LIPOSSOLUVEL AZUL SUGAR ART 5G,30974,5G,5.0,G,5.0,G,,Não,25,https://www.fortali.com.br/corante-lipossoluvel-azul-sugar-art-5g-30974-1,2026-08-18 13:06:57,https://www.fortali.com.br/confeitaria?page=25,Pronto para comparar
Fortali Distribuidora,Confeitaria,ACHOCOLATADO EM PO ITALAC 200G,ACHOCOLATADO EM PO ITALAC 200G,30975,200G,200.0,G,200.0,G,,Não,106,https://www.fortali.com.br/achocolatado-em-po-italac-200g-30975-1,2026-08-18 13:06:57,https://www.fortali.com.br/confeitaria?page=106,Pronto para comparar
Fortali Distribuidora,Confeitaria,ACHOCOLATADO EM PO SACHE ITALAC 400G,ACHOCOLATADO EM PO SACHE ITALAC 400G,30976,400G,400.0,G,400.0,G,,Não,106,https://www.fortali.com.br/achocolatado-em-po-sache-italac-400g-30976-1,2026-08-18 13:06:57,https://www.fortali.com.br/confeitaria?page=106,Pronto para comparar
Fortali Distribuidora,Confeitaria,FORMA BOLO INGLES GRD ALUMINIO CIMAPI,FORMA BOLO INGLES GRD ALUMINIO CIMAPI,3098,,,,,,,Não,106,https://www.fortali.com.br/forma-bolo-ingles-grd-aluminio-cimapi-3098-1,2026-08-18 13:06:57,https://www.fortali.com.br/confeitaria?page=106,Revisar embalagem
Fortali Distribuidora,Confeitaria,BOLEIRA PLASTICA N28 VERDE CETA PLAST,BOLEIRA PLASTICA N28 VERDE CETA PLAST,31000,,,,,,,Não,106,https://www.fortali.com.br/boleira-plastica-n28-verde-ceta-plast-31000-1,2026-08-18 13:06:57,https://www.fortali.com.br/confeitaria?page=106,Revisar embalagem
Fortali Distribuidora,Confeitaria,BOLEIRA PLASTICA N28 AZUL CETA PLAST,BOLEIRA PLASTICA N28 AZUL CETA PLAST,31001,,,,,,,Não,106,https://www.fortali.com.br/boleira-plastica-n28-azul-ceta-plast-31001-1,2026-08-18 13:06:57,https://www.fortali.com.br/confeitaria?page=106,Revisar embalagem
Fortali Distribuidora,Confeitaria,BOLEIRA PLASTICA N28 OURO CETA PLAST,BOLEIRA PLASTICA N28 OURO CETA PLAST,31003,,,,,,,Não,106,https://www.fortali.com.br/boleira-plastica-n28-ouro-ceta-plast-31003-1,2026-08-18 13:06:57,https://www.fortali.com.br/confeitaria?page=106,Revisar embalagem
Fortali Distribuidora,Confeitaria,BOLEIRA PLASTICA N28 PRETO CETA PLAST,BOLEIRA PLASTICA N28 PRETO CETA PLAST,31004,,,,,,,Não,107,https://www.fortali.com.br/boleira-plastica-n28-preto-ceta-plast-31004-1,2026-08-18 13:06:57,https://www.fortali.com.br/confeitaria?page=107,Revisar embalagem
Fortali Distribuidora,Confeitaria,BOLEIRA PLASTICA N28 PINK CETA PLAST,BOLEIRA PLASTICA N28 PINK CETA PLAST,31005,,,,,,,Não,107,https://www.fortali.com.br/boleira-plastica-n28-pink-ceta-plast-31005-1,2026-08-18 13:06:57,https://www.fortali.com.br/confeitaria?page=107,Revisar embalagem
Fortali Distribuidora,Confeitaria,BOLEIRA PLASTICA N28 CRISTAL CETA PLAST,BOLEIRA PLASTICA N28 CRISTAL CETA PLAST,31006,,,,,,,Não,107,https://www.fortali.com.br/boleira-plastica-n28-cristal-ceta-plast-31006-1,2026-08-18 13:06:57,https://www.fortali.com.br/confeitaria?page=107,Revisar embalagem
Fortali Distribuidora,Confeitaria,BOLEIRA PLASTIC N28 AZUL CANDY CETAPLAST,BOLEIRA PLASTIC N28 AZUL CANDY CETAPLAST,31007,,,,,,,Não,107,https://www.fortali.com.br/boleira-plastic-n28-azul-candy-cetaplast-31007-1,2026-08-18 13:06:57,https://www.fortali.com.br/confeitaria?page=107,Revisar embalagem
Fortali Distribuidora,Confeitaria,BOLEIRA PLAST N28 ROSA CANDY CET PLAST,BOLEIRA PLAST N28 ROSA CANDY CET PLAST,31009,,,,,,,Não,107,https://www.fortali.com.br/boleira-plast-n28-rosa-candy-cet-plast-31009-1,2026-08-18 13:06:57,https://www.fortali.com.br/confeitaria?page=107,Revisar embalagem
Fortali Distribuidora,Confeitaria,BOLEIRA PLASTICA N32 AZUL CETA PLAST,BOLEIRA PLASTICA N32 AZUL CETA PLAST,31015,,,,,,,Não,107,https://www.fortali.com.br/boleira-plastica-n32-azul-ceta-plast-31015-1,2026-08-18 13:06:57,https://www.fortali.com.br/confeitaria?page=107,Revisar embalagem
Fortali Distribuidora,Confeitaria,BOLEIRA PLASTICA N32 CRISTAL CETA PLAST,BOLEIRA PLASTICA N32 CRISTAL CETA PLAST,31020,,,,,,,Não,107,https://www.fortali.com.br/boleira-plastica-n32-cristal-ceta-plast-31020-1,2026-08-18 13:06:57,https://www.fortali.com.br/confeitaria?page=107,Revisar embalagem
Fortali Distribuidora,Confeitaria,BOLEIRA PLAST N32 VERDE CANDY CETAPLAST,BOLEIRA PLAST N32 VERDE CANDY CETAPLAST,31025,,,,,,,Não,107,https://www.fortali.com.br/boleira-plast-n32-verde-candy-cetaplast-31025-1,2026-08-18 13:06:57,https://www.fortali.com.br/confeitaria?page=107,Revisar embalagem
Fortali Distribuidora,Confeitaria,POTE BOLHA 240ML FLIP 10UN,POTE BOLHA 240ML FLIP 10UN,31037,240ML,240.0,ML,240.0,ML,,Não,107,https://www.fortali.com.br/pote-bolha-240ml-flip-10un-31037-1,2026-08-18 13:06:57,https://www.fortali.com.br/confeitaria?page=107,Pronto para comparar
Fortali Distribuidora,Confeitaria,POTE BOLHA 380ML FLIP 10UN,POTE BOLHA 380ML FLIP 10UN,31038,380ML,380.0,ML,380.0,ML,,Não,107,https://www.fortali.com.br/pote-bolha-380ml-flip-10un-31038-1,2026-08-18 13:06:57,https://www.fortali.com.br/confeitaria?page=107,Pronto para comparar
Fortali Distribuidora,Confeitaria,MINI CAKE BOX REDONDA TRANSP FLIP 10UN,MINI CAKE BOX REDONDA TRANSP FLIP 10UN,31040,,,,,,,Não,107,https://www.fortali.com.br/mini-cake-box-redonda-transp-flip-10un-31040-1,2026-08-18 13:06:57,https://www.fortali.com.br/confeitaria?page=107,Revisar embalagem
Fortali Distribuidora,Confeitaria,MINI CAKE BOX QUADRADA TRANS FLIP 10UN,MINI CAKE BOX QUADRADA TRANS FLIP 10UN,31041,,,,,,,Não,107,https://www.fortali.com.br/mini-cake-box-quadrada-trans-flip-10un-31041-1,2026-08-18 13:06:57,https://www.fortali.com.br/confeitaria?page=107,Revisar embalagem
Fortali Distribuidora,Confeitaria,FLIPBALL 3 CAVIDADES TRANSP FLIP 5UN,FLIPBALL 3 CAVIDADES TRANSP FLIP 5UN,31044,,,,,,,Não,107,https://www.fortali.com.br/flipball-3-cavidades-transp-flip-5un-31044-1,2026-08-18 13:06:57,https://www.fortali.com.br/confeitaria?page=107,Revisar embalagem
Fortali Distribuidora,Confeitaria,CARIMBOS AMOR DE MAE AMA BLUESTAR 7PECAS,CARIMBOS AMOR DE MAE AMA BLUESTAR 7PECAS,31049,,,,,,,Não,107,https://www.fortali.com.br/carimbos-amor-de-mae-ama-bluestar-7pecas-31049-1,2026-08-18 13:06:57,https://www.fortali.com.br/confeitaria?page=107,Revisar embalagem
Fortali Distribuidora,Confeitaria,CARIMBOS AMOR DE MAE ROSA BLUESTAR 7PCS,CARIMBOS AMOR DE MAE ROSA BLUESTAR 7PCS,31050,,,,,,,Não,107,https://www.fortali.com.br/carimbos-amor-de-mae-rosa-bluestar-7pcs-31050-1,2026-08-18 13:06:57,https://www.fortali.com.br/confeitaria?page=107,Revisar embalagem
Fortali Distribuidora,Confeitaria,CARIMBOS CORACOES AMARELO BLUESTAR 7PCS,CARIMBOS CORACOES AMARELO BLUESTAR 7PCS,31051,,,,,,,Não,107,https://www.fortali.com.br/carimbos-coracoes-amarelo-bluestar-7pcs-31051-1,2026-08-18 13:06:57,https://www.fortali.com.br/confeitaria?page=107,Revisar embalagem
Fortali Distribuidora,Confeitaria,FLIPBALL 50 CAVIDADES TRANSP FLIP 5UN,FLIPBALL 50 CAVIDADES TRANSP FLIP 5UN,31054,,,,,,,Não,107,https://www.fortali.com.br/flipball-50-cavidades-transp-flip-5un-31054-1,2026-08-18 13:06:57,https://www.fortali.com.br/confeitaria?page=107,Revisar embalagem
Fortali Distribuidora,Confeitaria,FLIPBALL 100 CAVIDADES TRANSP FLIP 3UN,FLIPBALL 100 CAVIDADES TRANSP FLIP 3UN,31055,,,,,,,Não,107,https://www.fortali.com.br/flipball-100-cavidades-transp-flip-3un-31055-1,2026-08-18 13:06:57,https://www.fortali.com.br/confeitaria?page=107,Revisar embalagem
Fortali Distribuidora,Confeitaria,CARIMBOS SIGNO AMARELO  BLUESTAR 13PCS,CARIMBOS SIGNO AMARELO BLUESTAR 13PCS,31056,,,,,,,Não,107,https://www.fortali.com.br/carimbos-signo-amarelo--bluestar-13pcs-31056-1,2026-08-18 13:06:57,https://www.fortali.com.br/confeitaria?page=107,Revisar embalagem
Fortali Distribuidora,Confeitaria,CARIMBOS SIGNO ROSA BEBE  BLUESTAR 13PCS,CARIMBOS SIGNO ROSA BEBE BLUESTAR 13PCS,31057,,,,,,,Não,107,https://www.fortali.com.br/carimbos-signo-rosa-bebe--bluestar-13pcs-31057-1,2026-08-18 13:06:57,https://www.fortali.com.br/confeitaria?page=107,Revisar embalagem
Fortali Distribuidora,Confeitaria,MINI STENCILS CORACOES  BLUESTAR 4 PECAS,MINI STENCILS CORACOES BLUESTAR 4 PECAS,31058,,,,,,,Não,107,https://www.fortali.com.br/mini-stencils-coracoes--bluestar-4-pecas-31058-1,2026-08-18 13:06:57,https://www.fortali.com.br/confeitaria?page=107,Revisar embalagem
Fortali Distribuidora,Confeitaria,MINI STENCILS SIGNOS BLUESTAR 12 PCS,MINI STENCILS SIGNOS BLUESTAR 12 PCS,31059,,,,,,,Não,107,https://www.fortali.com.br/mini-stencils-signos-bluestar-12-pcs-31059-1,2026-08-18 13:06:57,https://www.fortali.com.br/confeitaria?page=107,Revisar embalagem
Fortali Distribuidora,Confeitaria,FLIP BAG CRISTAL 12 CAVIDADES C/03UN,FLIP BAG CRISTAL 12 CAVIDADES C 03UN,31060,,,,,,,Não,107,https://www.fortali.com.br/flip-bag-cristal-12-cavidades-c03un-31060-1,2026-08-18 13:06:57,https://www.fortali.com.br/confeitaria?page=107,Revisar embalagem
Fortali Distribuidora,Confeitaria,FLIP TOP TRASNPARENTE  FLIP 5UN,FLIP TOP TRASNPARENTE FLIP 5UN,31063,,,,,,,Não,107,https://www.fortali.com.br/flip-top-trasnparente--flip-5un-31063-1,2026-08-18 13:06:57,https://www.fortali.com.br/confeitaria?page=107,Revisar embalagem
Fortali Distribuidora,Confeitaria,FLIP MACARRON 06 CAVIDA TRANSP FLIP 5UN,FLIP MACARRON 06 CAVIDA TRANSP FLIP 5UN,31067,,,,,,,Não,108,https://www.fortali.com.br/flip-macarron-06-cavida-transp-flip-5un-31067-1,2026-08-18 13:06:57,https://www.fortali.com.br/confeitaria?page=108,Revisar embalagem
Fortali Distribuidora,Confeitaria,FLIP BOLINHO TAMPA BOLHA TRANS FLIP 10UN,FLIP BOLINHO TAMPA BOLHA TRANS FLIP 10UN,31068,,,,,,,Não,108,https://www.fortali.com.br/flip-bolinho-tampa-bolha-trans-flip-10un-31068-1,2026-08-18 13:06:57,https://www.fortali.com.br/confeitaria?page=108,Revisar embalagem
Fortali Distribuidora,Confeitaria,FLIP FLEX TRANSPARENTE FLIP 5UN,FLIP FLEX TRANSPARENTE FLIP 5UN,31069,,,,,,,Não,108,https://www.fortali.com.br/flip-flex-transparente-flip-5un-31069-1,2026-08-18 13:06:57,https://www.fortali.com.br/confeitaria?page=108,Revisar embalagem
Fortali Distribuidora,Confeitaria,FLIP TWIN TAMPA ROLL TRANS FLIP 5UN,FLIP TWIN TAMPA ROLL TRANS FLIP 5UN,31070,,,,,,,Não,108,https://www.fortali.com.br/flip-twin-tampa-roll-trans-flip-5un-31070-1,2026-08-18 13:06:57,https://www.fortali.com.br/confeitaria?page=108,Revisar embalagem
Fortali Distribuidora,Confeitaria,FLIP BALL CORACAO 5 CAVID TRANS FLIP 5UN,FLIP BALL CORACAO 5 CAVID TRANS FLIP 5UN,31071,,,,,,,Não,108,https://www.fortali.com.br/flip-ball-coracao-5-cavid-trans-flip-5un-31071-1,2026-08-18 13:06:57,https://www.fortali.com.br/confeitaria?page=108,Revisar embalagem
Fortali Distribuidora,Confeitaria,"LEITE CONDENSADO CAMPONESA SEMIDESNATADO 2,5KG","LEITE CONDENSADO CAMPONESA SEMIDESNATADO 2,5KG",31139,"2,5KG",2.5,KG,2500.0,G,,Não,108,https://www.fortali.com.br/leite-condensado-camponesa-semidesnatado-25kg-31139-1,2026-08-18 13:06:57,https://www.fortali.com.br/confeitaria?page=108,Pronto para comparar
Fortali Distribuidora,Confeitaria,"CHOC BIS PACK C/5 LAKA BRANCO 100,8G","CHOC BIS PACK C 5 LAKA BRANCO 100,8G",31219,"100,8G",100.8,G,100.8,G,,Não,108,https://www.fortali.com.br/choc-bis-pack-c5-laka-branco-1008g-31219-1,2026-08-18 13:06:57,https://www.fortali.com.br/confeitaria?page=108,Pronto para comparar
Fortali Distribuidora,Confeitaria,"CHOC BIS PACK C/5 AO LEITE 100,8G","CHOC BIS PACK C 5 AO LEITE 100,8G",31220,"100,8G",100.8,G,100.8,G,,Não,108,https://www.fortali.com.br/choc-bis-pack-c5-ao-leite-1008g-31220-1,2026-08-18 13:06:57,https://www.fortali.com.br/confeitaria?page=108,Pronto para comparar
Fortali Distribuidora,Confeitaria,DOCRE DE LEITE CHOCOLATE LATA ITAMBE 5KG,DOCRE DE LEITE CHOCOLATE LATA ITAMBE 5KG,31222,5KG,5.0,KG,5000.0,G,,Não,108,https://www.fortali.com.br/docre-de-leite-chocolate-lata-itambe-5kg-31222-1,2026-08-18 13:06:57,https://www.fortali.com.br/confeitaria?page=108,Pronto para comparar
Fortali Distribuidora,Confeitaria,DOCE DE LEITE COCO ITAMBE LT 800G,DOCE DE LEITE COCO ITAMBE LT 800G,31223,800G,800.0,G,800.0,G,,Não,108,https://www.fortali.com.br/doce-de-leite-coco-itambe-lt-800g-31223-1,2026-08-18 13:06:57,https://www.fortali.com.br/confeitaria?page=108,Pronto para comparar
Fortali Distribuidora,Confeitaria,LEITE COND SEMIDESNATADO ITAMBE BAG 5KG,LEITE COND SEMIDESNATADO ITAMBE BAG 5KG,31224,5KG,5.0,KG,5000.0,G,,Não,2,https://www.fortali.com.br/leite-cond-semidesnatado-itambe-bag-5kg-31224-1,2026-08-18 13:06:57,https://www.fortali.com.br/confeitaria?page=2,Pronto para comparar
Fortali Distribuidora,Confeitaria,COLOR LIQUID 1000 AMARELO ICEBERG 25G,COLOR LIQUID 1000 AMARELO ICEBERG 25G,31297,25G,25.0,G,25.0,G,,Não,108,https://www.fortali.com.br/color-liquid-1000-amarelo-iceberg-25g-31297-1,2026-08-18 13:06:57,https://www.fortali.com.br/confeitaria?page=108,Pronto para comparar
Fortali Distribuidora,Confeitaria,COLOR LIQUID 1000 AZUL ICEBERG 25G,COLOR LIQUID 1000 AZUL ICEBERG 25G,31298,25G,25.0,G,25.0,G,,Não,108,https://www.fortali.com.br/color-liquid-1000-azul-iceberg-25g-31298-1,2026-08-18 13:06:57,https://www.fortali.com.br/confeitaria?page=108,Pronto para comparar
Fortali Distribuidora,Confeitaria,COLOR LIQUID 1000 BRANCO ICEBERG 25G,COLOR LIQUID 1000 BRANCO ICEBERG 25G,31299,25G,25.0,G,25.0,G,,Não,108,https://www.fortali.com.br/color-liquid-1000-branco-iceberg-25g-31299-1,2026-08-18 13:06:57,https://www.fortali.com.br/confeitaria?page=108,Pronto para comparar
Fortali Distribuidora,Confeitaria,COLOR LIQUID 1000 LARANJA ICEBERG 25G,COLOR LIQUID 1000 LARANJA ICEBERG 25G,31300,25G,25.0,G,25.0,G,,Não,108,https://www.fortali.com.br/color-liquid-1000-laranja-iceberg-25g-31300-1,2026-08-18 13:06:57,https://www.fortali.com.br/confeitaria?page=108,Pronto para comparar
Fortali Distribuidora,Confeitaria,COLOR LIQUID 1000 NUDE ICEBERG 25G,COLOR LIQUID 1000 NUDE ICEBERG 25G,31301,25G,25.0,G,25.0,G,,Não,108,https://www.fortali.com.br/color-liquid-1000-nude-iceberg-25g-31301-1,2026-08-18 13:06:57,https://www.fortali.com.br/confeitaria?page=108,Pronto para comparar
Fortali Distribuidora,Confeitaria,COLOR LIQUID 1000 PRETO ICEBERG 25G,COLOR LIQUID 1000 PRETO ICEBERG 25G,31302,25G,25.0,G,25.0,G,,Não,108,https://www.fortali.com.br/color-liquid-1000-preto-iceberg-25g-31302-1,2026-08-18 13:06:57,https://www.fortali.com.br/confeitaria?page=108,Pronto para comparar
Fortali Distribuidora,Confeitaria,COLOR LIQUID 1000 ROSA ICEBERG 25G,COLOR LIQUID 1000 ROSA ICEBERG 25G,31303,25G,25.0,G,25.0,G,,Não,108,https://www.fortali.com.br/color-liquid-1000-rosa-iceberg-25g-31303-1,2026-08-18 13:06:57,https://www.fortali.com.br/confeitaria?page=108,Pronto para comparar
Fortali Distribuidora,Confeitaria,COLOR LIQUID 1000 ROXO ICEBERG 25G,COLOR LIQUID 1000 ROXO ICEBERG 25G,31304,25G,25.0,G,25.0,G,,Não,108,https://www.fortali.com.br/color-liquid-1000-roxo-iceberg-25g-31304-1,2026-08-18 13:06:57,https://www.fortali.com.br/confeitaria?page=108,Pronto para comparar
Fortali Distribuidora,Confeitaria,COLOR LIQUID 1000 SUP BRANCO ICEBERG 25G,COLOR LIQUID 1000 SUP BRANCO ICEBERG 25G,31305,25G,25.0,G,25.0,G,,Não,108,https://www.fortali.com.br/color-liquid-1000-sup-branco-iceberg-25g-31305-1,2026-08-18 13:06:57,https://www.fortali.com.br/confeitaria?page=108,Pronto para comparar
Fortali Distribuidora,Confeitaria,COLOR LIQUID 1000 VERDE ICEBERG 25G,COLOR LIQUID 1000 VERDE ICEBERG 25G,31306,25G,25.0,G,25.0,G,,Não,108,https://www.fortali.com.br/color-liquid-1000-verde-iceberg-25g-31306-1,2026-08-18 13:06:57,https://www.fortali.com.br/confeitaria?page=108,Pronto para comparar
Fortali Distribuidora,Confeitaria,COLOR LIQUID 1000 VERMELHO ICEBERG 25G,COLOR LIQUID 1000 VERMELHO ICEBERG 25G,31307,25G,25.0,G,25.0,G,,Não,108,https://www.fortali.com.br/color-liquid-1000-vermelho-iceberg-25g-31307-1,2026-08-18 13:06:57,https://www.fortali.com.br/confeitaria?page=108,Pronto para comparar
Fortali Distribuidora,Confeitaria,CARAT CARAMELO DROPS PURATOS 2.01KG,CARAT CARAMELO DROPS PURATOS 2.01KG,31312,2.01KG,2.01,KG,2010.0,G,,Não,108,https://www.fortali.com.br/carat-caramelo-drops-puratos-201kg-31312-1,2026-08-18 13:06:57,https://www.fortali.com.br/confeitaria?page=108,Pronto para comparar
Fortali Distribuidora,Confeitaria,CARAT DECORCREM CARAMEL PURATOS 2.5KG,CARAT DECORCREM CARAMEL PURATOS 2.5KG,31313,2.5KG,2.5,KG,2500.0,G,,Não,108,https://www.fortali.com.br/carat-decorcrem-caramel-puratos-25kg-31313-1,2026-08-18 13:06:57,https://www.fortali.com.br/confeitaria?page=108,Pronto para comparar
Fortali Distribuidora,Confeitaria,CX LAMIN C/ VISOR 20DC VERM 10UN IDEIA,CX LAMIN C VISOR 20DC VERM 10UN IDEIA,31329,,,,,,,Não,108,https://www.fortali.com.br/cx-lamin-c-visor-20dc-verm-10un-ideia-31329-1,2026-08-18 13:06:57,https://www.fortali.com.br/confeitaria?page=108,Revisar embalagem
Fortali Distribuidora,Confeitaria,CX LAMIN C/ VISOR 20DC OURO 10UN IDEIA,CX LAMIN C VISOR 20DC OURO 10UN IDEIA,31330,,,,,,,Não,109,https://www.fortali.com.br/cx-lamin-c-visor-20dc-ouro-10un-ideia-31330-1,2026-08-18 13:06:57,https://www.fortali.com.br/confeitaria?page=109,Revisar embalagem
Fortali Distribuidora,Confeitaria,CX LAMIN C/ VISOR 8DC OURO 10UN IDEIA,CX LAMIN C VISOR 8DC OURO 10UN IDEIA,31331,,,,,,,Não,109,https://www.fortali.com.br/cx-lamin-c-visor-8dc-ouro-10un-ideia-31331-1,2026-08-18 13:06:57,https://www.fortali.com.br/confeitaria?page=109,Revisar embalagem
Fortali Distribuidora,Confeitaria,CAIXA BENTO CAKE CELEBRE PCT 5UN IDEIA,CAIXA BENTO CAKE CELEBRE PCT 5UN IDEIA,31336,,,,,,,Não,109,https://www.fortali.com.br/caixa-bento-cake-celebre-pct-5un-ideia-31336-1,2026-08-18 13:06:57,https://www.fortali.com.br/confeitaria?page=109,Revisar embalagem
Fortali Distribuidora,Confeitaria,CX TRANS 4CUP OFFWHITE/KRAFT 10UN IDEIA,CX TRANS 4CUP OFFWHITE KRAFT 10UN IDEIA,31337,,,,,,,Não,109,https://www.fortali.com.br/cx-trans-4cup-offwhitekraft-10un-ideia-31337-1,2026-08-18 13:06:57,https://www.fortali.com.br/confeitaria?page=109,Revisar embalagem
Fortali Distribuidora,Confeitaria,CX TRANS 1CUP OFFWHITE/KRAFT 10UN IDEIA,CX TRANS 1CUP OFFWHITE KRAFT 10UN IDEIA,31338,,,,,,,Não,109,https://www.fortali.com.br/cx-trans-1cup-offwhitekraft-10un-ideia-31338-1,2026-08-18 13:06:57,https://www.fortali.com.br/confeitaria?page=109,Revisar embalagem
Fortali Distribuidora,Confeitaria,CX TRANS 2CUP OFFWHITE/KRAFT 10UN IDEIA,CX TRANS 2CUP OFFWHITE KRAFT 10UN IDEIA,31339,,,,,,,Não,109,https://www.fortali.com.br/cx-trans-2cup-offwhitekraft-10un-ideia-31339-1,2026-08-18 13:06:57,https://www.fortali.com.br/confeitaria?page=109,Revisar embalagem
Fortali Distribuidora,Confeitaria,CX LAMIN C/ VISOR 12DC OURO 10UN IDEIA,CX LAMIN C VISOR 12DC OURO 10UN IDEIA,31341,,,,,,,Não,109,https://www.fortali.com.br/cx-lamin-c-visor-12dc-ouro-10un-ideia-31341-1,2026-08-18 13:06:57,https://www.fortali.com.br/confeitaria?page=109,Revisar embalagem
Fortali Distribuidora,Confeitaria,CX LAMIN C/ VISOR 9DC OURO 10UN IDEIA,CX LAMIN C VISOR 9DC OURO 10UN IDEIA,31343,,,,,,,Não,109,https://www.fortali.com.br/cx-lamin-c-visor-9dc-ouro-10un-ideia-31343-1,2026-08-18 13:06:57,https://www.fortali.com.br/confeitaria?page=109,Revisar embalagem
Fortali Distribuidora,Confeitaria,CX LAMIN C/ VISOR 6DC OURO 10UN IDEIA,CX LAMIN C VISOR 6DC OURO 10UN IDEIA,31344,,,,,,,Não,109,https://www.fortali.com.br/cx-lamin-c-visor-6dc-ouro-10un-ideia-31344-1,2026-08-18 13:06:57,https://www.fortali.com.br/confeitaria?page=109,Revisar embalagem
Fortali Distribuidora,Confeitaria,CX LAMIN C/ VISOR 4DC OURO 10UN IDEIA,CX LAMIN C VISOR 4DC OURO 10UN IDEIA,31345,,,,,,,Não,109,https://www.fortali.com.br/cx-lamin-c-visor-4dc-ouro-10un-ideia-31345-1,2026-08-18 13:06:57,https://www.fortali.com.br/confeitaria?page=109,Revisar embalagem
Fortali Distribuidora,Confeitaria,CX LAMIN C/ VISOR 12DC VERM 10UN IDEIA,CX LAMIN C VISOR 12DC VERM 10UN IDEIA,31346,,,,,,,Não,109,https://www.fortali.com.br/cx-lamin-c-visor-12dc-verm-10un-ideia-31346-1,2026-08-18 13:06:57,https://www.fortali.com.br/confeitaria?page=109,Revisar embalagem
Fortali Distribuidora,Confeitaria,CX LAMIN C/ VISOR 9DC VERM 10UN IDEIA,CX LAMIN C VISOR 9DC VERM 10UN IDEIA,31347,,,,,,,Não,109,https://www.fortali.com.br/cx-lamin-c-visor-9dc-verm-10un-ideia-31347-1,2026-08-18 13:06:57,https://www.fortali.com.br/confeitaria?page=109,Revisar embalagem
Fortali Distribuidora,Confeitaria,CX LAMIN C/ VISOR 4DC VERM 10UN IDEIA,CX LAMIN C VISOR 4DC VERM 10UN IDEIA,31349,,,,,,,Não,109,https://www.fortali.com.br/cx-lamin-c-visor-4dc-verm-10un-ideia-31349-1,2026-08-18 13:06:57,https://www.fortali.com.br/confeitaria?page=109,Revisar embalagem
Fortali Distribuidora,Confeitaria,CAIXA PRACTICE 6DC CELEBRAR 10UN IDEIA,CAIXA PRACTICE 6DC CELEBRAR 10UN IDEIA,31350,,,,,,,Não,109,https://www.fortali.com.br/caixa-practice-6dc-celebrar-10un-ideia-31350-1,2026-08-18 13:06:57,https://www.fortali.com.br/confeitaria?page=109,Revisar embalagem
Fortali Distribuidora,Confeitaria,SACOLA P/ BEBIDA CELEBRE VERM 10UN IDEIA,SACOLA P BEBIDA CELEBRE VERM 10UN IDEIA,31351,,,,,,,Não,109,https://www.fortali.com.br/sacola-p-bebida-celebre-verm-10un-ideia-31351-1,2026-08-18 13:06:57,https://www.fortali.com.br/confeitaria?page=109,Revisar embalagem
Fortali Distribuidora,Confeitaria,CX GAVETA CORAC C/ VISOR AMOR 10UN IDEIA,CX GAVETA CORAC C VISOR AMOR 10UN IDEIA,31352,,,,,,,Não,109,https://www.fortali.com.br/cx-gaveta-corac-c-visor-amor-10un-ideia-31352-1,2026-08-18 13:06:57,https://www.fortali.com.br/confeitaria?page=109,Revisar embalagem
Fortali Distribuidora,Confeitaria,CESTA CAIXOTE G AMOR 10UN IDEIA,CESTA CAIXOTE G AMOR 10UN IDEIA,31353,,,,,,,Não,109,https://www.fortali.com.br/cesta-caixote-g-amor-10un-ideia-31353-1,2026-08-18 13:06:57,https://www.fortali.com.br/confeitaria?page=109,Revisar embalagem
Fortali Distribuidora,Confeitaria,CESTA CAIXOTE M AMOR 10UN IDEIA,CESTA CAIXOTE M AMOR 10UN IDEIA,31354,,,,,,,Não,109,https://www.fortali.com.br/cesta-caixote-m-amor-10un-ideia-31354-1,2026-08-18 13:06:57,https://www.fortali.com.br/confeitaria?page=109,Revisar embalagem
Fortali Distribuidora,Confeitaria,CAIXA PRACTICE 8DC AMOR DOCE 10UN IDEIA,CAIXA PRACTICE 8DC AMOR DOCE 10UN IDEIA,31356,,,,,,,Não,109,https://www.fortali.com.br/caixa-practice-8dc-amor-doce-10un-ideia-31356-1,2026-08-18 13:06:57,https://www.fortali.com.br/confeitaria?page=109,Revisar embalagem
Fortali Distribuidora,Confeitaria,CAIXA PRACTICE 4DC AMOR DOCE 10UN IDEIA,CAIXA PRACTICE 4DC AMOR DOCE 10UN IDEIA,31358,,,,,,,Não,109,https://www.fortali.com.br/caixa-practice-4dc-amor-doce-10un-ideia-31358-1,2026-08-18 13:06:57,https://www.fortali.com.br/confeitaria?page=109,Revisar embalagem
Fortali Distribuidora,Confeitaria,CX PRACTICE 8DC AMOR C/ CORES 10UN IDEIA,CX PRACTICE 8DC AMOR C CORES 10UN IDEIA,31359,,,,,,,Não,109,https://www.fortali.com.br/cx-practice-8dc-amor-c-cores-10un-ideia-31359-1,2026-08-18 13:06:57,https://www.fortali.com.br/confeitaria?page=109,Revisar embalagem
Fortali Distribuidora,Confeitaria,CX PRACTICE 6DC AMOR C/ CORES 10UN IDEIA,CX PRACTICE 6DC AMOR C CORES 10UN IDEIA,31360,,,,,,,Não,109,https://www.fortali.com.br/cx-practice-6dc-amor-c-cores-10un-ideia-31360-1,2026-08-18 13:06:57,https://www.fortali.com.br/confeitaria?page=109,Revisar embalagem
Fortali Distribuidora,Confeitaria,CX PRACTICE 4DC AMOR C/ CORES 10UN IDEIA,CX PRACTICE 4DC AMOR C CORES 10UN IDEIA,31361,,,,,,,Não,109,https://www.fortali.com.br/cx-practice-4dc-amor-c-cores-10un-ideia-31361-1,2026-08-18 13:06:57,https://www.fortali.com.br/confeitaria?page=109,Revisar embalagem
Fortali Distribuidora,Confeitaria,CX MALETA VISOR CORA AMOR COR 10UN IDEIA,CX MALETA VISOR CORA AMOR COR 10UN IDEIA,31362,,,,,,,Não,109,https://www.fortali.com.br/cx-maleta-visor-cora-amor-cor-10un-ideia-31362-1,2026-08-18 13:06:57,https://www.fortali.com.br/confeitaria?page=109,Revisar embalagem
Fortali Distribuidora,Confeitaria,CAIXA PRACTICE 6DC DIAMANTE 10UN IDEIA,CAIXA PRACTICE 6DC DIAMANTE 10UN IDEIA,31365,,,,,,,Não,110,https://www.fortali.com.br/caixa-practice-6dc-diamante-10un-ideia-31365-1,2026-08-18 13:06:57,https://www.fortali.com.br/confeitaria?page=110,Revisar embalagem
Fortali Distribuidora,Confeitaria,CAIXA PRACTICE 4DC DIAMANTE 10UN IDEIA,CAIXA PRACTICE 4DC DIAMANTE 10UN IDEIA,31366,,,,,,,Não,110,https://www.fortali.com.br/caixa-practice-4dc-diamante-10un-ideia-31366-1,2026-08-18 13:06:57,https://www.fortali.com.br/confeitaria?page=110,Revisar embalagem
Fortali Distribuidora,Confeitaria,CAIXA PRACTICE 6DC QUERO BIS 10UN IDEIA,CAIXA PRACTICE 6DC QUERO BIS 10UN IDEIA,31367,,,,,,,Não,110,https://www.fortali.com.br/caixa-practice-6dc-quero-bis-10un-ideia-31367-1,2026-08-18 13:06:57,https://www.fortali.com.br/confeitaria?page=110,Revisar embalagem
Fortali Distribuidora,Confeitaria,CAIXA PRACTICE 4DC QUERO BIS 10UN IDEIA,CAIXA PRACTICE 4DC QUERO BIS 10UN IDEIA,31368,,,,,,,Não,110,https://www.fortali.com.br/caixa-practice-4dc-quero-bis-10un-ideia-31368-1,2026-08-18 13:06:57,https://www.fortali.com.br/confeitaria?page=110,Revisar embalagem
Fortali Distribuidora,Confeitaria,CAIXA PRACTICE 6DC COM ELA 10UN IDEIA,CAIXA PRACTICE 6DC COM ELA 10UN IDEIA,31369,,,,,,,Não,110,https://www.fortali.com.br/caixa-practice-6dc-com-ela-10un-ideia-31369-1,2026-08-18 13:06:57,https://www.fortali.com.br/confeitaria?page=110,Revisar embalagem
Fortali Distribuidora,Confeitaria,CAIXA PRACTICE 4DC COM ELA 10UN IDEIA,CAIXA PRACTICE 4DC COM ELA 10UN IDEIA,31370,,,,,,,Não,110,https://www.fortali.com.br/caixa-practice-4dc-com-ela-10un-ideia-31370-1,2026-08-18 13:06:57,https://www.fortali.com.br/confeitaria?page=110,Revisar embalagem
Fortali Distribuidora,Confeitaria,CAIXA CARTAO 3DC MOTHERS DAY 10UN IDEIA,CAIXA CARTAO 3DC MOTHERS DAY 10UN IDEIA,31372,,,,,,,Não,110,https://www.fortali.com.br/caixa-cartao-3dc-mothers-day-10un-ideia-31372-1,2026-08-18 13:06:57,https://www.fortali.com.br/confeitaria?page=110,Revisar embalagem
Fortali Distribuidora,Confeitaria,CX PRACTICE 6DC MOTHERS DAY 10UN IDEIA,CX PRACTICE 6DC MOTHERS DAY 10UN IDEIA,31373,,,,,,,Não,110,https://www.fortali.com.br/cx-practice-6dc-mothers-day-10un-ideia-31373-1,2026-08-18 13:06:57,https://www.fortali.com.br/confeitaria?page=110,Revisar embalagem
Fortali Distribuidora,Confeitaria,CAIXA PRACTICE 6DC SWEET LOVE 10UN IDEIA,CAIXA PRACTICE 6DC SWEET LOVE 10UN IDEIA,31375,,,,,,,Não,110,https://www.fortali.com.br/caixa-practice-6dc-sweet-love-10un-ideia-31375-1,2026-08-18 13:06:57,https://www.fortali.com.br/confeitaria?page=110,Revisar embalagem
Fortali Distribuidora,Confeitaria,CAIXA PRACTICE 4DC SWEET LOVE 10UN IDEIA,CAIXA PRACTICE 4DC SWEET LOVE 10UN IDEIA,31376,,,,,,,Não,110,https://www.fortali.com.br/caixa-practice-4dc-sweet-love-10un-ideia-31376-1,2026-08-18 13:06:57,https://www.fortali.com.br/confeitaria?page=110,Revisar embalagem
Fortali Distribuidora,Confeitaria,SACOLA C/ VISOR SWEET LOVE 10UN IDEIA,SACOLA C VISOR SWEET LOVE 10UN IDEIA,31377,,,,,,,Não,110,https://www.fortali.com.br/sacola-c-visor-sweet-love-10un-ideia-31377-1,2026-08-18 13:06:57,https://www.fortali.com.br/confeitaria?page=110,Revisar embalagem
Fortali Distribuidora,Confeitaria,CAIXA LIVRO 4DC SWEET LOVE 10UN IDEIA,CAIXA LIVRO 4DC SWEET LOVE 10UN IDEIA,31381,,,,,,,Não,110,https://www.fortali.com.br/caixa-livro-4dc-sweet-love-10un-ideia-31381-1,2026-08-18 13:06:57,https://www.fortali.com.br/confeitaria?page=110,Revisar embalagem
Fortali Distribuidora,Confeitaria,CAIXA LIVRO 6DC SWEET LOVE 10UN IDEIA,CAIXA LIVRO 6DC SWEET LOVE 10UN IDEIA,31382,,,,,,,Não,110,https://www.fortali.com.br/caixa-livro-6dc-sweet-love-10un-ideia-31382-1,2026-08-18 13:06:57,https://www.fortali.com.br/confeitaria?page=110,Revisar embalagem
Fortali Distribuidora,Confeitaria,SACOLA DE PRESENTE WITH LOVE 5UN IDEIA,SACOLA DE PRESENTE WITH LOVE 5UN IDEIA,31388,,,,,,,Não,110,https://www.fortali.com.br/sacola-de-presente-with-love-5un-ideia-31388-1,2026-08-18 13:06:57,https://www.fortali.com.br/confeitaria?page=110,Revisar embalagem
Fortali Distribuidora,Confeitaria,CESTA WITH LOVE 5UN IDEIA,CESTA WITH LOVE 5UN IDEIA,31390,,,,,,,Não,110,https://www.fortali.com.br/cesta-with-love-5un-ideia-31390-1,2026-08-18 13:06:57,https://www.fortali.com.br/confeitaria?page=110,Revisar embalagem
Fortali Distribuidora,Confeitaria,CX ENVELOPE 6DC WITH LOVE 10UN IDEIA,CX ENVELOPE 6DC WITH LOVE 10UN IDEIA,31391,,,,,,,Não,110,https://www.fortali.com.br/cx-envelope-6dc-with-love-10un-ideia-31391-1,2026-08-18 13:06:57,https://www.fortali.com.br/confeitaria?page=110,Revisar embalagem
Fortali Distribuidora,Confeitaria,CX POP UP C/ VISOR WITH LOVE 10UN IDEIA,CX POP UP C VISOR WITH LOVE 10UN IDEIA,31392,,,,,,,Não,110,https://www.fortali.com.br/cx-pop-up-c-visor-with-love-10un-ideia-31392-1,2026-08-18 13:06:57,https://www.fortali.com.br/confeitaria?page=110,Revisar embalagem
Fortali Distribuidora,Confeitaria,KIT MINI STENCILS JUNINO 4PC,KIT MINI STENCILS JUNINO 4PC,31403,,,,,,,Não,110,https://www.fortali.com.br/kit-mini-stencils-junino-4pc-31403-1,2026-08-18 13:06:57,https://www.fortali.com.br/confeitaria?page=110,Revisar embalagem
Fortali Distribuidora,Confeitaria,FLAKES GANACHE PISTACHE MEC3 250G,FLAKES GANACHE PISTACHE MEC3 250G,31444,250G,250.0,G,250.0,G,,Não,110,https://www.fortali.com.br/flakes-ganache-pistache-mec3-250g-31444-1,2026-08-18 13:06:57,https://www.fortali.com.br/confeitaria?page=110,Pronto para comparar
Fortali Distribuidora,Confeitaria,FLAKES PISTACHE CALIFORNIA MEC3 600G,FLAKES PISTACHE CALIFORNIA MEC3 600G,31445,600G,600.0,G,600.0,G,,Não,110,https://www.fortali.com.br/flakes-pistache-california-mec3-600g-31445-1,2026-08-18 13:06:57,https://www.fortali.com.br/confeitaria?page=110,Pronto para comparar
Fortali Distribuidora,Confeitaria,FLAKES BAUNILHA FRANCESA MEC3 700G,FLAKES BAUNILHA FRANCESA MEC3 700G,31446,700G,700.0,G,700.0,G,,Não,19,https://www.fortali.com.br/flakes-baunilha-francesa-mec3-700g-31446-1,2026-08-18 13:06:57,https://www.fortali.com.br/confeitaria?page=19,Pronto para comparar
Fortali Distribuidora,Confeitaria,CX TAMPA TRANS ESSENCIAL KRAFT 10UN IDEIA,CX TAMPA TRANS ESSENCIAL KRAFT 10UN IDEIA,31479,,,,,,,Não,110,https://www.fortali.com.br/cx-tampa-trans-essencial-kraft-10un-ideia-31479-1,2026-08-18 13:06:57,https://www.fortali.com.br/confeitaria?page=110,Revisar embalagem
Fortali Distribuidora,Confeitaria,CX ALTA C/ MOLDURA 4DC BRANCO 10UN IDEIA,CX ALTA C MOLDURA 4DC BRANCO 10UN IDEIA,31481,,,,,,,Não,110,https://www.fortali.com.br/cx-alta-c-moldura-4dc-branco-10un-ideia-31481-1,2026-08-18 13:06:57,https://www.fortali.com.br/confeitaria?page=110,Revisar embalagem
Fortali Distribuidora,Confeitaria,CX ALTA C/ MOLDURA 6DC BRANCO 10UN IDEIA,CX ALTA C MOLDURA 6DC BRANCO 10UN IDEIA,31482,,,,,,,Não,110,https://www.fortali.com.br/cx-alta-c-moldura-6dc-branco-10un-ideia-31482-1,2026-08-18 13:06:57,https://www.fortali.com.br/confeitaria?page=110,Revisar embalagem
Fortali Distribuidora,Confeitaria,CX ALTA C/ MOLDURA 8DC BRANCO 10UN IDEIA,CX ALTA C MOLDURA 8DC BRANCO 10UN IDEIA,31483,,,,,,,Não,110,https://www.fortali.com.br/cx-alta-c-moldura-8dc-branco-10un-ideia-31483-1,2026-08-18 13:06:57,https://www.fortali.com.br/confeitaria?page=110,Revisar embalagem
Fortali Distribuidora,Confeitaria,CX ALTA C/ MOLDURA 20DC KRAFT 10UN IDEIA,CX ALTA C MOLDURA 20DC KRAFT 10UN IDEIA,31493,,,,,,,Não,111,https://www.fortali.com.br/cx-alta-c-moldura-20dc-kraft-10un-ideia-31493-1,2026-08-18 13:06:57,https://www.fortali.com.br/confeitaria?page=111,Revisar embalagem
Fortali Distribuidora,Confeitaria,"COBERTURA PREMIUM GOTA BRANCO MAVALERIO 1,01KG","COBERTURA PREMIUM GOTA BRANCO MAVALERIO 1,01KG",31498,"1,01KG",1.01,KG,1010.0,G,,Não,111,https://www.fortali.com.br/cobertura-premium-gota-branco-mavalerio-101kg-31498-1,2026-08-18 13:06:57,https://www.fortali.com.br/confeitaria?page=111,Pronto para comparar
Fortali Distribuidora,Confeitaria,"COBERTURA PREMIUM GOTA AO LEITE MAVALERIO 1,01KG","COBERTURA PREMIUM GOTA AO LEITE MAVALERIO 1,01KG",31499,"1,01KG",1.01,KG,1010.0,G,,Não,111,https://www.fortali.com.br/cobertura-premium-gota-ao-leite-mavalerio-101kg-31499-1,2026-08-18 13:06:57,https://www.fortali.com.br/confeitaria?page=111,Pronto para comparar
Fortali Distribuidora,Confeitaria,"COBERTURA PREMIUM GOTA MEIO AMARGO MAVALERIO 1,01KG","COBERTURA PREMIUM GOTA MEIO AMARGO MAVALERIO 1,01KG",31500,"1,01KG",1.01,KG,1010.0,G,,Não,111,https://www.fortali.com.br/cobertura-premium-gota-meio-amargo-mavalerio-101kg-31500-1,2026-08-18 13:06:57,https://www.fortali.com.br/confeitaria?page=111,Pronto para comparar
Fortali Distribuidora,Confeitaria,GANACHE CARAMELO TOFFEE VABENE BALDE 4KG,GANACHE CARAMELO TOFFEE VABENE BALDE 4KG,31515,4KG,4.0,KG,4000.0,G,,Não,17,https://www.fortali.com.br/ganache-caramelo-toffee-vabene-balde-4kg-31515-1,2026-08-18 13:06:57,https://www.fortali.com.br/confeitaria?page=17,Pronto para comparar
Fortali Distribuidora,Confeitaria,"RECH FORN CHOC AVELA CONF POP HARALD 1,01KG","RECH FORN CHOC AVELA CONF POP HARALD 1,01KG",31516,"1,01KG",1.01,KG,1010.0,G,,Não,2,https://www.fortali.com.br/rech-forn-choc-avela-conf-pop-harald-101kg-31516-1,2026-08-18 13:06:57,https://www.fortali.com.br/confeitaria?page=2,Pronto para comparar
Fortali Distribuidora,Confeitaria,DOCE PAST LEITE/CHOC TRIANGULO BLD 10KG,DOCE PAST LEITE CHOC TRIANGULO BLD 10KG,31563,10KG,10.0,KG,10000.0,G,,Não,34,https://www.fortali.com.br/doce-past-leitechoc-triangulo-bld-10kg-31563-1,2026-08-18 13:06:57,https://www.fortali.com.br/confeitaria?page=34,Pronto para comparar
Fortali Distribuidora,Confeitaria,CREME DE AVELA TRIANGULO 3KG,CREME DE AVELA TRIANGULO 3KG,31564,3KG,3.0,KG,3000.0,G,,Não,111,https://www.fortali.com.br/creme-de-avela-triangulo-3kg-31564-1,2026-08-18 13:06:57,https://www.fortali.com.br/confeitaria?page=111,Pronto para comparar
Fortali Distribuidora,Confeitaria,CX PARTY BOX BENTO 12DC PCT 5UN IDEIA,CX PARTY BOX BENTO 12DC PCT 5UN IDEIA,31565,,,,,,,Não,111,https://www.fortali.com.br/cx-party-box-bento-12dc-pct-5un-ideia-31565-1,2026-08-18 13:06:57,https://www.fortali.com.br/confeitaria?page=111,Revisar embalagem
Fortali Distribuidora,Confeitaria,CX PARTY BOX BENTO 16DCS PCT 5UN IDEIA,CX PARTY BOX BENTO 16DCS PCT 5UN IDEIA,31566,,,,,,,Não,111,https://www.fortali.com.br/cx-party-box-bento-16dcs-pct-5un-ideia-31566-1,2026-08-18 13:06:57,https://www.fortali.com.br/confeitaria?page=111,Revisar embalagem
Fortali Distribuidora,Confeitaria,"CHOC SELECAO 63% AMARGO SICAO GTS 1,01KG","CHOC SELECAO 63% AMARGO SICAO GTS 1,01KG",31567,"1,01KG",1.01,KG,1010.0,G,,Não,111,https://www.fortali.com.br/choc-selecao-63-amargo-sicao-gts-1-01kg-31567-1,2026-08-18 13:06:57,https://www.fortali.com.br/confeitaria?page=111,Pronto para comparar
Fortali Distribuidora,Confeitaria,"CHOC SELECAO 52% AMARGO SICAO GTS 1,01KG","CHOC SELECAO 52% AMARGO SICAO GTS 1,01KG",31568,"1,01KG",1.01,KG,1010.0,G,,Não,16,https://www.fortali.com.br/choc-selecao-52-amargo-sicao-gts-1-01kg-31568-1,2026-08-18 13:06:57,https://www.fortali.com.br/confeitaria?page=16,Pronto para comparar
Fortali Distribuidora,Confeitaria,CHOC EM PO 70% SICAO 500G,CHOC EM PO 70% SICAO 500G,31570,500G,500.0,G,500.0,G,,Não,29,https://www.fortali.com.br/choc-em-po-70-sicao-500g-31570-1,2026-08-18 13:06:57,https://www.fortali.com.br/confeitaria?page=29,Pronto para comparar
Fortali Distribuidora,Confeitaria,CACAU EM PO VERMELHO 100% SICAO 500G,CACAU EM PO VERMELHO 100% SICAO 500G,31571,500G,500.0,G,500.0,G,,Não,31,https://www.fortali.com.br/cacau-em-po-vermelho-100-sicao-500g-31571-1,2026-08-18 13:06:57,https://www.fortali.com.br/confeitaria?page=31,Pronto para comparar
Fortali Distribuidora,Confeitaria,SICAO CACAU EM PO PRETO 100% 500G,SICAO CACAU EM PO PRETO 100% 500G,31572,500G,500.0,G,500.0,G,,Não,33,https://www.fortali.com.br/sicao-cacau-em-po-preto-100-500g-31572-1,2026-08-18 13:06:57,https://www.fortali.com.br/confeitaria?page=33,Pronto para comparar
Fortali Distribuidora,Confeitaria,CREME DE AVELA CRUNCH MASTER MARTINI BLD 3KG,CREME DE AVELA CRUNCH MASTER MARTINI BLD 3KG,31575,3KG,3.0,KG,3000.0,G,,Não,19,https://www.fortali.com.br/creme-de-avela-crunch-master-martini-bld-3kg-31575-1,2026-08-18 13:06:57,https://www.fortali.com.br/confeitaria?page=19,Pronto para comparar
Fortali Distribuidora,Confeitaria,CREME CARAVELLA CARAMELLO BLD 3 KG,CREME CARAVELLA CARAMELLO BLD 3 KG,31576,3KG,3.0,KG,3000.0,G,,Não,111,https://www.fortali.com.br/creme-caravella-caramello-bld-3-kg-31576-1,2026-08-18 13:06:57,https://www.fortali.com.br/confeitaria?page=111,Pronto para comparar
Fortali Distribuidora,Confeitaria,CREME CARAVELLA GRAN PISTACCHIO BLD 3 KG,CREME CARAVELLA GRAN PISTACCHIO BLD 3 KG,31577,3KG,3.0,KG,3000.0,G,,Não,8,https://www.fortali.com.br/creme-caravella-gran-pistacchio-bld-3-kg-31577-1,2026-08-18 13:06:57,https://www.fortali.com.br/confeitaria?page=8,Pronto para comparar
Fortali Distribuidora,Confeitaria,"CREME DE CACAU COM AVELA CARIBE 1,01KG","CREME DE CACAU COM AVELA CARIBE 1,01KG",31579,"1,01KG",1.01,KG,1010.0,G,,Não,10,https://www.fortali.com.br/creme-de-cacau-com-avela-caribe-101kg-31579-1,2026-08-18 13:06:57,https://www.fortali.com.br/confeitaria?page=10,Pronto para comparar
Fortali Distribuidora,Confeitaria,CREME CARIBE BUENO BISNAGA 1.01KG,CREME CARIBE BUENO BISNAGA 1.01KG,31580,1.01KG,1.01,KG,1010.0,G,,Não,5,https://www.fortali.com.br/creme-caribe-bueno-bisnaga-1-01kg-31580-1,2026-08-18 13:06:57,https://www.fortali.com.br/confeitaria?page=5,Pronto para comparar
Fortali Distribuidora,Confeitaria,CREME CARIBE LEITINHO BISNAGA 1.01KG,CREME CARIBE LEITINHO BISNAGA 1.01KG,31583,1.01KG,1.01,KG,1010.0,G,,Não,32,https://www.fortali.com.br/creme-caribe-leitinho-bisnaga-101kg-31583-1,2026-08-18 13:06:57,https://www.fortali.com.br/confeitaria?page=32,Pronto para comparar
Fortali Distribuidora,Confeitaria,CREME CARIBE DE AVELA BLD 3KG,CREME CARIBE DE AVELA BLD 3KG,31584,3KG,3.0,KG,3000.0,G,,Não,9,https://www.fortali.com.br/creme-caribe-de-avela-bld-3kg-31584-1,2026-08-18 13:06:57,https://www.fortali.com.br/confeitaria?page=9,Pronto para comparar
Fortali Distribuidora,Confeitaria,"CREME CARAVELLA GRAN NOCCIOOLA 1,010KG","CREME CARAVELLA GRAN NOCCIOOLA 1,010KG",31585,"1,010KG",1.01,KG,1010.0,G,,Não,111,https://www.fortali.com.br/creme-caravella-gran-noccioola-1010kg-31585-1,2026-08-18 13:06:57,https://www.fortali.com.br/confeitaria?page=111,Pronto para comparar
Fortali Distribuidora,Confeitaria,CREME CARAVELLA GRAN NOCCIOOLA 3KG,CREME CARAVELLA GRAN NOCCIOOLA 3KG,31616,3KG,3.0,KG,3000.0,G,,Não,14,https://www.fortali.com.br/creme-caravella-gran-noccioola-3kg-31616-1,2026-08-18 13:06:57,https://www.fortali.com.br/confeitaria?page=14,Pronto para comparar
Fortali Distribuidora,Confeitaria,GRANULADO BRANCO LEKE 1KG,GRANULADO BRANCO LEKE 1KG,31654,1KG,1.0,KG,1000.0,G,,Não,33,https://www.fortali.com.br/granulado-branco-leke-1kg-31654-1,2026-08-18 13:06:57,https://www.fortali.com.br/confeitaria?page=33,Pronto para comparar
Fortali Distribuidora,Confeitaria,GRANULADO COLORIDO LEKE 1KG,GRANULADO COLORIDO LEKE 1KG,31655,1KG,1.0,KG,1000.0,G,,Não,10,https://www.fortali.com.br/granulado-colorido-leke-1kg-31655-1,2026-08-18 13:06:57,https://www.fortali.com.br/confeitaria?page=10,Pronto para comparar
Fortali Distribuidora,Confeitaria,GRANULADO ESCURO LEKE 1KG,GRANULADO ESCURO LEKE 1KG,31656,1KG,1.0,KG,1000.0,G,,Não,13,https://www.fortali.com.br/granulado-escuro-leke-1kg-31656-1,2026-08-18 13:06:57,https://www.fortali.com.br/confeitaria?page=13,Pronto para comparar
Fortali Distribuidora,Confeitaria,"RECH FORN DOCE DE LEITE MIX 1,010KG","RECH FORN DOCE DE LEITE MIX 1,010KG",31659,"1,010KG",1.01,KG,1010.0,G,,Não,111,https://www.fortali.com.br/rech-forn-doce-de-leite-mix-1010kg-31659-1,2026-08-18 13:06:57,https://www.fortali.com.br/confeitaria?page=111,Pronto para comparar
Fortali Distribuidora,Confeitaria,"RECH FORN GOIABA MIX 1,010KG","RECH FORN GOIABA MIX 1,010KG",31660,"1,010KG",1.01,KG,1010.0,G,,Não,111,https://www.fortali.com.br/rech-forn-goiaba-mix-1010kg-31660-1,2026-08-18 13:06:57,https://www.fortali.com.br/confeitaria?page=111,Pronto para comparar
Fortali Distribuidora,Confeitaria,"RECH FORN PACOCA MIX 1,010KG","RECH FORN PACOCA MIX 1,010KG",31661,"1,010KG",1.01,KG,1010.0,G,,Não,111,https://www.fortali.com.br/rech-forn-pacoca-mix-1010kg-31661-1,2026-08-18 13:06:57,https://www.fortali.com.br/confeitaria?page=111,Pronto para comparar
Fortali Distribuidora,Confeitaria,"RECH FORN FRUTAS VERMELHAS MIX 1,010KG","RECH FORN FRUTAS VERMELHAS MIX 1,010KG",31662,"1,010KG",1.01,KG,1010.0,G,,Não,111,https://www.fortali.com.br/rech-forn-frutas-vermelhas-mix-1010kg-31662-1,2026-08-18 13:06:57,https://www.fortali.com.br/confeitaria?page=111,Pronto para comparar
Fortali Distribuidora,Confeitaria,"RECH FORN LEITINHO MIX 1,010KG","RECH FORN LEITINHO MIX 1,010KG",31663,"1,010KG",1.01,KG,1010.0,G,,Não,111,https://www.fortali.com.br/rech-forn-leitinho-mix-1010kg-31663-1,2026-08-18 13:06:57,https://www.fortali.com.br/confeitaria?page=111,Pronto para comparar
Fortali Distribuidora,Confeitaria,"RECH FORN CHOCOLATE AO LEITE MIX 1,010KG","RECH FORN CHOCOLATE AO LEITE MIX 1,010KG",31664,"1,010KG",1.01,KG,1010.0,G,,Não,111,https://www.fortali.com.br/rech-forn-chocolate-ao-leite-mix-1010kg-31664-1,2026-08-18 13:06:57,https://www.fortali.com.br/confeitaria?page=111,Pronto para comparar
Fortali Distribuidora,Confeitaria,"RECH FORN CHOCOLATE BRANCO MIX  1,010KG","RECH FORN CHOCOLATE BRANCO MIX 1,010KG",31665,"1,010KG",1.01,KG,1010.0,G,,Não,111,https://www.fortali.com.br/rech-forn-chocolate-branco-mix--1010kg-31665-1,2026-08-18 13:06:57,https://www.fortali.com.br/confeitaria?page=111,Pronto para comparar
Fortali Distribuidora,Confeitaria,"RECH FORN CHOCOLATE C/ AVELA MIX 1,010K","RECH FORN CHOCOLATE C AVELA MIX 1,010K",31666,,,,,,,Não,111,https://www.fortali.com.br/rech-forn-chocolate-c-avela-mix-1010k-31666-1,2026-08-18 13:06:57,https://www.fortali.com.br/confeitaria?page=111,Revisar embalagem
Fortali Distribuidora,Confeitaria,"RECH FORN CHOC MEIO AMARGO MIX 1,01KG","RECH FORN CHOC MEIO AMARGO MIX 1,01KG",31667,"1,01KG",1.01,KG,1010.0,G,,Não,111,https://www.fortali.com.br/rech-forn-choc-meio-amargo-mix-101kg-31667-1,2026-08-18 13:06:57,https://www.fortali.com.br/confeitaria?page=111,Pronto para comparar
Fortali Distribuidora,Confeitaria,DOCE DE LEITE MUMU 350G,DOCE DE LEITE MUMU 350G,31672,350G,350.0,G,350.0,G,,Não,31,https://www.fortali.com.br/doce-de-leite-mumu-350g-31672-1,2026-08-18 13:06:57,https://www.fortali.com.br/confeitaria?page=31,Pronto para comparar
Fortali Distribuidora,Confeitaria,DOCE DE LEITE MUMU CHOCOLATE 350G,DOCE DE LEITE MUMU CHOCOLATE 350G,31673,350G,350.0,G,350.0,G,,Não,15,https://www.fortali.com.br/doce-de-leite-mumu-chocolate-350g-31673-1,2026-08-18 13:06:57,https://www.fortali.com.br/confeitaria?page=15,Pronto para comparar
Fortali Distribuidora,Confeitaria,"DOCE DE  LEITE PARA CONFEITARIA PURO MU-MU 4,75KG","DOCE DE LEITE PARA CONFEITARIA PURO MU MU 4,75KG",31674,"4,75KG",4.75,KG,4750.0,G,,Não,30,https://www.fortali.com.br/doce-de--leite-para-confeitaria-puro-mumu-475kg-31674-1,2026-08-18 13:06:57,https://www.fortali.com.br/confeitaria?page=30,Pronto para comparar
Fortali Distribuidora,Confeitaria,"BOMBOM BOLA PRETO CONF NEUGEBAUER 2,02KG","BOMBOM BOLA PRETO CONF NEUGEBAUER 2,02KG",31676,"2,02KG",2.02,KG,2020.0,G,,Não,111,https://www.fortali.com.br/bombom-bola-preto-conf-neugebauer-202kg-31676-1,2026-08-18 13:06:57,https://www.fortali.com.br/confeitaria?page=111,Pronto para comparar
Fortali Distribuidora,Confeitaria,"BOMBOM BOL BCO CONF NEUGEBAUER 2,02KG","BOMBOM BOL BCO CONF NEUGEBAUER 2,02KG",31677,"2,02KG",2.02,KG,2020.0,G,,Não,111,https://www.fortali.com.br/bombom-bol-bco-conf-neugebauer-202kg-31677-1,2026-08-18 13:06:57,https://www.fortali.com.br/confeitaria?page=111,Pronto para comparar
Fortali Distribuidora,Confeitaria,KIT MINI STENCILS PARABENS BLUE 4PCT,KIT MINI STENCILS PARABENS BLUE 4PCT,31679,,,,,,,Não,111,https://www.fortali.com.br/kit-mini-stencils-parabens-blue-4pct-31679-1,2026-08-18 13:06:57,https://www.fortali.com.br/confeitaria?page=111,Revisar embalagem
Fortali Distribuidora,Confeitaria,KIT CARIMBOS PARABENS AMARELO 2CM BLUE 7PCT,KIT CARIMBOS PARABENS AMARELO 2CM BLUE 7PCT,31681,,,,,,,Não,111,https://www.fortali.com.br/kit-carimbos-parabens-amarelo-2cm-blue-7pct-31681-1,2026-08-18 13:06:57,https://www.fortali.com.br/confeitaria?page=111,Revisar embalagem
Fortali Distribuidora,Confeitaria,KIT CARIMBOS PARABENS ROSA BEBE 2CM BLUE 7PCT,KIT CARIMBOS PARABENS ROSA BEBE 2CM BLUE 7PCT,31682,,,,,,,Não,111,https://www.fortali.com.br/kit-carimbos-parabens-rosa-bebe-2cm-blue-7pct-31682-1,2026-08-18 13:06:57,https://www.fortali.com.br/confeitaria?page=111,Revisar embalagem
Fortali Distribuidora,Confeitaria,KIT CARIMBOS EMOCOES AMARELO 2CM BLUE 7PCT,KIT CARIMBOS EMOCOES AMARELO 2CM BLUE 7PCT,31683,,,,,,,Não,112,https://www.fortali.com.br/kit-carimbos-emocoes-amarelo-2cm-blue-7pct-31683-1,2026-08-18 13:06:57,https://www.fortali.com.br/confeitaria?page=112,Revisar embalagem
Fortali Distribuidora,Confeitaria,KIT CARIMBOS EMOCOES ROSA BEBE 2CM BLUE 7PCT,KIT CARIMBOS EMOCOES ROSA BEBE 2CM BLUE 7PCT,31684,,,,,,,Não,112,https://www.fortali.com.br/kit-carimbos-emocoes-rosa-bebe-2cm-blue-7pct-31684-1,2026-08-18 13:06:57,https://www.fortali.com.br/confeitaria?page=112,Revisar embalagem
Fortali Distribuidora,Confeitaria,STICKER BOLO DE POTE  PCT C/ 50 ETIQ,STICKER BOLO DE POTE PCT C 50 ETIQ,31694,,,,,,,Não,112,https://www.fortali.com.br/sticker-bolo-de-pote-pct-c-50-etiq-31694-1,2026-08-18 13:06:57,https://www.fortali.com.br/confeitaria?page=112,Revisar embalagem
Fortali Distribuidora,Confeitaria,CHOCOLATE LACTA AO LEITE 34G,CHOCOLATE LACTA AO LEITE 34G,31798,34G,34.0,G,34.0,G,,Não,112,https://www.fortali.com.br/chocolate-lacta-ao-leite-34g-31798-1,2026-08-18 13:06:57,https://www.fortali.com.br/confeitaria?page=112,Pronto para comparar
Fortali Distribuidora,Confeitaria,CHOCOLATE BRANCO LACTA LAKA  34G,CHOCOLATE BRANCO LACTA LAKA 34G,31799,34G,34.0,G,34.0,G,,Não,112,https://www.fortali.com.br/chocolate-branco-lacta-laka--34g-31799-1,2026-08-18 13:06:57,https://www.fortali.com.br/confeitaria?page=112,Pronto para comparar
Fortali Distribuidora,Confeitaria,CHOCOLATE AO LEITE LACTA DIAMANTE NEGRO 34G,CHOCOLATE AO LEITE LACTA DIAMANTE NEGRO 34G,31800,34G,34.0,G,34.0,G,,Não,112,https://www.fortali.com.br/chocolate-ao-leite-lacta-diamante-negro-34g-31800-1,2026-08-18 13:06:57,https://www.fortali.com.br/confeitaria?page=112,Pronto para comparar
Fortali Distribuidora,Confeitaria,GELATINA DE ABACAXI QUALIMAX 1KG,GELATINA DE ABACAXI QUALIMAX 1KG,31819,1KG,1.0,KG,1000.0,G,,Não,112,https://www.fortali.com.br/gelatina-de-abacaxi-qualimax-1kg-31819-1,2026-08-18 13:06:57,https://www.fortali.com.br/confeitaria?page=112,Pronto para comparar
Fortali Distribuidora,Confeitaria,GELATINA DE CEREJA QUALIMAX 1KG,GELATINA DE CEREJA QUALIMAX 1KG,31820,1KG,1.0,KG,1000.0,G,,Não,112,https://www.fortali.com.br/gelatina-de-cereja-qualimax-1kg-31820-1,2026-08-18 13:06:57,https://www.fortali.com.br/confeitaria?page=112,Pronto para comparar
Fortali Distribuidora,Confeitaria,GELATINA DE FRAMBOESA QUALIMAX 1KG,GELATINA DE FRAMBOESA QUALIMAX 1KG,31821,1KG,1.0,KG,1000.0,G,,Não,112,https://www.fortali.com.br/gelatina-de-framboesa-qualimax-1kg-31821-1,2026-08-18 13:06:57,https://www.fortali.com.br/confeitaria?page=112,Pronto para comparar
Fortali Distribuidora,Confeitaria,GELATINA DE LIMAO QUALIMAX 1KG,GELATINA DE LIMAO QUALIMAX 1KG,31822,1KG,1.0,KG,1000.0,G,,Não,112,https://www.fortali.com.br/gelatina-de-limao-qualimax-1kg-31822-1,2026-08-18 13:06:57,https://www.fortali.com.br/confeitaria?page=112,Pronto para comparar
Fortali Distribuidora,Confeitaria,GELATINA DE MORANGO QUALIMAX 1KG,GELATINA DE MORANGO QUALIMAX 1KG,31823,1KG,1.0,KG,1000.0,G,,Não,112,https://www.fortali.com.br/gelatina-de-morango-qualimax-1kg-31823-1,2026-08-18 13:06:57,https://www.fortali.com.br/confeitaria?page=112,Pronto para comparar
Fortali Distribuidora,Confeitaria,GELATINA DE UVA QUALIMAX 1KG,GELATINA DE UVA QUALIMAX 1KG,31824,1KG,1.0,KG,1000.0,G,,Não,15,https://www.fortali.com.br/gelatina-de-uva-qualimax-1kg-31824-1,2026-08-18 13:06:57,https://www.fortali.com.br/confeitaria?page=15,Pronto para comparar
Fortali Distribuidora,Confeitaria,GRANULE CARAMELO MELKEN HARALD 400G,GRANULE CARAMELO MELKEN HARALD 400G,31844,400G,400.0,G,400.0,G,,Não,30,https://www.fortali.com.br/granule-caramelo-melken-harald-400g-31844-1,2026-08-18 13:06:57,https://www.fortali.com.br/confeitaria?page=30,Pronto para comparar
Fortali Distribuidora,Confeitaria,"RECH FORN CHOC BRANCO CONF POP HARALD  1,01KG","RECH FORN CHOC BRANCO CONF POP HARALD 1,01KG",31845,"1,01KG",1.01,KG,1010.0,G,,Não,29,https://www.fortali.com.br/rech-forn-choc-branco-conf-pop-harald--101kg-31845-1,2026-08-18 13:06:57,https://www.fortali.com.br/confeitaria?page=29,Pronto para comparar
Fortali Distribuidora,Confeitaria,"RECH MORANGO CONF HARALD 2,35KG","RECH MORANGO CONF HARALD 2,35KG",31846,"2,35KG",2.35,KG,2350.0,G,,Não,112,https://www.fortali.com.br/rech-morango-conf-harald-235kg-31846-1,2026-08-18 13:06:57,https://www.fortali.com.br/confeitaria?page=112,Pronto para comparar
Fortali Distribuidora,Confeitaria,"RECH MARACUJA CONF HARALD 2,35KG","RECH MARACUJA CONF HARALD 2,35KG",31847,"2,35KG",2.35,KG,2350.0,G,,Não,112,https://www.fortali.com.br/rech-maracuja-conf-harald-235kg-31847-1,2026-08-18 13:06:57,https://www.fortali.com.br/confeitaria?page=112,Pronto para comparar
Fortali Distribuidora,Confeitaria,"RECH CHOC AO LEITE CONF HARALD 2,3KG","RECH CHOC AO LEITE CONF HARALD 2,3KG",31848,"2,3KG",2.3,KG,2300.0,G,,Não,112,https://www.fortali.com.br/rech-choc-ao-leite-conf-harald-23kg-31848-1,2026-08-18 13:06:57,https://www.fortali.com.br/confeitaria?page=112,Pronto para comparar
Fortali Distribuidora,Confeitaria,CORANTE LIPOSSOLUVEL AMARELO SUGAR ART 20G,CORANTE LIPOSSOLUVEL AMARELO SUGAR ART 20G,31980,20G,20.0,G,20.0,G,,Não,112,https://www.fortali.com.br/corante-lipossoluvel-amarelo-sugar-art-20g-31980-1,2026-08-18 13:06:57,https://www.fortali.com.br/confeitaria?page=112,Pronto para comparar
Fortali Distribuidora,Confeitaria,CORANTE LIPOSSOLUVEL VERDE SUGAR ART 20G,CORANTE LIPOSSOLUVEL VERDE SUGAR ART 20G,31981,20G,20.0,G,20.0,G,,Não,112,https://www.fortali.com.br/corante-lipossoluvel-verde-sugar-art-20g-31981-1,2026-08-18 13:06:57,https://www.fortali.com.br/confeitaria?page=112,Pronto para comparar
Fortali Distribuidora,Confeitaria,CORANTE LIPOSSOLUVEL MAGENTA SUGAR ART 20G,CORANTE LIPOSSOLUVEL MAGENTA SUGAR ART 20G,31982,20G,20.0,G,20.0,G,,Não,112,https://www.fortali.com.br/corante-lipossoluvel-magenta-sugar-art-20g-31982-1,2026-08-18 13:06:57,https://www.fortali.com.br/confeitaria?page=112,Pronto para comparar
Fortali Distribuidora,Confeitaria,CREME PISTACCHIO FOODBASE 3KG,CREME PISTACCHIO FOODBASE 3KG,32005,3KG,3.0,KG,3000.0,G,,Não,112,https://www.fortali.com.br/creme-pistacchio-foodbase-3kg-32005-1,2026-08-18 13:06:57,https://www.fortali.com.br/confeitaria?page=112,Pronto para comparar
Fortali Distribuidora,Confeitaria,BRIGADEIRO DE PISTACHE FOODBASE 3KG,BRIGADEIRO DE PISTACHE FOODBASE 3KG,32006,3KG,3.0,KG,3000.0,G,,Não,112,https://www.fortali.com.br/brigadeiro-de-pistache-foodbase-3kg-32006-1,2026-08-18 13:06:57,https://www.fortali.com.br/confeitaria?page=112,Pronto para comparar
Fortali Distribuidora,Confeitaria,GANACHE DE MORANGO COM SEMENTE FOODBASE 4KG,GANACHE DE MORANGO COM SEMENTE FOODBASE 4KG,32007,4KG,4.0,KG,4000.0,G,,Não,112,https://www.fortali.com.br/ganache-de-morango-com-semente-foodbase-4kg-32007-1,2026-08-18 13:06:57,https://www.fortali.com.br/confeitaria?page=112,Pronto para comparar
Fortali Distribuidora,Confeitaria,CHANTILLY CREAMY CHAMPION CONGELADO HULALA 1KG,CHANTILLY CREAMY CHAMPION CONGELADO HULALA 1KG,32008,1KG,1.0,KG,1000.0,G,,Não,112,https://www.fortali.com.br/chantilly-creamy-champion-congelado-hulala-1kg-32008-1,2026-08-18 13:06:57,https://www.fortali.com.br/confeitaria?page=112,Pronto para comparar
Fortali Distribuidora,Confeitaria,CHANTILLY CREAMY ROYAL CONG HULALA 1KG,CHANTILLY CREAMY ROYAL CONG HULALA 1KG,32009,1KG,1.0,KG,1000.0,G,,Não,112,https://www.fortali.com.br/chantilly-creamy-royal-cong-hulala-1kg-32009-1,2026-08-18 13:06:57,https://www.fortali.com.br/confeitaria?page=112,Pronto para comparar
Fortali Distribuidora,Confeitaria,CHANTILLY CREAMY GOLD CONG HULALA 1KG,CHANTILLY CREAMY GOLD CONG HULALA 1KG,32010,1KG,1.0,KG,1000.0,G,,Não,112,https://www.fortali.com.br/chantilly-creamy-gold-cong-hulala-1kg-32010-1,2026-08-18 13:06:57,https://www.fortali.com.br/confeitaria?page=112,Pronto para comparar
Fortali Distribuidora,Confeitaria,CREME DE AVELA CHOCONUTTE MESCLA FOODBASE 4KG,CREME DE AVELA CHOCONUTTE MESCLA FOODBASE 4KG,32011,4KG,4.0,KG,4000.0,G,,Não,112,https://www.fortali.com.br/creme-de-avela-choconutte-mescla-foodbase-4kg-32011-1,2026-08-18 13:06:57,https://www.fortali.com.br/confeitaria?page=112,Pronto para comparar
Fortali Distribuidora,Confeitaria,KIT CARIMBOS FORMATURA AMARELO 2CM 7PC BLUESTAR,KIT CARIMBOS FORMATURA AMARELO 2CM 7PC BLUESTAR,32015,,,,,,,Não,113,https://www.fortali.com.br/kit-carimbos-formatura-amarelo-2cm-7pc-bluestar-32015-1,2026-08-18 13:06:57,https://www.fortali.com.br/confeitaria?page=113,Revisar embalagem
Fortali Distribuidora,Confeitaria,KIT CARIMBOS FORMATURA ROSA BEBE 2CM 7PC BLUESTAR,KIT CARIMBOS FORMATURA ROSA BEBE 2CM 7PC BLUESTAR,32017,,,,,,,Não,113,https://www.fortali.com.br/kit-carimbos-formatura-rosa-bebe-2cm-7pc-bluestar-32017-1,2026-08-18 13:06:57,https://www.fortali.com.br/confeitaria?page=113,Revisar embalagem
Fortali Distribuidora,Confeitaria,CALDA EM BISNAGA MORANGO MARVI 1KG,CALDA EM BISNAGA MORANGO MARVI 1KG,32114,1KG,1.0,KG,1000.0,G,,Não,113,https://www.fortali.com.br/calda-em-bisnaga-morango-marvi-1kg-32114-1,2026-08-18 13:06:57,https://www.fortali.com.br/confeitaria?page=113,Pronto para comparar
Fortali Distribuidora,Confeitaria,CALDA EM BISNAGA ABACAXI MARVI 1KG,CALDA EM BISNAGA ABACAXI MARVI 1KG,32115,1KG,1.0,KG,1000.0,G,,Não,113,https://www.fortali.com.br/calda-em-bisnaga-abacaxi-marvi-1kg-32115-1,2026-08-18 13:06:57,https://www.fortali.com.br/confeitaria?page=113,Pronto para comparar
Fortali Distribuidora,Confeitaria,CALDA EM BISNAGA FRUTAS VERMELHAS MARVI 1KG,CALDA EM BISNAGA FRUTAS VERMELHAS MARVI 1KG,32117,1KG,1.0,KG,1000.0,G,,Não,25,https://www.fortali.com.br/calda-em-bisnaga-frutas-vermelhas-marvi-1kg-32117-1,2026-08-18 13:06:57,https://www.fortali.com.br/confeitaria?page=25,Pronto para comparar
Fortali Distribuidora,Confeitaria,"RECHEIO EM BISNAGA CHOCOLATE MARVI 1,01KG","RECHEIO EM BISNAGA CHOCOLATE MARVI 1,01KG",32120,"1,01KG",1.01,KG,1010.0,G,,Não,113,https://www.fortali.com.br/recheio-em-bisnaga-chocolate-marvi-101kg-32120-1,2026-08-18 13:06:57,https://www.fortali.com.br/confeitaria?page=113,Pronto para comparar
Fortali Distribuidora,Confeitaria,"RECHEIO BISNAGA CHOCOLATE C/AVELA MARVI 1,01KG","RECHEIO BISNAGA CHOCOLATE C AVELA MARVI 1,01KG",32121,"1,01KG",1.01,KG,1010.0,G,,Não,113,https://www.fortali.com.br/recheio-bisnaga-chocolate-cavela-marvi-101kg-32121-1,2026-08-18 13:06:57,https://www.fortali.com.br/confeitaria?page=113,Pronto para comparar
Fortali Distribuidora,Confeitaria,"RECHEIO BISNAGA CHOCOLATE MEIO AMARGO MARVI 1,01KG","RECHEIO BISNAGA CHOCOLATE MEIO AMARGO MARVI 1,01KG",32122,"1,01KG",1.01,KG,1010.0,G,,Não,113,https://www.fortali.com.br/recheio-bisnaga-chocolate-meio-amargo-marvi-101kg-32122-1,2026-08-18 13:06:57,https://www.fortali.com.br/confeitaria?page=113,Pronto para comparar
Fortali Distribuidora,Confeitaria,PASTA GUSTOSIA SABOR PIPOCA DOCE 90G,PASTA GUSTOSIA SABOR PIPOCA DOCE 90G,32123,90G,90.0,G,90.0,G,,Não,113,https://www.fortali.com.br/pasta-gustosia-sabor-pipoca-doce-90g-32123-1,2026-08-18 13:06:57,https://www.fortali.com.br/confeitaria?page=113,Pronto para comparar
Fortali Distribuidora,Confeitaria,PASTA SABORIZANTE CONCENTRADA PISTACHE 90G,PASTA SABORIZANTE CONCENTRADA PISTACHE 90G,32124,90G,90.0,G,90.0,G,,Não,113,https://www.fortali.com.br/pasta-saborizante-concentrada-pistache-90g-32124-1,2026-08-18 13:06:57,https://www.fortali.com.br/confeitaria?page=113,Pronto para comparar
Fortali Distribuidora,Confeitaria,ACHOCOLATADO INST EM PO ITALAC 700G,ACHOCOLATADO INST EM PO ITALAC 700G,32125,700G,700.0,G,700.0,G,,Não,113,https://www.fortali.com.br/achocolatado-inst-em-po-italac-700g-32125-1,2026-08-18 13:06:57,https://www.fortali.com.br/confeitaria?page=113,Pronto para comparar
Fortali Distribuidora,Confeitaria,CHOCOLATE EM PO SOLUVEL 50% ITALAC 1 KG,CHOCOLATE EM PO SOLUVEL 50% ITALAC 1 KG,32128,1KG,1.0,KG,1000.0,G,,Não,113,https://www.fortali.com.br/chocolate-em-po-soluvel-50-italac-1-kg-32128-1,2026-08-18 13:06:57,https://www.fortali.com.br/confeitaria?page=113,Pronto para comparar
Fortali Distribuidora,Confeitaria,"COB INOVARE AO LEITE HARALD BARRA 2,1KG","COB INOVARE AO LEITE HARALD BARRA 2,1KG",32162,"2,1KG",2.1,KG,2100.0,G,,Não,25,https://www.fortali.com.br/cob-inovare-ao-leite-harald-barra-21kg-32162-1,2026-08-18 13:06:57,https://www.fortali.com.br/confeitaria?page=25,Pronto para comparar
Fortali Distribuidora,Confeitaria,"CREME CARAVELLA GRAN PISTACCHIO BISNAGA 1,01KG","CREME CARAVELLA GRAN PISTACCHIO BISNAGA 1,01KG",32178,"1,01KG",1.01,KG,1010.0,G,,Não,7,https://www.fortali.com.br/creme-caravella-gran-pistacchio-bisnaga-101kg-32178-1,2026-08-18 13:06:57,https://www.fortali.com.br/confeitaria?page=7,Pronto para comparar
Fortali Distribuidora,Confeitaria,KIT CARIMBOS URSINHOS AMARELO 2CM 7PC BLUE,KIT CARIMBOS URSINHOS AMARELO 2CM 7PC BLUE,32236,,,,,,,Não,113,https://www.fortali.com.br/kit-carimbos-ursinhos-amarelo-2cm-7pc-blue-32236-1,2026-08-18 13:06:57,https://www.fortali.com.br/confeitaria?page=113,Revisar embalagem
Fortali Distribuidora,Confeitaria,KIT EJETOR MAX NATAL DOCE 5PC BLUE,KIT EJETOR MAX NATAL DOCE 5PC BLUE,32238,,,,,,,Não,113,https://www.fortali.com.br/kit-ejetor-max-natal-doce-5pc-blue-32238-1,2026-08-18 13:06:57,https://www.fortali.com.br/confeitaria?page=113,Revisar embalagem
Fortali Distribuidora,Confeitaria,FORMA MULTIUSO VULCAO 150ML 20PC BLUE,FORMA MULTIUSO VULCAO 150ML 20PC BLUE,32264,150ML,150.0,ML,150.0,ML,,Não,113,https://www.fortali.com.br/forma-multiuso-vulcao-150ml-20pc-blue-32264-1,2026-08-18 13:06:57,https://www.fortali.com.br/confeitaria?page=113,Pronto para comparar
Fortali Distribuidora,Confeitaria,FORMA MULTIUSO MARGARIDA 150ML 20PC BLUE,FORMA MULTIUSO MARGARIDA 150ML 20PC BLUE,32265,150ML,150.0,ML,150.0,ML,,Não,113,https://www.fortali.com.br/forma-multiuso-margarida-150ml-20pc-blue-32265-1,2026-08-18 13:06:57,https://www.fortali.com.br/confeitaria?page=113,Pronto para comparar
Fortali Distribuidora,Confeitaria,KIT EJETOR MAX ARABESCOS 5PC BLUE,KIT EJETOR MAX ARABESCOS 5PC BLUE,32318,,,,,,,Não,113,https://www.fortali.com.br/kit-ejetor-max-arabescos-5pc-blue-32318-1,2026-08-18 13:06:57,https://www.fortali.com.br/confeitaria?page=113,Revisar embalagem
Fortali Distribuidora,Confeitaria,"GANACH MORANGO C/SEMENTE FOODBASE BD 1,05KG","GANACH MORANGO C SEMENTE FOODBASE BD 1,05KG",32332,"1,05KG",1.05,KG,1050.0,G,,Não,113,https://www.fortali.com.br/ganach-morango-csemente-foodbase-bd-105kg-32332-1,2026-08-18 13:06:57,https://www.fortali.com.br/confeitaria?page=113,Pronto para comparar
Fortali Distribuidora,Confeitaria,KIT CARIMBOS FRASES MIMOS ROSA BEBE 5PC,KIT CARIMBOS FRASES MIMOS ROSA BEBE 5PC,32365,,,,,,,Não,113,https://www.fortali.com.br/kit-carimbos-frases-mimos-rosa-bebe-5pc-32365-1,2026-08-18 13:06:57,https://www.fortali.com.br/confeitaria?page=113,Revisar embalagem
Fortali Distribuidora,Confeitaria,"FORMA MULTIUSO FLOR 1,1L 10PC BLUE","FORMA MULTIUSO FLOR 1,1L 10PC BLUE",32417,"1,1L",1.1,L,1100.0,ML,,Não,113,https://www.fortali.com.br/forma-multiuso-flor-11l-10pc-blue-32417-1,2026-08-18 13:06:57,https://www.fortali.com.br/confeitaria?page=113,Pronto para comparar
Fortali Distribuidora,Confeitaria,"CREME CROCANTE OVOMALTINE 2,1KG","CREME CROCANTE OVOMALTINE 2,1KG",32418,"2,1KG",2.1,KG,2100.0,G,,Não,6,https://www.fortali.com.br/creme-crocante-ovomaltine-21kg-32418-1,2026-08-18 13:06:57,https://www.fortali.com.br/confeitaria?page=6,Pronto para comparar
Fortali Distribuidora,Confeitaria,CREME CROCANTE OVOMALTINE POTE 900G,CREME CROCANTE OVOMALTINE POTE 900G,32419,900G,900.0,G,900.0,G,,Não,9,https://www.fortali.com.br/creme-crocante-ovomaltine-pote-900g-32419-1,2026-08-18 13:06:57,https://www.fortali.com.br/confeitaria?page=9,Pronto para comparar
Fortali Distribuidora,Confeitaria,DOCE DE LEITE TRADICIONAL TAB CAMBUI 25G,DOCE DE LEITE TRADICIONAL TAB CAMBUI 25G,32456,25G,25.0,G,25.0,G,,Não,25,https://www.fortali.com.br/doce-de-leite-tradicional-tab-cambui-25g-32456-1,2026-08-18 13:06:57,https://www.fortali.com.br/confeitaria?page=25,Pronto para comparar
Fortali Distribuidora,Confeitaria,DOCE DE LEITE COM COCO PAST CAMBUI 400G,DOCE DE LEITE COM COCO PAST CAMBUI 400G,32460,400G,400.0,G,400.0,G,,Não,113,https://www.fortali.com.br/doce-de-leite-com-coco-past-cambui-400g-32460-1,2026-08-18 13:06:57,https://www.fortali.com.br/confeitaria?page=113,Pronto para comparar
Fortali Distribuidora,Confeitaria,DOCE DE LEITE TRADICIONAL TAB CAMBUI 47G,DOCE DE LEITE TRADICIONAL TAB CAMBUI 47G,32461,47G,47.0,G,47.0,G,,Não,113,https://www.fortali.com.br/doce-de-leite-tradicional-tab-cambui-47g-32461-1,2026-08-18 13:06:57,https://www.fortali.com.br/confeitaria?page=113,Pronto para comparar
Fortali Distribuidora,Confeitaria,DOCE DE LEITE COM COCO TAB CAMBUI 46G,DOCE DE LEITE COM COCO TAB CAMBUI 46G,32462,46G,46.0,G,46.0,G,,Não,113,https://www.fortali.com.br/doce-de-leite-com-coco-tab-cambui-46g-32462-1,2026-08-18 13:06:57,https://www.fortali.com.br/confeitaria?page=113,Pronto para comparar
Fortali Distribuidora,Confeitaria,"DOCE LEITE TRAD CAMBUI CHUP PAST 1,5KG","DOCE LEITE TRAD CAMBUI CHUP PAST 1,5KG",32463,"1,5KG",1.5,KG,1500.0,G,,Não,25,https://www.fortali.com.br/doce-leite-trad-cambui-chup-past-15kg-32463-1,2026-08-18 13:06:57,https://www.fortali.com.br/confeitaria?page=25,Pronto para comparar
Fortali Distribuidora,Confeitaria,SUSPIRO TRADICIONAL 50G PEPULHA,SUSPIRO TRADICIONAL 50G PEPULHA,32510,50G,50.0,G,50.0,G,,Não,113,https://www.fortali.com.br/suspiro-tradicional-50g-pepulha-32510-1,2026-08-18 13:06:57,https://www.fortali.com.br/confeitaria?page=113,Pronto para comparar
Fortali Distribuidora,Confeitaria,SUSPIRO SABOR MORANGO 50G PEPULHA,SUSPIRO SABOR MORANGO 50G PEPULHA,32511,50G,50.0,G,50.0,G,,Não,113,https://www.fortali.com.br/suspiro-sabor-morango-50g-pepulha-32511-1,2026-08-18 13:06:57,https://www.fortali.com.br/confeitaria?page=113,Pronto para comparar
Fortali Distribuidora,Confeitaria,SUSPIRO SABOR LEITINHO 50G PEPULHA,SUSPIRO SABOR LEITINHO 50G PEPULHA,32512,50G,50.0,G,50.0,G,,Não,114,https://www.fortali.com.br/suspiro-sabor-leitinho-50g-pepulha-32512-1,2026-08-18 13:06:57,https://www.fortali.com.br/confeitaria?page=114,Pronto para comparar
Fortali Distribuidora,Confeitaria,COB SELECTA AO LEITE CONFEITEIRO 1.01KG,COB SELECTA AO LEITE CONFEITEIRO 1.01KG,32515,1.01KG,1.01,KG,1010.0,G,,Não,114,https://www.fortali.com.br/cob-selecta-ao-leite-confeiteiro-101kg-32515-1,2026-08-18 13:06:57,https://www.fortali.com.br/confeitaria?page=114,Pronto para comparar
Fortali Distribuidora,Confeitaria,COB SELECTA BLEND CONFEITEIRO 1.01KG,COB SELECTA BLEND CONFEITEIRO 1.01KG,32516,1.01KG,1.01,KG,1010.0,G,,Não,114,https://www.fortali.com.br/cob-selecta-blend-confeiteiro-101kg-32516-1,2026-08-18 13:06:57,https://www.fortali.com.br/confeitaria?page=114,Pronto para comparar
Fortali Distribuidora,Confeitaria,ACUCAR DE CONFEITEIRO FINO MIX 1KG,ACUCAR DE CONFEITEIRO FINO MIX 1KG,32517,1KG,1.0,KG,1000.0,G,,Não,114,https://www.fortali.com.br/acucar-de-confeiteiro-fino-mix-1kg-32517-1,2026-08-18 13:06:57,https://www.fortali.com.br/confeitaria?page=114,Pronto para comparar
Fortali Distribuidora,Confeitaria,MISTURA EM PO PARA GLACE REAL NEUTRO MIX,MISTURA EM PO PARA GLACE REAL NEUTRO MIX,32518,,,,,,,Não,114,https://www.fortali.com.br/mistura-em-po-para-glace-real-neutro-mix-32518-1,2026-08-18 13:06:57,https://www.fortali.com.br/confeitaria?page=114,Revisar embalagem
Fortali Distribuidora,Confeitaria,"COB SELECTA BRANCO CONFEITEIRO 1,01KG","COB SELECTA BRANCO CONFEITEIRO 1,01KG",32519,"1,01KG",1.01,KG,1010.0,G,,Não,114,https://www.fortali.com.br/cob-selecta-branco-confeiteiro-101kg-32519-1,2026-08-18 13:06:57,https://www.fortali.com.br/confeitaria?page=114,Pronto para comparar
Fortali Distribuidora,Confeitaria,COB SELECTA MEIO AMARGO CONFEIT 1.01KG,COB SELECTA MEIO AMARGO CONFEIT 1.01KG,32520,1.01KG,1.01,KG,1010.0,G,,Não,114,https://www.fortali.com.br/cob-selecta-meio-amargo-confeit-101kg-32520-1,2026-08-18 13:06:57,https://www.fortali.com.br/confeitaria?page=114,Pronto para comparar
Fortali Distribuidora,Confeitaria,FORMA SIMP TRAD ALFABETO PEQUENO PCT 10UN,FORMA SIMP TRAD ALFABETO PEQUENO PCT 10UN,32662,,,,,,,Não,114,https://www.fortali.com.br/forma-simp-trad-alfabeto-pequeno-pct-10un-32662-1,2026-08-18 13:06:57,https://www.fortali.com.br/confeitaria?page=114,Revisar embalagem
Fortali Distribuidora,Confeitaria,FORMA ESPECIAL TRAD COPO MOUSSE 14 BWB,FORMA ESPECIAL TRAD COPO MOUSSE 14 BWB,32663,,,,,,,Não,114,https://www.fortali.com.br/forma-especial-trad-copo-mousse-14-bwb-32663-1,2026-08-18 13:06:57,https://www.fortali.com.br/confeitaria?page=114,Revisar embalagem
Fortali Distribuidora,Confeitaria,FORMA ESPECIAL TRAD PIRULITO P/ RECHEAR BWB,FORMA ESPECIAL TRAD PIRULITO P RECHEAR BWB,32664,,,,,,,Não,114,https://www.fortali.com.br/forma-especial-trad-pirulito-p-rechear-bwb-32664-1,2026-08-18 13:06:57,https://www.fortali.com.br/confeitaria?page=114,Revisar embalagem
Fortali Distribuidora,Confeitaria,FORMA ESPECIAL TRAD BOLO BOMBOM MEDIO BWB,FORMA ESPECIAL TRAD BOLO BOMBOM MEDIO BWB,32665,,,,,,,Não,114,https://www.fortali.com.br/forma-especial-trad-bolo-bombom-medio-bwb-32665-1,2026-08-18 13:06:57,https://www.fortali.com.br/confeitaria?page=114,Revisar embalagem
Fortali Distribuidora,Confeitaria,FORMA ESPECIAL TRAD QUEBRA NOZES BWB,FORMA ESPECIAL TRAD QUEBRA NOZES BWB,32666,,,,,,,Não,114,https://www.fortali.com.br/forma-especial-trad-quebra-nozes-bwb-32666-1,2026-08-18 13:06:57,https://www.fortali.com.br/confeitaria?page=114,Revisar embalagem
Fortali Distribuidora,Confeitaria,FORMA SIMP TRADC ANJOS BWB,FORMA SIMP TRADC ANJOS BWB,32671,,,,,,,Não,25,https://www.fortali.com.br/forma-simp-tradc-anjos-bwb-32671-1,2026-08-18 13:06:57,https://www.fortali.com.br/confeitaria?page=25,Revisar embalagem
Fortali Distribuidora,Confeitaria,"CHOC AMARGO 805 CALLEBAUT 50,7% 2,01KG","CHOC AMARGO 805 CALLEBAUT 50,7% 2,01KG",32704,"2,01KG",2.01,KG,2010.0,G,,Não,32,https://www.fortali.com.br/choc-amargo-805-callebaut-50-7-2-01kg-32704-1,2026-08-18 13:06:57,https://www.fortali.com.br/confeitaria?page=32,Pronto para comparar
Fortali Distribuidora,Confeitaria,"CHOC AMARGO 811 CALLEBAUT 54,5% 2,01KG","CHOC AMARGO 811 CALLEBAUT 54,5% 2,01KG",32705,"2,01KG",2.01,KG,2010.0,G,,Não,34,https://www.fortali.com.br/choc-amargo-811-callebaut-54-5-2-01kg-32705-1,2026-08-18 13:06:57,https://www.fortali.com.br/confeitaria?page=34,Pronto para comparar
Fortali Distribuidora,Confeitaria,"CHOC BRANCO CW2 CALLEBAUT  25,9% 2,01KG","CHOC BRANCO CW2 CALLEBAUT 25,9% 2,01KG",32706,"2,01KG",2.01,KG,2010.0,G,,Não,33,https://www.fortali.com.br/choc-branco-cw2-callebaut-25-9-2-01kg-32706-1,2026-08-18 13:06:57,https://www.fortali.com.br/confeitaria?page=33,Pronto para comparar
Fortali Distribuidora,Confeitaria,"CHOC BRANCO VELVET CALLEBAUT 32% 2,01KG","CHOC BRANCO VELVET CALLEBAUT 32% 2,01KG",32707,"2,01KG",2.01,KG,2010.0,G,,Não,114,https://www.fortali.com.br/choc-branco-velvet-callebaut-32-2-01kg-32707-1,2026-08-18 13:06:57,https://www.fortali.com.br/confeitaria?page=114,Pronto para comparar
Fortali Distribuidora,Confeitaria,"CHOC GOLD CARAMELO CALLEBAUT 30,4% 2,01KG","CHOC GOLD CARAMELO CALLEBAUT 30,4% 2,01KG",32708,"2,01KG",2.01,KG,2010.0,G,,Não,114,https://www.fortali.com.br/choc-gold-caramelo-callebaut-30-4-2-01kg-32708-1,2026-08-18 13:06:57,https://www.fortali.com.br/confeitaria?page=114,Pronto para comparar
Fortali Distribuidora,Confeitaria,AROMA ARTIF BAUNILHA CEPERA 480ML,AROMA ARTIF BAUNILHA CEPERA 480ML,32729,480ML,480.0,ML,480.0,ML,,Não,5,https://www.fortali.com.br/aroma-artif-baunilha-cepera-480ml-32729-1,2026-08-18 13:06:57,https://www.fortali.com.br/confeitaria?page=5,Pronto para comparar
Fortali Distribuidora,Confeitaria,GOLDEN TOUCH ROUND DIAM 16CM 6PCS FLAKES,GOLDEN TOUCH ROUND DIAM 16CM 6PCS FLAKES,32732,,,,,,,Não,114,https://www.fortali.com.br/golden-touch-round-diam-16cm-6pcs-flakes-32732-1,2026-08-18 13:06:57,https://www.fortali.com.br/confeitaria?page=114,Revisar embalagem
Fortali Distribuidora,Confeitaria,PASTA GUSTOSIA PISTACCHIO SUPREMO 200G,PASTA GUSTOSIA PISTACCHIO SUPREMO 200G,32734,200G,200.0,G,200.0,G,,Não,114,https://www.fortali.com.br/pasta-gustosia-pistacchio-supremo-200g-32734-1,2026-08-18 13:06:57,https://www.fortali.com.br/confeitaria?page=114,Pronto para comparar
Fortali Distribuidora,Confeitaria,PASTA GUSTOSIA SABOR CHICLETE 90G,PASTA GUSTOSIA SABOR CHICLETE 90G,32735,90G,90.0,G,90.0,G,,Não,114,https://www.fortali.com.br/pasta-gustosia-sabor-chiclete-90g-32735-1,2026-08-18 13:06:57,https://www.fortali.com.br/confeitaria?page=114,Pronto para comparar
Fortali Distribuidora,Confeitaria,"RECH ARTESANAL CREM BOMBOM VABENE 1,01KG","RECH ARTESANAL CREM BOMBOM VABENE 1,01KG",32747,"1,01KG",1.01,KG,1010.0,G,,Não,26,https://www.fortali.com.br/rech-artesanal-crem-bombom-vabene-1-01kg-32747-1,2026-08-18 13:06:57,https://www.fortali.com.br/confeitaria?page=26,Pronto para comparar
Fortali Distribuidora,Confeitaria,CORANTE SOFT GEL AMARELO ART BRILHO 25G,CORANTE SOFT GEL AMARELO ART BRILHO 25G,32748,25G,25.0,G,25.0,G,,Não,8,https://www.fortali.com.br/corante-soft-gel-amarelo-art-brilho-25g-32748-1,2026-08-18 13:06:57,https://www.fortali.com.br/confeitaria?page=8,Pronto para comparar
Fortali Distribuidora,Confeitaria,CORANTE SOFT GEL AZUL ART BRILHO 25G,CORANTE SOFT GEL AZUL ART BRILHO 25G,32749,25G,25.0,G,25.0,G,,Não,12,https://www.fortali.com.br/corante-soft-gel-azul-art-brilho-25g-32749-1,2026-08-18 13:06:57,https://www.fortali.com.br/confeitaria?page=12,Pronto para comparar
Fortali Distribuidora,Confeitaria,CORANTE SOFT GEL AZUL ROYAL ART BRILHO 25G,CORANTE SOFT GEL AZUL ROYAL ART BRILHO 25G,32750,25G,25.0,G,25.0,G,,Não,14,https://www.fortali.com.br/corante-soft-gel-azul-royal-art-brilho-25g-32750-1,2026-08-18 13:06:57,https://www.fortali.com.br/confeitaria?page=14,Pronto para comparar
Fortali Distribuidora,Confeitaria,CORANTE SOFT GEL AZUL TURQUESA ART BRILHO 25G,CORANTE SOFT GEL AZUL TURQUESA ART BRILHO 25G,32751,25G,25.0,G,25.0,G,,Não,114,https://www.fortali.com.br/corante-soft-gel-azul-turquesa-art-brilho-25g-32751-1,2026-08-18 13:06:57,https://www.fortali.com.br/confeitaria?page=114,Pronto para comparar
Fortali Distribuidora,Confeitaria,CORANTE SOFT GEL LARANJA ART BRILHO 25G,CORANTE SOFT GEL LARANJA ART BRILHO 25G,32752,25G,25.0,G,25.0,G,,Não,13,https://www.fortali.com.br/corante-soft-gel-laranja-art-brilho-25g-32752-1,2026-08-18 13:06:57,https://www.fortali.com.br/confeitaria?page=13,Pronto para comparar
Fortali Distribuidora,Confeitaria,CORANTE SOFT GEL MARROM ART BRILHO 25G,CORANTE SOFT GEL MARROM ART BRILHO 25G,32753,25G,25.0,G,25.0,G,,Não,13,https://www.fortali.com.br/corante-soft-gel-marrom-art-brilho-25g-32753-1,2026-08-18 13:06:57,https://www.fortali.com.br/confeitaria?page=13,Pronto para comparar
Fortali Distribuidora,Confeitaria,CORANTE SOFT GEL PINK ART BRILHO 25G,CORANTE SOFT GEL PINK ART BRILHO 25G,32754,25G,25.0,G,25.0,G,,Não,19,https://www.fortali.com.br/corante-soft-gel-pink-art-brilho-25g-32754-1,2026-08-18 13:06:57,https://www.fortali.com.br/confeitaria?page=19,Pronto para comparar
Fortali Distribuidora,Confeitaria,CORANTE SOFT GEL PRETO ART BRILHO 25G,CORANTE SOFT GEL PRETO ART BRILHO 25G,32755,25G,25.0,G,25.0,G,,Não,17,https://www.fortali.com.br/corante-soft-gel-preto-art-brilho-25g-32755-1,2026-08-18 13:06:57,https://www.fortali.com.br/confeitaria?page=17,Pronto para comparar
Fortali Distribuidora,Confeitaria,CORANTE SOFT GEL ROSA ART BRILHO 25G,CORANTE SOFT GEL ROSA ART BRILHO 25G,32756,25G,25.0,G,25.0,G,,Não,10,https://www.fortali.com.br/corante-soft-gel-rosa-art-brilho-25g-32756-1,2026-08-18 13:06:57,https://www.fortali.com.br/confeitaria?page=10,Pronto para comparar
Fortali Distribuidora,Confeitaria,CORANTE SOFT GEL VERDE ART BRILHO 25G,CORANTE SOFT GEL VERDE ART BRILHO 25G,32757,25G,25.0,G,25.0,G,,Não,12,https://www.fortali.com.br/corante-soft-gel-verde-art-brilho-25g-32757-1,2026-08-18 13:06:57,https://www.fortali.com.br/confeitaria?page=12,Pronto para comparar
Fortali Distribuidora,Confeitaria,CORANTE SOFT GEL VERDE LIMAO ART BRILHO  25G,CORANTE SOFT GEL VERDE LIMAO ART BRILHO 25G,32758,25G,25.0,G,25.0,G,,Não,114,https://www.fortali.com.br/corante-soft-gel-verde-limao-art-brilho--25g-32758-1,2026-08-18 13:06:57,https://www.fortali.com.br/confeitaria?page=114,Pronto para comparar
Fortali Distribuidora,Confeitaria,CORANTE SOFT GEL VERDE OLIVA ART BRILHO 25G,CORANTE SOFT GEL VERDE OLIVA ART BRILHO 25G,32759,25G,25.0,G,25.0,G,,Não,35,https://www.fortali.com.br/corante-soft-gel-verde-oliva-art-brilho-25g-32759-1,2026-08-18 13:06:57,https://www.fortali.com.br/confeitaria?page=35,Pronto para comparar
Fortali Distribuidora,Confeitaria,CORANTE SOFT GEL VERMELHO ART BRILHO 25G,CORANTE SOFT GEL VERMELHO ART BRILHO 25G,32760,25G,25.0,G,25.0,G,,Não,11,https://www.fortali.com.br/corante-soft-gel-vermelho-art-brilho-25g-32760-1,2026-08-18 13:06:57,https://www.fortali.com.br/confeitaria?page=11,Pronto para comparar
Fortali Distribuidora,Confeitaria,CORANTE SOFT GEL VERMELHO BORDO ART BRILHO 25G,CORANTE SOFT GEL VERMELHO BORDO ART BRILHO 25G,32761,25G,25.0,G,25.0,G,,Não,15,https://www.fortali.com.br/corante-soft-gel-vermelho-bordo-art-brilho-25g-32761-1,2026-08-18 13:06:57,https://www.fortali.com.br/confeitaria?page=15,Pronto para comparar
Fortali Distribuidora,Confeitaria,CORANTE SOFT GEL VERMELHO NATAL ART BRILHO 25G,CORANTE SOFT GEL VERMELHO NATAL ART BRILHO 25G,32764,25G,25.0,G,25.0,G,,Não,16,https://www.fortali.com.br/corante-soft-gel-vermelho-natal-art-brilho-25g-32764-1,2026-08-18 13:06:57,https://www.fortali.com.br/confeitaria?page=16,Pronto para comparar
Fortali Distribuidora,Confeitaria,CORANTE SOFT GEL VIOLETA ART BRILHO 25G,CORANTE SOFT GEL VIOLETA ART BRILHO 25G,32765,25G,25.0,G,25.0,G,,Não,13,https://www.fortali.com.br/corante-soft-gel-violeta-art-brilho-25g-32765-1,2026-08-18 13:06:57,https://www.fortali.com.br/confeitaria?page=13,Pronto para comparar
Fortali Distribuidora,Confeitaria,CHOC GAROTO CHOCOLATE AO LEITE NESTLE 1KG,CHOC GAROTO CHOCOLATE AO LEITE NESTLE 1KG,32806,1KG,1.0,KG,1000.0,G,,Não,114,https://www.fortali.com.br/choc-garoto-chocolate-ao-leite-nestle-1kg-32806-1,2026-08-18 13:06:57,https://www.fortali.com.br/confeitaria?page=114,Pronto para comparar
Fortali Distribuidora,Confeitaria,CHOC MEIO AMARGO GAROTO BARRA 1KG,CHOC MEIO AMARGO GAROTO BARRA 1KG,32807,1KG,1.0,KG,1000.0,G,,Não,114,https://www.fortali.com.br/choc-meio-amargo-garoto-barra-1kg-32807-1,2026-08-18 13:06:57,https://www.fortali.com.br/confeitaria?page=114,Pronto para comparar
Fortali Distribuidora,Confeitaria,"CHOC MEIO AMARGO GAROTO BARRA 2,1KG","CHOC MEIO AMARGO GAROTO BARRA 2,1KG",32808,"2,1KG",2.1,KG,2100.0,G,,Não,114,https://www.fortali.com.br/choc-meio-amargo-garoto-barra-2-1kg-32808-1,2026-08-18 13:06:57,https://www.fortali.com.br/confeitaria?page=114,Pronto para comparar
Fortali Distribuidora,Confeitaria,"CHOC BRANCO GAROTO 2,1KG","CHOC BRANCO GAROTO 2,1KG",32809,"2,1KG",2.1,KG,2100.0,G,,Não,114,https://www.fortali.com.br/choc-branco-garoto-2-1kg-32809-1,2026-08-18 13:06:57,https://www.fortali.com.br/confeitaria?page=114,Pronto para comparar
Fortali Distribuidora,Confeitaria,COB GAROTO CHOC LEITE BLEND NESTLE 1KG,COB GAROTO CHOC LEITE BLEND NESTLE 1KG,32810,1KG,1.0,KG,1000.0,G,,Não,114,https://www.fortali.com.br/cob-garoto-choc-leite-blend-nestle-1kg-32810-1,2026-08-18 13:06:57,https://www.fortali.com.br/confeitaria?page=114,Pronto para comparar
Fortali Distribuidora,Confeitaria,CHOC BRANCO GAROTO 1KG,CHOC BRANCO GAROTO 1KG,32811,1KG,1.0,KG,1000.0,G,,Não,115,https://www.fortali.com.br/choc-branco-garoto-1kg-32811-1,2026-08-18 13:06:57,https://www.fortali.com.br/confeitaria?page=115,Pronto para comparar
Fortali Distribuidora,Confeitaria,"CHOC BLEND GAROTO 2,1KG","CHOC BLEND GAROTO 2,1KG",32812,"2,1KG",2.1,KG,2100.0,G,,Não,19,https://www.fortali.com.br/choc-blend-garoto-2-1kg-32812-1,2026-08-18 13:06:57,https://www.fortali.com.br/confeitaria?page=19,Pronto para comparar
Fortali Distribuidora,Confeitaria,"CHOC AO LEITE GAROTO 2,1KG","CHOC AO LEITE GAROTO 2,1KG",32813,"2,1KG",2.1,KG,2100.0,G,,Não,115,https://www.fortali.com.br/choc-ao-leite-garoto-2-1kg-32813-1,2026-08-18 13:06:57,https://www.fortali.com.br/confeitaria?page=115,Pronto para comparar
Fortali Distribuidora,Confeitaria,"PASTA PRESTIGIO NESTLE 1,01KG","PASTA PRESTIGIO NESTLE 1,01KG",32814,"1,01KG",1.01,KG,1010.0,G,,Não,115,https://www.fortali.com.br/pasta-prestigio-nestle-1-01kg-32814-1,2026-08-18 13:06:57,https://www.fortali.com.br/confeitaria?page=115,Pronto para comparar
Fortali Distribuidora,Confeitaria,GLAZING 4KG MORANGO BONASSE BLD,GLAZING 4KG MORANGO BONASSE BLD,32822,4KG,4.0,KG,4000.0,G,,Não,115,https://www.fortali.com.br/glazing-4kg-morango-bonasse-bld-32822-1,2026-08-18 13:06:57,https://www.fortali.com.br/confeitaria?page=115,Pronto para comparar
Fortali Distribuidora,Confeitaria,GLAZING 4KG NEUTRO BONASSE BLD,GLAZING 4KG NEUTRO BONASSE BLD,32823,4KG,4.0,KG,4000.0,G,,Não,35,https://www.fortali.com.br/glazing-4kg-neutro-bonasse-bld-32823-1,2026-08-18 13:06:57,https://www.fortali.com.br/confeitaria?page=35,Pronto para comparar
Fortali Distribuidora,Confeitaria,GLAZING 4KG RASPAS DE LIMAO BONASSE BLD,GLAZING 4KG RASPAS DE LIMAO BONASSE BLD,32824,4KG,4.0,KG,4000.0,G,,Não,115,https://www.fortali.com.br/glazing-4kg-raspas-de-limao-bonasse-bld-32824-1,2026-08-18 13:06:57,https://www.fortali.com.br/confeitaria?page=115,Pronto para comparar
Fortali Distribuidora,Confeitaria,CREME HOLANDES BONASSE 1KG,CREME HOLANDES BONASSE 1KG,32825,1KG,1.0,KG,1000.0,G,,Não,115,https://www.fortali.com.br/creme-holandes-bonasse-1kg-32825-1,2026-08-18 13:06:57,https://www.fortali.com.br/confeitaria?page=115,Pronto para comparar
Fortali Distribuidora,Confeitaria,CONFEITE PISTACHE TOP HARALD 400G,CONFEITE PISTACHE TOP HARALD 400G,32888,400G,400.0,G,400.0,G,,Não,32,https://www.fortali.com.br/confeite-pistache-top-harald-400g-32888-1,2026-08-18 13:06:57,https://www.fortali.com.br/confeitaria?page=32,Pronto para comparar
Fortali Distribuidora,Confeitaria,"COB GOTAS PISTACHE TOP HARALD 1,01KG","COB GOTAS PISTACHE TOP HARALD 1,01KG",32889,"1,01KG",1.01,KG,1010.0,G,,Não,16,https://www.fortali.com.br/cob-gotas-pistache-top-harald-101kg-32889-1,2026-08-18 13:06:57,https://www.fortali.com.br/confeitaria?page=16,Pronto para comparar
Fortali Distribuidora,Confeitaria,"DOCE DE LEITE PARA CONFEITARIA AUREA BALDE 9,8KG","DOCE DE LEITE PARA CONFEITARIA AUREA BALDE 9,8KG",32891,"9,8KG",9.8,KG,9800.0,G,,Não,11,https://www.fortali.com.br/doce-de-leite-para-confeitaria-aurea-balde-98kg-32891-1,2026-08-18 13:06:57,https://www.fortali.com.br/confeitaria?page=11,Pronto para comparar
Fortali Distribuidora,Confeitaria,FLOCOS MACIO MESCLADO MAVALEIRO 500G,FLOCOS MACIO MESCLADO MAVALEIRO 500G,32897,500G,500.0,G,500.0,G,,Não,26,https://www.fortali.com.br/flocos-macio-mesclado-mavaleiro-500g-32897-1,2026-08-18 13:06:57,https://www.fortali.com.br/confeitaria?page=26,Pronto para comparar
Fortali Distribuidora,Confeitaria,"FLOCOS MACIO S/ CHOCOLATE MAVALEIRO 1,01KG","FLOCOS MACIO S CHOCOLATE MAVALEIRO 1,01KG",32898,"1,01KG",1.01,KG,1010.0,G,,Não,115,https://www.fortali.com.br/flocos-macio-s-chocolate-mavaleiro-1-01kg-32898-1,2026-08-18 13:06:57,https://www.fortali.com.br/confeitaria?page=115,Pronto para comparar
Fortali Distribuidora,Confeitaria,CORANTE PRETO ICEBERG 100G,CORANTE PRETO ICEBERG 100G,32921,100G,100.0,G,100.0,G,,Não,115,https://www.fortali.com.br/corante-preto-iceberg-100g-32921-1,2026-08-18 13:06:57,https://www.fortali.com.br/confeitaria?page=115,Pronto para comparar
Fortali Distribuidora,Confeitaria,CORANTE LIPOSSOSOLUVEL AZUL SUGAR ART 20G,CORANTE LIPOSSOSOLUVEL AZUL SUGAR ART 20G,33016,20G,20.0,G,20.0,G,,Não,26,https://www.fortali.com.br/corante-lipossosoluvel-azul-sugar-art-20g-33016-1,2026-08-18 13:06:57,https://www.fortali.com.br/confeitaria?page=26,Pronto para comparar
Fortali Distribuidora,Confeitaria,CORANTE LIPOSSOSOLUVEL PRETO SUGAR ART 20G,CORANTE LIPOSSOSOLUVEL PRETO SUGAR ART 20G,33017,20G,20.0,G,20.0,G,,Não,115,https://www.fortali.com.br/corante-lipossosoluvel-preto-sugar-art-20g-33017-1,2026-08-18 13:06:57,https://www.fortali.com.br/confeitaria?page=115,Pronto para comparar
Fortali Distribuidora,Confeitaria,CORANTE LIPOSSOSOLUVEL VERMELHO SUGAR ART 20G,CORANTE LIPOSSOSOLUVEL VERMELHO SUGAR ART 20G,33018,20G,20.0,G,20.0,G,,Não,26,https://www.fortali.com.br/corante-lipossosoluvel-vermelho-sugar-art-20g-33018-1,2026-08-18 13:06:57,https://www.fortali.com.br/confeitaria?page=26,Pronto para comparar
Fortali Distribuidora,Confeitaria,CX 1 DOCE CRISTAL C/BERCO PCT 10UN IDEIA,CX 1 DOCE CRISTAL C BERCO PCT 10UN IDEIA,33028,,,,,,,Não,115,https://www.fortali.com.br/cx-1-doce-cristal-cberco-pct-10un-ideia-33028-1,2026-08-18 13:06:57,https://www.fortali.com.br/confeitaria?page=115,Revisar embalagem
Fortali Distribuidora,Confeitaria,CX OVO DE COLHER BASIC 150/250G CRISTAL PASCOA ESSENCIAL PCT...,CX OVO DE COLHER BASIC 150 250G CRISTAL PASCOA ESSENCIAL PCT...,33034,250G,250.0,G,250.0,G,,Não,115,https://www.fortali.com.br/cx-ovo-de-colher-basic-150250g-cristal-pascoa-essencial-pct-c-5-unidades-ideia-33034-1,2026-08-18 13:06:57,https://www.fortali.com.br/confeitaria?page=115,Pronto para comparar
Fortali Distribuidora,Confeitaria,CX DEGUSTACAO ENCANTO 4 X 50G PASCOA CACAU PCT C/ 5 UNIDADES...,CX DEGUSTACAO ENCANTO 4 X 50G PASCOA CACAU PCT C 5 UNIDADES...,33035,50G,50.0,G,50.0,G,,Não,115,https://www.fortali.com.br/cx-degustacao-encanto-4-x-50g-pascoa-cacau-pct-c-5-unidades-ideia-33035-1,2026-08-18 13:06:57,https://www.fortali.com.br/confeitaria?page=115,Pronto para comparar
Fortali Distribuidora,Confeitaria,CX OVO DE COLHER ENCANTO 250G/350G PASCOA CACAU PCT C/ 5 UNI...,CX OVO DE COLHER ENCANTO 250G 350G PASCOA CACAU PCT C 5 UNI...,33036,350G,350.0,G,350.0,G,,Não,115,https://www.fortali.com.br/cx-ovo-de-colher-encanto-250g350g-pascoa-cacau-pct-c-5-unidades-ideia-33036-1,2026-08-18 13:06:57,https://www.fortali.com.br/confeitaria?page=115,Pronto para comparar
Fortali Distribuidora,Confeitaria,CX OVO DE COLHER ENCANTO 150/250G PASCOA CACAU PCT C/ 5 UNID...,CX OVO DE COLHER ENCANTO 150 250G PASCOA CACAU PCT C 5 UNID...,33037,250G,250.0,G,250.0,G,,Não,115,https://www.fortali.com.br/cx-ovo-de-colher-encanto-150250g-pascoa-cacau-pct-c-5-unidades-ideia-33037-1,2026-08-18 13:06:57,https://www.fortali.com.br/confeitaria?page=115,Pronto para comparar
Fortali Distribuidora,Confeitaria,CX OVO DE COLHER CLASSIC AJUSTAVEL C/CINTA 150/250G FENDI PA...,CX OVO DE COLHER CLASSIC AJUSTAVEL C CINTA 150 250G FENDI PA...,33038,250G,250.0,G,250.0,G,,Não,115,https://www.fortali.com.br/cx-ovo-de-colher-classic-ajustavel-ccinta-150250g-fendi-pascoa-classica-pct-c-5-unidades-ideia-33038-1,2026-08-18 13:06:57,https://www.fortali.com.br/confeitaria?page=115,Pronto para comparar
Fortali Distribuidora,Confeitaria,CX OVO DE COLHER CLASSIC AJUSTAVEL C/CINTA 150/250G CARAMELO...,CX OVO DE COLHER CLASSIC AJUSTAVEL C CINTA 150 250G CARAMELO...,33039,250G,250.0,G,250.0,G,,Não,115,https://www.fortali.com.br/cx-ovo-de-colher-classic-ajustavel-ccinta-150250g-caramelomarrom-pascoa-classica-pct-c-5-unidades-ideia-33039-1,2026-08-18 13:06:57,https://www.fortali.com.br/confeitaria?page=115,Pronto para comparar
Fortali Distribuidora,Confeitaria,CX OVO DE COLHER C/ALCA 250/350G PASCOA CLASSICA PCT C/ 5 UN...,CX OVO DE COLHER C ALCA 250 350G PASCOA CLASSICA PCT C 5 UN...,33041,350G,350.0,G,350.0,G,,Não,115,https://www.fortali.com.br/cx-ovo-de-colher-calca-250350g-pascoa-classica-pct-c-5-unidades-ideia-33041-1,2026-08-18 13:06:57,https://www.fortali.com.br/confeitaria?page=115,Pronto para comparar
Fortali Distribuidora,Confeitaria,SACO PARA OVO METALIZADO 39X39CM VERMELHO PASCOA DIVERTIDA P...,SACO PARA OVO METALIZADO 39X39CM VERMELHO PASCOA DIVERTIDA P...,33042,,,,,,,Não,115,https://www.fortali.com.br/saco-para-ovo-metalizado-39x39cm-vermelho-pascoa-divertida-pct-c-25-unidades-ideia-33042-1,2026-08-18 13:06:57,https://www.fortali.com.br/confeitaria?page=115,Revisar embalagem
Fortali Distribuidora,Confeitaria,SACO PARA OVO METALIZADO 34X34CM VERMELHO PASCOA DIVERTIDA P...,SACO PARA OVO METALIZADO 34X34CM VERMELHO PASCOA DIVERTIDA P...,33043,,,,,,,Não,115,https://www.fortali.com.br/saco-para-ovo-metalizado-34x34cm-vermelho-pascoa-divertida-pct-c-25-unidades-33043-1,2026-08-18 13:06:57,https://www.fortali.com.br/confeitaria?page=115,Revisar embalagem
Fortali Distribuidora,Confeitaria,SACO PARA OVO METALIZADO 24X24CM VERMELHO PASCOA DIVERTIDA P...,SACO PARA OVO METALIZADO 24X24CM VERMELHO PASCOA DIVERTIDA P...,33044,,,,,,,Não,115,https://www.fortali.com.br/saco-para-ovo-metalizado-24x24cm-vermelho-pascoa-divertida-pct-c-25-unidades-ideia-33044-1,2026-08-18 13:06:57,https://www.fortali.com.br/confeitaria?page=115,Revisar embalagem
Fortali Distribuidora,Confeitaria,SACO PARA OVO METALIZADO 39X39CM OURO PASCOA DIVERTIDA PCT C...,SACO PARA OVO METALIZADO 39X39CM OURO PASCOA DIVERTIDA PCT C...,33045,,,,,,,Não,115,https://www.fortali.com.br/saco-para-ovo-metalizado-39x39cm-ouro-pascoa-divertida-pct-c-25-unidades-ideia-33045-1,2026-08-18 13:06:57,https://www.fortali.com.br/confeitaria?page=115,Revisar embalagem
Fortali Distribuidora,Confeitaria,SACO PARA OVO METALIZADO 34X34CM OURO PASCOA DIVERTIDA PCT C...,SACO PARA OVO METALIZADO 34X34CM OURO PASCOA DIVERTIDA PCT C...,33046,,,,,,,Não,115,https://www.fortali.com.br/saco-para-ovo-metalizado-34x34cm-ouro-pascoa-divertida-pct-c-25-unidades-ideia-33046-1,2026-08-18 13:06:57,https://www.fortali.com.br/confeitaria?page=115,Revisar embalagem
Fortali Distribuidora,Confeitaria,SACO PARA OVO METALIZADO 24X24CM OURO PASCOA DIVERTIDA PCT C...,SACO PARA OVO METALIZADO 24X24CM OURO PASCOA DIVERTIDA PCT C...,33047,,,,,,,Não,115,https://www.fortali.com.br/saco-para-ovo-metalizado-24x24cm-ouro-pascoa-divertida-pct-c-25-unidades-ideia-33047-1,2026-08-18 13:06:57,https://www.fortali.com.br/confeitaria?page=115,Revisar embalagem
Fortali Distribuidora,Confeitaria,SACO PARA OVO METALIZADO 39X39CM VERDE PASCOA DIVERTIDA PCT ...,SACO PARA OVO METALIZADO 39X39CM VERDE PASCOA DIVERTIDA PCT ...,33048,,,,,,,Não,115,https://www.fortali.com.br/saco-para-ovo-metalizado-39x39cm-verde-pascoa-divertida-pct-c-25-unidades-ideia-33048-1,2026-08-18 13:06:57,https://www.fortali.com.br/confeitaria?page=115,Revisar embalagem
Fortali Distribuidora,Confeitaria,SACO PARA OVO METALIZADO 39X39CM LARANJA PASCOA DIVERTIDA PC...,SACO PARA OVO METALIZADO 39X39CM LARANJA PASCOA DIVERTIDA PC...,33051,,,,,,,Não,116,https://www.fortali.com.br/saco-para-ovo-metalizado-39x39cm-laranja-pascoa-divertida-pct-c-25-unidades-ideia-33051-1,2026-08-18 13:06:57,https://www.fortali.com.br/confeitaria?page=116,Revisar embalagem
Fortali Distribuidora,Confeitaria,SACO PARA OVO METALIZADO 34X34CM LARANJA PASCOA DIVERTIDA PC...,SACO PARA OVO METALIZADO 34X34CM LARANJA PASCOA DIVERTIDA PC...,33052,,,,,,,Não,116,https://www.fortali.com.br/saco-para-ovo-metalizado-34x34cm-laranja-pascoa-divertida-pct-c-25-unidades-ideia-33052-1,2026-08-18 13:06:57,https://www.fortali.com.br/confeitaria?page=116,Revisar embalagem
Fortali Distribuidora,Confeitaria,SACO PARA OVO METALIZADO 24X24CM LARANJA PASCOA DIVERTIDA PC...,SACO PARA OVO METALIZADO 24X24CM LARANJA PASCOA DIVERTIDA PC...,33053,,,,,,,Não,116,https://www.fortali.com.br/saco-para-ovo-metalizado-24x24cm-laranja-pascoa-divertida-pct-c-25-unidades-ideia-33053-1,2026-08-18 13:06:57,https://www.fortali.com.br/confeitaria?page=116,Revisar embalagem
Fortali Distribuidora,Confeitaria,SACOLA ECO P LARANJA PASCOA DIVERTIDA PCT 10UN IDEIA,SACOLA ECO P LARANJA PASCOA DIVERTIDA PCT 10UN IDEIA,33055,,,,,,,Não,116,https://www.fortali.com.br/sacola-eco-p-laranja-pascoa-divertida-pct-10un-ideia-33055-1,2026-08-18 13:06:57,https://www.fortali.com.br/confeitaria?page=116,Revisar embalagem
Fortali Distribuidora,Confeitaria,SACOLA ECO PP LARANJA PASCOA DIVERTIDA PCT 10UN IDEIA,SACOLA ECO PP LARANJA PASCOA DIVERTIDA PCT 10UN IDEIA,33056,,,,,,,Não,116,https://www.fortali.com.br/sacola-eco-pp-laranja-pascoa-divertida-pct-10un-ideia-33056-1,2026-08-18 13:06:57,https://www.fortali.com.br/confeitaria?page=116,Revisar embalagem
Fortali Distribuidora,Confeitaria,SACOLA ECO M LARANJA PASCOA DIVERTIDA PCT 10UN IDEIA,SACOLA ECO M LARANJA PASCOA DIVERTIDA PCT 10UN IDEIA,33058,,,,,,,Não,116,https://www.fortali.com.br/sacola-eco-m-laranja-pascoa-divertida-pct-10un-ideia-33058-1,2026-08-18 13:06:57,https://www.fortali.com.br/confeitaria?page=116,Revisar embalagem
Fortali Distribuidora,Confeitaria,CESTA COELHO PASCOA DIVERTIDA PCT 5UN IDEIA,CESTA COELHO PASCOA DIVERTIDA PCT 5UN IDEIA,33059,,,,,,,Não,116,https://www.fortali.com.br/cesta-coelho-pascoa-divertida-pct-5un-ideia-33059-1,2026-08-18 13:06:57,https://www.fortali.com.br/confeitaria?page=116,Revisar embalagem
Fortali Distribuidora,Confeitaria,CX TABLETE G PASCOA DIVERTIDA PCT 10UN IDEIA,CX TABLETE G PASCOA DIVERTIDA PCT 10UN IDEIA,33060,,,,,,,Não,116,https://www.fortali.com.br/cx-tablete-g-pascoa-divertida-pct-10un-ideia-33060-1,2026-08-18 13:06:57,https://www.fortali.com.br/confeitaria?page=116,Revisar embalagem
Fortali Distribuidora,Confeitaria,CX 4 DOCES LOCK PASCOA DIVERTIDA PCT 10UN IDEIA,CX 4 DOCES LOCK PASCOA DIVERTIDA PCT 10UN IDEIA,33062,,,,,,,Não,116,https://www.fortali.com.br/cx-4-doces-lock-pascoa-divertida-pct-10un-ideia-33062-1,2026-08-18 13:06:57,https://www.fortali.com.br/confeitaria?page=116,Revisar embalagem
Fortali Distribuidora,Confeitaria,CX 4 DOCES GAVETA C/VISOR PASCOA DIVERTIDA PCT 10UN IDEIA,CX 4 DOCES GAVETA C VISOR PASCOA DIVERTIDA PCT 10UN IDEIA,33064,,,,,,,Não,116,https://www.fortali.com.br/cx-4-doces-gaveta-cvisor-pascoa-divertida-pct-10un-ideia-33064-1,2026-08-18 13:06:57,https://www.fortali.com.br/confeitaria?page=116,Revisar embalagem
Fortali Distribuidora,Confeitaria,CX 8 DOCES PRACTICE PASCOA DIVERTIDA PCT 10UN IDEIA,CX 8 DOCES PRACTICE PASCOA DIVERTIDA PCT 10UN IDEIA,33065,,,,,,,Não,116,https://www.fortali.com.br/cx-8-doces-practice-pascoa-divertida-pct-10un-ideia-33065-1,2026-08-18 13:06:57,https://www.fortali.com.br/confeitaria?page=116,Revisar embalagem
Fortali Distribuidora,Confeitaria,CX 6 DOCES PRACTICE PASCOA DIVERTIDA PCT 10UN IDEIA,CX 6 DOCES PRACTICE PASCOA DIVERTIDA PCT 10UN IDEIA,33066,,,,,,,Não,116,https://www.fortali.com.br/cx-6-doces-practice-pascoa-divertida-pct-10un-ideia-33066-1,2026-08-18 13:06:57,https://www.fortali.com.br/confeitaria?page=116,Revisar embalagem
Fortali Distribuidora,Confeitaria,CX 4 DOCES PRACTICE PASCOA DIVERTIDA PCT 10UN IDEIA,CX 4 DOCES PRACTICE PASCOA DIVERTIDA PCT 10UN IDEIA,33067,,,,,,,Não,116,https://www.fortali.com.br/cx-4-doces-practice-pascoa-divertida-pct-10un-ideia-33067-1,2026-08-18 13:06:57,https://www.fortali.com.br/confeitaria?page=116,Revisar embalagem
Fortali Distribuidora,Confeitaria,CX CASINHA PASCOA DIVERTIDA PCT 10UN IDEIA,CX CASINHA PASCOA DIVERTIDA PCT 10UN IDEIA,33068,,,,,,,Não,116,https://www.fortali.com.br/cx-casinha-pascoa-divertida-pct-10un-ideia-33068-1,2026-08-18 13:06:57,https://www.fortali.com.br/confeitaria?page=116,Revisar embalagem
Fortali Distribuidora,Confeitaria,CX POP UP 8X8X8CM PASCOA DIVERTIDA PCT 10UN IDEIA,CX POP UP 8X8X8CM PASCOA DIVERTIDA PCT 10UN IDEIA,33069,,,,,,,Não,116,https://www.fortali.com.br/cx-pop-up-8x8x8cm-pascoa-divertida-pct-10un-ideia-33069-1,2026-08-18 13:06:57,https://www.fortali.com.br/confeitaria?page=116,Revisar embalagem
Fortali Distribuidora,Confeitaria,CX MINI CONFEITEIRO ENCANTO JOGO PASCOA DIVERTIDA PCT 5UN ID...,CX MINI CONFEITEIRO ENCANTO JOGO PASCOA DIVERTIDA PCT 5UN ID...,33070,,,,,,,Não,116,https://www.fortali.com.br/cx-mini-confeiteiro-encanto-jogo-pascoa-divertida-pct-5un-ideia-33070-1,2026-08-18 13:06:57,https://www.fortali.com.br/confeitaria?page=116,Revisar embalagem
Fortali Distribuidora,Confeitaria,CX DEGUSTACAO ENCANTO 3X50G PASCOA DIVERTIDA PCT 5UN IDEIA,CX DEGUSTACAO ENCANTO 3X50G PASCOA DIVERTIDA PCT 5UN IDEIA,33071,50G,50.0,G,50.0,G,,Não,116,https://www.fortali.com.br/cx-degustacao-encanto-3x50g-pascoa-divertida-pct-5un-ideia-33071-1,2026-08-18 13:06:57,https://www.fortali.com.br/confeitaria?page=116,Pronto para comparar
Fortali Distribuidora,Confeitaria,CX DEGUSTACAO ENCANTO 2X50G PASCOA DIVERTIDA PCT 5UN IDEIA,CX DEGUSTACAO ENCANTO 2X50G PASCOA DIVERTIDA PCT 5UN IDEIA,33072,50G,50.0,G,50.0,G,,Não,116,https://www.fortali.com.br/cx-degustacao-encanto-2x50g-pascoa-divertida-pct-5un-ideia-33072-1,2026-08-18 13:06:57,https://www.fortali.com.br/confeitaria?page=116,Pronto para comparar
Fortali Distribuidora,Confeitaria,CX DEGUSTACAO ENCANTO 50G PASCOA DIVERTIDA PCT 5UN IDEIA,CX DEGUSTACAO ENCANTO 50G PASCOA DIVERTIDA PCT 5UN IDEIA,33074,50G,50.0,G,50.0,G,,Não,116,https://www.fortali.com.br/cx-degustacao-encanto-50g-pascoa-divertida-pct-5un-ideia-33074-1,2026-08-18 13:06:57,https://www.fortali.com.br/confeitaria?page=116,Pronto para comparar
Fortali Distribuidora,Confeitaria,CX POP UP 8X8X8CM COELHINHO ENCANTADO PCT 10UN IDEIA,CX POP UP 8X8X8CM COELHINHO ENCANTADO PCT 10UN IDEIA,33079,,,,,,,Não,116,https://www.fortali.com.br/cx-pop-up-8x8x8cm-coelhinho-encantado-pct-10un-ideia-33079-1,2026-08-18 13:06:57,https://www.fortali.com.br/confeitaria?page=116,Revisar embalagem
Fortali Distribuidora,Confeitaria,CX 9 DOCES GAVETA C/VISOR COELHINHO ENCANTADO PCT 10UN IDEIA,CX 9 DOCES GAVETA C VISOR COELHINHO ENCANTADO PCT 10UN IDEIA,33082,,,,,,,Não,116,https://www.fortali.com.br/cx-9-doces-gaveta-cvisor-coelhinho-encantado-pct-10un-ideia-33082-1,2026-08-18 13:06:57,https://www.fortali.com.br/confeitaria?page=116,Revisar embalagem
Fortali Distribuidora,Confeitaria,CX 4 DOCES GAVETA C/VISOR COELHINHO ENCANTADO PCT 10UN IDEIA,CX 4 DOCES GAVETA C VISOR COELHINHO ENCANTADO PCT 10UN IDEIA,33083,,,,,,,Não,116,https://www.fortali.com.br/cx-4-doces-gaveta-cvisor-coelhinho-encantado-pct-10un-ideia-33083-1,2026-08-18 13:06:57,https://www.fortali.com.br/confeitaria?page=116,Revisar embalagem
Fortali Distribuidora,Confeitaria,CX 4 DOCES LIVRO COELHINHO ENCANTADO PCT 10UN IDEIA,CX 4 DOCES LIVRO COELHINHO ENCANTADO PCT 10UN IDEIA,33085,,,,,,,Não,116,https://www.fortali.com.br/cx-4-doces-livro-coelhinho-encantado-pct-10un-ideia-33085-1,2026-08-18 13:06:57,https://www.fortali.com.br/confeitaria?page=116,Revisar embalagem
Fortali Distribuidora,Confeitaria,CX 8 DOCES PRACTICE COELHINHO ENCANTADO PCT 10UN IDEIA,CX 8 DOCES PRACTICE COELHINHO ENCANTADO PCT 10UN IDEIA,33086,,,,,,,Não,116,https://www.fortali.com.br/cx-8-doces-practice-coelhinho-encantado-pct-10un-ideia-33086-1,2026-08-18 13:06:57,https://www.fortali.com.br/confeitaria?page=116,Revisar embalagem
Fortali Distribuidora,Confeitaria,CX 6 DOCES PRACTICE COELHINHO ENCANTADO PCT 10UN IDEIA,CX 6 DOCES PRACTICE COELHINHO ENCANTADO PCT 10UN IDEIA,33087,,,,,,,Não,117,https://www.fortali.com.br/cx-6-doces-practice-coelhinho-encantado-pct-10un-ideia-33087-1,2026-08-18 13:06:57,https://www.fortali.com.br/confeitaria?page=117,Revisar embalagem
Fortali Distribuidora,Confeitaria,CX 4 DOCES PRACTICE COELHINHO ENCANTADO PCT 10UN IDEIA,CX 4 DOCES PRACTICE COELHINHO ENCANTADO PCT 10UN IDEIA,33088,,,,,,,Não,117,https://www.fortali.com.br/cx-4-doces-practice-coelhinho-encantado-pct-10un-ideia-33088-1,2026-08-18 13:06:57,https://www.fortali.com.br/confeitaria?page=117,Revisar embalagem
Fortali Distribuidora,Confeitaria,CAIXA P/ 03 BROWNIES COELHINHO ENCANTADO PCT 10UN IDEIA,CAIXA P 03 BROWNIES COELHINHO ENCANTADO PCT 10UN IDEIA,33089,,,,,,,Não,117,https://www.fortali.com.br/caixa-p-03-brownies-coelhinho-encantado-pct-10un-ideia-33089-1,2026-08-18 13:06:57,https://www.fortali.com.br/confeitaria?page=117,Revisar embalagem
Fortali Distribuidora,Confeitaria,CAIXA BALAO COELHINHO ENCANTADO PCT 10UN IDEIA,CAIXA BALAO COELHINHO ENCANTADO PCT 10UN IDEIA,33090,,,,,,,Não,117,https://www.fortali.com.br/caixa-balao-coelhinho-encantado-pct-10un-ideia-33090-1,2026-08-18 13:06:57,https://www.fortali.com.br/confeitaria?page=117,Revisar embalagem
Fortali Distribuidora,Confeitaria,CX DEGUSTACAO LIVRO 2X50G COELHINHO ENCANTADO PCT 5UN IDEIA,CX DEGUSTACAO LIVRO 2X50G COELHINHO ENCANTADO PCT 5UN IDEIA,33093,50G,50.0,G,50.0,G,,Não,117,https://www.fortali.com.br/cx-degustacao-livro-2x50g-coelhinho-encantado-pct-5un-ideia-33093-1,2026-08-18 13:06:57,https://www.fortali.com.br/confeitaria?page=117,Pronto para comparar
Fortali Distribuidora,Confeitaria,"CHOC MEIO AMARGO PROF BARRA SICAO 2,1KG","CHOC MEIO AMARGO PROF BARRA SICAO 2,1KG",33109,"2,1KG",2.1,KG,2100.0,G,,Não,11,https://www.fortali.com.br/choc-meio-amargo-prof-barra-sicao-2-1kg-33109-1,2026-08-18 13:06:57,https://www.fortali.com.br/confeitaria?page=11,Pronto para comparar
Fortali Distribuidora,Confeitaria,COB CHOC BRANCO SICAO FACIL CONF 5KG,COB CHOC BRANCO SICAO FACIL CONF 5KG,33110,5KG,5.0,KG,5000.0,G,,Não,34,https://www.fortali.com.br/cob-choc-branco-sicao-facil-conf-5kg-33110-1,2026-08-18 13:06:57,https://www.fortali.com.br/confeitaria?page=34,Pronto para comparar
Fortali Distribuidora,Confeitaria,COB CONF GAROTO CHOC AO LEITE 1KG,COB CONF GAROTO CHOC AO LEITE 1KG,33300,1KG,1.0,KG,1000.0,G,,Não,26,https://www.fortali.com.br/cob-conf-garoto-choc-ao-leite-1kg-33300-1,2026-08-18 13:06:57,https://www.fortali.com.br/confeitaria?page=26,Pronto para comparar
Fortali Distribuidora,Confeitaria,"COB CONF GAROTO CHOC AO LEITE 2,1KG","COB CONF GAROTO CHOC AO LEITE 2,1KG",33302,"2,1KG",2.1,KG,2100.0,G,,Não,117,https://www.fortali.com.br/cob-conf-garoto-choc-ao-leite-2-1kg-33302-1,2026-08-18 13:06:57,https://www.fortali.com.br/confeitaria?page=117,Pronto para comparar
Fortali Distribuidora,Confeitaria,BISCOITO TOSTINES NESTLE GRANULADO 1KG,BISCOITO TOSTINES NESTLE GRANULADO 1KG,33303,1KG,1.0,KG,1000.0,G,,Não,117,https://www.fortali.com.br/biscoito-tostines-nestle-granulado-1kg-33303-1,2026-08-18 13:06:57,https://www.fortali.com.br/confeitaria?page=117,Pronto para comparar
Fortali Distribuidora,Confeitaria,LEITE COND SEMI DESNATADO MOCA 3KG,LEITE COND SEMI DESNATADO MOCA 3KG,33305,3KG,3.0,KG,3000.0,G,,Não,26,https://www.fortali.com.br/leite-cond-semi-desnatado-moca-3kg-33305-1,2026-08-18 13:06:57,https://www.fortali.com.br/confeitaria?page=26,Pronto para comparar
Fortali Distribuidora,Confeitaria,"RECHEIO E COBERTURA NINHO 2,61KG","RECHEIO E COBERTURA NINHO 2,61KG",33306,"2,61KG",2.61,KG,2610.0,G,,Não,9,https://www.fortali.com.br/recheio-e-cobertura-ninho-2-61kg-33306-1,2026-08-18 13:06:57,https://www.fortali.com.br/confeitaria?page=9,Pronto para comparar
Fortali Distribuidora,Confeitaria,CASCA DE OVO  NESTLE 200G,CASCA DE OVO NESTLE 200G,33308,200G,200.0,G,200.0,G,,Não,117,https://www.fortali.com.br/casca-de-ovo-nestle-200g-33308-1,2026-08-18 13:06:57,https://www.fortali.com.br/confeitaria?page=117,Pronto para comparar
Fortali Distribuidora,Confeitaria,"DOCE DE LEITE MOCA 2,5KG","DOCE DE LEITE MOCA 2,5KG",33310,"2,5KG",2.5,KG,2500.0,G,,Não,117,https://www.fortali.com.br/doce-de-leite-moca-2-5kg-33310-1,2026-08-18 13:06:57,https://www.fortali.com.br/confeitaria?page=117,Pronto para comparar
Fortali Distribuidora,Confeitaria,TAG FELIZ PASCOA FLORES PCT C/15 TAG,TAG FELIZ PASCOA FLORES PCT C 15 TAG,33340,,,,,,,Não,117,https://www.fortali.com.br/tag-feliz-pascoa-flores-pct-c-15-tag-33340-1,2026-08-18 13:06:57,https://www.fortali.com.br/confeitaria?page=117,Revisar embalagem
Fortali Distribuidora,Confeitaria,CREME LEITINHO BONASSE 4KG,CREME LEITINHO BONASSE 4KG,33376,4KG,4.0,KG,4000.0,G,,Não,117,https://www.fortali.com.br/creme-leitinho-bonasse-4kg-33376-1,2026-08-18 13:06:57,https://www.fortali.com.br/confeitaria?page=117,Pronto para comparar
Fortali Distribuidora,Confeitaria,CHOCOLATE BIS XTRA BRANCO 45G,CHOCOLATE BIS XTRA BRANCO 45G,33418,45G,45.0,G,45.0,G,,Não,117,https://www.fortali.com.br/chocolate-bis-xtra-branco-45g-33418-1,2026-08-18 13:06:57,https://www.fortali.com.br/confeitaria?page=117,Pronto para comparar
Fortali Distribuidora,Confeitaria,CHOCOLATE LACTA OREO 540G,CHOCOLATE LACTA OREO 540G,33419,540G,540.0,G,540.0,G,,Não,117,https://www.fortali.com.br/chocolate-lacta-oreo-540g-33419-1,2026-08-18 13:06:57,https://www.fortali.com.br/confeitaria?page=117,Pronto para comparar
Fortali Distribuidora,Confeitaria,CHANTILLY CLASSIC HULALA 1L,CHANTILLY CLASSIC HULALA 1L,33430,1L,1.0,L,1000.0,ML,,Não,117,https://www.fortali.com.br/chantilly-classic-hulala-1l-33430-1,2026-08-18 13:06:57,https://www.fortali.com.br/confeitaria?page=117,Pronto para comparar
Fortali Distribuidora,Confeitaria,CHANTILLY GOLD HULALA 1L,CHANTILLY GOLD HULALA 1L,33431,1L,1.0,L,1000.0,ML,,Não,117,https://www.fortali.com.br/chantilly-gold-hulala-1l-33431-1,2026-08-18 13:06:57,https://www.fortali.com.br/confeitaria?page=117,Pronto para comparar
Fortali Distribuidora,Confeitaria,CHANTILLY PLATINUM HULALA 1L,CHANTILLY PLATINUM HULALA 1L,33432,1L,1.0,L,1000.0,ML,,Não,117,https://www.fortali.com.br/chantilly-platinum-hulala-1l-33432-1,2026-08-18 13:06:57,https://www.fortali.com.br/confeitaria?page=117,Pronto para comparar
Fortali Distribuidora,Confeitaria,GANACHE DE PISTACHE BLEND GUSTOSIA 4KG,GANACHE DE PISTACHE BLEND GUSTOSIA 4KG,33441,4KG,4.0,KG,4000.0,G,,Não,26,https://www.fortali.com.br/ganache-de-pistache-blend-gustosia-4kg-33441-1,2026-08-18 13:06:57,https://www.fortali.com.br/confeitaria?page=26,Pronto para comparar
Fortali Distribuidora,Confeitaria,CREME DE AVELA COM CACAU 350G VABENE,CREME DE AVELA COM CACAU 350G VABENE,33445,350G,350.0,G,350.0,G,,Não,32,https://www.fortali.com.br/creme-de-avela-com-cacau-350g-vabene-33445-1,2026-08-18 13:06:57,https://www.fortali.com.br/confeitaria?page=32,Pronto para comparar
Fortali Distribuidora,Confeitaria,RECHEIO ARTESANAL DE PISTACHE 1KG VABENE,RECHEIO ARTESANAL DE PISTACHE 1KG VABENE,33446,1KG,1.0,KG,1000.0,G,,Não,12,https://www.fortali.com.br/recheio-artesanal-de-pistache-1kg-vabene-33446-1,2026-08-18 13:06:57,https://www.fortali.com.br/confeitaria?page=12,Pronto para comparar
Fortali Distribuidora,Confeitaria,"DOCE DE LEITE PAST VALE MINAS 4,8KG","DOCE DE LEITE PAST VALE MINAS 4,8KG",33447,"4,8KG",4.8,KG,4800.0,G,,Não,117,https://www.fortali.com.br/doce-de-leite-past-vale-minas-48kg-33447-1,2026-08-18 13:06:57,https://www.fortali.com.br/confeitaria?page=117,Pronto para comparar
Fortali Distribuidora,Confeitaria,"DOCE DE LEITE PAST COM CHOC VALE DE MINAS 4,8KG","DOCE DE LEITE PAST COM CHOC VALE DE MINAS 4,8KG",33448,"4,8KG",4.8,KG,4800.0,G,,Não,117,https://www.fortali.com.br/doce-de-leite-past-com-choc-vale-de-minas-48kg-33448-1,2026-08-18 13:06:57,https://www.fortali.com.br/confeitaria?page=117,Pronto para comparar
Fortali Distribuidora,Confeitaria,"DOCE DE LEITE PAST COM CHOC VALE DE MINAS 9,8KG","DOCE DE LEITE PAST COM CHOC VALE DE MINAS 9,8KG",33449,"9,8KG",9.8,KG,9800.0,G,,Não,117,https://www.fortali.com.br/doce-de-leite-past-com-choc-vale-de-minas-98kg-33449-1,2026-08-18 13:06:57,https://www.fortali.com.br/confeitaria?page=117,Pronto para comparar
Fortali Distribuidora,Confeitaria,"DOCE DE LEITE PASTOSO COM CHOCOLATE VALE DE MINAS 9,8KG","DOCE DE LEITE PASTOSO COM CHOCOLATE VALE DE MINAS 9,8KG",33450,"9,8KG",9.8,KG,9800.0,G,,Não,117,https://www.fortali.com.br/doce-de-leite-pastoso-com-chocolate-vale-de-minas-98kg-33450-1,2026-08-18 13:06:57,https://www.fortali.com.br/confeitaria?page=117,Pronto para comparar
Fortali Distribuidora,Confeitaria,DOCE DE LEITE PASTOSO VALE DE MINAS 400G,DOCE DE LEITE PASTOSO VALE DE MINAS 400G,33451,400G,400.0,G,400.0,G,,Não,117,https://www.fortali.com.br/doce-de-leite-pastoso-vale-de-minas-400g-33451-1,2026-08-18 13:06:57,https://www.fortali.com.br/confeitaria?page=117,Pronto para comparar
Fortali Distribuidora,Confeitaria,"DOCE DE LEITE PAST PURO RESERVA DE MINAS 4,8KG","DOCE DE LEITE PAST PURO RESERVA DE MINAS 4,8KG",33452,"4,8KG",4.8,KG,4800.0,G,,Não,117,https://www.fortali.com.br/doce-de-leite-past-puro-reserva-de-minas-48kg-33452-1,2026-08-18 13:06:57,https://www.fortali.com.br/confeitaria?page=117,Pronto para comparar
Fortali Distribuidora,Confeitaria,"GOIABADA CREMOSA RESERVA DE MINAS 4,8KG","GOIABADA CREMOSA RESERVA DE MINAS 4,8KG",33454,"4,8KG",4.8,KG,4800.0,G,,Não,117,https://www.fortali.com.br/goiabada-cremosa-reserva-de-minas-48kg-33454-1,2026-08-18 13:06:57,https://www.fortali.com.br/confeitaria?page=117,Pronto para comparar
Fortali Distribuidora,Confeitaria,DOCE PASTOSO COM LEITE RESERVA DE MINAS 435G,DOCE PASTOSO COM LEITE RESERVA DE MINAS 435G,33456,435G,435.0,G,435.0,G,,Não,117,https://www.fortali.com.br/doce-pastoso-com-leite-reserva-de-minas-435g-33456-1,2026-08-18 13:06:57,https://www.fortali.com.br/confeitaria?page=117,Pronto para comparar
Fortali Distribuidora,Confeitaria,"RECHEIO FORNEAVEL DE GOIABA 1,01KG VABENE","RECHEIO FORNEAVEL DE GOIABA 1,01KG VABENE",33458,"1,01KG",1.01,KG,1010.0,G,,Não,7,https://www.fortali.com.br/recheio-forneavel-de-goiaba-1-01kg-vabene-33458-1,2026-08-18 13:06:57,https://www.fortali.com.br/confeitaria?page=7,Pronto para comparar
Fortali Distribuidora,Confeitaria,"RECHEIO FORNEAVEL SABOR CHOCOLATE 1,01KG","RECHEIO FORNEAVEL SABOR CHOCOLATE 1,01KG",33492,"1,01KG",1.01,KG,1010.0,G,,Não,118,https://www.fortali.com.br/recheio-forneavel-sabor-chocolate-101kg-33492-1,2026-08-18 13:06:57,https://www.fortali.com.br/confeitaria?page=118,Pronto para comparar
Fortali Distribuidora,Confeitaria,"RECH FORN SABOR CHOCOLATE C/AVELA 1,010G","RECH FORN SABOR CHOCOLATE C AVELA 1,010G",33493,"1,010G",1.01,G,1.01,G,,Não,34,https://www.fortali.com.br/rech-forn-sabor-chocolate-cavela-1010g-33493-1,2026-08-18 13:06:57,https://www.fortali.com.br/confeitaria?page=34,Pronto para comparar
Fortali Distribuidora,Confeitaria,DOCE DE LEITE COM CHOC AUREA CHOCAU 350G,DOCE DE LEITE COM CHOC AUREA CHOCAU 350G,33507,350G,350.0,G,350.0,G,,Não,118,https://www.fortali.com.br/doce-de-leite-com-choc-aurea-chocau-350g-33507-1,2026-08-18 13:06:57,https://www.fortali.com.br/confeitaria?page=118,Pronto para comparar
Fortali Distribuidora,Confeitaria,"DOCE DE LEITE C/ CHOC AUREA 4,8KG","DOCE DE LEITE C CHOC AUREA 4,8KG",33508,"4,8KG",4.8,KG,4800.0,G,,Não,12,https://www.fortali.com.br/doce-de-leite-c-choc-aurea-48kg-33508-1,2026-08-18 13:06:57,https://www.fortali.com.br/confeitaria?page=12,Pronto para comparar
Fortali Distribuidora,Confeitaria,FORMA P/ CHOC PROF CORACAO TR BLUESTAR 1 PC 20G,FORMA P CHOC PROF CORACAO TR BLUESTAR 1 PC 20G,33526,20G,20.0,G,20.0,G,,Não,118,https://www.fortali.com.br/forma-p-choc-prof-coracao-tr-bluestar-1-pc-20g-33526-1,2026-08-18 13:06:57,https://www.fortali.com.br/confeitaria?page=118,Pronto para comparar
Fortali Distribuidora,Confeitaria,FORMA P/ CHOC PROF ROSA TR BLUESTAR 1 PC 20G,FORMA P CHOC PROF ROSA TR BLUESTAR 1 PC 20G,33527,20G,20.0,G,20.0,G,,Não,118,https://www.fortali.com.br/forma-p-choc-prof-rosa-tr-bluestar-1-pc-20g-33527-1,2026-08-18 13:06:57,https://www.fortali.com.br/confeitaria?page=118,Pronto para comparar
Fortali Distribuidora,Confeitaria,KIT MINI STENCILS CALIENTE  BLUESTAR 4 PC,KIT MINI STENCILS CALIENTE BLUESTAR 4 PC,33537,,,,,,,Não,118,https://www.fortali.com.br/kit-mini-stencils-caliente--bluestar-4-pc-33537-1,2026-08-18 13:06:57,https://www.fortali.com.br/confeitaria?page=118,Revisar embalagem
Fortali Distribuidora,Confeitaria,KIT CARIMBOS DORAMA AMARELO (2 CM) BLUESTAR 7 PC,KIT CARIMBOS DORAMA AMARELO 2 CM BLUESTAR 7 PC,33538,,,,,,,Não,118,https://www.fortali.com.br/kit-carimbos-dorama-amarelo-2-cm-bluestar-7-pc-33538-1,2026-08-18 13:06:57,https://www.fortali.com.br/confeitaria?page=118,Revisar embalagem
Fortali Distribuidora,Confeitaria,CHANTILLY SUPREMON BRAVO 1L,CHANTILLY SUPREMON BRAVO 1L,33594,1L,1.0,L,1000.0,ML,,Não,7,https://www.fortali.com.br/chantilly-supremon-bravo-1l-33594-1,2026-08-18 13:06:57,https://www.fortali.com.br/confeitaria?page=7,Pronto para comparar
Fortali Distribuidora,Confeitaria,"CREME DE AVELA COM CACAU BOM PRINCIPIO 2,5KG","CREME DE AVELA COM CACAU BOM PRINCIPIO 2,5KG",33597,"2,5KG",2.5,KG,2500.0,G,,Não,19,https://www.fortali.com.br/creme-de-avela-com-cacau-bom-principio-2-5kg-33597-1,2026-08-18 13:06:57,https://www.fortali.com.br/confeitaria?page=19,Pronto para comparar
Fortali Distribuidora,Confeitaria,CREME AVELA C/CACAU BOM PRINCIPIO 650G,CREME AVELA C CACAU BOM PRINCIPIO 650G,33598,650G,650.0,G,650.0,G,,Não,118,https://www.fortali.com.br/creme-avela-c-cacau-bom-principio-650g-33598-1,2026-08-18 13:06:57,https://www.fortali.com.br/confeitaria?page=118,Pronto para comparar
Fortali Distribuidora,Confeitaria,CREME AVELA C/CACAU BOM PRINCIPIO 350G,CREME AVELA C CACAU BOM PRINCIPIO 350G,33599,350G,350.0,G,350.0,G,,Não,118,https://www.fortali.com.br/creme-avela-c-cacau-bom-principio-350g-33599-1,2026-08-18 13:06:57,https://www.fortali.com.br/confeitaria?page=118,Pronto para comparar
Fortali Distribuidora,Confeitaria,"DOCE DE LEITE COM CHOCOLATE BOM PRINCIPIO 4,8KG","DOCE DE LEITE COM CHOCOLATE BOM PRINCIPIO 4,8KG",33600,"4,8KG",4.8,KG,4800.0,G,,Não,26,https://www.fortali.com.br/doce-de-leite-com-chocolate-bom-principio-4-8kg-33600-1,2026-08-18 13:06:57,https://www.fortali.com.br/confeitaria?page=26,Pronto para comparar
Fortali Distribuidora,Confeitaria,"DOCE DE LEITE MAIS CONSISTENTE BOM PRINCIPIO 1,01KG","DOCE DE LEITE MAIS CONSISTENTE BOM PRINCIPIO 1,01KG",33601,"1,01KG",1.01,KG,1010.0,G,,Não,16,https://www.fortali.com.br/doce-de-leite-mais-consistente-bom-principio-1-01kg-33601-1,2026-08-18 13:06:57,https://www.fortali.com.br/confeitaria?page=16,Pronto para comparar
Fortali Distribuidora,Confeitaria,"RECH E COB CHOC BRANCO C/COOKIES BOM PRINCIPIO 1,01KG","RECH E COB CHOC BRANCO C COOKIES BOM PRINCIPIO 1,01KG",33602,"1,01KG",1.01,KG,1010.0,G,,Não,14,https://www.fortali.com.br/rech-e-cob-choc-branco-c-cookies-bom-principio-1-01kg-33602-1,2026-08-18 13:06:57,https://www.fortali.com.br/confeitaria?page=14,Pronto para comparar
Fortali Distribuidora,Confeitaria,"RECH E COB CARAMELO BISN BOM PRINCIPIO 1,010KG","RECH E COB CARAMELO BISN BOM PRINCIPIO 1,010KG",33603,"1,010KG",1.01,KG,1010.0,G,,Não,26,https://www.fortali.com.br/rech-e-cob-caramelo-bisn-bom-principio-1-010kg-33603-1,2026-08-18 13:06:57,https://www.fortali.com.br/confeitaria?page=26,Pronto para comparar
Fortali Distribuidora,Confeitaria,"RECH E COB PISTACHE BISN BOM PRINCIPIO 1,010KG","RECH E COB PISTACHE BISN BOM PRINCIPIO 1,010KG",33604,"1,010KG",1.01,KG,1010.0,G,,Não,33,https://www.fortali.com.br/rech-e-cob-pistache-bisn-bom-principio-1-010kg-33604-1,2026-08-18 13:06:57,https://www.fortali.com.br/confeitaria?page=33,Pronto para comparar
Fortali Distribuidora,Confeitaria,"RECH E COB MARACUJA BISN BOM PRINCIPIO 1,010KG","RECH E COB MARACUJA BISN BOM PRINCIPIO 1,010KG",33605,"1,010KG",1.01,KG,1010.0,G,,Não,118,https://www.fortali.com.br/rech-e-cob-maracuja-bisn-bom-principio-1-010kg-33605-1,2026-08-18 13:06:57,https://www.fortali.com.br/confeitaria?page=118,Pronto para comparar
Fortali Distribuidora,Confeitaria,"RECH E COB MORANGO BISN BOM PRINCIPIO 1,010KG","RECH E COB MORANGO BISN BOM PRINCIPIO 1,010KG",33606,"1,010KG",1.01,KG,1010.0,G,,Não,118,https://www.fortali.com.br/rech-e-cob-morango-bisn-bom-principio-1-010kg-33606-1,2026-08-18 13:06:57,https://www.fortali.com.br/confeitaria?page=118,Pronto para comparar
Fortali Distribuidora,Confeitaria,"CREME DE AMENDOIM BOM PRINCIPIO BISNAGA 1,010KG","CREME DE AMENDOIM BOM PRINCIPIO BISNAGA 1,010KG",33612,"1,010KG",1.01,KG,1010.0,G,,Não,17,https://www.fortali.com.br/creme-de-amendoim-bom-principio-bisnaga-1-010kg-33612-1,2026-08-18 13:06:57,https://www.fortali.com.br/confeitaria?page=17,Pronto para comparar
Fortali Distribuidora,Confeitaria,"CREME PISTACHE PLATINO AROMITALIA 3,5KG","CREME PISTACHE PLATINO AROMITALIA 3,5KG",33616,"3,5KG",3.5,KG,3500.0,G,,Não,19,https://www.fortali.com.br/creme-pistache-platino-aromitalia-35kg-33616-1,2026-08-18 13:06:57,https://www.fortali.com.br/confeitaria?page=19,Pronto para comparar
Fortali Distribuidora,Confeitaria,"GELEIA DE BRILHO  MORANGO B PRINCIPIO 2,5KG","GELEIA DE BRILHO MORANGO B PRINCIPIO 2,5KG",33619,"2,5KG",2.5,KG,2500.0,G,,Não,18,https://www.fortali.com.br/geleia-de-brilho-morango-b-principio-2-5kg-33619-1,2026-08-18 13:06:57,https://www.fortali.com.br/confeitaria?page=18,Pronto para comparar
Fortali Distribuidora,Confeitaria,"RECH FORN GOIABA BOM PRINCIPIO 1,01KG","RECH FORN GOIABA BOM PRINCIPIO 1,01KG",33620,"1,01KG",1.01,KG,1010.0,G,,Não,8,https://www.fortali.com.br/rech-forn-goiaba-bom-principio-1-01kg-33620-1,2026-08-18 13:06:57,https://www.fortali.com.br/confeitaria?page=8,Pronto para comparar
Fortali Distribuidora,Confeitaria,"RECH FORN CHOC AO LEITE BOM PRINCIPIO 1,010KG","RECH FORN CHOC AO LEITE BOM PRINCIPIO 1,010KG",33622,"1,010KG",1.01,KG,1010.0,G,,Não,118,https://www.fortali.com.br/rech-forn-choc-ao-leite-bom-principio-1-010kg-33622-1,2026-08-18 13:06:57,https://www.fortali.com.br/confeitaria?page=118,Pronto para comparar
Fortali Distribuidora,Confeitaria,"RECH E COB CHOC AVELA BOM PRINCIPIO 1,01KG","RECH E COB CHOC AVELA BOM PRINCIPIO 1,01KG",33623,"1,01KG",1.01,KG,1010.0,G,,Não,118,https://www.fortali.com.br/rech-e-cob-choc-avela-bom-principio-1-01kg-33623-1,2026-08-18 13:06:57,https://www.fortali.com.br/confeitaria?page=118,Pronto para comparar
Fortali Distribuidora,Confeitaria,"CREME DE AVELA BOM PRINCIPIO MANGA 1,01KG","CREME DE AVELA BOM PRINCIPIO MANGA 1,01KG",33624,"1,01KG",1.01,KG,1010.0,G,,Não,26,https://www.fortali.com.br/creme-de-avela-bom-principio-manga-1-01kg-33624-1,2026-08-18 13:06:57,https://www.fortali.com.br/confeitaria?page=26,Pronto para comparar
Fortali Distribuidora,Confeitaria,"GELEIA DE PIMENTA VERMELHA BOM PRINCIPIO POTE 1,01KG","GELEIA DE PIMENTA VERMELHA BOM PRINCIPIO POTE 1,01KG",33625,"1,01KG",1.01,KG,1010.0,G,,Não,4,https://www.fortali.com.br/geleia-de-pimenta-vermelha-bom-principio-pote-1-01kg-33625-1,2026-08-18 13:06:57,https://www.fortali.com.br/confeitaria?page=4,Pronto para comparar
Fortali Distribuidora,Confeitaria,"GELEIA DE MORANGO COM PIMENTA BOM PRINCIPIO POTE 1,01KG","GELEIA DE MORANGO COM PIMENTA BOM PRINCIPIO POTE 1,01KG",33626,"1,01KG",1.01,KG,1010.0,G,,Não,26,https://www.fortali.com.br/geleia-de-morango-com-pimenta-bom-principio-pote-1-01kg-33626-1,2026-08-18 13:06:57,https://www.fortali.com.br/confeitaria?page=26,Pronto para comparar
Fortali Distribuidora,Confeitaria,"DOCE DE LEITE CONFEITARIA SEM AMIDO BOM PRINCIPIO 4,8KG","DOCE DE LEITE CONFEITARIA SEM AMIDO BOM PRINCIPIO 4,8KG",33627,"4,8KG",4.8,KG,4800.0,G,,Não,18,https://www.fortali.com.br/doce-de-leite-confeitaria-sem-amido-bom-principio-4-8kg-33627-1,2026-08-18 13:06:57,https://www.fortali.com.br/confeitaria?page=18,Pronto para comparar
Fortali Distribuidora,Confeitaria,KIT COLHER ROSA BB 13CM BLUESTAR PC 50UN,KIT COLHER ROSA BB 13CM BLUESTAR PC 50UN,33672,,,,,,,Não,118,https://www.fortali.com.br/kit-colher-rosa-bb-13cm-bluestar-pc-50un-33672-1,2026-08-18 13:06:57,https://www.fortali.com.br/confeitaria?page=118,Revisar embalagem
Fortali Distribuidora,Confeitaria,"KIT CARIMBOS TURMA DA MONICA AMARELO (2,5 CM) - 7 PC","KIT CARIMBOS TURMA DA MONICA AMARELO 2,5 CM 7 PC",33703,,,,,,,Não,118,https://www.fortali.com.br/kit-carimbos-turma-da-monica-amarelo-25-cm--7-pc-33703-1,2026-08-18 13:06:57,https://www.fortali.com.br/confeitaria?page=118,Revisar embalagem
Fortali Distribuidora,Confeitaria,"KIT CARIMBOS TURMA DA MONICA ROSA BEBÊ (2,5 CM) - 7 PC","KIT CARIMBOS TURMA DA MONICA ROSA BEBE 2,5 CM 7 PC",33704,,,,,,,Não,118,https://www.fortali.com.br/kit-carimbos-turma-da-monica-rosa-bebe-25-cm--7-pc-33704-1,2026-08-18 13:06:57,https://www.fortali.com.br/confeitaria?page=118,Revisar embalagem
Fortali Distribuidora,Confeitaria,KIT MINI STENCILS MONICA - 4 PC,KIT MINI STENCILS MONICA 4 PC,33705,,,,,,,Não,118,https://www.fortali.com.br/kit-mini-stencils-monica--4-pc-33705-1,2026-08-18 13:06:57,https://www.fortali.com.br/confeitaria?page=118,Revisar embalagem
Fortali Distribuidora,Confeitaria,KIT MINI STENCILS MAGALI - 4 PC,KIT MINI STENCILS MAGALI 4 PC,33706,,,,,,,Não,118,https://www.fortali.com.br/kit-mini-stencils-magali--4-pc-33706-1,2026-08-18 13:06:57,https://www.fortali.com.br/confeitaria?page=118,Revisar embalagem
Fortali Distribuidora,Confeitaria,KIT MINI STENCILS CEBOLINHA - 4 PC,KIT MINI STENCILS CEBOLINHA 4 PC,33707,,,,,,,Não,118,https://www.fortali.com.br/kit-mini-stencils-cebolinha--4-pc-33707-1,2026-08-18 13:06:57,https://www.fortali.com.br/confeitaria?page=118,Revisar embalagem
Fortali Distribuidora,Confeitaria,KIT MINI STENCILS CASCAO - 4 PC,KIT MINI STENCILS CASCAO 4 PC,33708,,,,,,,Não,118,https://www.fortali.com.br/kit-mini-stencils-cascao--4-pc-33708-1,2026-08-18 13:06:57,https://www.fortali.com.br/confeitaria?page=118,Revisar embalagem
Fortali Distribuidora,Confeitaria,KIT MINI STENCILS MILENA - 4 PC,KIT MINI STENCILS MILENA 4 PC,33709,,,,,,,Não,118,https://www.fortali.com.br/kit-mini-stencils-milena--4-pc-33709-1,2026-08-18 13:06:57,https://www.fortali.com.br/confeitaria?page=118,Revisar embalagem
Fortali Distribuidora,Confeitaria,STENCIL MEDIO MONICA - 1 PC,STENCIL MEDIO MONICA 1 PC,33711,,,,,,,Não,118,https://www.fortali.com.br/stencil-medio-monica--1-pc-33711-1,2026-08-18 13:06:57,https://www.fortali.com.br/confeitaria?page=118,Revisar embalagem
Fortali Distribuidora,Confeitaria,STENCIL MEDIO CEBOLINHA - 1 PC,STENCIL MEDIO CEBOLINHA 1 PC,33712,,,,,,,Não,118,https://www.fortali.com.br/stencil-medio-cebolinha--1-pc-33712-1,2026-08-18 13:06:57,https://www.fortali.com.br/confeitaria?page=118,Revisar embalagem
Fortali Distribuidora,Confeitaria,STENCIL MEDIO MAGALI - 1 PC,STENCIL MEDIO MAGALI 1 PC,33713,,,,,,,Não,118,https://www.fortali.com.br/stencil-medio-magali--1-pc-33713-1,2026-08-18 13:06:57,https://www.fortali.com.br/confeitaria?page=118,Revisar embalagem
Fortali Distribuidora,Confeitaria,STENCIL MEDIO MILENA - 1 PC,STENCIL MEDIO MILENA 1 PC,33714,,,,,,,Não,118,https://www.fortali.com.br/stencil-medio-milena--1-pc-33714-1,2026-08-18 13:06:57,https://www.fortali.com.br/confeitaria?page=118,Revisar embalagem
Fortali Distribuidora,Confeitaria,STENCIL MEDIO CASCAO - 1 PC,STENCIL MEDIO CASCAO 1 PC,33715,,,,,,,Não,119,https://www.fortali.com.br/stencil-medio-cascao--1-pc-33715-1,2026-08-18 13:06:57,https://www.fortali.com.br/confeitaria?page=119,Revisar embalagem
Fortali Distribuidora,Confeitaria,STENCIL TURMA DA MONICA SORTIDOS - 1 PC,STENCIL TURMA DA MONICA SORTIDOS 1 PC,33716,,,,,,,Não,119,https://www.fortali.com.br/stencil-turma-da-monica-sortidos--1-pc-33716-1,2026-08-18 13:06:57,https://www.fortali.com.br/confeitaria?page=119,Revisar embalagem
Fortali Distribuidora,Confeitaria,"KIT CARIMBOS CHICO BENTO AMARELO (2,5 CM) - 7 PC","KIT CARIMBOS CHICO BENTO AMARELO 2,5 CM 7 PC",33717,,,,,,,Não,119,https://www.fortali.com.br/kit-carimbos-chico-bento-amarelo-25-cm--7-pc-33717-1,2026-08-18 13:06:57,https://www.fortali.com.br/confeitaria?page=119,Revisar embalagem
Fortali Distribuidora,Confeitaria,"KIT CARIMBOS CHICO BENTO ROSA BEBÊ (2,5 CM) - 7 PC","KIT CARIMBOS CHICO BENTO ROSA BEBE 2,5 CM 7 PC",33718,,,,,,,Não,119,https://www.fortali.com.br/kit-carimbos-chico-bento-rosa-bebe-25-cm--7-pc-33718-1,2026-08-18 13:06:57,https://www.fortali.com.br/confeitaria?page=119,Revisar embalagem
Fortali Distribuidora,Confeitaria,KIT MINI STENCILS CHICO BENTO - 4 PC,KIT MINI STENCILS CHICO BENTO 4 PC,33719,,,,,,,Não,119,https://www.fortali.com.br/kit-mini-stencils-chico-bento--4-pc-33719-1,2026-08-18 13:06:57,https://www.fortali.com.br/confeitaria?page=119,Revisar embalagem
Fortali Distribuidora,Confeitaria,STENCIL MEDIO CHICO BENTO E ROSINHA - 1 PC,STENCIL MEDIO CHICO BENTO E ROSINHA 1 PC,33720,,,,,,,Não,119,https://www.fortali.com.br/stencil-medio-chico-bento-e-rosinha--1-pc-33720-1,2026-08-18 13:06:57,https://www.fortali.com.br/confeitaria?page=119,Revisar embalagem
Fortali Distribuidora,Confeitaria,STENCIL CHICO BENTO SORTIDOS - 1 PC,STENCIL CHICO BENTO SORTIDOS 1 PC,33721,,,,,,,Não,119,https://www.fortali.com.br/stencil-chico-bento-sortidos--1-pc-33721-1,2026-08-18 13:06:57,https://www.fortali.com.br/confeitaria?page=119,Revisar embalagem
Fortali Distribuidora,Confeitaria,PISTACHE CONFEITO FLOCOS MACIO MIX 500G,PISTACHE CONFEITO FLOCOS MACIO MIX 500G,33776,500G,500.0,G,500.0,G,,Não,119,https://www.fortali.com.br/pistache-confeito-flocos-macio-mix-500g-33776-1,2026-08-18 13:06:57,https://www.fortali.com.br/confeitaria?page=119,Pronto para comparar
Fortali Distribuidora,Confeitaria,FLOCOS MACIO CHOC ESCURO CONFEITO MIX 1.01 KG,FLOCOS MACIO CHOC ESCURO CONFEITO MIX 1.01 KG,33777,1.01KG,1.01,KG,1010.0,G,,Não,36,https://www.fortali.com.br/flocos-macio-choc-escuro-confeito-mix-101-kg-33777-1,2026-08-18 13:06:57,https://www.fortali.com.br/confeitaria?page=36,Pronto para comparar
Fortali Distribuidora,Confeitaria,FLOCOS MACIO CHOC ESCURO CONFEITO MIX 500KG,FLOCOS MACIO CHOC ESCURO CONFEITO MIX 500KG,33778,500KG,500.0,KG,500000.0,G,,Não,119,https://www.fortali.com.br/flocos-macio-choc-escuro-confeito-mix-500kg-33778-1,2026-08-18 13:06:57,https://www.fortali.com.br/confeitaria?page=119,Pronto para comparar
Fortali Distribuidora,Confeitaria,FLOCOS MACIO  CHO ESCURO CONFEITO MIX 120G,FLOCOS MACIO CHO ESCURO CONFEITO MIX 120G,33779,120G,120.0,G,120.0,G,,Não,119,https://www.fortali.com.br/flocos-macio--cho-escuro-confeito-mix-120g-33779-1,2026-08-18 13:06:57,https://www.fortali.com.br/confeitaria?page=119,Pronto para comparar
Fortali Distribuidora,Confeitaria,FLOCOS MACIO CHOC MESCLADO CONFEITO MIX 500G,FLOCOS MACIO CHOC MESCLADO CONFEITO MIX 500G,33780,500G,500.0,G,500.0,G,,Não,119,https://www.fortali.com.br/flocos-macio-choc-mesclado-confeito-mix-500g-33780-1,2026-08-18 13:06:57,https://www.fortali.com.br/confeitaria?page=119,Pronto para comparar
Fortali Distribuidora,Confeitaria,FLOCOS MACIO CHOC MESCLADO CONFEITO MIX 120G,FLOCOS MACIO CHOC MESCLADO CONFEITO MIX 120G,33781,120G,120.0,G,120.0,G,,Não,119,https://www.fortali.com.br/flocos-macio-choc-mesclado-confeito-mix-120g-33781-1,2026-08-18 13:06:57,https://www.fortali.com.br/confeitaria?page=119,Pronto para comparar
Fortali Distribuidora,Confeitaria,CHICLE BOL SORTIDO 350G,CHICLE BOL SORTIDO 350G,33834,350G,350.0,G,350.0,G,,Não,119,https://www.fortali.com.br/chicle-bol-sortido-350g-33834-1,2026-08-18 13:06:57,https://www.fortali.com.br/confeitaria?page=119,Pronto para comparar
Fortali Distribuidora,Confeitaria,"RECH FORN CHOC AO LEITE CONF HARALD 2,01KG","RECH FORN CHOC AO LEITE CONF HARALD 2,01KG",33859,"2,01KG",2.01,KG,2010.0,G,,Não,34,https://www.fortali.com.br/rech-forn-choc-ao-leite-conf-harald-201kg-33859-1,2026-08-18 13:06:57,https://www.fortali.com.br/confeitaria?page=34,Pronto para comparar
Fortali Distribuidora,Confeitaria,RECH DENTADURA 6X1KG,RECH DENTADURA 6X1KG,33884,1KG,1.0,KG,1000.0,G,,Não,119,https://www.fortali.com.br/rech-dentadura-6x1kg-33884-1,2026-08-18 13:06:57,https://www.fortali.com.br/confeitaria?page=119,Pronto para comparar
Fortali Distribuidora,Confeitaria,RECH BEIJO 6X1KG,RECH BEIJO 6X1KG,33885,1KG,1.0,KG,1000.0,G,,Não,119,https://www.fortali.com.br/rech-beijo-6x1kg-33885-1,2026-08-18 13:06:57,https://www.fortali.com.br/confeitaria?page=119,Pronto para comparar
Fortali Distribuidora,Confeitaria,RECH BANANA 6X1KG,RECH BANANA 6X1KG,33887,1KG,1.0,KG,1000.0,G,,Não,119,https://www.fortali.com.br/rech-banana-6x1kg-33887-1,2026-08-18 13:06:57,https://www.fortali.com.br/confeitaria?page=119,Pronto para comparar
Fortali Distribuidora,Confeitaria,PASTA GUSTOSIA MORANGO 90G,PASTA GUSTOSIA MORANGO 90G,34005,90G,90.0,G,90.0,G,,Não,26,https://www.fortali.com.br/pasta-gustosia-morango-90g-34005-1,2026-08-18 13:06:57,https://www.fortali.com.br/confeitaria?page=26,Pronto para comparar
Fortali Distribuidora,Confeitaria,PROTETOR CAKE BOARD BOLOS 10CM 4PC BLUESTAR,PROTETOR CAKE BOARD BOLOS 10CM 4PC BLUESTAR,34036,,,,,,,Não,119,https://www.fortali.com.br/protetor-cake-board-bolos-10cm-4pc-bluestar-34036-1,2026-08-18 13:06:57,https://www.fortali.com.br/confeitaria?page=119,Revisar embalagem
Fortali Distribuidora,Confeitaria,PROTETOR CAKE BOARD BOLOS 15CM 4PC BLUESTAR,PROTETOR CAKE BOARD BOLOS 15CM 4PC BLUESTAR,34037,,,,,,,Não,119,https://www.fortali.com.br/protetor-cake-board-bolos-15cm-4pc-bluestar-34037-1,2026-08-18 13:06:57,https://www.fortali.com.br/confeitaria?page=119,Revisar embalagem
Fortali Distribuidora,Confeitaria,PROTETOR CAKE BOARD BOLOS 25CM 4PC BLUESTAR,PROTETOR CAKE BOARD BOLOS 25CM 4PC BLUESTAR,34039,,,,,,,Não,119,https://www.fortali.com.br/protetor-cake-board-bolos-25cm-4pc-bluestar-34039-1,2026-08-18 13:06:57,https://www.fortali.com.br/confeitaria?page=119,Revisar embalagem
Fortali Distribuidora,Confeitaria,"FORMA MULTIUSO REDONDA TRAD 1,1L 10PC BLUESTAR","FORMA MULTIUSO REDONDA TRAD 1,1L 10PC BLUESTAR",34040,"1,1L",1.1,L,1100.0,ML,,Não,119,https://www.fortali.com.br/forma-multiuso-redonda-trad-11l-10pc-bluestar-34040-1,2026-08-18 13:06:57,https://www.fortali.com.br/confeitaria?page=119,Pronto para comparar
Fortali Distribuidora,Confeitaria,"CHOC AO LEITE PROF SICAO BARRA 1,01KG","CHOC AO LEITE PROF SICAO BARRA 1,01KG",34046,"1,01KG",1.01,KG,1010.0,G,,Não,32,https://www.fortali.com.br/choc-ao-leite-prof-sicao-barra-1-01kg-34046-1,2026-08-18 13:06:57,https://www.fortali.com.br/confeitaria?page=32,Pronto para comparar
Fortali Distribuidora,Confeitaria,"CHOC MEIO AMARGO PROFISSIONAL BARRA SICAO 1,01KG","CHOC MEIO AMARGO PROFISSIONAL BARRA SICAO 1,01KG",34047,"1,01KG",1.01,KG,1010.0,G,,Não,11,https://www.fortali.com.br/choc-meio-amargo-profissional-barra-sicao-101kg-34047-1,2026-08-18 13:06:57,https://www.fortali.com.br/confeitaria?page=11,Pronto para comparar
Fortali Distribuidora,Confeitaria,"RECH FORN AVELA CONF HARALD 2,01KG","RECH FORN AVELA CONF HARALD 2,01KG",34123,"2,01KG",2.01,KG,2010.0,G,,Não,26,https://www.fortali.com.br/rech-forn-avela-conf-harald-201kg-34123-1,2026-08-18 13:06:57,https://www.fortali.com.br/confeitaria?page=26,Pronto para comparar
Fortali Distribuidora,Confeitaria,"RECH FORN PISTACHE CONF HARALD 1,01KG","RECH FORN PISTACHE CONF HARALD 1,01KG",34124,"1,01KG",1.01,KG,1010.0,G,,Não,30,https://www.fortali.com.br/rech-forn-pistache-conf-harald-101kg-34124-1,2026-08-18 13:06:57,https://www.fortali.com.br/confeitaria?page=30,Pronto para comparar
Fortali Distribuidora,Confeitaria,ACHOCOLATADO 3 CORAÇÕES CHOCOLATTO REFIL 900 G,ACHOCOLATADO 3 CORACOES CHOCOLATTO REFIL 900 G,34125,900G,900.0,G,900.0,G,,Não,119,https://www.fortali.com.br/achocolatado-3-coracoes-chocolatto-refil-900-g-34125-1,2026-08-18 13:06:57,https://www.fortali.com.br/confeitaria?page=119,Pronto para comparar
Fortali Distribuidora,Confeitaria,LEITE COND INTEGRAL MOCA BAG 3KG,LEITE COND INTEGRAL MOCA BAG 3KG,34263,3KG,3.0,KG,3000.0,G,,Não,119,https://www.fortali.com.br/leite-cond-integral-moca-bag-3kg-34263-1,2026-08-18 13:06:57,https://www.fortali.com.br/confeitaria?page=119,Pronto para comparar
Fortali Distribuidora,Confeitaria,"CHOC EM PO 32% BEST BAKER  1,005KG","CHOC EM PO 32% BEST BAKER 1,005KG",34371,"1,005KG",1.005,KG,1005.0,G,,Não,30,https://www.fortali.com.br/choc-em-po-32-best-baker--1005kg-34371-1,2026-08-18 13:06:57,https://www.fortali.com.br/confeitaria?page=30,Pronto para comparar
Fortali Distribuidora,Confeitaria,"CHOC EM PO 50% BEST BAKER 1,005KG","CHOC EM PO 50% BEST BAKER 1,005KG",34372,"1,005KG",1.005,KG,1005.0,G,,Não,33,https://www.fortali.com.br/choc-em-po-50-best-baker-1005kg-34372-1,2026-08-18 13:06:57,https://www.fortali.com.br/confeitaria?page=33,Pronto para comparar
Fortali Distribuidora,Confeitaria,DOCE DE LEITE MILK RESERVA DE MINAS 350G,DOCE DE LEITE MILK RESERVA DE MINAS 350G,34395,350G,350.0,G,350.0,G,,Não,119,https://www.fortali.com.br/doce-de-leite-milk-reserva-de-minas-350g-34395-1,2026-08-18 13:06:57,https://www.fortali.com.br/confeitaria?page=119,Pronto para comparar
Fortali Distribuidora,Confeitaria,"DOCE PAST CARAMELO SALGADO RESERVA DE MINAS 1,01KG","DOCE PAST CARAMELO SALGADO RESERVA DE MINAS 1,01KG",34399,"1,01KG",1.01,KG,1010.0,G,,Não,119,https://www.fortali.com.br/doce-past-caramelo-salgado-reserva-de-minas-101kg-34399-1,2026-08-18 13:06:57,https://www.fortali.com.br/confeitaria?page=119,Pronto para comparar
Fortali Distribuidora,Confeitaria,"CREME DE GOIABADA POPULAR 4,6KG","CREME DE GOIABADA POPULAR 4,6KG",34405,"4,6KG",4.6,KG,4600.0,G,,Não,30,https://www.fortali.com.br/creme-de-goiabada-popular-46kg-34405-1,2026-08-18 13:06:57,https://www.fortali.com.br/confeitaria?page=30,Pronto para comparar
Fortali Distribuidora,Confeitaria,COB TOP M AMARGO HARALD BARRA 500G,COB TOP M AMARGO HARALD BARRA 500G,34428,500G,500.0,G,500.0,G,,Não,32,https://www.fortali.com.br/cob-top-m-amargo-harald-barra-500g-34428-1,2026-08-18 13:06:57,https://www.fortali.com.br/confeitaria?page=32,Pronto para comparar
Fortali Distribuidora,Confeitaria,COB TOP BRANCA HARALD BARRA 500G,COB TOP BRANCA HARALD BARRA 500G,34429,500G,500.0,G,500.0,G,,Não,12,https://www.fortali.com.br/cob-top-branca-harald-barra-500g-34429-1,2026-08-18 13:06:57,https://www.fortali.com.br/confeitaria?page=12,Pronto para comparar
Fortali Distribuidora,Confeitaria,COB TOP AO LEITE  HARALD BARRA 500G,COB TOP AO LEITE HARALD BARRA 500G,34430,500G,500.0,G,500.0,G,,Não,17,https://www.fortali.com.br/cob-top-ao-leite--harald-barra-500g-34430-1,2026-08-18 13:06:57,https://www.fortali.com.br/confeitaria?page=17,Pronto para comparar
Fortali Distribuidora,Confeitaria,COB CONF M AMARGO HARALD BARRA 500G,COB CONF M AMARGO HARALD BARRA 500G,34431,500G,500.0,G,500.0,G,,Não,14,https://www.fortali.com.br/cob-conf-m-amargo-harald-barra-500g-34431-1,2026-08-18 13:06:57,https://www.fortali.com.br/confeitaria?page=14,Pronto para comparar
Fortali Distribuidora,Confeitaria,COB CONF AO LEITE HARALD BARRA 500G,COB CONF AO LEITE HARALD BARRA 500G,34432,500G,500.0,G,500.0,G,,Não,5,https://www.fortali.com.br/cob-conf-ao-leite-harald-barra-500g-34432-1,2026-08-18 13:06:57,https://www.fortali.com.br/confeitaria?page=5,Pronto para comparar
Fortali Distribuidora,Confeitaria,COB CONF BRANCO HARALD BARRA 500G,COB CONF BRANCO HARALD BARRA 500G,34433,500G,500.0,G,500.0,G,,Não,10,https://www.fortali.com.br/cob-conf-branco-harald-barra-500g-34433-1,2026-08-18 13:06:57,https://www.fortali.com.br/confeitaria?page=10,Pronto para comparar
Fortali Distribuidora,Confeitaria,CREME GANACHE CARAMELO MELKEN 1KG,CREME GANACHE CARAMELO MELKEN 1KG,34434,1KG,1.0,KG,1000.0,G,,Não,120,https://www.fortali.com.br/creme-ganache-caramelo-melken-1kg-34434-1,2026-08-18 13:06:57,https://www.fortali.com.br/confeitaria?page=120,Pronto para comparar
Fortali Distribuidora,Confeitaria,CACAU EM PO SO CACAU 100% 200G,CACAU EM PO SO CACAU 100% 200G,34496,200G,200.0,G,200.0,G,,Não,120,https://www.fortali.com.br/cacau-em-po-so-cacau-100-200g-34496-1,2026-08-18 13:06:57,https://www.fortali.com.br/confeitaria?page=120,Pronto para comparar
Fortali Distribuidora,Confeitaria,CACAU EM PO SO CACAU 100% 500G,CACAU EM PO SO CACAU 100% 500G,34497,500G,500.0,G,500.0,G,,Não,6,https://www.fortali.com.br/cacau-em-po-so-cacau-100-500g-34497-1,2026-08-18 13:06:57,https://www.fortali.com.br/confeitaria?page=6,Pronto para comparar
Fortali Distribuidora,Confeitaria,CHOC EM PO SO CACAU 50% 1KG,CHOC EM PO SO CACAU 50% 1KG,34498,1KG,1.0,KG,1000.0,G,,Não,2,https://www.fortali.com.br/choc-em-po-so-cacau-50-1kg-34498-1,2026-08-18 13:06:57,https://www.fortali.com.br/confeitaria?page=2,Pronto para comparar
Fortali Distribuidora,Confeitaria,CHOC EM PO SO CACAU 50% 200G,CHOC EM PO SO CACAU 50% 200G,34499,200G,200.0,G,200.0,G,,Não,36,https://www.fortali.com.br/choc-em-po-so-cacau-50-200g-34499-1,2026-08-18 13:06:57,https://www.fortali.com.br/confeitaria?page=36,Pronto para comparar
Fortali Distribuidora,Confeitaria,CHOC EM PO SO CACAU 33% 1KG,CHOC EM PO SO CACAU 33% 1KG,34500,1KG,1.0,KG,1000.0,G,,Não,7,https://www.fortali.com.br/choc-em-po-so-cacau-33-1kg-34500-1,2026-08-18 13:06:57,https://www.fortali.com.br/confeitaria?page=7,Pronto para comparar
Fortali Distribuidora,Confeitaria,CHOC EM PO SO CACAU 33% 200G,CHOC EM PO SO CACAU 33% 200G,34501,200G,200.0,G,200.0,G,,Não,120,https://www.fortali.com.br/choc-em-po-so-cacau-33-200g-34501-1,2026-08-18 13:06:57,https://www.fortali.com.br/confeitaria?page=120,Pronto para comparar
Fortali Distribuidora,Confeitaria,CHOC EM PO SO CACAU 70% 1KG,CHOC EM PO SO CACAU 70% 1KG,34502,1KG,1.0,KG,1000.0,G,,Não,9,https://www.fortali.com.br/choc-em-po-so-cacau-70-1kg-34502-1,2026-08-18 13:06:57,https://www.fortali.com.br/confeitaria?page=9,Pronto para comparar
Fortali Distribuidora,Confeitaria,CHOC EM PO SO CACAU 70% 200G,CHOC EM PO SO CACAU 70% 200G,34503,200G,200.0,G,200.0,G,,Não,26,https://www.fortali.com.br/choc-em-po-so-cacau-70-200g-34503-1,2026-08-18 13:06:57,https://www.fortali.com.br/confeitaria?page=26,Pronto para comparar
Fortali Distribuidora,Confeitaria,GRANULADO CHOC SO CACAU 330G,GRANULADO CHOC SO CACAU 330G,34504,330G,330.0,G,330.0,G,,Não,120,https://www.fortali.com.br/granulado-choc-so-cacau-330g-34504-1,2026-08-18 13:06:57,https://www.fortali.com.br/confeitaria?page=120,Pronto para comparar
Fortali Distribuidora,Confeitaria,LEITE COND INTEGRAL MOCA BAG 5KG,LEITE COND INTEGRAL MOCA BAG 5KG,34505,5KG,5.0,KG,5000.0,G,,Não,32,https://www.fortali.com.br/leite-cond-integral-moca-bag-5kg-34505-1,2026-08-18 13:06:57,https://www.fortali.com.br/confeitaria?page=32,Pronto para comparar
Fortali Distribuidora,Confeitaria,"LEITE COND INTEGRAL MOCA BAG 1,18KG","LEITE COND INTEGRAL MOCA BAG 1,18KG",34506,"1,18KG",1.18,KG,1180.0,G,,Não,29,https://www.fortali.com.br/leite-cond-integral-moca-bag-118kg-34506-1,2026-08-18 13:06:57,https://www.fortali.com.br/confeitaria?page=29,Pronto para comparar
Fortali Distribuidora,Confeitaria,"ACHOC NESCAU NESTLE 2,01KG","ACHOC NESCAU NESTLE 2,01KG",34507,"2,01KG",2.01,KG,2010.0,G,,Não,1,https://www.fortali.com.br/achoc-nescau-nestle-201kg-34507-1,2026-08-18 13:06:57,https://www.fortali.com.br/confeitaria?page=1,Pronto para comparar
Fortali Distribuidora,Confeitaria,GRANULADO CROCANTE CHOC MAVALERIO 120G,GRANULADO CROCANTE CHOC MAVALERIO 120G,34550,120G,120.0,G,120.0,G,,Não,33,https://www.fortali.com.br/granulado-crocante-choc-mavalerio-120g-34550-1,2026-08-18 13:06:57,https://www.fortali.com.br/confeitaria?page=33,Pronto para comparar
Fortali Distribuidora,Confeitaria,CREME GANACHE CHOC AVELA MELKEN 4KG,CREME GANACHE CHOC AVELA MELKEN 4KG,34553,4KG,4.0,KG,4000.0,G,,Não,12,https://www.fortali.com.br/creme-ganache-choc-avela-melken-4kg-34553-1,2026-08-18 13:06:57,https://www.fortali.com.br/confeitaria?page=12,Pronto para comparar
Fortali Distribuidora,Confeitaria,"COB GOTAS INOVARE AO LEITE HARALD 2,05KG","COB GOTAS INOVARE AO LEITE HARALD 2,05KG",34557,"2,05KG",2.05,KG,2050.0,G,,Não,26,https://www.fortali.com.br/cob-gotas-inovare-ao-leite-harald-205kg-34557-1,2026-08-18 13:06:57,https://www.fortali.com.br/confeitaria?page=26,Pronto para comparar
Fortali Distribuidora,Confeitaria,GLAZING CHOCOLATE BONASSE 4KG,GLAZING CHOCOLATE BONASSE 4KG,34566,4KG,4.0,KG,4000.0,G,,Não,26,https://www.fortali.com.br/glazing-chocolate-bonasse-4kg-34566-1,2026-08-18 13:06:57,https://www.fortali.com.br/confeitaria?page=26,Pronto para comparar
Fortali Distribuidora,Confeitaria,DOCE DE LEITE ITAMBE 350G,DOCE DE LEITE ITAMBE 350G,34572,350G,350.0,G,350.0,G,,Não,8,https://www.fortali.com.br/doce-de-leite-itambe-350g-34572-1,2026-08-18 13:06:57,https://www.fortali.com.br/confeitaria?page=8,Pronto para comparar
Fortali Distribuidora,Confeitaria,"COB TOP PISTACHE HARALD BARRA 1,01KG","COB TOP PISTACHE HARALD BARRA 1,01KG",34573,"1,01KG",1.01,KG,1010.0,G,,Não,19,https://www.fortali.com.br/cob-top-pistache-harald-barra-101kg-34573-1,2026-08-18 13:06:57,https://www.fortali.com.br/confeitaria?page=19,Pronto para comparar
Fortali Distribuidora,Confeitaria,COB GOTAS PISTACHE TOP HARALD 400G,COB GOTAS PISTACHE TOP HARALD 400G,34574,400G,400.0,G,400.0,G,,Não,120,https://www.fortali.com.br/cob-gotas-pistache-top-harald-400g-34574-1,2026-08-18 13:06:57,https://www.fortali.com.br/confeitaria?page=120,Pronto para comparar
Fortali Distribuidora,Confeitaria,CONF CONFEITE MORANGO HARALD 400G,CONF CONFEITE MORANGO HARALD 400G,34575,400G,400.0,G,400.0,G,,Não,14,https://www.fortali.com.br/conf-confeite-morango-harald-400g-34575-1,2026-08-18 13:06:57,https://www.fortali.com.br/confeitaria?page=14,Pronto para comparar
Fortali Distribuidora,Confeitaria,CONF CONFEITE FRAMBOESA HARALD 400G,CONF CONFEITE FRAMBOESA HARALD 400G,34576,400G,400.0,G,400.0,G,,Não,14,https://www.fortali.com.br/conf-confeite-framboesa-harald-400g-34576-1,2026-08-18 13:06:57,https://www.fortali.com.br/confeitaria?page=14,Pronto para comparar
Fortali Distribuidora,Confeitaria,CONF COLORIDO LARNAJA 20X80 ICEBERG,CONF COLORIDO LARNAJA 20X80 ICEBERG,34608,,,,,,,Não,120,https://www.fortali.com.br/conf-colorido-larnaja-20x80-iceberg-34608-1,2026-08-18 13:06:57,https://www.fortali.com.br/confeitaria?page=120,Revisar embalagem
Fortali Distribuidora,Confeitaria,CEREAL MEGA C COB CHOC BCO VABENE 500G,CEREAL MEGA C COB CHOC BCO VABENE 500G,34620,500G,500.0,G,500.0,G,,Não,20,https://www.fortali.com.br/cereal-mega-c-cob-choc-bco-vabene-500g-34620-1,2026-08-18 13:06:57,https://www.fortali.com.br/confeitaria?page=20,Pronto para comparar
Fortali Distribuidora,Confeitaria,CEREAL MEGA CHOC/LEITE E BCO VABENE 500G,CEREAL MEGA CHOC LEITE E BCO VABENE 500G,34621,500G,500.0,G,500.0,G,,Não,33,https://www.fortali.com.br/cereal-mega-chocleite-e-bco-vabene-500g-34621-1,2026-08-18 13:06:57,https://www.fortali.com.br/confeitaria?page=33,Pronto para comparar
Fortali Distribuidora,Confeitaria,"RECH CREME COOKIES CREAM VABENE 1,01KG","RECH CREME COOKIES CREAM VABENE 1,01KG",34622,"1,01KG",1.01,KG,1010.0,G,,Não,12,https://www.fortali.com.br/rech-creme-cookies-cream-vabene-101kg-34622-1,2026-08-18 13:06:57,https://www.fortali.com.br/confeitaria?page=12,Pronto para comparar
Fortali Distribuidora,Confeitaria,"RECH FORN CHOC C AVELA VABENE 1,01KG","RECH FORN CHOC C AVELA VABENE 1,01KG",34623,"1,01KG",1.01,KG,1010.0,G,,Não,9,https://www.fortali.com.br/rech-forn-choc-c-avela-vabene-101kg-34623-1,2026-08-18 13:06:57,https://www.fortali.com.br/confeitaria?page=9,Pronto para comparar
Fortali Distribuidora,Confeitaria,"COB GOTAS MORANGO TOP HARALD 1,01KG","COB GOTAS MORANGO TOP HARALD 1,01KG",34637,"1,01KG",1.01,KG,1010.0,G,,Não,15,https://www.fortali.com.br/cob-gotas-morango-top-harald-101kg-34637-1,2026-08-18 13:06:57,https://www.fortali.com.br/confeitaria?page=15,Pronto para comparar
Fortali Distribuidora,Confeitaria,RECH COB LEITINHO MELKEN HARALD 4KG,RECH COB LEITINHO MELKEN HARALD 4KG,34638,4KG,4.0,KG,4000.0,G,,Não,17,https://www.fortali.com.br/rech-cob-leitinho-melken-harald-4kg-34638-1,2026-08-18 13:06:57,https://www.fortali.com.br/confeitaria?page=17,Pronto para comparar
Fortali Distribuidora,Confeitaria,"COB TOP CARAMELO HARALD BARRA 1,01KG","COB TOP CARAMELO HARALD BARRA 1,01KG",34639,"1,01KG",1.01,KG,1010.0,G,,Não,20,https://www.fortali.com.br/cob-top-caramelo-harald-barra-101kg-34639-1,2026-08-18 13:06:57,https://www.fortali.com.br/confeitaria?page=20,Pronto para comparar
Fortali Distribuidora,Confeitaria,MIX CONFEITOS AZUL MAVALERIO PCT 120G,MIX CONFEITOS AZUL MAVALERIO PCT 120G,34640,120G,120.0,G,120.0,G,,Não,120,https://www.fortali.com.br/mix-confeitos-azul-mavalerio-pct-120g-34640-1,2026-08-18 13:06:57,https://www.fortali.com.br/confeitaria?page=120,Pronto para comparar
Fortali Distribuidora,Confeitaria,MIX CONFEITOS ROSA MAVALERIO PCT 120G,MIX CONFEITOS ROSA MAVALERIO PCT 120G,34641,120G,120.0,G,120.0,G,,Não,120,https://www.fortali.com.br/mix-confeitos-rosa-mavalerio-pct-120g-34641-1,2026-08-18 13:06:57,https://www.fortali.com.br/confeitaria?page=120,Pronto para comparar
Fortali Distribuidora,Confeitaria,"COB GOTAS INOVARE BRANCO HARALD 2,05KG","COB GOTAS INOVARE BRANCO HARALD 2,05KG",34647,"2,05KG",2.05,KG,2050.0,G,,Não,120,https://www.fortali.com.br/cob-gotas-inovare-branco-harald-205kg-34647-1,2026-08-18 13:06:57,https://www.fortali.com.br/confeitaria?page=120,Pronto para comparar
Fortali Distribuidora,Confeitaria,"COB TOP AVELA HARALD BARRA 1,01KG","COB TOP AVELA HARALD BARRA 1,01KG",34648,"1,01KG",1.01,KG,1010.0,G,,Não,26,https://www.fortali.com.br/cob-top-avela-harald-barra-101kg-34648-1,2026-08-18 13:06:57,https://www.fortali.com.br/confeitaria?page=26,Pronto para comparar
Fortali Distribuidora,Confeitaria,"BISNAGA CARIBE PISTACHE MASTER MARTINI 1,01KG","BISNAGA CARIBE PISTACHE MASTER MARTINI 1,01KG",34771,"1,01KG",1.01,KG,1010.0,G,,Não,33,https://www.fortali.com.br/bisnaga-caribe-pistache-master-martini-101kg-34771-1,2026-08-18 13:06:57,https://www.fortali.com.br/confeitaria?page=33,Pronto para comparar
Fortali Distribuidora,Confeitaria,CARIBE PISTACHE MASTER MARTINI 3KG,CARIBE PISTACHE MASTER MARTINI 3KG,34772,3KG,3.0,KG,3000.0,G,,Não,16,https://www.fortali.com.br/caribe-pistache-master-martini-3kg-34772-1,2026-08-18 13:06:57,https://www.fortali.com.br/confeitaria?page=16,Pronto para comparar
Fortali Distribuidora,Confeitaria,COR SOFT GEL ABOBORA MAGO 15G,COR SOFT GEL ABOBORA MAGO 15G,34874,15G,15.0,G,15.0,G,,Não,120,https://www.fortali.com.br/cor-soft-gel-abobora-mago-15g-34874-1,2026-08-18 13:06:57,https://www.fortali.com.br/confeitaria?page=120,Pronto para comparar
Fortali Distribuidora,Confeitaria,COR SOFT GEL LAVANDA MAGO 15G,COR SOFT GEL LAVANDA MAGO 15G,34875,15G,15.0,G,15.0,G,,Não,26,https://www.fortali.com.br/cor-soft-gel-lavanda-mago-15g-34875-1,2026-08-18 13:06:57,https://www.fortali.com.br/confeitaria?page=26,Pronto para comparar
Fortali Distribuidora,Confeitaria,COR SOFT GEL FUCSIA MAGO 15G,COR SOFT GEL FUCSIA MAGO 15G,34876,15G,15.0,G,15.0,G,,Não,26,https://www.fortali.com.br/cor-soft-gel-fucsia-mago-15g-34876-1,2026-08-18 13:06:57,https://www.fortali.com.br/confeitaria?page=26,Pronto para comparar
Fortali Distribuidora,Confeitaria,COR SOFT GEL VERDE SEREIA MAGO 15G,COR SOFT GEL VERDE SEREIA MAGO 15G,34877,15G,15.0,G,15.0,G,,Não,120,https://www.fortali.com.br/cor-soft-gel-verde-sereia-mago-15g-34877-1,2026-08-18 13:06:57,https://www.fortali.com.br/confeitaria?page=120,Pronto para comparar
Fortali Distribuidora,Confeitaria,BARRA RECH LACTA CARAMELO 104G,BARRA RECH LACTA CARAMELO 104G,34886,104G,104.0,G,104.0,G,,Não,120,https://www.fortali.com.br/barra-rech-lacta-caramelo-104g-34886-1,2026-08-18 13:06:57,https://www.fortali.com.br/confeitaria?page=120,Pronto para comparar
Fortali Distribuidora,Confeitaria,BARRA RECH LAKA CARAMELO 104G,BARRA RECH LAKA CARAMELO 104G,34887,104G,104.0,G,104.0,G,,Não,120,https://www.fortali.com.br/barra-rech-laka-caramelo-104g-34887-1,2026-08-18 13:06:57,https://www.fortali.com.br/confeitaria?page=120,Pronto para comparar
Fortali Distribuidora,Confeitaria,FLAKES DUBAI MEC3 200G,FLAKES DUBAI MEC3 200G,34906,200G,200.0,G,200.0,G,,Não,26,https://www.fortali.com.br/flakes-dubai-mec3-200g-34906-1,2026-08-18 13:06:57,https://www.fortali.com.br/confeitaria?page=26,Pronto para comparar
Fortali Distribuidora,Confeitaria,PASTA MACA VERDE GUSTOSIA 90G,PASTA MACA VERDE GUSTOSIA 90G,34907,90G,90.0,G,90.0,G,,Não,26,https://www.fortali.com.br/pasta-maca-verde-gustosia-90g-34907-1,2026-08-18 13:06:57,https://www.fortali.com.br/confeitaria?page=26,Pronto para comparar
Fortali Distribuidora,Confeitaria,VARIEG QUELLO CREME CARAM GUSTOSIA 90G,VARIEG QUELLO CREME CARAM GUSTOSIA 90G,34908,90G,90.0,G,90.0,G,,Não,120,https://www.fortali.com.br/varieg-quello-creme-caram-gustosia-90g-34908-1,2026-08-18 13:06:57,https://www.fortali.com.br/confeitaria?page=120,Pronto para comparar
Fortali Distribuidora,Confeitaria,VARIEG QUELLA CREME AVELA GUSTOSIA 90G,VARIEG QUELLA CREME AVELA GUSTOSIA 90G,34909,90G,90.0,G,90.0,G,,Não,26,https://www.fortali.com.br/varieg-quella-creme-avela-gustosia-90g-34909-1,2026-08-18 13:06:57,https://www.fortali.com.br/confeitaria?page=26,Pronto para comparar
Fortali Distribuidora,Confeitaria,PASTA CREME CACAU CROCANTE GUSTOSIA 90G,PASTA CREME CACAU CROCANTE GUSTOSIA 90G,34910,90G,90.0,G,90.0,G,,Não,120,https://www.fortali.com.br/pasta-creme-cacau-crocante-gustosia-90g-34910-1,2026-08-18 13:06:57,https://www.fortali.com.br/confeitaria?page=120,Pronto para comparar
Fortali Distribuidora,Confeitaria,PASTA PISTACCHIO 100% CALIF GUSTOSIA 1KG,PASTA PISTACCHIO 100% CALIF GUSTOSIA 1KG,34911,1KG,1.0,KG,1000.0,G,,Não,120,https://www.fortali.com.br/pasta-pistacchio-100-calif-gustosia-1kg-34911-1,2026-08-18 13:06:57,https://www.fortali.com.br/confeitaria?page=120,Pronto para comparar
Fortali Distribuidora,Confeitaria,PASTA SABORIZ DE AMENDOIM GUSTOSIA 90G,PASTA SABORIZ DE AMENDOIM GUSTOSIA 90G,34912,90G,90.0,G,90.0,G,,Não,120,https://www.fortali.com.br/pasta-saboriz-de-amendoim-gustosia-90g-34912-1,2026-08-18 13:06:57,https://www.fortali.com.br/confeitaria?page=120,Pronto para comparar
Fortali Distribuidora,Confeitaria,PASTA ROSA GUSTOSIA 90G,PASTA ROSA GUSTOSIA 90G,34913,90G,90.0,G,90.0,G,,Não,120,https://www.fortali.com.br/pasta-rosa-gustosia-90g-34913-1,2026-08-18 13:06:57,https://www.fortali.com.br/confeitaria?page=120,Pronto para comparar
Fortali Distribuidora,Confeitaria,PASTA CEREJA GUSTOSIA 90G,PASTA CEREJA GUSTOSIA 90G,34914,90G,90.0,G,90.0,G,,Não,120,https://www.fortali.com.br/pasta-cereja-gustosia-90g-34914-1,2026-08-18 13:06:57,https://www.fortali.com.br/confeitaria?page=120,Pronto para comparar
Fortali Distribuidora,Confeitaria,AROMA ARTIFICIAL BAUNILHA FAB 960ML,AROMA ARTIFICIAL BAUNILHA FAB 960ML,34915,960ML,960.0,ML,960.0,ML,,Não,120,https://www.fortali.com.br/aroma-artificial-baunilha-fab-960ml-34915-1,2026-08-18 13:06:57,https://www.fortali.com.br/confeitaria?page=120,Pronto para comparar
Fortali Distribuidora,Confeitaria,AROMA ARTIFICIAL BAUNILHA BCA FAB 960ML,AROMA ARTIFICIAL BAUNILHA BCA FAB 960ML,34916,960ML,960.0,ML,960.0,ML,,Não,120,https://www.fortali.com.br/aroma-artificial-baunilha-bca-fab-960ml-34916-1,2026-08-18 13:06:57,https://www.fortali.com.br/confeitaria?page=120,Pronto para comparar
Fortali Distribuidora,Confeitaria,AROMA ARTIFICIAL PANETONE FAB 960ML,AROMA ARTIFICIAL PANETONE FAB 960ML,34917,960ML,960.0,ML,960.0,ML,,Não,120,https://www.fortali.com.br/aroma-artificial-panetone-fab-960ml-34917-1,2026-08-18 13:06:57,https://www.fortali.com.br/confeitaria?page=120,Pronto para comparar
Fortali Distribuidora,Confeitaria,AROMA ARTIFICIAL PISTACHE 960ML,AROMA ARTIFICIAL PISTACHE 960ML,34918,960ML,960.0,ML,960.0,ML,,Não,120,https://www.fortali.com.br/aroma-artificial-pistache-960ml-34918-1,2026-08-18 13:06:57,https://www.fortali.com.br/confeitaria?page=120,Pronto para comparar
Fortali Distribuidora,Confeitaria,AROMA ARTIFICIAL RUM FAB 960ML,AROMA ARTIFICIAL RUM FAB 960ML,34919,960ML,960.0,ML,960.0,ML,,Não,120,https://www.fortali.com.br/aroma-artificial-rum-fab-960ml-34919-1,2026-08-18 13:06:57,https://www.fortali.com.br/confeitaria?page=120,Pronto para comparar
Fortali Distribuidora,Confeitaria,PO PARA DECOR DOURADO ESPANHOL FAB 5G,PO PARA DECOR DOURADO ESPANHOL FAB 5G,34920,5G,5.0,G,5.0,G,,Não,121,https://www.fortali.com.br/po-para-decor-dourado-espanhol-fab-5g-34920-1,2026-08-18 13:06:57,https://www.fortali.com.br/confeitaria?page=121,Pronto para comparar
Fortali Distribuidora,Confeitaria,PO PARA DECORACAO AMARELO DAMASCO FAB 3G,PO PARA DECORACAO AMARELO DAMASCO FAB 3G,34921,3G,3.0,G,3.0,G,,Não,121,https://www.fortali.com.br/po-para-decoracao-amarelo-damasco-fab-3g-34921-1,2026-08-18 13:06:57,https://www.fortali.com.br/confeitaria?page=121,Pronto para comparar
Fortali Distribuidora,Confeitaria,PO PARA DECORACAO AZUL COBALTO FAB 3G,PO PARA DECORACAO AZUL COBALTO FAB 3G,34922,3G,3.0,G,3.0,G,,Não,121,https://www.fortali.com.br/po-para-decoracao-azul-cobalto-fab-3g-34922-1,2026-08-18 13:06:57,https://www.fortali.com.br/confeitaria?page=121,Pronto para comparar
Fortali Distribuidora,Confeitaria,COR SOFTGEL ART  AZUL ROYAL FAB 25G,COR SOFTGEL ART AZUL ROYAL FAB 25G,34923,25G,25.0,G,25.0,G,,Não,121,https://www.fortali.com.br/cor-softgel-art-azul-royal-fab-25g-34923-1,2026-08-18 13:06:57,https://www.fortali.com.br/confeitaria?page=121,Pronto para comparar
Fortali Distribuidora,Confeitaria,COR LIQUIDO VERMELHO FAB 10ML,COR LIQUIDO VERMELHO FAB 10ML,34924,10ML,10.0,ML,10.0,ML,,Não,121,https://www.fortali.com.br/cor-liquido-vermelho-fab-10ml-34924-1,2026-08-18 13:06:57,https://www.fortali.com.br/confeitaria?page=121,Pronto para comparar
Fortali Distribuidora,Confeitaria,COR EM PO P CHOC ART ALIM VERME FAB 5G,COR EM PO P CHOC ART ALIM VERME FAB 5G,34925,5G,5.0,G,5.0,G,,Não,121,https://www.fortali.com.br/cor-em-po-p-choc-art-alim-verme-fab-5g-34925-1,2026-08-18 13:06:57,https://www.fortali.com.br/confeitaria?page=121,Pronto para comparar
Fortali Distribuidora,Confeitaria,CREME DE AMENDOIM DU PORTO 200G,CREME DE AMENDOIM DU PORTO 200G,35061,200G,200.0,G,200.0,G,,Não,121,https://www.fortali.com.br/creme-de-amendoim-du-porto-200g-35061-1,2026-08-18 13:06:57,https://www.fortali.com.br/confeitaria?page=121,Pronto para comparar
Fortali Distribuidora,Confeitaria,"CREME DE AMENDOIM DU PORTO 1,1KG","CREME DE AMENDOIM DU PORTO 1,1KG",35062,"1,1KG",1.1,KG,1100.0,G,,Não,121,https://www.fortali.com.br/creme-de-amendoim-du-porto-11kg-35062-1,2026-08-18 13:06:57,https://www.fortali.com.br/confeitaria?page=121,Pronto para comparar
Fortali Distribuidora,Confeitaria,CREME DE AVELA DU PORTO 200G,CREME DE AVELA DU PORTO 200G,35063,200G,200.0,G,200.0,G,,Não,121,https://www.fortali.com.br/creme-de-avela-du-porto-200g-35063-1,2026-08-18 13:06:57,https://www.fortali.com.br/confeitaria?page=121,Pronto para comparar
Fortali Distribuidora,Confeitaria,"CREME DE AVELA DU PORTO 1,1KG","CREME DE AVELA DU PORTO 1,1KG",35064,"1,1KG",1.1,KG,1100.0,G,,Não,121,https://www.fortali.com.br/creme-de-avela-du-porto-11kg-35064-1,2026-08-18 13:06:57,https://www.fortali.com.br/confeitaria?page=121,Pronto para comparar
Fortali Distribuidora,Confeitaria,ACIDO CITRICO DU PORTO 150G,ACIDO CITRICO DU PORTO 150G,35067,150G,150.0,G,150.0,G,,Não,10,https://www.fortali.com.br/acido-citrico-du-porto-150g-35067-1,2026-08-18 13:06:57,https://www.fortali.com.br/confeitaria?page=10,Pronto para comparar
Fortali Distribuidora,Confeitaria,CORANTE LIQUIDO CARAMELO MIX 960ML,CORANTE LIQUIDO CARAMELO MIX 960ML,35068,960ML,960.0,ML,960.0,ML,,Não,121,https://www.fortali.com.br/corante-liquido-caramelo-mix-960ml-35068-1,2026-08-18 13:06:57,https://www.fortali.com.br/confeitaria?page=121,Pronto para comparar
Fortali Distribuidora,Confeitaria,CREME CONFEITEIRO INSTANTANEO MIX 1KG,CREME CONFEITEIRO INSTANTANEO MIX 1KG,35069,1KG,1.0,KG,1000.0,G,,Não,121,https://www.fortali.com.br/creme-confeiteiro-instantaneo-mix-1kg-35069-1,2026-08-18 13:06:57,https://www.fortali.com.br/confeitaria?page=121,Pronto para comparar
Fortali Distribuidora,Confeitaria,COR SOFTGEL CLASSIC AMARELO MIX 25G,COR SOFTGEL CLASSIC AMARELO MIX 25G,35071,25G,25.0,G,25.0,G,,Não,121,https://www.fortali.com.br/cor-softgel-classic-amarelo-mix-25g-35071-1,2026-08-18 13:06:57,https://www.fortali.com.br/confeitaria?page=121,Pronto para comparar
Fortali Distribuidora,Confeitaria,COR SOFTGEL CLASSIC LARANJA MIX 25G,COR SOFTGEL CLASSIC LARANJA MIX 25G,35072,25G,25.0,G,25.0,G,,Não,121,https://www.fortali.com.br/cor-softgel-classic-laranja-mix-25g-35072-1,2026-08-18 13:06:57,https://www.fortali.com.br/confeitaria?page=121,Pronto para comparar
Fortali Distribuidora,Confeitaria,COR SOFTGEL CLASSIC MARROM MIX 25G,COR SOFTGEL CLASSIC MARROM MIX 25G,35073,25G,25.0,G,25.0,G,,Não,121,https://www.fortali.com.br/cor-softgel-classic-marrom-mix-25g-35073-1,2026-08-18 13:06:57,https://www.fortali.com.br/confeitaria?page=121,Pronto para comparar
Fortali Distribuidora,Confeitaria,COR SOFTGEL CLASSIC ROSA MIX 25G,COR SOFTGEL CLASSIC ROSA MIX 25G,35074,25G,25.0,G,25.0,G,,Não,121,https://www.fortali.com.br/cor-softgel-classic-rosa-mix-25g-35074-1,2026-08-18 13:06:57,https://www.fortali.com.br/confeitaria?page=121,Pronto para comparar
Fortali Distribuidora,Confeitaria,COR SOFTGEL CLASSIC VINHO MIX 25G,COR SOFTGEL CLASSIC VINHO MIX 25G,35075,25G,25.0,G,25.0,G,,Não,121,https://www.fortali.com.br/cor-softgel-classic-vinho-mix-25g-35075-1,2026-08-18 13:06:57,https://www.fortali.com.br/confeitaria?page=121,Pronto para comparar
Fortali Distribuidora,Confeitaria,COR SOFTGEL CLASSIC AZUL MIX 25G,COR SOFTGEL CLASSIC AZUL MIX 25G,35076,25G,25.0,G,25.0,G,,Não,121,https://www.fortali.com.br/cor-softgel-classic-azul-mix-25g-35076-1,2026-08-18 13:06:57,https://www.fortali.com.br/confeitaria?page=121,Pronto para comparar
Fortali Distribuidora,Confeitaria,COR SOFTGEL CLASSIC AZUL MARINHO MIX 25G,COR SOFTGEL CLASSIC AZUL MARINHO MIX 25G,35077,25G,25.0,G,25.0,G,,Não,121,https://www.fortali.com.br/cor-softgel-classic-azul-marinho-mix-25g-35077-1,2026-08-18 13:06:57,https://www.fortali.com.br/confeitaria?page=121,Pronto para comparar
Fortali Distribuidora,Confeitaria,COR SOFTGEL CLASSIC BRANCO MIX 25G,COR SOFTGEL CLASSIC BRANCO MIX 25G,35078,25G,25.0,G,25.0,G,,Não,121,https://www.fortali.com.br/cor-softgel-classic-branco-mix-25g-35078-1,2026-08-18 13:06:57,https://www.fortali.com.br/confeitaria?page=121,Pronto para comparar
Fortali Distribuidora,Confeitaria,COR SOFTGEL CLASSIC PINK MIX 25G,COR SOFTGEL CLASSIC PINK MIX 25G,35079,25G,25.0,G,25.0,G,,Não,121,https://www.fortali.com.br/cor-softgel-classic-pink-mix-25g-35079-1,2026-08-18 13:06:57,https://www.fortali.com.br/confeitaria?page=121,Pronto para comparar
Fortali Distribuidora,Confeitaria,COR SOFTGEL CLASSIC PRETO MIX 25G,COR SOFTGEL CLASSIC PRETO MIX 25G,35080,25G,25.0,G,25.0,G,,Não,121,https://www.fortali.com.br/cor-softgel-classic-preto-mix-25g-35080-1,2026-08-18 13:06:57,https://www.fortali.com.br/confeitaria?page=121,Pronto para comparar
Fortali Distribuidora,Confeitaria,COR SOFTGEL CLASSIC ROXO MIX 25G,COR SOFTGEL CLASSIC ROXO MIX 25G,35081,25G,25.0,G,25.0,G,,Não,121,https://www.fortali.com.br/cor-softgel-classic-roxo-mix-25g-35081-1,2026-08-18 13:06:57,https://www.fortali.com.br/confeitaria?page=121,Pronto para comparar
Fortali Distribuidora,Confeitaria,COR SOFTGEL CLASSIC VERMELHO MIX 25G,COR SOFTGEL CLASSIC VERMELHO MIX 25G,35082,25G,25.0,G,25.0,G,,Não,121,https://www.fortali.com.br/cor-softgel-classic-vermelho-mix-25g-35082-1,2026-08-18 13:06:57,https://www.fortali.com.br/confeitaria?page=121,Pronto para comparar
Fortali Distribuidora,Confeitaria,17897011515810,17897011515810,35083,,,,,,,Não,122,https://www.fortali.com.br/17897011515810-35083-1,2026-08-18 13:06:57,https://www.fortali.com.br/confeitaria?page=122,Revisar embalagem
Fortali Distribuidora,Confeitaria,COR SOFTGEL CLASSIC VERDE CLARO MIX 25G,COR SOFTGEL CLASSIC VERDE CLARO MIX 25G,35084,25G,25.0,G,25.0,G,,Não,122,https://www.fortali.com.br/cor-softgel-classic-verde-claro-mix-25g-35084-1,2026-08-18 13:06:57,https://www.fortali.com.br/confeitaria?page=122,Pronto para comparar
Fortali Distribuidora,Confeitaria,COR SOFTGEL CLASSIC VERDE ESCURO MIX 25G,COR SOFTGEL CLASSIC VERDE ESCURO MIX 25G,35085,25G,25.0,G,25.0,G,,Não,122,https://www.fortali.com.br/cor-softgel-classic-verde-escuro-mix-25g-35085-1,2026-08-18 13:06:57,https://www.fortali.com.br/confeitaria?page=122,Pronto para comparar
Fortali Distribuidora,Confeitaria,"RECH FORN ABACAXI MIX 1,010KG","RECH FORN ABACAXI MIX 1,010KG",35086,"1,010KG",1.01,KG,1010.0,G,,Não,122,https://www.fortali.com.br/rech-forn-abacaxi-mix-1010kg-35086-1,2026-08-18 13:06:57,https://www.fortali.com.br/confeitaria?page=122,Pronto para comparar
Fortali Distribuidora,Confeitaria,RECH AMARENA MIX 3KG,RECH AMARENA MIX 3KG,35087,3KG,3.0,KG,3000.0,G,,Não,122,https://www.fortali.com.br/rech-amarena-mix-3kg-35087-1,2026-08-18 13:06:57,https://www.fortali.com.br/confeitaria?page=122,Pronto para comparar
Fortali Distribuidora,Confeitaria,"RECH FORN BANANA COM CANELA MIX 1,010KG","RECH FORN BANANA COM CANELA MIX 1,010KG",35088,"1,010KG",1.01,KG,1010.0,G,,Não,122,https://www.fortali.com.br/rech-forn-banana-com-canela-mix-1010kg-35088-1,2026-08-18 13:06:57,https://www.fortali.com.br/confeitaria?page=122,Pronto para comparar
Fortali Distribuidora,Confeitaria,"RECH FORN COCO MIX 1,010KG","RECH FORN COCO MIX 1,010KG",35089,"1,010KG",1.01,KG,1010.0,G,,Não,122,https://www.fortali.com.br/rech-forn-coco-mix-1010kg-35089-1,2026-08-18 13:06:57,https://www.fortali.com.br/confeitaria?page=122,Pronto para comparar
Fortali Distribuidora,Confeitaria,"RECH FORN  MARACUJA MIX 1,010KG","RECH FORN MARACUJA MIX 1,010KG",35090,"1,010KG",1.01,KG,1010.0,G,,Não,122,https://www.fortali.com.br/rech-forn--maracuja-mix-1010kg-35090-1,2026-08-18 13:06:57,https://www.fortali.com.br/confeitaria?page=122,Pronto para comparar
Fortali Distribuidora,Confeitaria,"RECH FORN MACA COM CANELA MIX 1,010KG","RECH FORN MACA COM CANELA MIX 1,010KG",35091,"1,010KG",1.01,KG,1010.0,G,,Não,122,https://www.fortali.com.br/rech-forn-maca-com-canela-mix-1010kg-35091-1,2026-08-18 13:06:57,https://www.fortali.com.br/confeitaria?page=122,Pronto para comparar
Fortali Distribuidora,Confeitaria,RECH FRUTAS AMARELAS MIX 3KG,RECH FRUTAS AMARELAS MIX 3KG,35092,3KG,3.0,KG,3000.0,G,,Não,122,https://www.fortali.com.br/rech-frutas-amarelas-mix-3kg-35092-1,2026-08-18 13:06:57,https://www.fortali.com.br/confeitaria?page=122,Pronto para comparar
Fortali Distribuidora,Confeitaria,AROMA DE ABACAXI MIX 960ML,AROMA DE ABACAXI MIX 960ML,35093,960ML,960.0,ML,960.0,ML,,Não,122,https://www.fortali.com.br/aroma-de-abacaxi-mix-960ml-35093-1,2026-08-18 13:06:57,https://www.fortali.com.br/confeitaria?page=122,Pronto para comparar
Fortali Distribuidora,Confeitaria,AROMA DE BAUNILHA BRANCA MIX 960ML,AROMA DE BAUNILHA BRANCA MIX 960ML,35094,960ML,960.0,ML,960.0,ML,,Não,122,https://www.fortali.com.br/aroma-de-baunilha-branca-mix-960ml-35094-1,2026-08-18 13:06:57,https://www.fortali.com.br/confeitaria?page=122,Pronto para comparar
Fortali Distribuidora,Confeitaria,AROMA DE BAUNILHA MIX 960ML,AROMA DE BAUNILHA MIX 960ML,35095,960ML,960.0,ML,960.0,ML,,Não,122,https://www.fortali.com.br/aroma-de-baunilha-mix-960ml-35095-1,2026-08-18 13:06:57,https://www.fortali.com.br/confeitaria?page=122,Pronto para comparar
Fortali Distribuidora,Confeitaria,AROMA DE COCO MIX 960ML,AROMA DE COCO MIX 960ML,35096,960ML,960.0,ML,960.0,ML,,Não,122,https://www.fortali.com.br/aroma-de-coco-mix-960ml-35096-1,2026-08-18 13:06:57,https://www.fortali.com.br/confeitaria?page=122,Pronto para comparar
Fortali Distribuidora,Confeitaria,AROMA NATURAL DE LARANJA MIX 960ML,AROMA NATURAL DE LARANJA MIX 960ML,35097,960ML,960.0,ML,960.0,ML,,Não,122,https://www.fortali.com.br/aroma-natural-de-laranja-mix-960ml-35097-1,2026-08-18 13:06:57,https://www.fortali.com.br/confeitaria?page=122,Pronto para comparar
Fortali Distribuidora,Confeitaria,AROMA NATURAL DE LIMAO MIX 960ML,AROMA NATURAL DE LIMAO MIX 960ML,35098,960ML,960.0,ML,960.0,ML,,Não,122,https://www.fortali.com.br/aroma-natural-de-limao-mix-960ml-35098-1,2026-08-18 13:06:57,https://www.fortali.com.br/confeitaria?page=122,Pronto para comparar
Fortali Distribuidora,Confeitaria,AROMA NATURAL DE MANTEIGA MIX 960ML,AROMA NATURAL DE MANTEIGA MIX 960ML,35099,960ML,960.0,ML,960.0,ML,,Não,122,https://www.fortali.com.br/aroma-natural-de-manteiga-mix-960ml-35099-1,2026-08-18 13:06:57,https://www.fortali.com.br/confeitaria?page=122,Pronto para comparar
Fortali Distribuidora,Confeitaria,AROMA DE MILHO VERDE MIX 30ML,AROMA DE MILHO VERDE MIX 30ML,35100,30ML,30.0,ML,30.0,ML,,Não,122,https://www.fortali.com.br/aroma-de-milho-verde-mix-30ml-35100-1,2026-08-18 13:06:57,https://www.fortali.com.br/confeitaria?page=122,Pronto para comparar
Fortali Distribuidora,Confeitaria,AROMA DE MILHO VERDE MIX 960ML,AROMA DE MILHO VERDE MIX 960ML,35101,960ML,960.0,ML,960.0,ML,,Não,122,https://www.fortali.com.br/aroma-de-milho-verde-mix-960ml-35101-1,2026-08-18 13:06:57,https://www.fortali.com.br/confeitaria?page=122,Pronto para comparar
Fortali Distribuidora,Confeitaria,AROMA DE PANETONE MIX 960ML,AROMA DE PANETONE MIX 960ML,35102,960ML,960.0,ML,960.0,ML,,Não,122,https://www.fortali.com.br/aroma-de-panetone-mix-960ml-35102-1,2026-08-18 13:06:57,https://www.fortali.com.br/confeitaria?page=122,Pronto para comparar
Fortali Distribuidora,Confeitaria,AROMA DE QUEIJO MIX 960ML,AROMA DE QUEIJO MIX 960ML,35103,960ML,960.0,ML,960.0,ML,,Não,122,https://www.fortali.com.br/aroma-de-queijo-mix-960ml-35103-1,2026-08-18 13:06:57,https://www.fortali.com.br/confeitaria?page=122,Pronto para comparar
Fortali Distribuidora,Confeitaria,AROMA FRUTAS VERMELHAS MIX 30ML,AROMA FRUTAS VERMELHAS MIX 30ML,35104,30ML,30.0,ML,30.0,ML,,Não,122,https://www.fortali.com.br/aroma-frutas-vermelhas-mix-30ml-35104-1,2026-08-18 13:06:57,https://www.fortali.com.br/confeitaria?page=122,Pronto para comparar
Fortali Distribuidora,Confeitaria,AROMA PE DE MOLEQUE MIX 30ML,AROMA PE DE MOLEQUE MIX 30ML,35105,30ML,30.0,ML,30.0,ML,,Não,122,https://www.fortali.com.br/aroma-pe-de-moleque-mix-30ml-35105-1,2026-08-18 13:06:57,https://www.fortali.com.br/confeitaria?page=122,Pronto para comparar
Fortali Distribuidora,Confeitaria,RECH DE MORANGO MIX 3KG,RECH DE MORANGO MIX 3KG,35106,3KG,3.0,KG,3000.0,G,,Não,122,https://www.fortali.com.br/rech-de-morango-mix-3kg-35106-1,2026-08-18 13:06:57,https://www.fortali.com.br/confeitaria?page=122,Pronto para comparar
Fortali Distribuidora,Confeitaria,RECH LEITINHO MIX 3KG,RECH LEITINHO MIX 3KG,35107,3KG,3.0,KG,3000.0,G,,Não,123,https://www.fortali.com.br/rech-leitinho-mix-3kg-35107-1,2026-08-18 13:06:57,https://www.fortali.com.br/confeitaria?page=123,Pronto para comparar
Fortali Distribuidora,Confeitaria,RECH CREME DE AMENDOIM MIX 3KG,RECH CREME DE AMENDOIM MIX 3KG,35108,3KG,3.0,KG,3000.0,G,,Não,123,https://www.fortali.com.br/rech-creme-de-amendoim-mix-3kg-35108-1,2026-08-18 13:06:57,https://www.fortali.com.br/confeitaria?page=123,Pronto para comparar
Fortali Distribuidora,Confeitaria,RECH CREME DE COCCO BIANCO MIX 3KG,RECH CREME DE COCCO BIANCO MIX 3KG,35109,3KG,3.0,KG,3000.0,G,,Não,123,https://www.fortali.com.br/rech-creme-de-cocco-bianco-mix-3kg-35109-1,2026-08-18 13:06:57,https://www.fortali.com.br/confeitaria?page=123,Pronto para comparar
Fortali Distribuidora,Confeitaria,"RECH FORN DE PIMENTA MIX 1,010KG","RECH FORN DE PIMENTA MIX 1,010KG",35110,"1,010KG",1.01,KG,1010.0,G,,Não,123,https://www.fortali.com.br/rech-forn-de-pimenta-mix-1010kg-35110-1,2026-08-18 13:06:57,https://www.fortali.com.br/confeitaria?page=123,Pronto para comparar
Fortali Distribuidora,Confeitaria,CORANTE EM PO AZUL MARINHO MIX 12G,CORANTE EM PO AZUL MARINHO MIX 12G,35116,12G,12.0,G,12.0,G,,Não,123,https://www.fortali.com.br/corante-em-po-azul-marinho-mix-12g-35116-1,2026-08-18 13:06:57,https://www.fortali.com.br/confeitaria?page=123,Pronto para comparar
Fortali Distribuidora,Confeitaria,CORANTE EM PO ROXO MIX 12G,CORANTE EM PO ROXO MIX 12G,35117,12G,12.0,G,12.0,G,,Não,123,https://www.fortali.com.br/corante-em-po-roxo-mix-12g-35117-1,2026-08-18 13:06:57,https://www.fortali.com.br/confeitaria?page=123,Pronto para comparar
Fortali Distribuidora,Confeitaria,PASTA AMERICANA CHOC BELGA MIX 800G,PASTA AMERICANA CHOC BELGA MIX 800G,35118,800G,800.0,G,800.0,G,,Não,123,https://www.fortali.com.br/pasta-americana-choc-belga-mix-800g-35118-1,2026-08-18 13:06:57,https://www.fortali.com.br/confeitaria?page=123,Pronto para comparar
Fortali Distribuidora,Confeitaria,PASTA AMERICANA MORANGO SILVESTRE MIX 800G,PASTA AMERICANA MORANGO SILVESTRE MIX 800G,35119,800G,800.0,G,800.0,G,,Não,123,https://www.fortali.com.br/pasta-americana-morango-silvestre-mix-800g-35119-1,2026-08-18 13:06:57,https://www.fortali.com.br/confeitaria?page=123,Pronto para comparar
Fortali Distribuidora,Confeitaria,PASTA AMERICANA LIMAO SICILIANO MIX 800G,PASTA AMERICANA LIMAO SICILIANO MIX 800G,35120,800G,800.0,G,800.0,G,,Não,123,https://www.fortali.com.br/pasta-americana-limao-siciliano-mix-800g-35120-1,2026-08-18 13:06:57,https://www.fortali.com.br/confeitaria?page=123,Pronto para comparar
Fortali Distribuidora,Confeitaria,AROMA DE WHISKY MIX 30ML,AROMA DE WHISKY MIX 30ML,35121,30ML,30.0,ML,30.0,ML,,Não,123,https://www.fortali.com.br/aroma-de-whisky-mix-30ml-35121-1,2026-08-18 13:06:57,https://www.fortali.com.br/confeitaria?page=123,Pronto para comparar
Fortali Distribuidora,Confeitaria,AROMA DE LICOR DE CREME  MIX 30ML,AROMA DE LICOR DE CREME MIX 30ML,35122,30ML,30.0,ML,30.0,ML,,Não,123,https://www.fortali.com.br/aroma-de-licor-de-creme--mix-30ml-35122-1,2026-08-18 13:06:57,https://www.fortali.com.br/confeitaria?page=123,Pronto para comparar
Fortali Distribuidora,Confeitaria,AROMA DE CACHACA MIX 30ML,AROMA DE CACHACA MIX 30ML,35123,30ML,30.0,ML,30.0,ML,,Não,123,https://www.fortali.com.br/aroma-de-cachaca-mix-30ml-35123-1,2026-08-18 13:06:57,https://www.fortali.com.br/confeitaria?page=123,Pronto para comparar
Fortali Distribuidora,Confeitaria,CONF FLOCOS MACIO ROSA BAUNILHA MIX 500G,CONF FLOCOS MACIO ROSA BAUNILHA MIX 500G,35124,500G,500.0,G,500.0,G,,Não,123,https://www.fortali.com.br/conf-flocos-macio-rosa-baunilha-mix-500g-35124-1,2026-08-18 13:06:57,https://www.fortali.com.br/confeitaria?page=123,Pronto para comparar
Fortali Distribuidora,Confeitaria,5098130300080550,5098130300080550,35125,,,,,,,Não,123,https://www.fortali.com.br/5098130300080550-35125-1,2026-08-18 13:06:57,https://www.fortali.com.br/confeitaria?page=123,Revisar embalagem
Fortali Distribuidora,Confeitaria,CONF FLOCOS MACIO VERM BAUNILHA MIX 500G,CONF FLOCOS MACIO VERM BAUNILHA MIX 500G,35126,500G,500.0,G,500.0,G,,Não,123,https://www.fortali.com.br/conf-flocos-macio-verm-baunilha-mix-500g-35126-1,2026-08-18 13:06:57,https://www.fortali.com.br/confeitaria?page=123,Pronto para comparar
Fortali Distribuidora,Confeitaria,CONF FLOCOS MACIO BCO CREME BAU MIX 500G,CONF FLOCOS MACIO BCO CREME BAU MIX 500G,35127,500G,500.0,G,500.0,G,,Não,123,https://www.fortali.com.br/conf-flocos-macio-bco-creme-bau-mix-500g-35127-1,2026-08-18 13:06:57,https://www.fortali.com.br/confeitaria?page=123,Pronto para comparar
Fortali Distribuidora,Confeitaria,CONF MICANGA VERDE MIX 500G,CONF MICANGA VERDE MIX 500G,35143,500G,500.0,G,500.0,G,,Não,123,https://www.fortali.com.br/conf-micanga-verde-mix-500g-35143-1,2026-08-18 13:06:57,https://www.fortali.com.br/confeitaria?page=123,Pronto para comparar
Fortali Distribuidora,Confeitaria,CHOC MEMS CHOC AO LEITE 850G,CHOC MEMS CHOC AO LEITE 850G,35148,850G,850.0,G,850.0,G,,Não,6,https://www.fortali.com.br/choc-mems-choc-ao-leite-850g-35148-1,2026-08-18 13:06:57,https://www.fortali.com.br/confeitaria?page=6,Pronto para comparar
Fortali Distribuidora,Confeitaria,"RECH FORN CHOC M AMARGO DOREMUS 1,01KG","RECH FORN CHOC M AMARGO DOREMUS 1,01KG",35159,"1,01KG",1.01,KG,1010.0,G,,Não,26,https://www.fortali.com.br/rech-forn-choc-m-amargo-doremus-101kg-35159-1,2026-08-18 13:06:57,https://www.fortali.com.br/confeitaria?page=26,Pronto para comparar
Fortali Distribuidora,Confeitaria,"RECH FORN TRUFA DOREMUS 1,01KG","RECH FORN TRUFA DOREMUS 1,01KG",35160,"1,01KG",1.01,KG,1010.0,G,,Não,123,https://www.fortali.com.br/rech-forn-trufa-doremus-101kg-35160-1,2026-08-18 13:06:57,https://www.fortali.com.br/confeitaria?page=123,Pronto para comparar
Fortali Distribuidora,Confeitaria,"RECH FORN CHOCOTINE DOREMUS 1,01KG","RECH FORN CHOCOTINE DOREMUS 1,01KG",35161,"1,01KG",1.01,KG,1010.0,G,,Não,26,https://www.fortali.com.br/rech-forn-chocotine-doremus-101kg-35161-1,2026-08-18 13:06:57,https://www.fortali.com.br/confeitaria?page=26,Pronto para comparar
Fortali Distribuidora,Confeitaria,"RECH FORN CREME COCO BCO DOREMUS 1,01KG","RECH FORN CREME COCO BCO DOREMUS 1,01KG",35162,"1,01KG",1.01,KG,1010.0,G,,Não,123,https://www.fortali.com.br/rech-forn-creme-coco-bco-doremus-101kg-35162-1,2026-08-18 13:06:57,https://www.fortali.com.br/confeitaria?page=123,Pronto para comparar
Fortali Distribuidora,Confeitaria,"CREME DE DORELLA DOREMUS 1,01KG","CREME DE DORELLA DOREMUS 1,01KG",35165,"1,01KG",1.01,KG,1010.0,G,,Não,27,https://www.fortali.com.br/creme-de-dorella-doremus-101kg-35165-1,2026-08-18 13:06:57,https://www.fortali.com.br/confeitaria?page=27,Pronto para comparar
Fortali Distribuidora,Confeitaria,CREME DE DORELLA DOREMUS 4KG,CREME DE DORELLA DOREMUS 4KG,35177,4KG,4.0,KG,4000.0,G,,Não,16,https://www.fortali.com.br/creme-de-dorella-doremus-4kg-35177-1,2026-08-18 13:06:57,https://www.fortali.com.br/confeitaria?page=16,Pronto para comparar
Fortali Distribuidora,Confeitaria,CREME DE COCO BRANCO DOREMUS 4KG,CREME DE COCO BRANCO DOREMUS 4KG,35179,4KG,4.0,KG,4000.0,G,,Não,123,https://www.fortali.com.br/creme-de-coco-branco-doremus-4kg-35179-1,2026-08-18 13:06:57,https://www.fortali.com.br/confeitaria?page=123,Pronto para comparar
Fortali Distribuidora,Confeitaria,"RECH FORN PACOCA DOREMUS 1,01KG","RECH FORN PACOCA DOREMUS 1,01KG",35180,"1,01KG",1.01,KG,1010.0,G,,Não,27,https://www.fortali.com.br/rech-forn-pacoca-doremus-1-01kg-35180-1,2026-08-18 13:06:57,https://www.fortali.com.br/confeitaria?page=27,Pronto para comparar
Fortali Distribuidora,Confeitaria,"RECH FORN CHOC AO LEITE DOREMUS 1,01KG","RECH FORN CHOC AO LEITE DOREMUS 1,01KG",35184,"1,01KG",1.01,KG,1010.0,G,,Não,27,https://www.fortali.com.br/rech-forn-choc-ao-leite-doremus-101kg-35184-1,2026-08-18 13:06:57,https://www.fortali.com.br/confeitaria?page=27,Pronto para comparar
Fortali Distribuidora,Confeitaria,"BOMBOM RECH COB CHOC BRANCO DESEMB BARION 2,3KG","BOMBOM RECH COB CHOC BRANCO DESEMB BARION 2,3KG",36261,"2,3KG",2.3,KG,2300.0,G,,Não,123,https://www.fortali.com.br/bombom-rech-cob-choc-branco-desemb-barion-23kg-36261-1,2026-08-18 13:06:57,https://www.fortali.com.br/confeitaria?page=123,Pronto para comparar
Fortali Distribuidora,Confeitaria,"LAMINAS WAFER COB CHOC BARION 1,1KG","LAMINAS WAFER COB CHOC BARION 1,1KG",36262,"1,1KG",1.1,KG,1100.0,G,,Não,123,https://www.fortali.com.br/laminas-wafer-cob-choc-barion-11kg-36262-1,2026-08-18 13:06:57,https://www.fortali.com.br/confeitaria?page=123,Pronto para comparar
Fortali Distribuidora,Confeitaria,TRUFAS CHOC AO LEITE BARION 450G,TRUFAS CHOC AO LEITE BARION 450G,36263,450G,450.0,G,450.0,G,,Não,123,https://www.fortali.com.br/trufas-choc-ao-leite-barion-450g-36263-1,2026-08-18 13:06:57,https://www.fortali.com.br/confeitaria?page=123,Pronto para comparar
Fortali Distribuidora,Confeitaria,BASE DE TORTA DOCE QUADRADA  GOURMENT 35X35MM ART TART 24UN,BASE DE TORTA DOCE QUADRADA GOURMENT 35X35MM ART TART 24UN,36627,,,,,,,Não,123,https://www.fortali.com.br/base-de-torta-doce-quadrada--gourment-35x35mm-art-tart-24un-36627-1,2026-08-18 13:06:57,https://www.fortali.com.br/confeitaria?page=123,Revisar embalagem
Fortali Distribuidora,Confeitaria,BASE DE TORTA CHOC QUADRADA GOURMENT 35X35MM ART TART 24UN,BASE DE TORTA CHOC QUADRADA GOURMENT 35X35MM ART TART 24UN,36628,,,,,,,Não,124,https://www.fortali.com.br/base-de-torta-choc-quadrada-gourment-35x35mm-art-tart-24un-36628-1,2026-08-18 13:06:57,https://www.fortali.com.br/confeitaria?page=124,Revisar embalagem
Fortali Distribuidora,Confeitaria,BASE DE TORTA SALGADA QUADRADA GOURMENT 35X35MM ART TART 24U...,BASE DE TORTA SALGADA QUADRADA GOURMENT 35X35MM ART TART 24U...,36629,,,,,,,Não,124,https://www.fortali.com.br/base-de-torta-salgada-quadrada-gourment-35x35mm-art-tart-24un-36629-1,2026-08-18 13:06:57,https://www.fortali.com.br/confeitaria?page=124,Revisar embalagem
Fortali Distribuidora,Confeitaria,"DOCE DE LEITE TIPO ARGENTINO R DE MINAS 9,8KG","DOCE DE LEITE TIPO ARGENTINO R DE MINAS 9,8KG",37090,"9,8KG",9.8,KG,9800.0,G,,Não,124,https://www.fortali.com.br/doce-de-leite-tipo-argentino-r-de-minas-98kg-37090-1,2026-08-18 13:06:57,https://www.fortali.com.br/confeitaria?page=124,Pronto para comparar
Fortali Distribuidora,Confeitaria,DOCE PASTOSO COM LEITE VALE MINAS 350G,DOCE PASTOSO COM LEITE VALE MINAS 350G,37091,350G,350.0,G,350.0,G,,Não,27,https://www.fortali.com.br/doce-pastoso-com-leite-vale-minas-350g-37091-1,2026-08-18 13:06:57,https://www.fortali.com.br/confeitaria?page=27,Pronto para comparar
Fortali Distribuidora,Confeitaria,DOCE DE LEITE ZERO ACUCAR R DE MINAS 210G,DOCE DE LEITE ZERO ACUCAR R DE MINAS 210G,37092,210G,210.0,G,210.0,G,,Não,27,https://www.fortali.com.br/doce-de-leite-zero-acucar-r-de-minas-210g-37092-1,2026-08-18 13:06:57,https://www.fortali.com.br/confeitaria?page=27,Pronto para comparar
Fortali Distribuidora,Confeitaria,"COB DISCOS AO LEITE MASTER MARTINI 1,01KG","COB DISCOS AO LEITE MASTER MARTINI 1,01KG",37100,"1,01KG",1.01,KG,1010.0,G,,Não,124,https://www.fortali.com.br/cob-discos-ao-leite-master-martini-101kg-37100-1,2026-08-18 13:06:57,https://www.fortali.com.br/confeitaria?page=124,Pronto para comparar
Fortali Distribuidora,Confeitaria,"COB CHOC BRANCO DISCOS MASTER MARTINI 1,01KG","COB CHOC BRANCO DISCOS MASTER MARTINI 1,01KG",37101,"1,01KG",1.01,KG,1010.0,G,,Não,18,https://www.fortali.com.br/cob-choc-branco-discos-master-martini-101kg-37101-1,2026-08-18 13:06:57,https://www.fortali.com.br/confeitaria?page=18,Pronto para comparar
Fortali Distribuidora,Confeitaria,"COB CHOC M AMARGO DISCOS MASTER MARTINI 1,01KG","COB CHOC M AMARGO DISCOS MASTER MARTINI 1,01KG",37102,"1,01KG",1.01,KG,1010.0,G,,Não,16,https://www.fortali.com.br/cob-choc-m-amargo-discos-master-martini-101kg-37102-1,2026-08-18 13:06:57,https://www.fortali.com.br/confeitaria?page=16,Pronto para comparar
Fortali Distribuidora,Confeitaria,"FLOCOS AO LEITE MASTER MARTINI 1,01KG","FLOCOS AO LEITE MASTER MARTINI 1,01KG",37103,"1,01KG",1.01,KG,1010.0,G,,Não,124,https://www.fortali.com.br/flocos-ao-leite-master-martini-101kg-37103-1,2026-08-18 13:06:57,https://www.fortali.com.br/confeitaria?page=124,Pronto para comparar
Fortali Distribuidora,Confeitaria,"FLOCOS BRANCOS MASTER MARTINI 1,01KG","FLOCOS BRANCOS MASTER MARTINI 1,01KG",37104,"1,01KG",1.01,KG,1010.0,G,,Não,124,https://www.fortali.com.br/flocos-brancos-master-martini-101kg-37104-1,2026-08-18 13:06:57,https://www.fortali.com.br/confeitaria?page=124,Pronto para comparar
Fortali Distribuidora,Confeitaria,"FLOCOS M AMARGO MASTER MARTINI 1,01KG","FLOCOS M AMARGO MASTER MARTINI 1,01KG",37105,"1,01KG",1.01,KG,1010.0,G,,Não,124,https://www.fortali.com.br/flocos-m-amargo-master-martini-101kg-37105-1,2026-08-18 13:06:57,https://www.fortali.com.br/confeitaria?page=124,Pronto para comparar
Fortali Distribuidora,Confeitaria,"COB GOTAS AO LEITE 400/HG MASTER MARTINI 1,01KG","COB GOTAS AO LEITE 400 HG MASTER MARTINI 1,01KG",37106,"1,01KG",1.01,KG,1010.0,G,,Não,27,https://www.fortali.com.br/cob-gotas-ao-leite-400hg-master-martini-101kg-37106-1,2026-08-18 13:06:57,https://www.fortali.com.br/confeitaria?page=27,Pronto para comparar
Fortali Distribuidora,Confeitaria,"COB DISCOS LIMAO MASTER MARTINI 1,01KG","COB DISCOS LIMAO MASTER MARTINI 1,01KG",37107,"1,01KG",1.01,KG,1010.0,G,,Não,124,https://www.fortali.com.br/cob-discos-limao-master-martini-101kg-37107-1,2026-08-18 13:06:57,https://www.fortali.com.br/confeitaria?page=124,Pronto para comparar
Fortali Distribuidora,Confeitaria,"COB DISCOS LARANJA MASTER MARTINI 1,01KG","COB DISCOS LARANJA MASTER MARTINI 1,01KG",37108,"1,01KG",1.01,KG,1010.0,G,,Não,124,https://www.fortali.com.br/cob-discos-laranja-master-martini-101kg-37108-1,2026-08-18 13:06:57,https://www.fortali.com.br/confeitaria?page=124,Pronto para comparar
Fortali Distribuidora,Confeitaria,"COB DISCOS MORANGO MASTER MARTINI 1,01KG","COB DISCOS MORANGO MASTER MARTINI 1,01KG",37109,"1,01KG",1.01,KG,1010.0,G,,Não,27,https://www.fortali.com.br/cob-discos-morango-master-martini-101kg-37109-1,2026-08-18 13:06:57,https://www.fortali.com.br/confeitaria?page=27,Pronto para comparar
Fortali Distribuidora,Confeitaria,"COB DISCOS AZUL MASTER MARTINI 1,01KG","COB DISCOS AZUL MASTER MARTINI 1,01KG",37110,"1,01KG",1.01,KG,1010.0,G,,Não,124,https://www.fortali.com.br/cob-discos-azul-master-martini-101kg-37110-1,2026-08-18 13:06:57,https://www.fortali.com.br/confeitaria?page=124,Pronto para comparar
Fortali Distribuidora,Confeitaria,"COB DISCOS PISTACHE MASTER MARTINI 1,01KG","COB DISCOS PISTACHE MASTER MARTINI 1,01KG",37111,"1,01KG",1.01,KG,1010.0,G,,Não,27,https://www.fortali.com.br/cob-discos-pistache-master-martini-101kg-37111-1,2026-08-18 13:06:57,https://www.fortali.com.br/confeitaria?page=27,Pronto para comparar
Fortali Distribuidora,Confeitaria,CARAVELLA CRUNCH PISTACCHIO MASTER MARTINI 3KG,CARAVELLA CRUNCH PISTACCHIO MASTER MARTINI 3KG,37118,3KG,3.0,KG,3000.0,G,,Não,124,https://www.fortali.com.br/caravella-crunch-pistacchio-master-martini-3kg-37118-1,2026-08-18 13:06:57,https://www.fortali.com.br/confeitaria?page=124,Pronto para comparar
Fortali Distribuidora,Confeitaria,CARAVELLA CRUNCH PISTACCHIO DUBAI MASTER MARTINI 3KG,CARAVELLA CRUNCH PISTACCHIO DUBAI MASTER MARTINI 3KG,37119,3KG,3.0,KG,3000.0,G,,Não,27,https://www.fortali.com.br/caravella-crunch-pistacchio-dubai-master-martini-3kg-37119-1,2026-08-18 13:06:57,https://www.fortali.com.br/confeitaria?page=27,Pronto para comparar
Fortali Distribuidora,Confeitaria,"MISTURA LACTEA COND MOCOCA BAG 2,5KG","MISTURA LACTEA COND MOCOCA BAG 2,5KG",37120,"2,5KG",2.5,KG,2500.0,G,,Não,124,https://www.fortali.com.br/mistura-lactea-cond-mococa-bag-25kg-37120-1,2026-08-18 13:06:57,https://www.fortali.com.br/confeitaria?page=124,Pronto para comparar
Fortali Distribuidora,Confeitaria,CX BOMBONS CHOC SORTIDOS GAROTO 220G,CX BOMBONS CHOC SORTIDOS GAROTO 220G,37168,220G,220.0,G,220.0,G,,Não,124,https://www.fortali.com.br/cx-bombons-choc-sortidos-garoto-220g-37168-1,2026-08-18 13:06:57,https://www.fortali.com.br/confeitaria?page=124,Pronto para comparar
Fortali Distribuidora,Confeitaria,CX BOMBONS ESPECIALIDADES NESTLE 220G,CX BOMBONS ESPECIALIDADES NESTLE 220G,37169,220G,220.0,G,220.0,G,,Não,124,https://www.fortali.com.br/cx-bombons-especialidades-nestle-220g-37169-1,2026-08-18 13:06:57,https://www.fortali.com.br/confeitaria?page=124,Pronto para comparar
Fortali Distribuidora,Confeitaria,PASTA GUSTOSIA SABOR LIMAO SICILIANO 90G,PASTA GUSTOSIA SABOR LIMAO SICILIANO 90G,37172,90G,90.0,G,90.0,G,,Não,124,https://www.fortali.com.br/pasta-gustosia-sabor-limao-siciliano-90g-37172-1,2026-08-18 13:06:57,https://www.fortali.com.br/confeitaria?page=124,Pronto para comparar
Fortali Distribuidora,Confeitaria,PASTA GUSTOSIA SABOR FRUTAS DO BOSQUE 90G,PASTA GUSTOSIA SABOR FRUTAS DO BOSQUE 90G,37173,90G,90.0,G,90.0,G,,Não,124,https://www.fortali.com.br/pasta-gustosia-sabor-frutas-do-bosque-90g-37173-1,2026-08-18 13:06:57,https://www.fortali.com.br/confeitaria?page=124,Pronto para comparar
Fortali Distribuidora,Confeitaria,PASTA GUSTOSIA SABOR LARANJA 90G,PASTA GUSTOSIA SABOR LARANJA 90G,37174,90G,90.0,G,90.0,G,,Não,27,https://www.fortali.com.br/pasta-gustosia-sabor-laranja-90g-37174-1,2026-08-18 13:06:57,https://www.fortali.com.br/confeitaria?page=27,Pronto para comparar
Fortali Distribuidora,Confeitaria,PASTA GUSTOSIA NOCCIOLA AVELA 90G,PASTA GUSTOSIA NOCCIOLA AVELA 90G,37175,90G,90.0,G,90.0,G,,Não,27,https://www.fortali.com.br/pasta-gustosia-nocciola-avela-90g-37175-1,2026-08-18 13:06:57,https://www.fortali.com.br/confeitaria?page=27,Pronto para comparar
Fortali Distribuidora,Confeitaria,PASTA GUSTOSIA SABOR MARACUJA 90G,PASTA GUSTOSIA SABOR MARACUJA 90G,37176,90G,90.0,G,90.0,G,,Não,124,https://www.fortali.com.br/pasta-gustosia-sabor-maracuja-90g-37176-1,2026-08-18 13:06:57,https://www.fortali.com.br/confeitaria?page=124,Pronto para comparar
Fortali Distribuidora,Confeitaria,GANACHE 7 BELO MEC3 1KG,GANACHE 7 BELO MEC3 1KG,37177,1KG,1.0,KG,1000.0,G,,Não,27,https://www.fortali.com.br/ganache-7-belo-mec3-1kg-37177-1,2026-08-18 13:06:57,https://www.fortali.com.br/confeitaria?page=27,Pronto para comparar
Fortali Distribuidora,Confeitaria,BISCOITO BEL LOTUS BISCOFF 250G,BISCOITO BEL LOTUS BISCOFF 250G,37277,250G,250.0,G,250.0,G,,Não,124,https://www.fortali.com.br/biscoito-bel-lotus-biscoff-250g-37277-1,2026-08-18 13:06:57,https://www.fortali.com.br/confeitaria?page=124,Pronto para comparar
Fortali Distribuidora,Confeitaria,BISCOITO BEL LOTUS BISCOFF POCKET 124G,BISCOITO BEL LOTUS BISCOFF POCKET 124G,37278,124G,124.0,G,124.0,G,,Não,124,https://www.fortali.com.br/biscoito-bel-lotus-biscoff-pocket-124g-37278-1,2026-08-18 13:06:57,https://www.fortali.com.br/confeitaria?page=124,Pronto para comparar
Fortali Distribuidora,Confeitaria,"BISCOITO BEL LOTUS BISCOFF 1,875KG","BISCOITO BEL LOTUS BISCOFF 1,875KG",37279,"1,875KG",1.875,KG,1875.0,G,,Não,124,https://www.fortali.com.br/biscoito-bel-lotus-biscoff-1875kg-37279-1,2026-08-18 13:06:57,https://www.fortali.com.br/confeitaria?page=124,Pronto para comparar
Fortali Distribuidora,Confeitaria,BISCOITO BEL LOTUS BISCOFF CRUMBS 750G,BISCOITO BEL LOTUS BISCOFF CRUMBS 750G,37280,750G,750.0,G,750.0,G,,Não,17,https://www.fortali.com.br/biscoito-bel-lotus-biscoff-crumbs-750g-37280-1,2026-08-18 13:06:57,https://www.fortali.com.br/confeitaria?page=17,Pronto para comparar
Fortali Distribuidora,Confeitaria,BISCOI BEL LOTUS SANDWICH MILK CHOCOLATE BISCOFF 110G,BISCOI BEL LOTUS SANDWICH MILK CHOCOLATE BISCOFF 110G,37281,110G,110.0,G,110.0,G,,Não,124,https://www.fortali.com.br/biscoi-bel-lotus-sandwich-milk-chocolate-biscoff-110g-37281-1,2026-08-18 13:06:57,https://www.fortali.com.br/confeitaria?page=124,Pronto para comparar
Fortali Distribuidora,Confeitaria,BISCOITO BEL LOTUS SANDWICH CREAM BISCOFF 110G,BISCOITO BEL LOTUS SANDWICH CREAM BISCOFF 110G,37282,110G,110.0,G,110.0,G,,Não,124,https://www.fortali.com.br/biscoito-bel-lotus-sandwich-cream-biscoff-110g-37282-1,2026-08-18 13:06:57,https://www.fortali.com.br/confeitaria?page=124,Pronto para comparar
Fortali Distribuidora,Confeitaria,PASTA BEL LOTUS BISCOFF SPREAD 400G,PASTA BEL LOTUS BISCOFF SPREAD 400G,37283,400G,400.0,G,400.0,G,,Não,124,https://www.fortali.com.br/pasta-bel-lotus-biscoff-spread-400g-37283-1,2026-08-18 13:06:57,https://www.fortali.com.br/confeitaria?page=124,Pronto para comparar
Fortali Distribuidora,Confeitaria,PASTA BEL LOTUS SPREAD CRUNCHY BISCOFF 380G,PASTA BEL LOTUS SPREAD CRUNCHY BISCOFF 380G,37284,380G,380.0,G,380.0,G,,Não,124,https://www.fortali.com.br/pasta-bel-lotus-spread-crunchy-biscoff-380g-37284-1,2026-08-18 13:06:57,https://www.fortali.com.br/confeitaria?page=124,Pronto para comparar
Fortali Distribuidora,Confeitaria,PASTA BEL LOTUS BISCOFF SPREAD 3KG,PASTA BEL LOTUS BISCOFF SPREAD 3KG,37285,3KG,3.0,KG,3000.0,G,,Não,35,https://www.fortali.com.br/pasta-bel-lotus-biscoff-spread-3kg-37285-1,2026-08-18 13:06:57,https://www.fortali.com.br/confeitaria?page=35,Pronto para comparar
Fortali Distribuidora,Confeitaria,LEITE COND INTEGRAL CEMIL 8% TP 395G,LEITE COND INTEGRAL CEMIL 8% TP 395G,37286,395G,395.0,G,395.0,G,,Não,1,https://www.fortali.com.br/leite-cond-integral-cemil-8-tp-395g-37286-1,2026-08-18 13:06:57,https://www.fortali.com.br/confeitaria?page=1,Pronto para comparar
Fortali Distribuidora,Confeitaria,"LEITE COND INTEGRAL CEMIL  8% BAG 2,5KG","LEITE COND INTEGRAL CEMIL 8% BAG 2,5KG",37287,"2,5KG",2.5,KG,2500.0,G,,Não,2,https://www.fortali.com.br/leite-cond-integral-cemil--8-bag-25kg-37287-1,2026-08-18 13:06:57,https://www.fortali.com.br/confeitaria?page=2,Pronto para comparar
Fortali Distribuidora,Confeitaria,LEITE COND INTEGRAL CEMIL 8% BAG 5KG,LEITE COND INTEGRAL CEMIL 8% BAG 5KG,37288,5KG,5.0,KG,5000.0,G,,Não,2,https://www.fortali.com.br/leite-cond-integral-cemil-8-bag-5kg-37288-1,2026-08-18 13:06:57,https://www.fortali.com.br/confeitaria?page=2,Pronto para comparar
Fortali Distribuidora,Confeitaria,CONFEITOS COLORIDO VERDE E AMARELO ICEBERG 80G,CONFEITOS COLORIDO VERDE E AMARELO ICEBERG 80G,37301,80G,80.0,G,80.0,G,,Não,125,https://www.fortali.com.br/confeitos-colorido-verde-e-amarelo-iceberg-80g-37301-1,2026-08-18 13:06:57,https://www.fortali.com.br/confeitaria?page=125,Pronto para comparar
Fortali Distribuidora,Confeitaria,PO P BRIGADEIRO MORANGO MAVALERIO 45G,PO P BRIGADEIRO MORANGO MAVALERIO 45G,37315,45G,45.0,G,45.0,G,,Não,125,https://www.fortali.com.br/po-p-brigadeiro-morango-mavalerio-45g-37315-1,2026-08-18 13:06:57,https://www.fortali.com.br/confeitaria?page=125,Pronto para comparar
Fortali Distribuidora,Confeitaria,PO P BRIGADEIRO MARACUJA MAVALERIO 45G,PO P BRIGADEIRO MARACUJA MAVALERIO 45G,37316,45G,45.0,G,45.0,G,,Não,125,https://www.fortali.com.br/po-p-brigadeiro-maracuja-mavalerio-45g-37316-1,2026-08-18 13:06:57,https://www.fortali.com.br/confeitaria?page=125,Pronto para comparar
Fortali Distribuidora,Confeitaria,AROMA ARTIFICIAL DE BAUNILHA MAGO 30ML,AROMA ARTIFICIAL DE BAUNILHA MAGO 30ML,37321,30ML,30.0,ML,30.0,ML,,Não,125,https://www.fortali.com.br/aroma-artificial-de-baunilha-mago-30ml-37321-1,2026-08-18 13:06:57,https://www.fortali.com.br/confeitaria?page=125,Pronto para comparar
Fortali Distribuidora,Confeitaria,AROMA ARTIFICIAL DE BAUNILHA MAGO 960ML,AROMA ARTIFICIAL DE BAUNILHA MAGO 960ML,37322,960ML,960.0,ML,960.0,ML,,Não,125,https://www.fortali.com.br/aroma-artificial-de-baunilha-mago-960ml-37322-1,2026-08-18 13:06:57,https://www.fortali.com.br/confeitaria?page=125,Pronto para comparar
Fortali Distribuidora,Confeitaria,AROMA ARTIFICIAL DE PANETONE MAGO 960ML,AROMA ARTIFICIAL DE PANETONE MAGO 960ML,37323,960ML,960.0,ML,960.0,ML,,Não,27,https://www.fortali.com.br/aroma-artificial-de-panetone-mago-960ml-37323-1,2026-08-18 13:06:57,https://www.fortali.com.br/confeitaria?page=27,Pronto para comparar
Fortali Distribuidora,Confeitaria,AROMA ARTIFICIAL DE PANETONE MAGO 30ML,AROMA ARTIFICIAL DE PANETONE MAGO 30ML,37324,30ML,30.0,ML,30.0,ML,,Não,125,https://www.fortali.com.br/aroma-artificial-de-panetone-mago-30ml-37324-1,2026-08-18 13:06:57,https://www.fortali.com.br/confeitaria?page=125,Pronto para comparar
Fortali Distribuidora,Confeitaria,AROMA ARTIFICIAL DE BAUNILHA BRANCA MAGO 960ML,AROMA ARTIFICIAL DE BAUNILHA BRANCA MAGO 960ML,37325,960ML,960.0,ML,960.0,ML,,Não,125,https://www.fortali.com.br/aroma-artificial-de-baunilha-branca-mago-960ml-37325-1,2026-08-18 13:06:57,https://www.fortali.com.br/confeitaria?page=125,Pronto para comparar
Fortali Distribuidora,Confeitaria,AROMA ARTIFICIAL PARA CONFEITARIA DE COCO MAGO 960ML,AROMA ARTIFICIAL PARA CONFEITARIA DE COCO MAGO 960ML,37326,960ML,960.0,ML,960.0,ML,,Não,125,https://www.fortali.com.br/aroma-artificial-para-confeitaria-de-coco-mago-960ml-37326-1,2026-08-18 13:06:57,https://www.fortali.com.br/confeitaria?page=125,Pronto para comparar
Fortali Distribuidora,Confeitaria,AROMA ARTIFICIAL  PARA CONFEITARIA DE LARANJA MAGO 960ML,AROMA ARTIFICIAL PARA CONFEITARIA DE LARANJA MAGO 960ML,37327,960ML,960.0,ML,960.0,ML,,Não,125,https://www.fortali.com.br/aroma-artificial--para-confeitaria-de-laranja-mago-960ml-37327-1,2026-08-18 13:06:57,https://www.fortali.com.br/confeitaria?page=125,Pronto para comparar
Fortali Distribuidora,Confeitaria,AROMA ARTIFICIAL PARA CONFEITARIA DE MANTEIGA MAGO 960ML,AROMA ARTIFICIAL PARA CONFEITARIA DE MANTEIGA MAGO 960ML,37328,960ML,960.0,ML,960.0,ML,,Não,125,https://www.fortali.com.br/aroma-artificial-para-confeitaria-de-manteiga-mago-960ml-37328-1,2026-08-18 13:06:57,https://www.fortali.com.br/confeitaria?page=125,Pronto para comparar
Fortali Distribuidora,Confeitaria,AROMA ARTIFICIAL PARA CONFEITARIA DE PISTACHE MAGO 960ML,AROMA ARTIFICIAL PARA CONFEITARIA DE PISTACHE MAGO 960ML,37329,960ML,960.0,ML,960.0,ML,,Não,125,https://www.fortali.com.br/aroma-artificial-para-confeitaria-de-pistache-mago-960ml-37329-1,2026-08-18 13:06:57,https://www.fortali.com.br/confeitaria?page=125,Pronto para comparar
Fortali Distribuidora,Confeitaria,AROMA ARTIFICIAL PARA CONFEITARIA DE QUEIJO MAGO 960ML,AROMA ARTIFICIAL PARA CONFEITARIA DE QUEIJO MAGO 960ML,37330,960ML,960.0,ML,960.0,ML,,Não,125,https://www.fortali.com.br/aroma-artificial-para-confeitaria-de-queijo-mago-960ml-37330-1,2026-08-18 13:06:57,https://www.fortali.com.br/confeitaria?page=125,Pronto para comparar
Fortali Distribuidora,Confeitaria,AROMA PARA CHOCOLATE MORANGO MAGO 20ML,AROMA PARA CHOCOLATE MORANGO MAGO 20ML,37331,20ML,20.0,ML,20.0,ML,,Não,125,https://www.fortali.com.br/aroma-para-chocolate-morango-mago-20ml-37331-1,2026-08-18 13:06:57,https://www.fortali.com.br/confeitaria?page=125,Pronto para comparar
Fortali Distribuidora,Confeitaria,AROMA P CHOCOLATE PISTACHE MAGO 20ML,AROMA P CHOCOLATE PISTACHE MAGO 20ML,37332,20ML,20.0,ML,20.0,ML,,Não,125,https://www.fortali.com.br/aroma-p-chocolate-pistache-mago-20ml-37332-1,2026-08-18 13:06:57,https://www.fortali.com.br/confeitaria?page=125,Pronto para comparar
Fortali Distribuidora,Confeitaria,AROMA PARA CHOCOLATE CARAMELO MAGO 20ML,AROMA PARA CHOCOLATE CARAMELO MAGO 20ML,37333,20ML,20.0,ML,20.0,ML,,Não,125,https://www.fortali.com.br/aroma-para-chocolate-caramelo-mago-20ml-37333-1,2026-08-18 13:06:57,https://www.fortali.com.br/confeitaria?page=125,Pronto para comparar
Fortali Distribuidora,Confeitaria,AROMA PARA CHOCOLATE MENTA MAGO 20ML,AROMA PARA CHOCOLATE MENTA MAGO 20ML,37334,20ML,20.0,ML,20.0,ML,,Não,125,https://www.fortali.com.br/aroma-para-chocolate-menta-mago-20ml-37334-1,2026-08-18 13:06:57,https://www.fortali.com.br/confeitaria?page=125,Pronto para comparar
Fortali Distribuidora,Confeitaria,AROMA PARA CHOCOLATE LARANJA MAGO 20ML,AROMA PARA CHOCOLATE LARANJA MAGO 20ML,37335,20ML,20.0,ML,20.0,ML,,Não,125,https://www.fortali.com.br/aroma-para-chocolate-laranja-mago-20ml-37335-1,2026-08-18 13:06:57,https://www.fortali.com.br/confeitaria?page=125,Pronto para comparar
Fortali Distribuidora,Confeitaria,CORANTE EM PO PARA FINS ALIMENTICIO AMARELO MAGO 6G,CORANTE EM PO PARA FINS ALIMENTICIO AMARELO MAGO 6G,37336,6G,6.0,G,6.0,G,,Não,27,https://www.fortali.com.br/corante-em-po-para-fins-alimenticio-amarelo-mago-6g-37336-1,2026-08-18 13:06:57,https://www.fortali.com.br/confeitaria?page=27,Pronto para comparar
Fortali Distribuidora,Confeitaria,CORANTE EM PO PARA FINS ALIMENTICIO AZUL MAGO 6G,CORANTE EM PO PARA FINS ALIMENTICIO AZUL MAGO 6G,37337,6G,6.0,G,6.0,G,,Não,27,https://www.fortali.com.br/corante-em-po-para-fins-alimenticio-azul-mago-6g-37337-1,2026-08-18 13:06:57,https://www.fortali.com.br/confeitaria?page=27,Pronto para comparar
Fortali Distribuidora,Confeitaria,CORANTE EM PO PARA FINS ALIMENTICIO LARANJA MAGO 6G,CORANTE EM PO PARA FINS ALIMENTICIO LARANJA MAGO 6G,37338,6G,6.0,G,6.0,G,,Não,125,https://www.fortali.com.br/corante-em-po-para-fins-alimenticio-laranja-mago-6g-37338-1,2026-08-18 13:06:57,https://www.fortali.com.br/confeitaria?page=125,Pronto para comparar
Fortali Distribuidora,Confeitaria,CORANTE EM PO PARA FINS ALIMENTICIO MARROM MAGO 6G,CORANTE EM PO PARA FINS ALIMENTICIO MARROM MAGO 6G,37339,6G,6.0,G,6.0,G,,Não,125,https://www.fortali.com.br/corante-em-po-para-fins-alimenticio-marrom-mago-6g-37339-1,2026-08-18 13:06:57,https://www.fortali.com.br/confeitaria?page=125,Pronto para comparar
Fortali Distribuidora,Confeitaria,CORANTE EM PO PARA FINS ALIMENTICIO PRETO MAGO 6G,CORANTE EM PO PARA FINS ALIMENTICIO PRETO MAGO 6G,37340,6G,6.0,G,6.0,G,,Não,125,https://www.fortali.com.br/corante-em-po-para-fins-alimenticio-preto-mago-6g-37340-1,2026-08-18 13:06:57,https://www.fortali.com.br/confeitaria?page=125,Pronto para comparar
Fortali Distribuidora,Confeitaria,CORANTE EM PO PARA FINS ALIMENTICIO ROSA MAGO 6G,CORANTE EM PO PARA FINS ALIMENTICIO ROSA MAGO 6G,37341,6G,6.0,G,6.0,G,,Não,125,https://www.fortali.com.br/corante-em-po-para-fins-alimenticio-rosa-mago-6g-37341-1,2026-08-18 13:06:57,https://www.fortali.com.br/confeitaria?page=125,Pronto para comparar
Fortali Distribuidora,Confeitaria,CORANTE EM PO PARA FINS ALIMENTICIO ROXO MAGO 6G,CORANTE EM PO PARA FINS ALIMENTICIO ROXO MAGO 6G,37342,6G,6.0,G,6.0,G,,Não,125,https://www.fortali.com.br/corante-em-po-para-fins-alimenticio-roxo-mago-6g-37342-1,2026-08-18 13:06:57,https://www.fortali.com.br/confeitaria?page=125,Pronto para comparar
Fortali Distribuidora,Confeitaria,CORANTE EM PO PARA FINS ALIMENTICIO VERDE MAGO 6G,CORANTE EM PO PARA FINS ALIMENTICIO VERDE MAGO 6G,37343,6G,6.0,G,6.0,G,,Não,27,https://www.fortali.com.br/corante-em-po-para-fins-alimenticio-verde-mago-6g-37343-1,2026-08-18 13:06:57,https://www.fortali.com.br/confeitaria?page=27,Pronto para comparar
Fortali Distribuidora,Confeitaria,CORANTE EM PO PARA FINS ALIMENTICIO VERMELHO MAGO 6G,CORANTE EM PO PARA FINS ALIMENTICIO VERMELHO MAGO 6G,37344,6G,6.0,G,6.0,G,,Não,125,https://www.fortali.com.br/corante-em-po-para-fins-alimenticio-vermelho-mago-6g-37344-1,2026-08-18 13:06:57,https://www.fortali.com.br/confeitaria?page=125,Pronto para comparar
Fortali Distribuidora,Confeitaria,CORANTE EM PO PARA FINS ALIMENTICIO VERMELHO MARSALA MAGO 6G,CORANTE EM PO PARA FINS ALIMENTICIO VERMELHO MARSALA MAGO 6G,37345,6G,6.0,G,6.0,G,,Não,125,https://www.fortali.com.br/corante-em-po-para-fins-alimenticio-vermelho-marsala-mago-6g-37345-1,2026-08-18 13:06:57,https://www.fortali.com.br/confeitaria?page=125,Pronto para comparar
Fortali Distribuidora,Confeitaria,CORANTE CHOCO SOFT GEL ROSA MAGO 50G,CORANTE CHOCO SOFT GEL ROSA MAGO 50G,37346,50G,50.0,G,50.0,G,,Não,126,https://www.fortali.com.br/corante-choco-soft-gel-rosa-mago-50g-37346-1,2026-08-18 13:06:57,https://www.fortali.com.br/confeitaria?page=126,Pronto para comparar
Fortali Distribuidora,Confeitaria,CORANTE CHOCO SOFT GEL AMARELO MAGO 50G,CORANTE CHOCO SOFT GEL AMARELO MAGO 50G,37347,50G,50.0,G,50.0,G,,Não,27,https://www.fortali.com.br/corante-choco-soft-gel-amarelo-mago-50g-37347-1,2026-08-18 13:06:57,https://www.fortali.com.br/confeitaria?page=27,Pronto para comparar
Fortali Distribuidora,Confeitaria,CORANTE CHOCO SOFT GEL VERMELHO MAGO 50G,CORANTE CHOCO SOFT GEL VERMELHO MAGO 50G,37348,50G,50.0,G,50.0,G,,Não,27,https://www.fortali.com.br/corante-choco-soft-gel-vermelho-mago-50g-37348-1,2026-08-18 13:06:57,https://www.fortali.com.br/confeitaria?page=27,Pronto para comparar
Fortali Distribuidora,Confeitaria,CORANTE CHOCO SOFT GEL BRANCO MAGO 50G,CORANTE CHOCO SOFT GEL BRANCO MAGO 50G,37349,50G,50.0,G,50.0,G,,Não,126,https://www.fortali.com.br/corante-choco-soft-gel-branco-mago-50g-37349-1,2026-08-18 13:06:57,https://www.fortali.com.br/confeitaria?page=126,Pronto para comparar
Fortali Distribuidora,Confeitaria,CORANTE CHOCO SOFT GEL LARANJA MAGO 50G,CORANTE CHOCO SOFT GEL LARANJA MAGO 50G,37350,50G,50.0,G,50.0,G,,Não,27,https://www.fortali.com.br/corante-choco-soft-gel-laranja-mago-50g-37350-1,2026-08-18 13:06:57,https://www.fortali.com.br/confeitaria?page=27,Pronto para comparar
Fortali Distribuidora,Confeitaria,CORANTE CHOCO SOFT GEL PRETO MAGO 50G,CORANTE CHOCO SOFT GEL PRETO MAGO 50G,37351,50G,50.0,G,50.0,G,,Não,27,https://www.fortali.com.br/corante-choco-soft-gel-preto-mago-50g-37351-1,2026-08-18 13:06:57,https://www.fortali.com.br/confeitaria?page=27,Pronto para comparar
Fortali Distribuidora,Confeitaria,CORANTE CHOCO SOFT GEL VERDE MAGO 50G,CORANTE CHOCO SOFT GEL VERDE MAGO 50G,37352,50G,50.0,G,50.0,G,,Não,27,https://www.fortali.com.br/corante-choco-soft-gel-verde-mago-50g-37352-1,2026-08-18 13:06:57,https://www.fortali.com.br/confeitaria?page=27,Pronto para comparar
Fortali Distribuidora,Confeitaria,CORANTE CHOCO SOFT GEL AZUL MAGO 50G,CORANTE CHOCO SOFT GEL AZUL MAGO 50G,37353,50G,50.0,G,50.0,G,,Não,126,https://www.fortali.com.br/corante-choco-soft-gel-azul-mago-50g-37353-1,2026-08-18 13:06:57,https://www.fortali.com.br/confeitaria?page=126,Pronto para comparar
Fortali Distribuidora,Confeitaria,TOP CONFEITE VERDE AMARELO HARALD 400G,TOP CONFEITE VERDE AMARELO HARALD 400G,37357,400G,400.0,G,400.0,G,,Não,29,https://www.fortali.com.br/top-confeite-verde-amarelo-harald-400g-37357-1,2026-08-18 13:06:57,https://www.fortali.com.br/confeitaria?page=29,Pronto para comparar
Fortali Distribuidora,Confeitaria,FLOCOS MACIO MESCLADO CACAU FOODS 500G,FLOCOS MACIO MESCLADO CACAU FOODS 500G,37363,500G,500.0,G,500.0,G,,Não,8,https://www.fortali.com.br/flocos-macio-mesclado-cacau-foods-500g-37363-1,2026-08-18 13:06:57,https://www.fortali.com.br/confeitaria?page=8,Pronto para comparar
Fortali Distribuidora,Confeitaria,MINI CEREAL CROC BRANCO PRETO CACAU FOODS 500G,MINI CEREAL CROC BRANCO PRETO CACAU FOODS 500G,37364,500G,500.0,G,500.0,G,,Não,9,https://www.fortali.com.br/mini-cereal-croc-branco-preto-cacau-foods-500g-37364-1,2026-08-18 13:06:57,https://www.fortali.com.br/confeitaria?page=9,Pronto para comparar
Fortali Distribuidora,Confeitaria,GRANULADO CROCRANTE SABOR CHOC CACAU FOODS 500G,GRANULADO CROCRANTE SABOR CHOC CACAU FOODS 500G,37365,500G,500.0,G,500.0,G,,Não,12,https://www.fortali.com.br/granulado-crocrante-sabor-choc-cacau-foods-500g-37365-1,2026-08-18 13:06:57,https://www.fortali.com.br/confeitaria?page=12,Pronto para comparar
Fortali Distribuidora,Confeitaria,"CHOC PO SOLUVEL 55% CACAU DONA J 1,005KG","CHOC PO SOLUVEL 55% CACAU DONA J 1,005KG",37366,"1,005KG",1.005,KG,1005.0,G,,Não,27,https://www.fortali.com.br/choc-po-soluvel-55-cacau-dona-j-1005kg-37366-1,2026-08-18 13:06:57,https://www.fortali.com.br/confeitaria?page=27,Pronto para comparar
Fortali Distribuidora,Confeitaria,"CHOC PO SOLUVEL 32% CACAU DE 1,005KG CACAU FOODS","CHOC PO SOLUVEL 32% CACAU DE 1,005KG CACAU FOODS",37367,"1,005KG",1.005,KG,1005.0,G,,Não,10,https://www.fortali.com.br/choc-po-soluvel-32-cacau-de-1005kg-cacau-foods-37367-1,2026-08-18 13:06:57,https://www.fortali.com.br/confeitaria?page=10,Pronto para comparar
Fortali Distribuidora,Confeitaria,AMEIXA EM CALDA OLE 300G,AMEIXA EM CALDA OLE 300G,37368,300G,300.0,G,300.0,G,,Não,13,https://www.fortali.com.br/ameixa-em-calda-ole-300g-37368-1,2026-08-18 13:06:57,https://www.fortali.com.br/confeitaria?page=13,Pronto para comparar
Fortali Distribuidora,Confeitaria,ABACAXI EM CALDA OLE 300G,ABACAXI EM CALDA OLE 300G,37369,300G,300.0,G,300.0,G,,Não,4,https://www.fortali.com.br/abacaxi-em-calda-ole-300g-37369-1,2026-08-18 13:06:57,https://www.fortali.com.br/confeitaria?page=4,Pronto para comparar
Fortali Distribuidora,Confeitaria,CHOCOLATE EM PÓ SOLUVEL 32% CACAU NUTRIMAX PACOTE 1.01KG,CHOCOLATE EM PO SOLUVEL 32% CACAU NUTRIMAX PACOTE 1.01KG,3751,1.01KG,1.01,KG,1010.0,G,,Não,126,https://www.fortali.com.br/chocolate-em-po-soluvel-32-cacau-nutrimax-pacote-101kg-3751-1,2026-08-18 13:06:57,https://www.fortali.com.br/confeitaria?page=126,Pronto para comparar
Fortali Distribuidora,Confeitaria,"CHOCOLATE EM PÓ 50% NUTRIMAX 1,01KG","CHOCOLATE EM PO 50% NUTRIMAX 1,01KG",3758,"1,01KG",1.01,KG,1010.0,G,,Não,14,https://www.fortali.com.br/chocolate-em-po-50-nutrimax-101kg-3758-1,2026-08-18 13:06:57,https://www.fortali.com.br/confeitaria?page=14,Pronto para comparar
Fortali Distribuidora,Confeitaria,ALCOOL DE CEREAL ART BRILHO 50ML,ALCOOL DE CEREAL ART BRILHO 50ML,37589,50ML,50.0,ML,50.0,ML,,Não,126,https://www.fortali.com.br/alcool-de-cereal-art-brilho-50ml-37589-1,2026-08-18 13:06:57,https://www.fortali.com.br/confeitaria?page=126,Pronto para comparar
Fortali Distribuidora,Confeitaria,ALCOOL DE CEREAL ART BRILHO 100ML,ALCOOL DE CEREAL ART BRILHO 100ML,37590,100ML,100.0,ML,100.0,ML,,Não,27,https://www.fortali.com.br/alcool-de-cereal-art-brilho-100ml-37590-1,2026-08-18 13:06:57,https://www.fortali.com.br/confeitaria?page=27,Pronto para comparar
Fortali Distribuidora,Confeitaria,ALCOOL DE CEREAL ART BRILHO 200ML,ALCOOL DE CEREAL ART BRILHO 200ML,37591,200ML,200.0,ML,200.0,ML,,Não,27,https://www.fortali.com.br/alcool-de-cereal-art-brilho-200ml-37591-1,2026-08-18 13:06:57,https://www.fortali.com.br/confeitaria?page=27,Pronto para comparar
Fortali Distribuidora,Confeitaria,ALCOOL DE CEREAL ART BRILHO 500ML,ALCOOL DE CEREAL ART BRILHO 500ML,37592,500ML,500.0,ML,500.0,ML,,Não,11,https://www.fortali.com.br/alcool-de-cereal-art-brilho-500ml-37592-1,2026-08-18 13:06:57,https://www.fortali.com.br/confeitaria?page=11,Pronto para comparar
Fortali Distribuidora,Confeitaria,"INOVARE GTS INTENSO HARALD 2,05KG","INOVARE GTS INTENSO HARALD 2,05KG",37593,"2,05KG",2.05,KG,2050.0,G,,Não,17,https://www.fortali.com.br/inovare-gts-intenso-harald-2-05kg-37593-1,2026-08-18 13:06:57,https://www.fortali.com.br/confeitaria?page=17,Pronto para comparar
Fortali Distribuidora,Confeitaria,"CHOCOLATE BIS LIMAO LACTA 100,8G","CHOCOLATE BIS LIMAO LACTA 100,8G",37682,"100,8G",100.8,G,100.8,G,,Não,126,https://www.fortali.com.br/chocolate-bis-limao-lacta-1008g-37682-1,2026-08-18 13:06:57,https://www.fortali.com.br/confeitaria?page=126,Pronto para comparar
Fortali Distribuidora,Confeitaria,CHOC BIS EXTRA BLACK 45G,CHOC BIS EXTRA BLACK 45G,37683,45G,45.0,G,45.0,G,,Não,126,https://www.fortali.com.br/choc-bis-extra-black-45g-37683-1,2026-08-18 13:06:57,https://www.fortali.com.br/confeitaria?page=126,Pronto para comparar
Fortali Distribuidora,Confeitaria,CAIXA BOMBOM SONHO OURO SORTIDO 220G,CAIXA BOMBOM SONHO OURO SORTIDO 220G,37684,220G,220.0,G,220.0,G,,Não,126,https://www.fortali.com.br/caixa-bombom-sonho-ouro-sortido-220g-37684-1,2026-08-18 13:06:57,https://www.fortali.com.br/confeitaria?page=126,Pronto para comparar
Fortali Distribuidora,Confeitaria,CHOCOLATE LACTA OURO BRANCO 98G,CHOCOLATE LACTA OURO BRANCO 98G,37685,98G,98.0,G,98.0,G,,Não,126,https://www.fortali.com.br/chocolate-lacta-ouro-branco-98g-37685-1,2026-08-18 13:06:57,https://www.fortali.com.br/confeitaria?page=126,Pronto para comparar
Fortali Distribuidora,Confeitaria,CHOCOLATE LACTA SONHO DE VALSA 98G,CHOCOLATE LACTA SONHO DE VALSA 98G,37686,98G,98.0,G,98.0,G,,Não,126,https://www.fortali.com.br/chocolate-lacta-sonho-de-valsa-98g-37686-1,2026-08-18 13:06:57,https://www.fortali.com.br/confeitaria?page=126,Pronto para comparar
Fortali Distribuidora,Confeitaria,BRIGADEIRO ALISPEC POTE 2KG,BRIGADEIRO ALISPEC POTE 2KG,37709,2KG,2.0,KG,2000.0,G,,Não,126,https://www.fortali.com.br/brigadeiro-alispec-pote-2kg-37709-1,2026-08-18 13:06:57,https://www.fortali.com.br/confeitaria?page=126,Pronto para comparar
Fortali Distribuidora,Confeitaria,BEIJINHO ALISPEC POTE 900G,BEIJINHO ALISPEC POTE 900G,37710,900G,900.0,G,900.0,G,,Não,126,https://www.fortali.com.br/beijinho-alispec-pote-900g-37710-1,2026-08-18 13:06:57,https://www.fortali.com.br/confeitaria?page=126,Pronto para comparar
Fortali Distribuidora,Confeitaria,"BEIJINHO ALISPEC POTE 1,8KG","BEIJINHO ALISPEC POTE 1,8KG",37711,"1,8KG",1.8,KG,1800.0,G,,Não,126,https://www.fortali.com.br/beijinho-alispec-pote-18kg-37711-1,2026-08-18 13:06:57,https://www.fortali.com.br/confeitaria?page=126,Pronto para comparar
Fortali Distribuidora,Confeitaria,"CREME RECHEIO AVELA MANGA ALISPEC 1,01KG","CREME RECHEIO AVELA MANGA ALISPEC 1,01KG",37712,"1,01KG",1.01,KG,1010.0,G,,Não,14,https://www.fortali.com.br/creme-recheio-avela-manga-alispec-101kg-37712-1,2026-08-18 13:06:57,https://www.fortali.com.br/confeitaria?page=14,Pronto para comparar
Fortali Distribuidora,Confeitaria,CREME GANACHE BRANCO ALISPEC BALDE 4KG,CREME GANACHE BRANCO ALISPEC BALDE 4KG,37713,4KG,4.0,KG,4000.0,G,,Não,126,https://www.fortali.com.br/creme-ganache-branco-alispec-balde-4kg-37713-1,2026-08-18 13:06:57,https://www.fortali.com.br/confeitaria?page=126,Pronto para comparar
Fortali Distribuidora,Confeitaria,CREME GANACHE CHOCOLATE ALISPEC BALDE 4KG,CREME GANACHE CHOCOLATE ALISPEC BALDE 4KG,37714,4KG,4.0,KG,4000.0,G,,Não,126,https://www.fortali.com.br/creme-ganache-chocolate-alispec-balde-4kg-37714-1,2026-08-18 13:06:57,https://www.fortali.com.br/confeitaria?page=126,Pronto para comparar
Fortali Distribuidora,Confeitaria,CREME GANACHE CHOCOLATE MEIO AMARGO ALISPEC BALDE 4KG,CREME GANACHE CHOCOLATE MEIO AMARGO ALISPEC BALDE 4KG,37715,4KG,4.0,KG,4000.0,G,,Não,126,https://www.fortali.com.br/creme-ganache-chocolate-meio-amargo-alispec-balde-4kg-37715-1,2026-08-18 13:06:57,https://www.fortali.com.br/confeitaria?page=126,Pronto para comparar
Fortali Distribuidora,Confeitaria,"COB E RECH BRIGADEIRO MANGA ALISPEC 1,01KG","COB E RECH BRIGADEIRO MANGA ALISPEC 1,01KG",37716,"1,01KG",1.01,KG,1010.0,G,,Não,126,https://www.fortali.com.br/cob-e-rech-brigadeiro-manga-alispec-101kg-37716-1,2026-08-18 13:06:57,https://www.fortali.com.br/confeitaria?page=126,Pronto para comparar
Fortali Distribuidora,Confeitaria,MASTER CREMA FROZEN MASTER MARTINI 1L,MASTER CREMA FROZEN MASTER MARTINI 1L,37836,1L,1.0,L,1000.0,ML,,Não,11,https://www.fortali.com.br/master-crema-frozen-master-martini-1l-37836-1,2026-08-18 13:06:57,https://www.fortali.com.br/confeitaria?page=11,Pronto para comparar
Fortali Distribuidora,Confeitaria,MELKEN GRANULE CHOC AO LEITE 130G,MELKEN GRANULE CHOC AO LEITE 130G,37974,130G,130.0,G,130.0,G,,Não,18,https://www.fortali.com.br/melken-granule-choc-ao-leite-130g-37974-1,2026-08-18 13:06:57,https://www.fortali.com.br/confeitaria?page=18,Pronto para comparar
Fortali Distribuidora,Confeitaria,CHOCOCANDY PASTILHA CONF COLOR 900G,CHOCOCANDY PASTILHA CONF COLOR 900G,37995,900G,900.0,G,900.0,G,,Não,126,https://www.fortali.com.br/chococandy-pastilha-conf-color-900g-37995-1,2026-08-18 13:06:57,https://www.fortali.com.br/confeitaria?page=126,Pronto para comparar
Fortali Distribuidora,Confeitaria,CHOCOCANDY PASTILHA CONF COLOR 450G,CHOCOCANDY PASTILHA CONF COLOR 450G,37996,450G,450.0,G,450.0,G,,Não,3,https://www.fortali.com.br/chococandy-pastilha-conf-color-450g-37996-1,2026-08-18 13:06:57,https://www.fortali.com.br/confeitaria?page=3,Pronto para comparar
Fortali Distribuidora,Confeitaria,CHOCOLATE EM PO 50% 1 KG LA RECETTE,CHOCOLATE EM PO 50% 1 KG LA RECETTE,38198,1KG,1.0,KG,1000.0,G,,Não,7,https://www.fortali.com.br/chocolate-em-po-50-1-kg-la-recette-38198-1,2026-08-18 13:06:57,https://www.fortali.com.br/confeitaria?page=7,Pronto para comparar
Fortali Distribuidora,Confeitaria,PASTA SABORIZANTE AVELA AROMITALIA 160G,PASTA SABORIZANTE AVELA AROMITALIA 160G,38199,160G,160.0,G,160.0,G,,Não,28,https://www.fortali.com.br/pasta-saborizante-avela-aromitalia-160g-38199-1,2026-08-18 13:06:57,https://www.fortali.com.br/confeitaria?page=28,Pronto para comparar
Fortali Distribuidora,Confeitaria,PASTA SABORIZANTE PISTACHE AROMITALIA 160G,PASTA SABORIZANTE PISTACHE AROMITALIA 160G,38200,160G,160.0,G,160.0,G,,Não,28,https://www.fortali.com.br/pasta-saborizante-pistache-aromitalia-160g-38200-1,2026-08-18 13:06:57,https://www.fortali.com.br/confeitaria?page=28,Pronto para comparar
Fortali Distribuidora,Confeitaria,PASTA SABORIZANTE BAUNILHA FRENCH AROMITALIA 180G,PASTA SABORIZANTE BAUNILHA FRENCH AROMITALIA 180G,38201,180G,180.0,G,180.0,G,,Não,28,https://www.fortali.com.br/pasta-saborizante-baunilha-french-aromitalia-180g-38201-1,2026-08-18 13:06:57,https://www.fortali.com.br/confeitaria?page=28,Pronto para comparar
Fortali Distribuidora,Confeitaria,CREME LATTISSIMO AROMITALIA 200G,CREME LATTISSIMO AROMITALIA 200G,38202,200G,200.0,G,200.0,G,,Não,28,https://www.fortali.com.br/creme-lattissimo-aromitalia-200g-38202-1,2026-08-18 13:06:57,https://www.fortali.com.br/confeitaria?page=28,Pronto para comparar
Fortali Distribuidora,Confeitaria,PASTA SABORIZANTE MORANGO AROMITALIA 180G,PASTA SABORIZANTE MORANGO AROMITALIA 180G,38203,180G,180.0,G,180.0,G,,Não,28,https://www.fortali.com.br/pasta-saborizante-morango-aromitalia-180g-38203-1,2026-08-18 13:06:57,https://www.fortali.com.br/confeitaria?page=28,Pronto para comparar
Fortali Distribuidora,Confeitaria,PASTA SABORIZANTE FRUTAS SILVESTRE AROMITALIA 180G,PASTA SABORIZANTE FRUTAS SILVESTRE AROMITALIA 180G,38204,180G,180.0,G,180.0,G,,Não,28,https://www.fortali.com.br/pasta-saborizante-frutas-silvestre-aromitalia-180g-38204-1,2026-08-18 13:06:57,https://www.fortali.com.br/confeitaria?page=28,Pronto para comparar
Fortali Distribuidora,Confeitaria,"RECH E COB FORN SABOR CHOC AO LEITE JUNCO BISN 1,01KG","RECH E COB FORN SABOR CHOC AO LEITE JUNCO BISN 1,01KG",38214,"1,01KG",1.01,KG,1010.0,G,,Não,126,https://www.fortali.com.br/rech-e-cob-forn-sabor-choc-ao-leite-junco-bisn-1-01kg-38214-1,2026-08-18 13:06:57,https://www.fortali.com.br/confeitaria?page=126,Pronto para comparar
Fortali Distribuidora,Confeitaria,"RECH COB FORN SABOR BRIGADEIRO JUNCO BISN 1,01KG","RECH COB FORN SABOR BRIGADEIRO JUNCO BISN 1,01KG",38215,"1,01KG",1.01,KG,1010.0,G,,Não,126,https://www.fortali.com.br/rech-cob-forn-sabor-brigadeiro-junco-bisn-1-01kg-38215-1,2026-08-18 13:06:57,https://www.fortali.com.br/confeitaria?page=126,Pronto para comparar
Fortali Distribuidora,Confeitaria,"RECH COB FORN SABOR DOCE DE LEITE JUNCO BISN 1,01KG","RECH COB FORN SABOR DOCE DE LEITE JUNCO BISN 1,01KG",38216,"1,01KG",1.01,KG,1010.0,G,,Não,126,https://www.fortali.com.br/rech-cob-forn-sabor-doce-de-leite-junco-bisn-1-01kg-38216-1,2026-08-18 13:06:57,https://www.fortali.com.br/confeitaria?page=126,Pronto para comparar
Fortali Distribuidora,Confeitaria,BRIGADEIRO BRANCO DOCE SORO LEITE JUNCO 400G,BRIGADEIRO BRANCO DOCE SORO LEITE JUNCO 400G,38217,400G,400.0,G,400.0,G,,Não,126,https://www.fortali.com.br/brigadeiro-branco-doce-soro-leite-junco-400g-38217-1,2026-08-18 13:06:57,https://www.fortali.com.br/confeitaria?page=126,Pronto para comparar
Fortali Distribuidora,Confeitaria,SOLUCAO ALCOOLICA JUNCO 50ML,SOLUCAO ALCOOLICA JUNCO 50ML,38218,50ML,50.0,ML,50.0,ML,,Não,126,https://www.fortali.com.br/solucao-alcoolica-junco-50ml-38218-1,2026-08-18 13:06:57,https://www.fortali.com.br/confeitaria?page=126,Pronto para comparar
Fortali Distribuidora,Confeitaria,SOLUCAO ALCOOLICA JUNCO 270ML,SOLUCAO ALCOOLICA JUNCO 270ML,38223,270ML,270.0,ML,270.0,ML,,Não,126,https://www.fortali.com.br/solucao-alcoolica-junco-270ml-38223-1,2026-08-18 13:06:57,https://www.fortali.com.br/confeitaria?page=126,Pronto para comparar
Fortali Distribuidora,Confeitaria,"DOCE DE LEITE P CONFEITARIA BALDE JUNCO 9,8KG","DOCE DE LEITE P CONFEITARIA BALDE JUNCO 9,8KG",38224,"9,8KG",9.8,KG,9800.0,G,,Não,127,https://www.fortali.com.br/doce-de-leite-p-confeitaria-balde-junco-9-8kg-38224-1,2026-08-18 13:06:57,https://www.fortali.com.br/confeitaria?page=127,Pronto para comparar
Fortali Distribuidora,Confeitaria,"DOCE DE LEITE P CONFEITARIA BALDE JUNCO 4,5KG","DOCE DE LEITE P CONFEITARIA BALDE JUNCO 4,5KG",38225,"4,5KG",4.5,KG,4500.0,G,,Não,127,https://www.fortali.com.br/doce-de-leite-p-confeitaria-balde-junco-4-5kg-38225-1,2026-08-18 13:06:57,https://www.fortali.com.br/confeitaria?page=127,Pronto para comparar
Fortali Distribuidora,Confeitaria,"DOCE DE LEITE P CONFEITARIA BISNAGA JUNCO 1,01KG","DOCE DE LEITE P CONFEITARIA BISNAGA JUNCO 1,01KG",38226,"1,01KG",1.01,KG,1010.0,G,,Não,127,https://www.fortali.com.br/doce-de-leite-p-confeitaria-bisnaga-junco-1-01kg-38226-1,2026-08-18 13:06:57,https://www.fortali.com.br/confeitaria?page=127,Pronto para comparar
Fortali Distribuidora,Confeitaria,DOCE DE LEITE P CONFEITARIA BALDE JUNCO 2KG,DOCE DE LEITE P CONFEITARIA BALDE JUNCO 2KG,38227,2KG,2.0,KG,2000.0,G,,Não,127,https://www.fortali.com.br/doce-de-leite-p-confeitaria-balde-junco-2kg-38227-1,2026-08-18 13:06:57,https://www.fortali.com.br/confeitaria?page=127,Pronto para comparar
Fortali Distribuidora,Confeitaria,CHOCOLATE EM PO 50% JUNCO 1KG,CHOCOLATE EM PO 50% JUNCO 1KG,38228,1KG,1.0,KG,1000.0,G,,Não,127,https://www.fortali.com.br/chocolate-em-po-50-junco-1kg-38228-1,2026-08-18 13:06:57,https://www.fortali.com.br/confeitaria?page=127,Pronto para comparar
Fortali Distribuidora,Confeitaria,CACAU EM PO 100% JUNCO 500G,CACAU EM PO 100% JUNCO 500G,38229,500G,500.0,G,500.0,G,,Não,127,https://www.fortali.com.br/cacau-em-po-100-junco-500g-38229-1,2026-08-18 13:06:57,https://www.fortali.com.br/confeitaria?page=127,Pronto para comparar
Fortali Distribuidora,Confeitaria,"BEIJINHO DOCE SORO LEITE C COCO JUNCO 1,01KG","BEIJINHO DOCE SORO LEITE C COCO JUNCO 1,01KG",38230,"1,01KG",1.01,KG,1010.0,G,,Não,127,https://www.fortali.com.br/beijinho-doce-soro-leite-c-coco-junco-1-01kg-38230-1,2026-08-18 13:06:57,https://www.fortali.com.br/confeitaria?page=127,Pronto para comparar
Fortali Distribuidora,Confeitaria,"BRIGADEIRO DOCE SORO LEITE C CHOC JUNCO 1,01KG","BRIGADEIRO DOCE SORO LEITE C CHOC JUNCO 1,01KG",38231,"1,01KG",1.01,KG,1010.0,G,,Não,127,https://www.fortali.com.br/brigadeiro-doce-soro-leite-c-choc-junco-1-01kg-38231-1,2026-08-18 13:06:57,https://www.fortali.com.br/confeitaria?page=127,Pronto para comparar
Fortali Distribuidora,Confeitaria,CORANTE LIQUIGEL AMARELO ARCOLOR 30G,CORANTE LIQUIGEL AMARELO ARCOLOR 30G,3828,30G,30.0,G,30.0,G,,Não,127,https://www.fortali.com.br/corante-liquigel-amarelo-arcolor-30g-3828-1,2026-08-18 13:06:57,https://www.fortali.com.br/confeitaria?page=127,Pronto para comparar
Fortali Distribuidora,Confeitaria,COR ARCOLOR LIQUIGEL 30G AZUL TURQUESA,COR ARCOLOR LIQUIGEL 30G AZUL TURQUESA,3829,30G,30.0,G,30.0,G,,Não,127,https://www.fortali.com.br/cor-arcolor-liquigel-30g-azul-turquesa-3829-1,2026-08-18 13:06:57,https://www.fortali.com.br/confeitaria?page=127,Pronto para comparar
Fortali Distribuidora,Confeitaria,CORANTE LIQUIGEL VIOLETA/LILAS ARCOLOR 30G,CORANTE LIQUIGEL VIOLETA LILAS ARCOLOR 30G,3830,30G,30.0,G,30.0,G,,Não,127,https://www.fortali.com.br/corante-liquigel-violetalilas-arcolor-30g-3830-1,2026-08-18 13:06:57,https://www.fortali.com.br/confeitaria?page=127,Pronto para comparar
Fortali Distribuidora,Confeitaria,PO DECORATIVO DOURADO ARTGLOW 5G,PO DECORATIVO DOURADO ARTGLOW 5G,38300,5G,5.0,G,5.0,G,,Não,35,https://www.fortali.com.br/po-decorativo-dourado-artglow-5g-38300-1,2026-08-18 13:06:57,https://www.fortali.com.br/confeitaria?page=35,Pronto para comparar
Fortali Distribuidora,Confeitaria,PO DECORATIVO PRATEADO ARTGLOW 3G,PO DECORATIVO PRATEADO ARTGLOW 3G,38301,3G,3.0,G,3.0,G,,Não,127,https://www.fortali.com.br/po-decorativo-prateado-artglow-3g-38301-1,2026-08-18 13:06:57,https://www.fortali.com.br/confeitaria?page=127,Pronto para comparar
Fortali Distribuidora,Confeitaria,PO DECORATIVO PEROLADO ARTGLOW 3G,PO DECORATIVO PEROLADO ARTGLOW 3G,38302,3G,3.0,G,3.0,G,,Não,127,https://www.fortali.com.br/po-decorativo-perolado-artglow-3g-38302-1,2026-08-18 13:06:57,https://www.fortali.com.br/confeitaria?page=127,Pronto para comparar
Fortali Distribuidora,Confeitaria,PO DECORATIVO VERMELHO RUBI ARTGLOW 3G,PO DECORATIVO VERMELHO RUBI ARTGLOW 3G,38303,3G,3.0,G,3.0,G,,Não,127,https://www.fortali.com.br/po-decorativo-vermelho-rubi-artglow-3g-38303-1,2026-08-18 13:06:57,https://www.fortali.com.br/confeitaria?page=127,Pronto para comparar
Fortali Distribuidora,Confeitaria,PO DECORATIVO DOURADO ROSE ARTGLOW 5G,PO DECORATIVO DOURADO ROSE ARTGLOW 5G,38304,5G,5.0,G,5.0,G,,Não,127,https://www.fortali.com.br/po-decorativo-dourado-rose-artglow-5g-38304-1,2026-08-18 13:06:57,https://www.fortali.com.br/confeitaria?page=127,Pronto para comparar
Fortali Distribuidora,Confeitaria,PO DECORATIVO ROSA CEREJA ARTGLOW 3G,PO DECORATIVO ROSA CEREJA ARTGLOW 3G,38305,3G,3.0,G,3.0,G,,Não,127,https://www.fortali.com.br/po-decorativo-rosa-cereja-artglow-3g-38305-1,2026-08-18 13:06:57,https://www.fortali.com.br/confeitaria?page=127,Pronto para comparar
Fortali Distribuidora,Confeitaria,PO DECORATIVO DOURADO EGIPCIO ARTGLOW 5G,PO DECORATIVO DOURADO EGIPCIO ARTGLOW 5G,38306,5G,5.0,G,5.0,G,,Não,34,https://www.fortali.com.br/po-decorativo-dourado-egipcio-artglow-5g-38306-1,2026-08-18 13:06:57,https://www.fortali.com.br/confeitaria?page=34,Pronto para comparar
Fortali Distribuidora,Confeitaria,GLITTER DECORATIVO CRISTAL ARTGLOW 5G,GLITTER DECORATIVO CRISTAL ARTGLOW 5G,38307,5G,5.0,G,5.0,G,,Não,127,https://www.fortali.com.br/glitter-decorativo-cristal-artglow-5g-38307-1,2026-08-18 13:06:57,https://www.fortali.com.br/confeitaria?page=127,Pronto para comparar
Fortali Distribuidora,Confeitaria,GLITTER DECORATIVO DOURADO ARTGLOW 5G,GLITTER DECORATIVO DOURADO ARTGLOW 5G,38308,5G,5.0,G,5.0,G,,Não,34,https://www.fortali.com.br/glitter-decorativo-dourado-artglow-5g-38308-1,2026-08-18 13:06:57,https://www.fortali.com.br/confeitaria?page=34,Pronto para comparar
Fortali Distribuidora,Confeitaria,GLITTER DECORATIVO PEROLADO ARTGLOW 5G,GLITTER DECORATIVO PEROLADO ARTGLOW 5G,38309,5G,5.0,G,5.0,G,,Não,34,https://www.fortali.com.br/glitter-decorativo-perolado-artglow-5g-38309-1,2026-08-18 13:06:57,https://www.fortali.com.br/confeitaria?page=34,Pronto para comparar
Fortali Distribuidora,Confeitaria,GLITTER DECORATIVO PRATEADO ARTGLOW 5G,GLITTER DECORATIVO PRATEADO ARTGLOW 5G,38310,5G,5.0,G,5.0,G,,Não,34,https://www.fortali.com.br/glitter-decorativo-prateado-artglow-5g-38310-1,2026-08-18 13:06:57,https://www.fortali.com.br/confeitaria?page=34,Pronto para comparar
Fortali Distribuidora,Confeitaria,GLITTER DECORATIVO ROSA ARTGLOW 5G,GLITTER DECORATIVO ROSA ARTGLOW 5G,38311,5G,5.0,G,5.0,G,,Não,36,https://www.fortali.com.br/glitter-decorativo-rosa-artglow-5g-38311-1,2026-08-18 13:06:57,https://www.fortali.com.br/confeitaria?page=36,Pronto para comparar
Fortali Distribuidora,Confeitaria,GLITTER DECORATIVO VERMELHO ARTGLOW 5G,GLITTER DECORATIVO VERMELHO ARTGLOW 5G,38312,5G,5.0,G,5.0,G,,Não,127,https://www.fortali.com.br/glitter-decorativo-vermelho-artglow-5g-38312-1,2026-08-18 13:06:57,https://www.fortali.com.br/confeitaria?page=127,Pronto para comparar
Fortali Distribuidora,Confeitaria,GLITTER DECORATIVO AZUL COBALTO ARTGLOW 5G,GLITTER DECORATIVO AZUL COBALTO ARTGLOW 5G,38313,5G,5.0,G,5.0,G,,Não,127,https://www.fortali.com.br/glitter-decorativo-azul-cobalto-artglow-5g-38313-1,2026-08-18 13:06:57,https://www.fortali.com.br/confeitaria?page=127,Pronto para comparar
Fortali Distribuidora,Confeitaria,"CREME DE GOIABA TAMBAÚ 4,8KG","CREME DE GOIABA TAMBAU 4,8KG",3832,"4,8KG",4.8,KG,4800.0,G,,Não,4,https://www.fortali.com.br/creme-de-goiaba-tambau-48kg-3832-1,2026-08-18 13:06:57,https://www.fortali.com.br/confeitaria?page=4,Pronto para comparar
Fortali Distribuidora,Confeitaria,DOCE DE LEITE PASTOSO MARANGUAPE 500G,DOCE DE LEITE PASTOSO MARANGUAPE 500G,38330,500G,500.0,G,500.0,G,,Não,127,https://www.fortali.com.br/doce-de-leite-pastoso-maranguape-500g-38330-1,2026-08-18 13:06:57,https://www.fortali.com.br/confeitaria?page=127,Pronto para comparar
Fortali Distribuidora,Confeitaria,CREME CARIBE BUENO MASTER MARTINI 3KG,CREME CARIBE BUENO MASTER MARTINI 3KG,38411,3KG,3.0,KG,3000.0,G,,Não,33,https://www.fortali.com.br/creme-caribe-bueno-master-martini-3kg-38411-1,2026-08-18 13:06:57,https://www.fortali.com.br/confeitaria?page=33,Pronto para comparar
Fortali Distribuidora,Confeitaria,CREME CARIBE LEITINHO MASTER MARTINI 3KG,CREME CARIBE LEITINHO MASTER MARTINI 3KG,38412,3KG,3.0,KG,3000.0,G,,Não,20,https://www.fortali.com.br/creme-caribe-leitinho-master-martini-3kg-38412-1,2026-08-18 13:06:57,https://www.fortali.com.br/confeitaria?page=20,Pronto para comparar
Fortali Distribuidora,Confeitaria,PASTA SABORIZANTE CREME LIMAO AROMITALIA 180G,PASTA SABORIZANTE CREME LIMAO AROMITALIA 180G,38413,180G,180.0,G,180.0,G,,Não,28,https://www.fortali.com.br/pasta-saborizante-creme-limao-aromitalia-180g-38413-1,2026-08-18 13:06:57,https://www.fortali.com.br/confeitaria?page=28,Pronto para comparar
Fortali Distribuidora,Confeitaria,"RECH ARTESANAL CREME BUENO VABENE 1,01KG","RECH ARTESANAL CREME BUENO VABENE 1,01KG",38414,"1,01KG",1.01,KG,1010.0,G,,Não,15,https://www.fortali.com.br/rech-artesanal-creme-bueno-vabene-1-01kg-38414-1,2026-08-18 13:06:57,https://www.fortali.com.br/confeitaria?page=15,Pronto para comparar
Fortali Distribuidora,Confeitaria,BRILHO ALIMENTICIO AZUL FAB 3G,BRILHO ALIMENTICIO AZUL FAB 3G,38524,3G,3.0,G,3.0,G,,Não,127,https://www.fortali.com.br/brilho-alimenticio-azul-fab-3g-38524-1,2026-08-18 13:06:57,https://www.fortali.com.br/confeitaria?page=127,Pronto para comparar
Fortali Distribuidora,Confeitaria,BRILHO ALIMENTICIO DOURADO FAB 3G,BRILHO ALIMENTICIO DOURADO FAB 3G,38525,3G,3.0,G,3.0,G,,Não,127,https://www.fortali.com.br/brilho-alimenticio-dourado-fab-3g-38525-1,2026-08-18 13:06:57,https://www.fortali.com.br/confeitaria?page=127,Pronto para comparar
Fortali Distribuidora,Confeitaria,BRILHO ALIMENTICIO LARANJA FAB 3G,BRILHO ALIMENTICIO LARANJA FAB 3G,38526,3G,3.0,G,3.0,G,,Não,127,https://www.fortali.com.br/brilho-alimenticio-laranja-fab-3g-38526-1,2026-08-18 13:06:57,https://www.fortali.com.br/confeitaria?page=127,Pronto para comparar
Fortali Distribuidora,Confeitaria,BRILHO ALIMENTICIO ROSA FAB 3G,BRILHO ALIMENTICIO ROSA FAB 3G,38527,3G,3.0,G,3.0,G,,Não,127,https://www.fortali.com.br/brilho-alimenticio-rosa-fab-3g-38527-1,2026-08-18 13:06:57,https://www.fortali.com.br/confeitaria?page=127,Pronto para comparar
Fortali Distribuidora,Confeitaria,BRILHO ALIMENTICIO VERDE FAB 3G,BRILHO ALIMENTICIO VERDE FAB 3G,38528,3G,3.0,G,3.0,G,,Não,128,https://www.fortali.com.br/brilho-alimenticio-verde-fab-3g-38528-1,2026-08-18 13:06:57,https://www.fortali.com.br/confeitaria?page=128,Pronto para comparar
Fortali Distribuidora,Confeitaria,BRILHO ALIMENTICIO VERMELHO FAB 3G,BRILHO ALIMENTICIO VERMELHO FAB 3G,38529,3G,3.0,G,3.0,G,,Não,128,https://www.fortali.com.br/brilho-alimenticio-vermelho-fab-3g-38529-1,2026-08-18 13:06:57,https://www.fortali.com.br/confeitaria?page=128,Pronto para comparar
Fortali Distribuidora,Confeitaria,BRILHO ALIMENTICIO AMARELO FAB 3G,BRILHO ALIMENTICIO AMARELO FAB 3G,38530,3G,3.0,G,3.0,G,,Não,128,https://www.fortali.com.br/brilho-alimenticio-amarelo-fab-3g-38530-1,2026-08-18 13:06:57,https://www.fortali.com.br/confeitaria?page=128,Pronto para comparar
Fortali Distribuidora,Confeitaria,BRILHO ALIMENTICIO ROXO FAB 3G,BRILHO ALIMENTICIO ROXO FAB 3G,38531,3G,3.0,G,3.0,G,,Não,128,https://www.fortali.com.br/brilho-alimenticio-roxo-fab-3g-38531-1,2026-08-18 13:06:57,https://www.fortali.com.br/confeitaria?page=128,Pronto para comparar
Fortali Distribuidora,Confeitaria,BRILHO ALIMENTICIO PRETO FAB 3G,BRILHO ALIMENTICIO PRETO FAB 3G,38532,3G,3.0,G,3.0,G,,Não,128,https://www.fortali.com.br/brilho-alimenticio-preto-fab-3g-38532-1,2026-08-18 13:06:57,https://www.fortali.com.br/confeitaria?page=128,Pronto para comparar
Fortali Distribuidora,Confeitaria,CORANTE SOFTGEL ART AMARELO CANDY FAB 25G,CORANTE SOFTGEL ART AMARELO CANDY FAB 25G,38533,25G,25.0,G,25.0,G,,Não,128,https://www.fortali.com.br/corante-softgel-art-amarelo-candy-fab-25g-38533-1,2026-08-18 13:06:57,https://www.fortali.com.br/confeitaria?page=128,Pronto para comparar
Fortali Distribuidora,Confeitaria,CORANTE SOFTGEL ART AZUL CANDY FAB 25G,CORANTE SOFTGEL ART AZUL CANDY FAB 25G,38534,25G,25.0,G,25.0,G,,Não,128,https://www.fortali.com.br/corante-softgel-art-azul-candy-fab-25g-38534-1,2026-08-18 13:06:57,https://www.fortali.com.br/confeitaria?page=128,Pronto para comparar
Fortali Distribuidora,Confeitaria,CORANTE SOFTGEL ART LARANJA CANDY FAB 25G,CORANTE SOFTGEL ART LARANJA CANDY FAB 25G,38535,25G,25.0,G,25.0,G,,Não,128,https://www.fortali.com.br/corante-softgel-art-laranja-candy-fab-25g-38535-1,2026-08-18 13:06:57,https://www.fortali.com.br/confeitaria?page=128,Pronto para comparar
Fortali Distribuidora,Confeitaria,CORANTE SOFTGEL ART LILAS CANDY FAB 25G,CORANTE SOFTGEL ART LILAS CANDY FAB 25G,38536,25G,25.0,G,25.0,G,,Não,128,https://www.fortali.com.br/corante-softgel-art-lilas-candy-fab-25g-38536-1,2026-08-18 13:06:57,https://www.fortali.com.br/confeitaria?page=128,Pronto para comparar
Fortali Distribuidora,Confeitaria,CORANTE SOFTGEL ART ROSA CANDY FAB 25G,CORANTE SOFTGEL ART ROSA CANDY FAB 25G,38537,25G,25.0,G,25.0,G,,Não,128,https://www.fortali.com.br/corante-softgel-art-rosa-candy-fab-25g-38537-1,2026-08-18 13:06:57,https://www.fortali.com.br/confeitaria?page=128,Pronto para comparar
Fortali Distribuidora,Confeitaria,CORANTE SOFTGEL ART VERDE CANDY FAB 25G,CORANTE SOFTGEL ART VERDE CANDY FAB 25G,38538,25G,25.0,G,25.0,G,,Não,128,https://www.fortali.com.br/corante-softgel-art-verde-candy-fab-25g-38538-1,2026-08-18 13:06:57,https://www.fortali.com.br/confeitaria?page=128,Pronto para comparar
Fortali Distribuidora,Confeitaria,CORANTE SOFTGEL ART AMARELO DAMASCO FAB 25G,CORANTE SOFTGEL ART AMARELO DAMASCO FAB 25G,38539,25G,25.0,G,25.0,G,,Não,128,https://www.fortali.com.br/corante-softgel-art-amarelo-damasco-fab-25g-38539-1,2026-08-18 13:06:57,https://www.fortali.com.br/confeitaria?page=128,Pronto para comparar
Fortali Distribuidora,Confeitaria,CORANTE SOFTGEL ART AZUL JEANS FAB 25G,CORANTE SOFTGEL ART AZUL JEANS FAB 25G,38540,25G,25.0,G,25.0,G,,Não,128,https://www.fortali.com.br/corante-softgel-art-azul-jeans-fab-25g-38540-1,2026-08-18 13:06:57,https://www.fortali.com.br/confeitaria?page=128,Pronto para comparar
Fortali Distribuidora,Confeitaria,CORANTE SOFTGEL ART ROSA CHICLETE FAB 25G,CORANTE SOFTGEL ART ROSA CHICLETE FAB 25G,38541,25G,25.0,G,25.0,G,,Não,128,https://www.fortali.com.br/corante-softgel-art-rosa-chiclete-fab-25g-38541-1,2026-08-18 13:06:57,https://www.fortali.com.br/confeitaria?page=128,Pronto para comparar
Fortali Distribuidora,Confeitaria,CORANTE SOFTGEL ART VERDE BANDEIRA FAB 25G,CORANTE SOFTGEL ART VERDE BANDEIRA FAB 25G,38542,25G,25.0,G,25.0,G,,Não,128,https://www.fortali.com.br/corante-softgel-art-verde-bandeira-fab-25g-38542-1,2026-08-18 13:06:57,https://www.fortali.com.br/confeitaria?page=128,Pronto para comparar
Fortali Distribuidora,Confeitaria,CORANTE SOFTGEL AMARELO FAB 60G,CORANTE SOFTGEL AMARELO FAB 60G,38543,60G,60.0,G,60.0,G,,Não,128,https://www.fortali.com.br/corante-softgel-amarelo-fab-60g-38543-1,2026-08-18 13:06:57,https://www.fortali.com.br/confeitaria?page=128,Pronto para comparar
Fortali Distribuidora,Confeitaria,CORANTE SOFTGEL AMARELO GEMA FAB 60G,CORANTE SOFTGEL AMARELO GEMA FAB 60G,38544,60G,60.0,G,60.0,G,,Não,128,https://www.fortali.com.br/corante-softgel-amarelo-gema-fab-60g-38544-1,2026-08-18 13:06:57,https://www.fortali.com.br/confeitaria?page=128,Pronto para comparar
Fortali Distribuidora,Confeitaria,CORANTE SOFTGEL AZUL FAB 60G,CORANTE SOFTGEL AZUL FAB 60G,38545,60G,60.0,G,60.0,G,,Não,128,https://www.fortali.com.br/corante-softgel-azul-fab-60g-38545-1,2026-08-18 13:06:57,https://www.fortali.com.br/confeitaria?page=128,Pronto para comparar
Fortali Distribuidora,Confeitaria,CORANTE SOFTGEL AZUL MARINHO FAB 60G,CORANTE SOFTGEL AZUL MARINHO FAB 60G,38546,60G,60.0,G,60.0,G,,Não,128,https://www.fortali.com.br/corante-softgel-azul-marinho-fab-60g-38546-1,2026-08-18 13:06:57,https://www.fortali.com.br/confeitaria?page=128,Pronto para comparar
Fortali Distribuidora,Confeitaria,CORANTE SOFTGEL AZUL TIFFANY FAB 60G,CORANTE SOFTGEL AZUL TIFFANY FAB 60G,38547,60G,60.0,G,60.0,G,,Não,128,https://www.fortali.com.br/corante-softgel-azul-tiffany-fab-60g-38547-1,2026-08-18 13:06:57,https://www.fortali.com.br/confeitaria?page=128,Pronto para comparar
Fortali Distribuidora,Confeitaria,CORANTE SOFTGEL AZUL ROYAL FAB 60G,CORANTE SOFTGEL AZUL ROYAL FAB 60G,38548,60G,60.0,G,60.0,G,,Não,128,https://www.fortali.com.br/corante-softgel-azul-royal-fab-60g-38548-1,2026-08-18 13:06:57,https://www.fortali.com.br/confeitaria?page=128,Pronto para comparar
Fortali Distribuidora,Confeitaria,CORANTE SOFTGEL BRANCO FAB 60G,CORANTE SOFTGEL BRANCO FAB 60G,38549,60G,60.0,G,60.0,G,,Não,128,https://www.fortali.com.br/corante-softgel-branco-fab-60g-38549-1,2026-08-18 13:06:57,https://www.fortali.com.br/confeitaria?page=128,Pronto para comparar
Fortali Distribuidora,Confeitaria,CORANTE SOFTGEL LARANJA FAB 60G,CORANTE SOFTGEL LARANJA FAB 60G,38550,60G,60.0,G,60.0,G,,Não,128,https://www.fortali.com.br/corante-softgel-laranja-fab-60g-38550-1,2026-08-18 13:06:57,https://www.fortali.com.br/confeitaria?page=128,Pronto para comparar
Fortali Distribuidora,Confeitaria,CORANTE SOFTGEL LILAS FAB 60G,CORANTE SOFTGEL LILAS FAB 60G,38551,60G,60.0,G,60.0,G,,Não,128,https://www.fortali.com.br/corante-softgel-lilas-fab-60g-38551-1,2026-08-18 13:06:57,https://www.fortali.com.br/confeitaria?page=128,Pronto para comparar
Fortali Distribuidora,Confeitaria,CORANTE SOFTGEL MARROM FAB 60G,CORANTE SOFTGEL MARROM FAB 60G,38552,60G,60.0,G,60.0,G,,Não,129,https://www.fortali.com.br/corante-softgel-marrom-fab-60g-38552-1,2026-08-18 13:06:57,https://www.fortali.com.br/confeitaria?page=129,Pronto para comparar
Fortali Distribuidora,Confeitaria,CORANTE SOFTGEL PINK FAB 60G,CORANTE SOFTGEL PINK FAB 60G,38553,60G,60.0,G,60.0,G,,Não,129,https://www.fortali.com.br/corante-softgel-pink-fab-60g-38553-1,2026-08-18 13:06:57,https://www.fortali.com.br/confeitaria?page=129,Pronto para comparar
Fortali Distribuidora,Confeitaria,CORANTE SOFTGEL ROSA FAB 60G,CORANTE SOFTGEL ROSA FAB 60G,38554,60G,60.0,G,60.0,G,,Não,129,https://www.fortali.com.br/corante-softgel-rosa-fab-60g-38554-1,2026-08-18 13:06:57,https://www.fortali.com.br/confeitaria?page=129,Pronto para comparar
Fortali Distribuidora,Confeitaria,CORANTE SOFTGEL ROSA SECO FAB 60G,CORANTE SOFTGEL ROSA SECO FAB 60G,38555,60G,60.0,G,60.0,G,,Não,129,https://www.fortali.com.br/corante-softgel-rosa-seco-fab-60g-38555-1,2026-08-18 13:06:57,https://www.fortali.com.br/confeitaria?page=129,Pronto para comparar
Fortali Distribuidora,Confeitaria,CORANTE SOFTGEL ROXO FAB 60G,CORANTE SOFTGEL ROXO FAB 60G,38556,60G,60.0,G,60.0,G,,Não,129,https://www.fortali.com.br/corante-softgel-roxo-fab-60g-38556-1,2026-08-18 13:06:57,https://www.fortali.com.br/confeitaria?page=129,Pronto para comparar
Fortali Distribuidora,Confeitaria,CORANTE SOFTGEL SUPER PRETO FAB 60G,CORANTE SOFTGEL SUPER PRETO FAB 60G,38557,60G,60.0,G,60.0,G,,Não,129,https://www.fortali.com.br/corante-softgel-super-preto-fab-60g-38557-1,2026-08-18 13:06:57,https://www.fortali.com.br/confeitaria?page=129,Pronto para comparar
Fortali Distribuidora,Confeitaria,CORANTE SOFTGEL SUPER VERMELHO FAB 60G,CORANTE SOFTGEL SUPER VERMELHO FAB 60G,38558,60G,60.0,G,60.0,G,,Não,129,https://www.fortali.com.br/corante-softgel-super-vermelho-fab-60g-38558-1,2026-08-18 13:06:57,https://www.fortali.com.br/confeitaria?page=129,Pronto para comparar
Fortali Distribuidora,Confeitaria,CORANTE SOFTGEL VERDE FAB 60G,CORANTE SOFTGEL VERDE FAB 60G,38559,60G,60.0,G,60.0,G,,Não,129,https://www.fortali.com.br/corante-softgel-verde-fab-60g-38559-1,2026-08-18 13:06:57,https://www.fortali.com.br/confeitaria?page=129,Pronto para comparar
Fortali Distribuidora,Confeitaria,CORANTE SOFTGEL VERDE FOLHA FAB 60G,CORANTE SOFTGEL VERDE FOLHA FAB 60G,38560,60G,60.0,G,60.0,G,,Não,129,https://www.fortali.com.br/corante-softgel-verde-folha-fab-60g-38560-1,2026-08-18 13:06:57,https://www.fortali.com.br/confeitaria?page=129,Pronto para comparar
Fortali Distribuidora,Confeitaria,CORANTE SOFTGEL VERDE LIMAO FAB 60G,CORANTE SOFTGEL VERDE LIMAO FAB 60G,38561,60G,60.0,G,60.0,G,,Não,129,https://www.fortali.com.br/corante-softgel-verde-limao-fab-60g-38561-1,2026-08-18 13:06:57,https://www.fortali.com.br/confeitaria?page=129,Pronto para comparar
Fortali Distribuidora,Confeitaria,CORANTE SOFTGEL VERDE MENTA FAB 60G,CORANTE SOFTGEL VERDE MENTA FAB 60G,38562,60G,60.0,G,60.0,G,,Não,129,https://www.fortali.com.br/corante-softgel-verde-menta-fab-60g-38562-1,2026-08-18 13:06:57,https://www.fortali.com.br/confeitaria?page=129,Pronto para comparar
Fortali Distribuidora,Confeitaria,CORANTE SOFTGEL VERMELHO NATAL FAB 60G,CORANTE SOFTGEL VERMELHO NATAL FAB 60G,38563,60G,60.0,G,60.0,G,,Não,129,https://www.fortali.com.br/corante-softgel-vermelho-natal-fab-60g-38563-1,2026-08-18 13:06:57,https://www.fortali.com.br/confeitaria?page=129,Pronto para comparar
Fortali Distribuidora,Confeitaria,CORANTE SOFTGEL VERMELHO RUBI FAB 60G,CORANTE SOFTGEL VERMELHO RUBI FAB 60G,38564,60G,60.0,G,60.0,G,,Não,129,https://www.fortali.com.br/corante-softgel-vermelho-rubi-fab-60g-38564-1,2026-08-18 13:06:57,https://www.fortali.com.br/confeitaria?page=129,Pronto para comparar
Fortali Distribuidora,Confeitaria,CORANTE LIQUIDO AMARELO GEMA FAB 10ML,CORANTE LIQUIDO AMARELO GEMA FAB 10ML,38565,10ML,10.0,ML,10.0,ML,,Não,129,https://www.fortali.com.br/corante-liquido-amarelo-gema-fab-10ml-38565-1,2026-08-18 13:06:57,https://www.fortali.com.br/confeitaria?page=129,Pronto para comparar
Fortali Distribuidora,Confeitaria,CORANTE LIQUIDO MARROM FAB 10ML,CORANTE LIQUIDO MARROM FAB 10ML,38566,10ML,10.0,ML,10.0,ML,,Não,129,https://www.fortali.com.br/corante-liquido-marrom-fab-10ml-38566-1,2026-08-18 13:06:57,https://www.fortali.com.br/confeitaria?page=129,Pronto para comparar
Fortali Distribuidora,Confeitaria,CORANTE LIQUIDO PRETO FAB 10ML,CORANTE LIQUIDO PRETO FAB 10ML,38567,10ML,10.0,ML,10.0,ML,,Não,129,https://www.fortali.com.br/corante-liquido-preto-fab-10ml-38567-1,2026-08-18 13:06:57,https://www.fortali.com.br/confeitaria?page=129,Pronto para comparar
Fortali Distribuidora,Confeitaria,CORANTE LIQUIDO ROSA FAB 10ML,CORANTE LIQUIDO ROSA FAB 10ML,38568,10ML,10.0,ML,10.0,ML,,Não,129,https://www.fortali.com.br/corante-liquido-rosa-fab-10ml-38568-1,2026-08-18 13:06:57,https://www.fortali.com.br/confeitaria?page=129,Pronto para comparar
Fortali Distribuidora,Confeitaria,CORANTE LIQUIDO ROXO FAB 10ML,CORANTE LIQUIDO ROXO FAB 10ML,38569,10ML,10.0,ML,10.0,ML,,Não,129,https://www.fortali.com.br/corante-liquido-roxo-fab-10ml-38569-1,2026-08-18 13:06:57,https://www.fortali.com.br/confeitaria?page=129,Pronto para comparar
Fortali Distribuidora,Confeitaria,CORANTE LIQUIDO VERDE FAB 10ML,CORANTE LIQUIDO VERDE FAB 10ML,38673,10ML,10.0,ML,10.0,ML,,Não,129,https://www.fortali.com.br/corante-liquido-verde-fab-10ml-38673-1,2026-08-18 13:06:57,https://www.fortali.com.br/confeitaria?page=129,Pronto para comparar
Fortali Distribuidora,Confeitaria,CORANTE LIQUIDO VERDE FOLHA FAB 10ML,CORANTE LIQUIDO VERDE FOLHA FAB 10ML,38674,10ML,10.0,ML,10.0,ML,,Não,129,https://www.fortali.com.br/corante-liquido-verde-folha-fab-10ml-38674-1,2026-08-18 13:06:57,https://www.fortali.com.br/confeitaria?page=129,Pronto para comparar
Fortali Distribuidora,Confeitaria,CORANTE LIQUIDO VERDE MENTA FAB 10ML,CORANTE LIQUIDO VERDE MENTA FAB 10ML,38675,10ML,10.0,ML,10.0,ML,,Não,129,https://www.fortali.com.br/corante-liquido-verde-menta-fab-10ml-38675-1,2026-08-18 13:06:57,https://www.fortali.com.br/confeitaria?page=129,Pronto para comparar
Fortali Distribuidora,Confeitaria,CORANTE LIQUIDO VERMELHO NATAL FAB 10ML,CORANTE LIQUIDO VERMELHO NATAL FAB 10ML,38676,10ML,10.0,ML,10.0,ML,,Não,129,https://www.fortali.com.br/corante-liquido-vermelho-natal-fab-10ml-38676-1,2026-08-18 13:06:57,https://www.fortali.com.br/confeitaria?page=129,Pronto para comparar
Fortali Distribuidora,Confeitaria,CORANTE LIQUIDO VERMELHO RUBI FAB 10ML,CORANTE LIQUIDO VERMELHO RUBI FAB 10ML,38677,10ML,10.0,ML,10.0,ML,,Não,129,https://www.fortali.com.br/corante-liquido-vermelho-rubi-fab-10ml-38677-1,2026-08-18 13:06:57,https://www.fortali.com.br/confeitaria?page=129,Pronto para comparar
Fortali Distribuidora,Confeitaria,ACIDO CITRICO FAB 50G,ACIDO CITRICO FAB 50G,38678,50G,50.0,G,50.0,G,,Não,129,https://www.fortali.com.br/acido-citrico-fab-50g-38678-1,2026-08-18 13:06:57,https://www.fortali.com.br/confeitaria?page=129,Pronto para comparar
Fortali Distribuidora,Confeitaria,CMC FAB 40G,CMC FAB 40G,38679,40G,40.0,G,40.0,G,,Não,130,https://www.fortali.com.br/cmc-fab-40g-38679-1,2026-08-18 13:06:57,https://www.fortali.com.br/confeitaria?page=130,Pronto para comparar
Fortali Distribuidora,Confeitaria,COR ARCOLOR LIQUIGEL 30G AZUL ROYAL,COR ARCOLOR LIQUIGEL 30G AZUL ROYAL,3868,30G,30.0,G,30.0,G,,Não,130,https://www.fortali.com.br/cor-arcolor-liquigel-30g-azul-royal-3868-1,2026-08-18 13:06:57,https://www.fortali.com.br/confeitaria?page=130,Pronto para comparar
Fortali Distribuidora,Confeitaria,CREMOR DE TARTARO FAB 50G,CREMOR DE TARTARO FAB 50G,38680,50G,50.0,G,50.0,G,,Não,130,https://www.fortali.com.br/cremor-de-tartaro-fab-50g-38680-1,2026-08-18 13:06:57,https://www.fortali.com.br/confeitaria?page=130,Pronto para comparar
Fortali Distribuidora,Confeitaria,DIOXIDO DE TITANIO 15G,DIOXIDO DE TITANIO 15G,38681,15G,15.0,G,15.0,G,,Não,130,https://www.fortali.com.br/dioxido-de-titanio-15g-38681-1,2026-08-18 13:06:57,https://www.fortali.com.br/confeitaria?page=130,Pronto para comparar
Fortali Distribuidora,Confeitaria,ANTIMOFO FAB 50G,ANTIMOFO FAB 50G,38682,50G,50.0,G,50.0,G,,Não,130,https://www.fortali.com.br/antimofo-fab-50g-38682-1,2026-08-18 13:06:57,https://www.fortali.com.br/confeitaria?page=130,Pronto para comparar
Fortali Distribuidora,Confeitaria,BICARBONATO DE AMONIO FAB 50G,BICARBONATO DE AMONIO FAB 50G,38683,50G,50.0,G,50.0,G,,Não,130,https://www.fortali.com.br/bicarbonato-de-amonio-fab-50g-38683-1,2026-08-18 13:06:57,https://www.fortali.com.br/confeitaria?page=130,Pronto para comparar
Fortali Distribuidora,Confeitaria,CORANTE EM PO P CHOC ART ALIM AZUL MARINHO FAB 5G,CORANTE EM PO P CHOC ART ALIM AZUL MARINHO FAB 5G,38684,5G,5.0,G,5.0,G,,Não,130,https://www.fortali.com.br/corante-em-po-p-choc-art-alim-azul-marinho-fab-5g-38684-1,2026-08-18 13:06:57,https://www.fortali.com.br/confeitaria?page=130,Pronto para comparar
Fortali Distribuidora,Confeitaria,CORANTE EM PO P CHOC ART ALIM BRANCO FAB 5G,CORANTE EM PO P CHOC ART ALIM BRANCO FAB 5G,38685,5G,5.0,G,5.0,G,,Não,130,https://www.fortali.com.br/corante-em-po-p-choc-art-alim-branco-fab-5g-38685-1,2026-08-18 13:06:57,https://www.fortali.com.br/confeitaria?page=130,Pronto para comparar
Fortali Distribuidora,Confeitaria,CORANTE EM PO P CHOC ART ALIM PRETO FAB 5G,CORANTE EM PO P CHOC ART ALIM PRETO FAB 5G,38686,5G,5.0,G,5.0,G,,Não,130,https://www.fortali.com.br/corante-em-po-p-choc-art-alim-preto-fab-5g-38686-1,2026-08-18 13:06:57,https://www.fortali.com.br/confeitaria?page=130,Pronto para comparar
Fortali Distribuidora,Confeitaria,CORANTE EM PO P CHOC ART ALIM ROXO FAB 5G,CORANTE EM PO P CHOC ART ALIM ROXO FAB 5G,38687,5G,5.0,G,5.0,G,,Não,130,https://www.fortali.com.br/corante-em-po-p-choc-art-alim-roxo-fab-5g-38687-1,2026-08-18 13:06:57,https://www.fortali.com.br/confeitaria?page=130,Pronto para comparar
Fortali Distribuidora,Confeitaria,AROMA ART SABOR ABACAXI FAB 30ML,AROMA ART SABOR ABACAXI FAB 30ML,38688,30ML,30.0,ML,30.0,ML,,Não,130,https://www.fortali.com.br/aroma-art-sabor-abacaxi-fab-30ml-38688-1,2026-08-18 13:06:57,https://www.fortali.com.br/confeitaria?page=130,Pronto para comparar
Fortali Distribuidora,Confeitaria,AROMA ART SABOR BAUNILHA FAB 30ML,AROMA ART SABOR BAUNILHA FAB 30ML,38689,30ML,30.0,ML,30.0,ML,,Não,130,https://www.fortali.com.br/aroma-art-sabor-baunilha-fab-30ml-38689-1,2026-08-18 13:06:57,https://www.fortali.com.br/confeitaria?page=130,Pronto para comparar
Fortali Distribuidora,Confeitaria,COR ARCOLOR LIQUIGEL 30G LARANJA,COR ARCOLOR LIQUIGEL 30G LARANJA,3869,30G,30.0,G,30.0,G,,Não,130,https://www.fortali.com.br/cor-arcolor-liquigel-30g-laranja-3869-1,2026-08-18 13:06:57,https://www.fortali.com.br/confeitaria?page=130,Pronto para comparar
Fortali Distribuidora,Confeitaria,AROMA ART SABOR BAUNILHA BRANCA FAB 30ML,AROMA ART SABOR BAUNILHA BRANCA FAB 30ML,38690,30ML,30.0,ML,30.0,ML,,Não,130,https://www.fortali.com.br/aroma-art-sabor-baunilha-branca-fab-30ml-38690-1,2026-08-18 13:06:57,https://www.fortali.com.br/confeitaria?page=130,Pronto para comparar
Fortali Distribuidora,Confeitaria,AROMA ART SABOR COCO FAB 30ML,AROMA ART SABOR COCO FAB 30ML,38691,30ML,30.0,ML,30.0,ML,,Não,130,https://www.fortali.com.br/aroma-art-sabor-coco-fab-30ml-38691-1,2026-08-18 13:06:57,https://www.fortali.com.br/confeitaria?page=130,Pronto para comparar
Fortali Distribuidora,Confeitaria,AROMA NAT SABOR LARANJA FAB 30ML,AROMA NAT SABOR LARANJA FAB 30ML,38692,30ML,30.0,ML,30.0,ML,,Não,130,https://www.fortali.com.br/aroma-nat-sabor-laranja-fab-30ml-38692-1,2026-08-18 13:06:57,https://www.fortali.com.br/confeitaria?page=130,Pronto para comparar
Fortali Distribuidora,Confeitaria,AROMA NAT SABOR LIMAO FAB 30ML,AROMA NAT SABOR LIMAO FAB 30ML,38693,30ML,30.0,ML,30.0,ML,,Não,130,https://www.fortali.com.br/aroma-nat-sabor-limao-fab-30ml-38693-1,2026-08-18 13:06:57,https://www.fortali.com.br/confeitaria?page=130,Pronto para comparar
Fortali Distribuidora,Confeitaria,AROMA ART SABOR PANETONE FAB 30ML,AROMA ART SABOR PANETONE FAB 30ML,38694,30ML,30.0,ML,30.0,ML,,Não,130,https://www.fortali.com.br/aroma-art-sabor-panetone-fab-30ml-38694-1,2026-08-18 13:06:57,https://www.fortali.com.br/confeitaria?page=130,Pronto para comparar
Fortali Distribuidora,Confeitaria,AROMA ART SABOR PISTACHE FAB 30ML,AROMA ART SABOR PISTACHE FAB 30ML,38695,30ML,30.0,ML,30.0,ML,,Não,130,https://www.fortali.com.br/aroma-art-sabor-pistache-fab-30ml-38695-1,2026-08-18 13:06:57,https://www.fortali.com.br/confeitaria?page=130,Pronto para comparar
Fortali Distribuidora,Confeitaria,AROMA ART SABOR RUM FAB 30ML,AROMA ART SABOR RUM FAB 30ML,38696,30ML,30.0,ML,30.0,ML,,Não,130,https://www.fortali.com.br/aroma-art-sabor-rum-fab-30ml-38696-1,2026-08-18 13:06:57,https://www.fortali.com.br/confeitaria?page=130,Pronto para comparar
Fortali Distribuidora,Confeitaria,MESCLADO CRUNCH MALTADO AROMITALIA 200G,MESCLADO CRUNCH MALTADO AROMITALIA 200G,38701,200G,200.0,G,200.0,G,,Não,28,https://www.fortali.com.br/mesclado-crunch-maltado-aromitalia-200g-38701-1,2026-08-18 13:06:57,https://www.fortali.com.br/confeitaria?page=28,Pronto para comparar
Fortali Distribuidora,Confeitaria,COR ARCOLOR LIQUIGEL 30G PINK,COR ARCOLOR LIQUIGEL 30G PINK,3871,30G,30.0,G,30.0,G,,Não,130,https://www.fortali.com.br/cor-arcolor-liquigel-30g-pink-3871-1,2026-08-18 13:06:57,https://www.fortali.com.br/confeitaria?page=130,Pronto para comparar
Fortali Distribuidora,Confeitaria,COR ARCOLOR LIQUIGEL 30G ROSA,COR ARCOLOR LIQUIGEL 30G ROSA,3874,30G,30.0,G,30.0,G,,Não,130,https://www.fortali.com.br/cor-arcolor-liquigel-30g-rosa-3874-1,2026-08-18 13:06:57,https://www.fortali.com.br/confeitaria?page=130,Pronto para comparar
Fortali Distribuidora,Confeitaria,"CHOCOLATE AO LEITE BARRA PROFISSIONAL NESTLE 2,1KG","CHOCOLATE AO LEITE BARRA PROFISSIONAL NESTLE 2,1KG",38787,"2,1KG",2.1,KG,2100.0,G,,Não,130,https://www.fortali.com.br/chocolate-ao-leite-barra-profissional-nestle-2-1kg-38787-1,2026-08-18 13:06:57,https://www.fortali.com.br/confeitaria?page=130,Pronto para comparar
Fortali Distribuidora,Confeitaria,PASTA AMERICANA TRADICIONAL ARCOLOR 800G,PASTA AMERICANA TRADICIONAL ARCOLOR 800G,3880,800G,800.0,G,800.0,G,,Não,29,https://www.fortali.com.br/pasta-americana-tradicional-arcolor-800g-3880-1,2026-08-18 13:06:57,https://www.fortali.com.br/confeitaria?page=29,Pronto para comparar
Fortali Distribuidora,Confeitaria,CEREJA EM CALDA COM TALO BOM PRINCIPIO SCH 100G,CEREJA EM CALDA COM TALO BOM PRINCIPIO SCH 100G,39035,100G,100.0,G,100.0,G,,Não,28,https://www.fortali.com.br/cereja-em-calda-com-talo-bom-principio-sch-100g-39035-1,2026-08-18 13:06:57,https://www.fortali.com.br/confeitaria?page=28,Pronto para comparar
Fortali Distribuidora,Confeitaria,"RECHEIO FORNEAVEL BRIGADEIRO BOM PRINCIPIO BISN 1,01KG","RECHEIO FORNEAVEL BRIGADEIRO BOM PRINCIPIO BISN 1,01KG",39036,"1,01KG",1.01,KG,1010.0,G,,Não,28,https://www.fortali.com.br/recheio-forneavel-brigadeiro-bom-principio-bisn-1-01kg-39036-1,2026-08-18 13:06:57,https://www.fortali.com.br/confeitaria?page=28,Pronto para comparar
Fortali Distribuidora,Confeitaria,"RECHEIO FRUTA GOIABADA BOM PRINCIPIO BISN 1,010KG","RECHEIO FRUTA GOIABADA BOM PRINCIPIO BISN 1,010KG",39037,"1,010KG",1.01,KG,1010.0,G,,Não,20,https://www.fortali.com.br/recheio-fruta-goiabada-bom-principio-bisn-1-010kg-39037-1,2026-08-18 13:06:57,https://www.fortali.com.br/confeitaria?page=20,Pronto para comparar
Fortali Distribuidora,Confeitaria,"RECHEIO CHOCOLATE INTENSO FORN BOM PRINCIPIO 1,01KG","RECHEIO CHOCOLATE INTENSO FORN BOM PRINCIPIO 1,01KG",39038,"1,01KG",1.01,KG,1010.0,G,,Não,20,https://www.fortali.com.br/recheio-chocolate-intenso-forn-bom-principio-1-01kg-39038-1,2026-08-18 13:06:57,https://www.fortali.com.br/confeitaria?page=20,Pronto para comparar
Fortali Distribuidora,Confeitaria,RECHEIO E COBERTURA CHOCOLATE INTENSO PATISSIER BOM PRINCIPI...,RECHEIO E COBERTURA CHOCOLATE INTENSO PATISSIER BOM PRINCIPI...,39039,,,,,,,Não,130,https://www.fortali.com.br/recheio-e-cobertura-chocolate-intenso-patissier-bom-principio-1-01-kg-39039-1,2026-08-18 13:06:57,https://www.fortali.com.br/confeitaria?page=130,Revisar embalagem
Fortali Distribuidora,Confeitaria,"PASTA FRUTAS VERMELHAS BOM PRINCIPIO 1,01KG","PASTA FRUTAS VERMELHAS BOM PRINCIPIO 1,01KG",39040,"1,01KG",1.01,KG,1010.0,G,,Não,28,https://www.fortali.com.br/pasta-frutas-vermelhas-bom-principio-1-01kg-39040-1,2026-08-18 13:06:57,https://www.fortali.com.br/confeitaria?page=28,Pronto para comparar
Fortali Distribuidora,Confeitaria,"PASTA FRUTAS MACA BOM PRINCIPIO 1,01KG","PASTA FRUTAS MACA BOM PRINCIPIO 1,01KG",39041,"1,01KG",1.01,KG,1010.0,G,,Não,28,https://www.fortali.com.br/pasta-frutas-maca-bom-principio-1-01kg-39041-1,2026-08-18 13:06:57,https://www.fortali.com.br/confeitaria?page=28,Pronto para comparar
Fortali Distribuidora,Confeitaria,"PASTA FRUTAS ABACAXI AO VINHO BOM PRINCIPIO 1,01KG","PASTA FRUTAS ABACAXI AO VINHO BOM PRINCIPIO 1,01KG",39042,"1,01KG",1.01,KG,1010.0,G,,Não,28,https://www.fortali.com.br/pasta-frutas-abacaxi-ao-vinho-bom-principio-1-01kg-39042-1,2026-08-18 13:06:57,https://www.fortali.com.br/confeitaria?page=28,Pronto para comparar
Fortali Distribuidora,Confeitaria,"RECHEIO CHOCOLATE BRANCO BOM PRINCIPIO 1,01KG","RECHEIO CHOCOLATE BRANCO BOM PRINCIPIO 1,01KG",39043,"1,01KG",1.01,KG,1010.0,G,,Não,28,https://www.fortali.com.br/recheio-chocolate-branco-bom-principio-1-01kg-39043-1,2026-08-18 13:06:57,https://www.fortali.com.br/confeitaria?page=28,Pronto para comparar
Fortali Distribuidora,Confeitaria,"RECHEIO E COBERTURA LEITINHO BOM PRINCIPIO 1,01KG","RECHEIO E COBERTURA LEITINHO BOM PRINCIPIO 1,01KG",39044,"1,01KG",1.01,KG,1010.0,G,,Não,28,https://www.fortali.com.br/recheio-e-cobertura-leitinho-bom-principio-1-01kg-39044-1,2026-08-18 13:06:57,https://www.fortali.com.br/confeitaria?page=28,Pronto para comparar
Fortali Distribuidora,Confeitaria,"PASTA FRUTAS ABACAXI AO VINHO BOM PRINCIPIO 2,5KG","PASTA FRUTAS ABACAXI AO VINHO BOM PRINCIPIO 2,5KG",39045,"2,5KG",2.5,KG,2500.0,G,,Não,28,https://www.fortali.com.br/pasta-frutas-abacaxi-ao-vinho-bom-principio-2-5kg-39045-1,2026-08-18 13:06:57,https://www.fortali.com.br/confeitaria?page=28,Pronto para comparar
Fortali Distribuidora,Confeitaria,"DOCE DE LEITE MAIS CONSISTENTE BOM PRINCIPIO 4,8KG","DOCE DE LEITE MAIS CONSISTENTE BOM PRINCIPIO 4,8KG",39046,"4,8KG",4.8,KG,4800.0,G,,Não,28,https://www.fortali.com.br/doce-de-leite-mais-consistente-bom-principio-4-8kg-39046-1,2026-08-18 13:06:57,https://www.fortali.com.br/confeitaria?page=28,Pronto para comparar
Fortali Distribuidora,Confeitaria,"GELEIA ABACAXI COM PIMENTA BOM PRINCIPIO POTE 1,01KG","GELEIA ABACAXI COM PIMENTA BOM PRINCIPIO POTE 1,01KG",39047,"1,01KG",1.01,KG,1010.0,G,,Não,28,https://www.fortali.com.br/geleia-abacaxi-com-pimenta-bom-principio-pote-1-01kg-39047-1,2026-08-18 13:06:57,https://www.fortali.com.br/confeitaria?page=28,Pronto para comparar
Fortali Distribuidora,Confeitaria,"GELEIA PIMENTA VERMELHA BOM PRINCIPIO BISN 1,01KG","GELEIA PIMENTA VERMELHA BOM PRINCIPIO BISN 1,01KG",39048,"1,01KG",1.01,KG,1010.0,G,,Não,28,https://www.fortali.com.br/geleia-pimenta-vermelha-bom-principio-bisn-1-01kg-39048-1,2026-08-18 13:06:57,https://www.fortali.com.br/confeitaria?page=28,Pronto para comparar
Fortali Distribuidora,Confeitaria,"GELEIA ABACAXI COM PIMENTA BISN BOM PRINCIPIO 1,01KG","GELEIA ABACAXI COM PIMENTA BISN BOM PRINCIPIO 1,01KG",39049,"1,01KG",1.01,KG,1010.0,G,,Não,131,https://www.fortali.com.br/geleia-abacaxi-com-pimenta-bisn-bom-principio-1-01kg-39049-1,2026-08-18 13:06:57,https://www.fortali.com.br/confeitaria?page=131,Pronto para comparar
Fortali Distribuidora,Confeitaria,GELEIA PIMENTA VERM DEFU GOURMET VDR BOM PRINCIPIO 250G,GELEIA PIMENTA VERM DEFU GOURMET VDR BOM PRINCIPIO 250G,39050,250G,250.0,G,250.0,G,,Não,28,https://www.fortali.com.br/geleia-pimenta-verm-defu-gourmet-vdr-bom-principio-250g-39050-1,2026-08-18 13:06:57,https://www.fortali.com.br/confeitaria?page=28,Pronto para comparar
Fortali Distribuidora,Confeitaria,GELEIA MORANGO C PIMENTA GOURMET VDR BOM PRINCIPIO 250G,GELEIA MORANGO C PIMENTA GOURMET VDR BOM PRINCIPIO 250G,39051,250G,250.0,G,250.0,G,,Não,28,https://www.fortali.com.br/geleia-morango-c-pimenta-gourmet-vdr-bom-principio-250g-39051-1,2026-08-18 13:06:57,https://www.fortali.com.br/confeitaria?page=28,Pronto para comparar
Fortali Distribuidora,Confeitaria,GELEIA ABACAXI C HORT GOURMET VDR BOM PRINCIPIO 250G,GELEIA ABACAXI C HORT GOURMET VDR BOM PRINCIPIO 250G,39052,250G,250.0,G,250.0,G,,Não,28,https://www.fortali.com.br/geleia-abacaxi-c-hort-gourmet-vdr-bom-principio-250g-39052-1,2026-08-18 13:06:57,https://www.fortali.com.br/confeitaria?page=28,Pronto para comparar
Fortali Distribuidora,Confeitaria,CEREJA EM CALDA MARASCHINO VDR BOM PRINCIPIO 100G,CEREJA EM CALDA MARASCHINO VDR BOM PRINCIPIO 100G,39053,100G,100.0,G,100.0,G,,Não,28,https://www.fortali.com.br/cereja-em-calda-maraschino-vdr-bom-principio-100g-39053-1,2026-08-18 13:06:57,https://www.fortali.com.br/confeitaria?page=28,Pronto para comparar
Fortali Distribuidora,Confeitaria,CREME DE AVELA COM CACAU MASTER MAX 3KG,CREME DE AVELA COM CACAU MASTER MAX 3KG,39054,3KG,3.0,KG,3000.0,G,,Não,28,https://www.fortali.com.br/creme-de-avela-com-cacau-master-max-3kg-39054-1,2026-08-18 13:06:57,https://www.fortali.com.br/confeitaria?page=28,Pronto para comparar
Fortali Distribuidora,Confeitaria,LEITE CONDENSADO SEMI DESNATADO ITALAC 270G,LEITE CONDENSADO SEMI DESNATADO ITALAC 270G,39059,270G,270.0,G,270.0,G,,Não,131,https://www.fortali.com.br/leite-condensado-semi-desnatado-italac-270g-39059-1,2026-08-18 13:06:57,https://www.fortali.com.br/confeitaria?page=131,Pronto para comparar
Fortali Distribuidora,Confeitaria,CACAU EM PO CAMPEAO 100% FOODBASE 1KG,CACAU EM PO CAMPEAO 100% FOODBASE 1KG,39135,1KG,1.0,KG,1000.0,G,,Não,131,https://www.fortali.com.br/cacau-em-po-campeao-100-foodbase-1kg-39135-1,2026-08-18 13:06:57,https://www.fortali.com.br/confeitaria?page=131,Pronto para comparar
Fortali Distribuidora,Confeitaria,"CREME RECHEIO LEITINHO MANGA ALISPEC 1,01KG","CREME RECHEIO LEITINHO MANGA ALISPEC 1,01KG",39145,"1,01KG",1.01,KG,1010.0,G,,Não,131,https://www.fortali.com.br/creme-recheio-leitinho-manga-alispec-1-01kg-39145-1,2026-08-18 13:06:57,https://www.fortali.com.br/confeitaria?page=131,Pronto para comparar
Fortali Distribuidora,Confeitaria,"COBERTURA E RECHEIO BUENNO GUSTOSIA 1,01KG","COBERTURA E RECHEIO BUENNO GUSTOSIA 1,01KG",39149,"1,01KG",1.01,KG,1010.0,G,,Não,131,https://www.fortali.com.br/cobertura-e-recheio-buenno-gustosia-1-01kg-39149-1,2026-08-18 13:06:57,https://www.fortali.com.br/confeitaria?page=131,Pronto para comparar
Fortali Distribuidora,Confeitaria,COBERTURA AO LEITE GENUINE BARRA 1KG,COBERTURA AO LEITE GENUINE BARRA 1KG,3917,1KG,1.0,KG,1000.0,G,,Não,3,https://www.fortali.com.br/cobertura-ao-leite-genuine-barra-1kg-3917-1,2026-08-18 13:06:57,https://www.fortali.com.br/confeitaria?page=3,Pronto para comparar
Fortali Distribuidora,Confeitaria,COBERTURA BRANCA GENUINE BARRA 1KG,COBERTURA BRANCA GENUINE BARRA 1KG,3919,1KG,1.0,KG,1000.0,G,,Não,2,https://www.fortali.com.br/cobertura-branca-genuine-barra-1kg-3919-1,2026-08-18 13:06:57,https://www.fortali.com.br/confeitaria?page=2,Pronto para comparar
Fortali Distribuidora,Confeitaria,CREME GANACHE CHOCOLATE AO LEITE HARALD 4KG,CREME GANACHE CHOCOLATE AO LEITE HARALD 4KG,4039,4KG,4.0,KG,4000.0,G,,Não,6,https://www.fortali.com.br/creme-ganache-chocolate-ao-leite-harald-4kg-4039-1,2026-08-18 13:06:57,https://www.fortali.com.br/confeitaria?page=6,Pronto para comparar
Fortali Distribuidora,Confeitaria,CREME GANACHE CHOCOLATE BRANCO HARALD 4KG,CREME GANACHE CHOCOLATE BRANCO HARALD 4KG,4040,4KG,4.0,KG,4000.0,G,,Não,5,https://www.fortali.com.br/creme-ganache-chocolate-branco-harald-4kg-4040-1,2026-08-18 13:06:57,https://www.fortali.com.br/confeitaria?page=5,Pronto para comparar
Fortali Distribuidora,Confeitaria,CREME GANACHE MEIO AMARGO MELKEN 4KG,CREME GANACHE MEIO AMARGO MELKEN 4KG,4041,4KG,4.0,KG,4000.0,G,,Não,6,https://www.fortali.com.br/creme-ganache-meio-amargo-melken-4kg-4041-1,2026-08-18 13:06:57,https://www.fortali.com.br/confeitaria?page=6,Pronto para comparar
Fortali Distribuidora,Confeitaria,GRANULADO CONF ESCAMA CROC CHOC HARALD 500G,GRANULADO CONF ESCAMA CROC CHOC HARALD 500G,4050,500G,500.0,G,500.0,G,,Não,30,https://www.fortali.com.br/granulado-conf-escama-croc-choc-harald-500g-4050-1,2026-08-18 13:06:57,https://www.fortali.com.br/confeitaria?page=30,Pronto para comparar
Fortali Distribuidora,Confeitaria,PUDIM BAUNILHA C/ LEITE 520G,PUDIM BAUNILHA C LEITE 520G,4065,520G,520.0,G,520.0,G,,Não,14,https://www.fortali.com.br/pudim-baunilha-c-leite-520g-4065-1,2026-08-18 13:06:57,https://www.fortali.com.br/confeitaria?page=14,Pronto para comparar
Fortali Distribuidora,Confeitaria,CORANTE LIQUIGEL VERMELHO ARCOLOR 30G,CORANTE LIQUIGEL VERMELHO ARCOLOR 30G,4153,30G,30.0,G,30.0,G,,Não,131,https://www.fortali.com.br/corante-liquigel-vermelho-arcolor-30g-4153-1,2026-08-18 13:06:57,https://www.fortali.com.br/confeitaria?page=131,Pronto para comparar
Fortali Distribuidora,Confeitaria,CORANTE LIQUIGEL COR PRETA ARCOLOR 30G,CORANTE LIQUIGEL COR PRETA ARCOLOR 30G,4154,30G,30.0,G,30.0,G,,Não,131,https://www.fortali.com.br/corante-liquigel-cor-preta-arcolor-30g-4154-1,2026-08-18 13:06:57,https://www.fortali.com.br/confeitaria?page=131,Pronto para comparar
Fortali Distribuidora,Confeitaria,COBERTURA RASPAR E COBRIR AO LEITE 5KG,COBERTURA RASPAR E COBRIR AO LEITE 5KG,419,5KG,5.0,KG,5000.0,G,,Não,31,https://www.fortali.com.br/cobertura-raspar-e-cobrir-ao-leite-5kg-419-1,2026-08-18 13:06:57,https://www.fortali.com.br/confeitaria?page=31,Pronto para comparar
Fortali Distribuidora,Confeitaria,GELATINA SEM SABOR TECNUTRI 1KG,GELATINA SEM SABOR TECNUTRI 1KG,4195,1KG,1.0,KG,1000.0,G,,Não,11,https://www.fortali.com.br/gelatina-sem-sabor-tecnutri-1kg-4195-1,2026-08-18 13:06:57,https://www.fortali.com.br/confeitaria?page=11,Pronto para comparar
Fortali Distribuidora,Confeitaria,COB RASPAR E COBRIR M/ AMARGO HARALD 5KG,COB RASPAR E COBRIR M AMARGO HARALD 5KG,420,5KG,5.0,KG,5000.0,G,,Não,4,https://www.fortali.com.br/cob-raspar-e-cobrir-m-amargo-harald-5kg-420-1,2026-08-18 13:06:57,https://www.fortali.com.br/confeitaria?page=4,Pronto para comparar
Fortali Distribuidora,Confeitaria,COB RASPAR E COBRIR CHOC BCO HARALD 5KG,COB RASPAR E COBRIR CHOC BCO HARALD 5KG,421,5KG,5.0,KG,5000.0,G,,Não,8,https://www.fortali.com.br/cob-raspar-e-cobrir-choc-bco-harald-5kg-421-1,2026-08-18 13:06:57,https://www.fortali.com.br/confeitaria?page=8,Pronto para comparar
Fortali Distribuidora,Confeitaria,LEITE CONDENSADO ITAMBE LT 395G,LEITE CONDENSADO ITAMBE LT 395G,4299,395G,395.0,G,395.0,G,,Não,2,https://www.fortali.com.br/leite-condensado-itambe-lt-395g-4299-1,2026-08-18 13:06:57,https://www.fortali.com.br/confeitaria?page=2,Pronto para comparar
Fortali Distribuidora,Confeitaria,CACAU EM  PO 100% MELKEN 200G,CACAU EM PO 100% MELKEN 200G,4305,200G,200.0,G,200.0,G,,Não,10,https://www.fortali.com.br/cacau-em--po-100-melken-200g-4305-1,2026-08-18 13:06:57,https://www.fortali.com.br/confeitaria?page=10,Pronto para comparar
Fortali Distribuidora,Confeitaria,GELÉIA SORTIDA BLISTER MORANGO COM LARANJA JUNIOR CAIXA 144X...,GELEIA SORTIDA BLISTER MORANGO COM LARANJA JUNIOR CAIXA 144X...,4315,,,,,,,Não,131,https://www.fortali.com.br/geleia-sortida-blister-morango-com-laranja-junior-caixa-144x15g-4315-1,2026-08-18 13:06:57,https://www.fortali.com.br/confeitaria?page=131,Revisar embalagem
Fortali Distribuidora,Confeitaria,"LEITE COND SEM DES PIRACANJUB BAG 2,5 KG","LEITE COND SEM DES PIRACANJUB BAG 2,5 KG",4358,"2,5KG",2.5,KG,2500.0,G,,Não,131,https://www.fortali.com.br/leite-cond-sem-des-piracanjub-bag-25-kg-4358-1,2026-08-18 13:06:57,https://www.fortali.com.br/confeitaria?page=131,Pronto para comparar
Fortali Distribuidora,Confeitaria,ACUCAR IMPALPAVEL HARALD 1KG,ACUCAR IMPALPAVEL HARALD 1KG,444,1KG,1.0,KG,1000.0,G,,Não,2,https://www.fortali.com.br/acucar-impalpavel-harald-1kg-444-1,2026-08-18 13:06:57,https://www.fortali.com.br/confeitaria?page=2,Pronto para comparar
Fortali Distribuidora,Confeitaria,"BOMBOM RECHEIO AMENDOIM BARION 2,3KG","BOMBOM RECHEIO AMENDOIM BARION 2,3KG",4494,"2,3KG",2.3,KG,2300.0,G,,Não,131,https://www.fortali.com.br/bombom-recheio-amendoim-barion-23kg-4494-1,2026-08-18 13:06:57,https://www.fortali.com.br/confeitaria?page=131,Pronto para comparar
Fortali Distribuidora,Confeitaria,"BOMBOM CHOC E AVELA BARION 2,3KG","BOMBOM CHOC E AVELA BARION 2,3KG",4495,"2,3KG",2.3,KG,2300.0,G,,Não,131,https://www.fortali.com.br/bombom-choc-e-avela-barion-23kg-4495-1,2026-08-18 13:06:57,https://www.fortali.com.br/confeitaria?page=131,Pronto para comparar
Fortali Distribuidora,Confeitaria,PLACA DE WAFER BARION 130G,PLACA DE WAFER BARION 130G,4499,130G,130.0,G,130.0,G,,Não,131,https://www.fortali.com.br/placa-de-wafer-barion-130g-4499-1,2026-08-18 13:06:57,https://www.fortali.com.br/confeitaria?page=131,Pronto para comparar
Fortali Distribuidora,Confeitaria,CHANTILLY MIX AMÉLIA VIGOR CAIXA 1KG,CHANTILLY MIX AMELIA VIGOR CAIXA 1KG,4522,1KG,1.0,KG,1000.0,G,,Não,1,https://www.fortali.com.br/chantilly-mix-amelia-vigor-caixa-1kg-4522-1,2026-08-18 13:06:57,https://www.fortali.com.br/confeitaria?page=1,Pronto para comparar
Fortali Distribuidora,Confeitaria,GELÉIA SORTIDA MAÇÃ/GOIABA 144X15G,GELEIA SORTIDA MACA GOIABA 144X15G,4532,15G,15.0,G,15.0,G,,Não,31,https://www.fortali.com.br/geleia-sortida-macagoiaba-144x15g-4532-1,2026-08-18 13:06:57,https://www.fortali.com.br/confeitaria?page=31,Pronto para comparar
Fortali Distribuidora,Confeitaria,CEREAL MINI CHOC LEITE/BCO VABENE 500G,CEREAL MINI CHOC LEITE BCO VABENE 500G,4713,500G,500.0,G,500.0,G,,Não,30,https://www.fortali.com.br/cereal-mini-choc-leitebco-vabene-500g-4713-1,2026-08-18 13:06:57,https://www.fortali.com.br/confeitaria?page=30,Pronto para comparar
Fortali Distribuidora,Confeitaria,FONDANT F10 EMULZINT 2KG,FONDANT F10 EMULZINT 2KG,4786,2KG,2.0,KG,2000.0,G,,Não,131,https://www.fortali.com.br/fondant-f10-emulzint-2kg-4786-1,2026-08-18 13:06:57,https://www.fortali.com.br/confeitaria?page=131,Pronto para comparar
Fortali Distribuidora,Confeitaria,"BOMBOM RECHEIO CHOCOLATE E AVELA 2,KG","BOMBOM RECHEIO CHOCOLATE E AVELA 2,KG",4872,,,,,,,Não,131,https://www.fortali.com.br/bombom-recheio-chocolate-e-avela-2kg-4872-1,2026-08-18 13:06:57,https://www.fortali.com.br/confeitaria?page=131,Revisar embalagem
Fortali Distribuidora,Confeitaria,BOMBOM TRITURADO AMENDOIM BARION 2KG,BOMBOM TRITURADO AMENDOIM BARION 2KG,4873,2KG,2.0,KG,2000.0,G,,Não,131,https://www.fortali.com.br/bombom-triturado-amendoim-barion-2kg-4873-1,2026-08-18 13:06:57,https://www.fortali.com.br/confeitaria?page=131,Pronto para comparar
Fortali Distribuidora,Confeitaria,"CEREJA MARASCH COM TALO SAINT PAUL 1,8KG","CEREJA MARASCH COM TALO SAINT PAUL 1,8KG",5156,"1,8KG",1.8,KG,1800.0,G,,Não,131,https://www.fortali.com.br/cereja-marasch-com-talo-saint-paul-1-8kg-5156-1,2026-08-18 13:06:57,https://www.fortali.com.br/confeitaria?page=131,Pronto para comparar
Fortali Distribuidora,Confeitaria,CORANTE LIQUIGEL AZUL JEANS ARCOLOR 30G,CORANTE LIQUIGEL AZUL JEANS ARCOLOR 30G,5205,30G,30.0,G,30.0,G,,Não,18,https://www.fortali.com.br/corante-liquigel-azul-jeans-arcolor-30g-5205-1,2026-08-18 13:06:57,https://www.fortali.com.br/confeitaria?page=18,Pronto para comparar
Fortali Distribuidora,Confeitaria,"GRANULADO CONF CROC MULTICOLOR HARALD 1,05KG","GRANULADO CONF CROC MULTICOLOR HARALD 1,05KG",5237,"1,05KG",1.05,KG,1050.0,G,,Não,131,https://www.fortali.com.br/granulado-conf-croc-multicolor-harald-105kg-5237-1,2026-08-18 13:06:57,https://www.fortali.com.br/confeitaria?page=131,Pronto para comparar
Fortali Distribuidora,Confeitaria,BOMBOM TRITURADO COM AVELA BARION 2KG,BOMBOM TRITURADO COM AVELA BARION 2KG,5354,2KG,2.0,KG,2000.0,G,,Não,131,https://www.fortali.com.br/bombom-triturado-com-avela-barion-2kg-5354-1,2026-08-18 13:06:57,https://www.fortali.com.br/confeitaria?page=131,Pronto para comparar
Fortali Distribuidora,Confeitaria,DOCE DE LEITE PASTOSO CAMPONESA POTE 300G,DOCE DE LEITE PASTOSO CAMPONESA POTE 300G,536,300G,300.0,G,300.0,G,,Não,131,https://www.fortali.com.br/doce-de-leite-pastoso-camponesa-pote-300g-536-1,2026-08-18 13:06:57,https://www.fortali.com.br/confeitaria?page=131,Pronto para comparar
Fortali Distribuidora,Confeitaria,"LEITE CONDENSADO 8% ITAMBE LT 1,01KG","LEITE CONDENSADO 8% ITAMBE LT 1,01KG",5435,"1,01KG",1.01,KG,1010.0,G,,Não,3,https://www.fortali.com.br/leite-condensado-8-itambe-lt-101kg-5435-1,2026-08-18 13:06:57,https://www.fortali.com.br/confeitaria?page=3,Pronto para comparar
Fortali Distribuidora,Confeitaria,CREME DE GANACHE AO LEITE HARALD POTE 1KG,CREME DE GANACHE AO LEITE HARALD POTE 1KG,5572,1KG,1.0,KG,1000.0,G,,Não,4,https://www.fortali.com.br/creme-de-ganache-ao-leite-harald-pote-1kg-5572-1,2026-08-18 13:06:57,https://www.fortali.com.br/confeitaria?page=4,Pronto para comparar
Fortali Distribuidora,Confeitaria,"CEREJA MARRASQUINO SEM TALO EURO 2,2KG","CEREJA MARRASQUINO SEM TALO EURO 2,2KG",5736,"2,2KG",2.2,KG,2200.0,G,,Não,18,https://www.fortali.com.br/cereja-marrasquino-sem-talo-euro-2-2kg-5736-1,2026-08-18 13:06:57,https://www.fortali.com.br/confeitaria?page=18,Pronto para comparar
Fortali Distribuidora,Confeitaria,ESSÊNCIA DE COCO ADINOR PET 960ML,ESSENCIA DE COCO ADINOR PET 960ML,5768,960ML,960.0,ML,960.0,ML,,Não,31,https://www.fortali.com.br/essencia-de-coco-adinor-pet-960ml-5768-1,2026-08-18 13:06:57,https://www.fortali.com.br/confeitaria?page=31,Pronto para comparar
Fortali Distribuidora,Confeitaria,AMEIXA EM CALDA OLE 400G,AMEIXA EM CALDA OLE 400G,5898,400G,400.0,G,400.0,G,,Não,131,https://www.fortali.com.br/ameixa-em-calda-ole-400g-5898-1,2026-08-18 13:06:57,https://www.fortali.com.br/confeitaria?page=131,Pronto para comparar
Fortali Distribuidora,Confeitaria,"CHOCOLATE AO LEITE GENUINE BARRA 2,1KG","CHOCOLATE AO LEITE GENUINE BARRA 2,1KG",5971,"2,1KG",2.1,KG,2100.0,G,,Não,6,https://www.fortali.com.br/chocolate-ao-leite-genuine-barra-21kg-5971-1,2026-08-18 13:06:57,https://www.fortali.com.br/confeitaria?page=6,Pronto para comparar
Fortali Distribuidora,Confeitaria,"CHOCOLATE MEIO AMARGO GENUINE BARRA 2,1KG","CHOCOLATE MEIO AMARGO GENUINE BARRA 2,1KG",5972,"2,1KG",2.1,KG,2100.0,G,,Não,5,https://www.fortali.com.br/chocolate-meio-amargo-genuine-barra-21kg-5972-1,2026-08-18 13:06:57,https://www.fortali.com.br/confeitaria?page=5,Pronto para comparar
Fortali Distribuidora,Confeitaria,"CHOCOLATE BRANCO GENUINE BARRA 2,1KG","CHOCOLATE BRANCO GENUINE BARRA 2,1KG",5974,"2,1KG",2.1,KG,2100.0,G,,Não,30,https://www.fortali.com.br/chocolate-branco-genuine-barra-21kg-5974-1,2026-08-18 13:06:57,https://www.fortali.com.br/confeitaria?page=30,Pronto para comparar
Fortali Distribuidora,Confeitaria,AROMA ARTIFICIAL BAUNILHA CEPERA 500ML,AROMA ARTIFICIAL BAUNILHA CEPERA 500ML,6334,500ML,500.0,ML,500.0,ML,,Não,131,https://www.fortali.com.br/aroma-artificial-baunilha-cepera-500ml-6334-1,2026-08-18 13:06:57,https://www.fortali.com.br/confeitaria?page=131,Pronto para comparar
Fortali Distribuidora,Confeitaria,FLOCOS DE CEREAIS CROCANTES TOP HARALD 500G,FLOCOS DE CEREAIS CROCANTES TOP HARALD 500G,640,500G,500.0,G,500.0,G,,Não,3,https://www.fortali.com.br/flocos-de-cereais-crocantes-top-harald-500g-640-1,2026-08-18 13:06:57,https://www.fortali.com.br/confeitaria?page=3,Pronto para comparar
Fortali Distribuidora,Confeitaria,"NUTELLA CREME DE AVELÃ COM CACAU, 650G","NUTELLA CREME DE AVELA COM CACAU, 650G",6438,650G,650.0,G,650.0,G,,Não,1,https://www.fortali.com.br/nutella-creme-de-avela-com-cacau-650g-6438-1,2026-08-18 13:06:57,https://www.fortali.com.br/confeitaria?page=1,Pronto para comparar
Fortali Distribuidora,Confeitaria,MINI DISQUETI DE CHOCOLATE COLORIDOS DORI 500G,MINI DISQUETI DE CHOCOLATE COLORIDOS DORI 500G,6446,500G,500.0,G,500.0,G,,Não,131,https://www.fortali.com.br/mini-disqueti-de-chocolate-coloridos-dori-500g-6446-1,2026-08-18 13:06:57,https://www.fortali.com.br/confeitaria?page=131,Pronto para comparar
Fortali Distribuidora,Confeitaria,CREME DE GOIABA TAMBAU BALDE KG,CREME DE GOIABA TAMBAU BALDE KG,6448,,,,,,,Não,12,https://www.fortali.com.br/creme-de-goiaba-tambau-balde-kg-6448-1,2026-08-18 13:06:57,https://www.fortali.com.br/confeitaria?page=12,Revisar embalagem
Fortali Distribuidora,Confeitaria,CREME TIPO GANACHE BRANCO HARALD POTE 1KG,CREME TIPO GANACHE BRANCO HARALD POTE 1KG,6482,1KG,1.0,KG,1000.0,G,,Não,5,https://www.fortali.com.br/creme-tipo-ganache-branco-harald-pote-1kg-6482-1,2026-08-18 13:06:57,https://www.fortali.com.br/confeitaria?page=5,Pronto para comparar
Fortali Distribuidora,Confeitaria,"COB GOTAS AVELA TOP HARALD 1,01KG","COB GOTAS AVELA TOP HARALD 1,01KG",6503,"1,01KG",1.01,KG,1010.0,G,,Não,29,https://www.fortali.com.br/cob-gotas-avela-top-harald-101kg-6503-1,2026-08-18 13:06:57,https://www.fortali.com.br/confeitaria?page=29,Pronto para comparar
Fortali Distribuidora,Confeitaria,ESSENCIA BAUNILHA ESC LEVAPAN 960ML,ESSENCIA BAUNILHA ESC LEVAPAN 960ML,6621,960ML,960.0,ML,960.0,ML,,Não,131,https://www.fortali.com.br/essencia-baunilha-esc-levapan-960ml-6621-1,2026-08-18 13:06:57,https://www.fortali.com.br/confeitaria?page=131,Pronto para comparar
Fortali Distribuidora,Confeitaria,ESSENCIA DE COCO LEVAPAN 960ML,ESSENCIA DE COCO LEVAPAN 960ML,6622,960ML,960.0,ML,960.0,ML,,Não,131,https://www.fortali.com.br/essencia-de-coco-levapan-960ml-6622-1,2026-08-18 13:06:57,https://www.fortali.com.br/confeitaria?page=131,Pronto para comparar
Fortali Distribuidora,Confeitaria,MINI DISKET COLORIDO CHOCOCANDY 500G,MINI DISKET COLORIDO CHOCOCANDY 500G,6778,500G,500.0,G,500.0,G,,Não,29,https://www.fortali.com.br/mini-disket-colorido-chococandy-500g--6778-1,2026-08-18 13:06:57,https://www.fortali.com.br/confeitaria?page=29,Pronto para comparar
Fortali Distribuidora,Confeitaria,AÇÚCAR GLAÇUCAR UNIÃO 500G,ACUCAR GLACUCAR UNIAO 500G,6804,500G,500.0,G,500.0,G,,Não,2,https://www.fortali.com.br/acucar-glacucar-uniao-500g-6804-1,2026-08-18 13:06:57,https://www.fortali.com.br/confeitaria?page=2,Pronto para comparar
Fortali Distribuidora,Confeitaria,AÇÚCAR REFINADO ESPECIAL UNIÃO PACOTE 1KG,ACUCAR REFINADO ESPECIAL UNIAO PACOTE 1KG,6805,1KG,1.0,KG,1000.0,G,,Não,1,https://www.fortali.com.br/acucar-refinado-especial-uniao-pacote-1kg-6805-1,2026-08-18 13:06:57,https://www.fortali.com.br/confeitaria?page=1,Pronto para comparar
Fortali Distribuidora,Confeitaria,"COBERTURA MEIO AMARGA GENUINE BARRA 2,1KG","COBERTURA MEIO AMARGA GENUINE BARRA 2,1KG",6908,"2,1KG",2.1,KG,2100.0,G,,Não,2,https://www.fortali.com.br/cobertura-meio-amarga-genuine-barra-21kg-6908-1,2026-08-18 13:06:57,https://www.fortali.com.br/confeitaria?page=2,Pronto para comparar
Fortali Distribuidora,Confeitaria,"COBERTURA BRANCA GENUINE BARRA 2,1KG","COBERTURA BRANCA GENUINE BARRA 2,1KG",6909,"2,1KG",2.1,KG,2100.0,G,,Não,3,https://www.fortali.com.br/cobertura-branca-genuine-barra-21kg-6909-1,2026-08-18 13:06:57,https://www.fortali.com.br/confeitaria?page=3,Pronto para comparar
Fortali Distribuidora,Confeitaria,CEREAL MICRO CHOCOLATE LEITE/BRANCO VABENE 500G,CEREAL MICRO CHOCOLATE LEITE BRANCO VABENE 500G,6999,500G,500.0,G,500.0,G,,Não,30,https://www.fortali.com.br/cereal-micro-chocolate-leitebranco-vabene-500g-6999-1,2026-08-18 13:06:57,https://www.fortali.com.br/confeitaria?page=30,Pronto para comparar
Fortali Distribuidora,Confeitaria,"COBERTURA AO LEITE GENUINE BARRA 2,1KG","COBERTURA AO LEITE GENUINE BARRA 2,1KG",7014,"2,1KG",2.1,KG,2100.0,G,,Não,5,https://www.fortali.com.br/cobertura-ao-leite-genuine-barra-21kg-7014-1,2026-08-18 13:06:57,https://www.fortali.com.br/confeitaria?page=5,Pronto para comparar
Fortali Distribuidora,Confeitaria,"CEREJA MARRAS SEM TALO LV LT 1,8KG","CEREJA MARRAS SEM TALO LV LT 1,8KG",7100,"1,8KG",1.8,KG,1800.0,G,,Não,33,https://www.fortali.com.br/cereja-marras-sem-talo-lv-lt-1-8kg-7100-1,2026-08-18 13:06:57,https://www.fortali.com.br/confeitaria?page=33,Pronto para comparar
Fortali Distribuidora,Confeitaria,PESSEGO CALDA LV LT 485G,PESSEGO CALDA LV LT 485G,7102,485G,485.0,G,485.0,G,,Não,132,https://www.fortali.com.br/pessego-calda-lv-lt-485g-7102-1,2026-08-18 13:06:57,https://www.fortali.com.br/confeitaria?page=132,Pronto para comparar
Fortali Distribuidora,Confeitaria,LEITE CONDENSADO SEMIDESNATADO ITALAC CAIXA 395G,LEITE CONDENSADO SEMIDESNATADO ITALAC CAIXA 395G,7216,395G,395.0,G,395.0,G,,Não,1,https://www.fortali.com.br/leite-condensado-semidesnatado-italac-caixa-395g-7216-1,2026-08-18 13:06:57,https://www.fortali.com.br/confeitaria?page=1,Pronto para comparar
Fortali Distribuidora,Confeitaria,"LEITE CONDENSADO SEMIDESNATADO ITALAC BAG 2,5KG","LEITE CONDENSADO SEMIDESNATADO ITALAC BAG 2,5KG",7217,"2,5KG",2.5,KG,2500.0,G,,Não,5,https://www.fortali.com.br/leite-condensado-semidesnatado-italac-bag-25kg-7217-1,2026-08-18 13:06:57,https://www.fortali.com.br/confeitaria?page=5,Pronto para comparar
Fortali Distribuidora,Confeitaria,LEITE CONDENSADO SEMI DESNATADO ITALAC BAG 5KG,LEITE CONDENSADO SEMI DESNATADO ITALAC BAG 5KG,7218,5KG,5.0,KG,5000.0,G,,Não,2,https://www.fortali.com.br/leite-condensado-semi-desnatado-italac-bag-5kg-7218-1,2026-08-18 13:06:57,https://www.fortali.com.br/confeitaria?page=2,Pronto para comparar
Fortali Distribuidora,Confeitaria,CREME TIPO CHANTILLY WHIPN TOP BAUNILHA CONGELADO 907G,CREME TIPO CHANTILLY WHIPN TOP BAUNILHA CONGELADO 907G,7235,907G,907.0,G,907.0,G,,Não,132,https://www.fortali.com.br/creme-tipo-chantilly-whipn-top-baunilha-congelado-907g-7235-1,2026-08-18 13:06:57,https://www.fortali.com.br/confeitaria?page=132,Pronto para comparar
Fortali Distribuidora,Confeitaria,CHANTILLY WHIPN TOP NATA CONGELADO 907G,CHANTILLY WHIPN TOP NATA CONGELADO 907G,7236,907G,907.0,G,907.0,G,,Não,132,https://www.fortali.com.br/chantilly-whipn-top-nata-congelado-907g-7236-1,2026-08-18 13:06:57,https://www.fortali.com.br/confeitaria?page=132,Pronto para comparar
Fortali Distribuidora,Confeitaria,CREME TIPO CHANTILLY WHIPN TOP CHOC CONG 907G,CREME TIPO CHANTILLY WHIPN TOP CHOC CONG 907G,7237,907G,907.0,G,907.0,G,,Não,132,https://www.fortali.com.br/creme-tipo-chantilly-whipn-top-choc-cong-907g-7237-1,2026-08-18 13:06:57,https://www.fortali.com.br/confeitaria?page=132,Pronto para comparar
Fortali Distribuidora,Confeitaria,CREME GANACHE DE CHOCOLATE MEIO AMARGO MELKEN POTE 1KG,CREME GANACHE DE CHOCOLATE MEIO AMARGO MELKEN POTE 1KG,7290,1KG,1.0,KG,1000.0,G,,Não,3,https://www.fortali.com.br/creme-ganache-de-chocolate-meio-amargo-melken-pote-1kg-7290-1,2026-08-18 13:06:57,https://www.fortali.com.br/confeitaria?page=3,Pronto para comparar
Fortali Distribuidora,Confeitaria,CACAU PÓ ALCALINO 100% MELKEN 500G,CACAU PO ALCALINO 100% MELKEN 500G,7291,500G,500.0,G,500.0,G,,Não,2,https://www.fortali.com.br/cacau-po-alcalino-100-melken-500g-7291-1,2026-08-18 13:06:57,https://www.fortali.com.br/confeitaria?page=2,Pronto para comparar
Fortali Distribuidora,Confeitaria,CHOC EM PO 50% MELKEN HARALD 200G,CHOC EM PO 50% MELKEN HARALD 200G,7295,200G,200.0,G,200.0,G,,Não,19,https://www.fortali.com.br/choc-em-po-50-melken-harald-200g-7295-1,2026-08-18 13:06:57,https://www.fortali.com.br/confeitaria?page=19,Pronto para comparar
Fortali Distribuidora,Confeitaria,CR CHANTILLY PP GRAN FINALE 200ML,CR CHANTILLY PP GRAN FINALE 200ML,7447,200ML,200.0,ML,200.0,ML,,Não,31,https://www.fortali.com.br/cr-chantilly-pp-gran-finale-200ml-7447-1,2026-08-18 13:06:57,https://www.fortali.com.br/confeitaria?page=31,Pronto para comparar
Fortali Distribuidora,Confeitaria,"CHOCOLATE MEIO AMARGO SICAO NOBRE BARRA 2,1KG","CHOCOLATE MEIO AMARGO SICAO NOBRE BARRA 2,1KG",7543,"2,1KG",2.1,KG,2100.0,G,,Não,10,https://www.fortali.com.br/chocolate-meio-amargo-sicao-nobre-barra-2-1kg-7543-1,2026-08-18 13:06:57,https://www.fortali.com.br/confeitaria?page=10,Pronto para comparar
Fortali Distribuidora,Confeitaria,"CHOC AO LEITE SICAO NOBRE BARRA 2,1KG","CHOC AO LEITE SICAO NOBRE BARRA 2,1KG",7544,"2,1KG",2.1,KG,2100.0,G,,Não,34,https://www.fortali.com.br/choc-ao-leite-sicao-nobre-barra-2-1kg-7544-1,2026-08-18 13:06:57,https://www.fortali.com.br/confeitaria?page=34,Pronto para comparar
Fortali Distribuidora,Confeitaria,"CHOC BLEND SICAO NOBRE BARRA 2,01KG","CHOC BLEND SICAO NOBRE BARRA 2,01KG",7545,"2,01KG",2.01,KG,2010.0,G,,Não,7,https://www.fortali.com.br/choc-blend-sicao-nobre-barra-2-01kg-7545-1,2026-08-18 13:06:57,https://www.fortali.com.br/confeitaria?page=7,Pronto para comparar
Fortali Distribuidora,Confeitaria,"CHOC BRANCO SICAO NOBRE BARRA 2,01KG","CHOC BRANCO SICAO NOBRE BARRA 2,01KG",7546,"2,01KG",2.01,KG,2010.0,G,,Não,8,https://www.fortali.com.br/choc-branco-sicao-nobre-barra-2-01kg-7546-1,2026-08-18 13:06:57,https://www.fortali.com.br/confeitaria?page=8,Pronto para comparar
Fortali Distribuidora,Confeitaria,"COB M AMARGO SICAO MAIS BARRA 2,1KG","COB M AMARGO SICAO MAIS BARRA 2,1KG",7547,"2,1KG",2.1,KG,2100.0,G,,Não,32,https://www.fortali.com.br/cob-m-amargo-sicao-mais-barra-2-1kg-7547-1,2026-08-18 13:06:57,https://www.fortali.com.br/confeitaria?page=32,Pronto para comparar
Fortali Distribuidora,Confeitaria,"COB AO LEITE SICAO MAIS BARRA 2,1KG","COB AO LEITE SICAO MAIS BARRA 2,1KG",7548,"2,1KG",2.1,KG,2100.0,G,,Não,29,https://www.fortali.com.br/cob-ao-leite-sicao-mais-barra-2-1kg-7548-1,2026-08-18 13:06:57,https://www.fortali.com.br/confeitaria?page=29,Pronto para comparar
Fortali Distribuidora,Confeitaria,"COB BRANCA SICAO BARRA 2,1KG","COB BRANCA SICAO BARRA 2,1KG",7549,"2,1KG",2.1,KG,2100.0,G,,Não,12,https://www.fortali.com.br/cob-branca-sicao-barra-2-1kg-7549-1,2026-08-18 13:06:57,https://www.fortali.com.br/confeitaria?page=12,Pronto para comparar
Fortali Distribuidora,Confeitaria,"COB BLEND SICAO MAIS BARRA 2,1KG","COB BLEND SICAO MAIS BARRA 2,1KG",7559,"2,1KG",2.1,KG,2100.0,G,,Não,132,https://www.fortali.com.br/cob-blend-sicao-mais-barra-2-1kg-7559-1,2026-08-18 13:06:57,https://www.fortali.com.br/confeitaria?page=132,Pronto para comparar
Fortali Distribuidora,Confeitaria,SAINHA MINI C CAKE MARR HAVANA PCT 12UN,SAINHA MINI C CAKE MARR HAVANA PCT 12UN,7713,,,,,,,Não,29,https://www.fortali.com.br/sainha-mini-c-cake-marr-havana-pct-12un-7713-1,2026-08-18 13:06:57,https://www.fortali.com.br/confeitaria?page=29,Revisar embalagem
Fortali Distribuidora,Confeitaria,CX PETALA SEDA PINK CANCUM PCT 40UN,CX PETALA SEDA PINK CANCUM PCT 40UN,7801,,,,,,,Não,132,https://www.fortali.com.br/cx-petala-seda-pink-cancum-pct-40un-7801-1,2026-08-18 13:06:57,https://www.fortali.com.br/confeitaria?page=132,Revisar embalagem
Fortali Distribuidora,Confeitaria,CREME TIPO CHANTILLY WHIPN ICE CREME CONG 907G,CREME TIPO CHANTILLY WHIPN ICE CREME CONG 907G,7831,907G,907.0,G,907.0,G,,Não,132,https://www.fortali.com.br/creme-tipo-chantilly-whipn-ice-creme-cong-907g-7831-1,2026-08-18 13:06:57,https://www.fortali.com.br/confeitaria?page=132,Pronto para comparar
Fortali Distribuidora,Confeitaria,CREME TIPO CHANTILLY WHIPN ICE CHOC CONG 907G,CREME TIPO CHANTILLY WHIPN ICE CHOC CONG 907G,7832,907G,907.0,G,907.0,G,,Não,132,https://www.fortali.com.br/creme-tipo-chantilly-whipn-ice-choc-cong-907g-7832-1,2026-08-18 13:06:57,https://www.fortali.com.br/confeitaria?page=132,Pronto para comparar
Fortali Distribuidora,Confeitaria,COB FRAC M AMARGO KIBBLED GENUINE 25KG ,COB FRAC M AMARGO KIBBLED GENUINE 25KG,7984,25KG,25.0,KG,25000.0,G,,Não,16,https://www.fortali.com.br/cob-frac-m-amargo-kibbled-genuine-25kg-7984-1,2026-08-18 13:06:57,https://www.fortali.com.br/confeitaria?page=16,Pronto para comparar
Fortali Distribuidora,Confeitaria,"GRANULADO CHOCOLATE DORI 1,010KG","GRANULADO CHOCOLATE DORI 1,010KG",8178,"1,010KG",1.01,KG,1010.0,G,,Não,132,https://www.fortali.com.br/granulado-chocolate-dori-1-010kg-8178-1,2026-08-18 13:06:57,https://www.fortali.com.br/confeitaria?page=132,Pronto para comparar
Fortali Distribuidora,Confeitaria,CACAU EM PÓ 100% GENUINE PACOTE 500G,CACAU EM PO 100% GENUINE PACOTE 500G,8247,500G,500.0,G,500.0,G,,Não,29,https://www.fortali.com.br/cacau-em-po-100-genuine-pacote-500g-8247-1,2026-08-18 13:06:57,https://www.fortali.com.br/confeitaria?page=29,Pronto para comparar
Fortali Distribuidora,Confeitaria,"CHOCOLATE EM PÓ 50% GENUINE PACOTE 1,05KG","CHOCOLATE EM PO 50% GENUINE PACOTE 1,05KG",8248,"1,05KG",1.05,KG,1050.0,G,,Não,2,https://www.fortali.com.br/chocolate-em-po-50-genuine-pacote-105kg-8248-1,2026-08-18 13:06:57,https://www.fortali.com.br/confeitaria?page=2,Pronto para comparar
Fortali Distribuidora,Confeitaria,CHOCOLATE EM PÓ 33% GENUINE PACOTE 1.05KG,CHOCOLATE EM PO 33% GENUINE PACOTE 1.05KG,8249,1.05KG,1.05,KG,1050.0,G,,Não,29,https://www.fortali.com.br/chocolate-em-po-33-genuine-pacote-105kg-8249-1,2026-08-18 13:06:57,https://www.fortali.com.br/confeitaria?page=29,Pronto para comparar
Fortali Distribuidora,Confeitaria,AMERICA TOPPING CHOC CONG RICHS 907G,AMERICA TOPPING CHOC CONG RICHS 907G,8298,907G,907.0,G,907.0,G,,Não,132,https://www.fortali.com.br/america-topping-choc-cong-richs-907g-8298-1,2026-08-18 13:06:57,https://www.fortali.com.br/confeitaria?page=132,Pronto para comparar
Fortali Distribuidora,Confeitaria,BETTERCREME DOCE LEITE CONG RICHS 907G,BETTERCREME DOCE LEITE CONG RICHS 907G,8302,907G,907.0,G,907.0,G,,Não,132,https://www.fortali.com.br/bettercreme-doce-leite-cong-richs-907g-8302-1,2026-08-18 13:06:57,https://www.fortali.com.br/confeitaria?page=132,Pronto para comparar
Fortali Distribuidora,Confeitaria,DOCE DE LEITE TRADICIONAL ITAMBE LT 800G,DOCE DE LEITE TRADICIONAL ITAMBE LT 800G,8632,800G,800.0,G,800.0,G,,Não,3,https://www.fortali.com.br/doce-de-leite-tradicional-itambe-lt-800g-8632-1,2026-08-18 13:06:57,https://www.fortali.com.br/confeitaria?page=3,Pronto para comparar
Fortali Distribuidora,Confeitaria,DOCE DE LEITE C / CHOC ITAMBE LT 800G,DOCE DE LEITE C CHOC ITAMBE LT 800G,8633,800G,800.0,G,800.0,G,,Não,32,https://www.fortali.com.br/doce-de-leite-c--choc-itambe-lt-800g-8633-1,2026-08-18 13:06:57,https://www.fortali.com.br/confeitaria?page=32,Pronto para comparar
Fortali Distribuidora,Confeitaria,OVOMALTINE FLOCOS EXTRA CROCANTES 10MM AB BRASIL SCH 750G,OVOMALTINE FLOCOS EXTRA CROCANTES 10MM AB BRASIL SCH 750G,8662,750G,750.0,G,750.0,G,,Não,1,https://www.fortali.com.br/ovomaltine-flocos-extra-crocantes-10mm-ab-brasil-sch-750g-8662-1,2026-08-18 13:06:57,https://www.fortali.com.br/confeitaria?page=1,Pronto para comparar
Fortali Distribuidora,Confeitaria,CHANTILLY NORCAU PURATOS TP 1KG,CHANTILLY NORCAU PURATOS TP 1KG,8751,1KG,1.0,KG,1000.0,G,,Não,132,https://www.fortali.com.br/chantilly-norcau-puratos-tp-1kg-8751-1,2026-08-18 13:06:57,https://www.fortali.com.br/confeitaria?page=132,Pronto para comparar
Fortali Distribuidora,Confeitaria,COR PRATEADO COLOR MIST WILTON SPRAY 42G,COR PRATEADO COLOR MIST WILTON SPRAY 42G,9018,42G,42.0,G,42.0,G,,Não,132,https://www.fortali.com.br/cor-prateado-color-mist-wilton-spray-42g-9018-1,2026-08-18 13:06:57,https://www.fortali.com.br/confeitaria?page=132,Pronto para comparar
Fortali Distribuidora,Confeitaria,DOCE LEITE TRADICIONAL ITAMBE LT 5KG,DOCE LEITE TRADICIONAL ITAMBE LT 5KG,911,5KG,5.0,KG,5000.0,G,,Não,5,https://www.fortali.com.br/doce-leite-tradicional-itambe-lt-5kg-911-1,2026-08-18 13:06:57,https://www.fortali.com.br/confeitaria?page=5,Pronto para comparar
Fortali Distribuidora,Confeitaria,PRATO BCO RENDADO N21 CETAPLAST,PRATO BCO RENDADO N21 CETAPLAST,9118,,,,,,,Não,132,https://www.fortali.com.br/prato-bco-rendado-n21-cetaplast-9118-1,2026-08-18 13:06:57,https://www.fortali.com.br/confeitaria?page=132,Revisar embalagem
Fortali Distribuidora,Confeitaria,PRATO BCO FUNDO N31 CETAPLAST,PRATO BCO FUNDO N31 CETAPLAST,9119,,,,,,,Não,132,https://www.fortali.com.br/prato-bco-fundo-n31-cetaplast-9119-1,2026-08-18 13:06:57,https://www.fortali.com.br/confeitaria?page=132,Revisar embalagem
Fortali Distribuidora,Confeitaria,PRATO BCO RENDADO N33 CETAPLAST,PRATO BCO RENDADO N33 CETAPLAST,9120,,,,,,,Não,132,https://www.fortali.com.br/prato-bco-rendado-n33-cetaplast-9120-1,2026-08-18 13:06:57,https://www.fortali.com.br/confeitaria?page=132,Revisar embalagem
Fortali Distribuidora,Confeitaria,PRATO BCO RENDADO N35 CETAPLAST,PRATO BCO RENDADO N35 CETAPLAST,9121,,,,,,,Não,132,https://www.fortali.com.br/prato-bco-rendado-n35-cetaplast-9121-1,2026-08-18 13:06:57,https://www.fortali.com.br/confeitaria?page=132,Revisar embalagem
Fortali Distribuidora,Confeitaria,PRATO RENDADO BCO N39 CETAPLAST,PRATO RENDADO BCO N39 CETAPLAST,9122,,,,,,,Não,132,https://www.fortali.com.br/prato-rendado-bco-n39-cetaplast-9122-1,2026-08-18 13:06:57,https://www.fortali.com.br/confeitaria?page=132,Revisar embalagem
Fortali Distribuidora,Confeitaria,BAND BCA TORTA/ROCAMBOLE N3 CETAPLAST,BAND BCA TORTA ROCAMBOLE N3 CETAPLAST,9124,,,,,,,Não,132,https://www.fortali.com.br/band-bca-tortarocambole-n3-cetaplast-9124-1,2026-08-18 13:06:57,https://www.fortali.com.br/confeitaria?page=132,Revisar embalagem
Fortali Distribuidora,Confeitaria,BAND RENDADA BCA N7 CETAPLAST,BAND RENDADA BCA N7 CETAPLAST,9125,,,,,,,Não,132,https://www.fortali.com.br/band-rendada-bca-n7-cetaplast-9125-1,2026-08-18 13:06:57,https://www.fortali.com.br/confeitaria?page=132,Revisar embalagem
Fortali Distribuidora,Confeitaria,PRATO BCO C/BASE N31 CETAPLAST,PRATO BCO C BASE N31 CETAPLAST,9127,,,,,,,Não,132,https://www.fortali.com.br/prato-bco-cbase-n31-cetaplast-9127-1,2026-08-18 13:06:57,https://www.fortali.com.br/confeitaria?page=132,Revisar embalagem
Fortali Distribuidora,Confeitaria,PRATO BCO C/BASE N33 CETAPLAST,PRATO BCO C BASE N33 CETAPLAST,9128,,,,,,,Não,132,https://www.fortali.com.br/prato-bco-cbase-n33-cetaplast-9128-1,2026-08-18 13:06:57,https://www.fortali.com.br/confeitaria?page=132,Revisar embalagem
Fortali Distribuidora,Confeitaria,PRATO BCO C/BASE N35 CETAPLAST,PRATO BCO C BASE N35 CETAPLAST,9129,,,,,,,Não,132,https://www.fortali.com.br/prato-bco-cbase-n35-cetaplast-9129-1,2026-08-18 13:06:57,https://www.fortali.com.br/confeitaria?page=132,Revisar embalagem
Fortali Distribuidora,Confeitaria,PRATO BCO C/BASE N39 CETAPLAST,PRATO BCO C BASE N39 CETAPLAST,9130,,,,,,,Não,132,https://www.fortali.com.br/prato-bco-cbase-n39-cetaplast-9130-1,2026-08-18 13:06:57,https://www.fortali.com.br/confeitaria?page=132,Revisar embalagem
Fortali Distribuidora,Confeitaria,BAND RENDADA C/BASE N7 CETAPLAST,BAND RENDADA C BASE N7 CETAPLAST,9131,,,,,,,Não,133,https://www.fortali.com.br/band-rendada-cbase-n7-cetaplast-9131-1,2026-08-18 13:06:57,https://www.fortali.com.br/confeitaria?page=133,Revisar embalagem
Fortali Distribuidora,Confeitaria,BALEIRO BCO CETAPLAST,BALEIRO BCO CETAPLAST,9133,,,,,,,Não,133,https://www.fortali.com.br/baleiro-bco-cetaplast-9133-1,2026-08-18 13:06:57,https://www.fortali.com.br/confeitaria?page=133,Revisar embalagem
Fortali Distribuidora,Confeitaria,PESSEGO CALDA ANDALUZIA LT 485G,PESSEGO CALDA ANDALUZIA LT 485G,9193,485G,485.0,G,485.0,G,,Não,133,https://www.fortali.com.br/pessego-calda-andaluzia-lt-485g-9193-1,2026-08-18 13:06:57,https://www.fortali.com.br/confeitaria?page=133,Pronto para comparar
Fortali Distribuidora,Confeitaria,GRANULADO CROC BRANCO MIL CORES 500G,GRANULADO CROC BRANCO MIL CORES 500G,9260,500G,500.0,G,500.0,G,,Não,20,https://www.fortali.com.br/granulado-croc-branco-mil-cores-500g-9260-1,2026-08-18 13:06:57,https://www.fortali.com.br/confeitaria?page=20,Pronto para comparar
Fortali Distribuidora,Confeitaria,GRANULADO CROCANTE VERMELHO MIL CORES PACOTE 500G,GRANULADO CROCANTE VERMELHO MIL CORES PACOTE 500G,9262,500G,500.0,G,500.0,G,,Não,18,https://www.fortali.com.br/granulado-crocante-vermelho-mil-cores-pacote-500g-9262-1,2026-08-18 13:06:57,https://www.fortali.com.br/confeitaria?page=18,Pronto para comparar
Fortali Distribuidora,Confeitaria,CONFEITO MICANGA COLOR NR 0 MIL CORES PACOTE 500G,CONFEITO MICANGA COLOR NR 0 MIL CORES PACOTE 500G,9263,500G,500.0,G,500.0,G,,Não,11,https://www.fortali.com.br/confeito-micanga-color-nr-0-mil-cores-pacote-500g-9263-1,2026-08-18 13:06:57,https://www.fortali.com.br/confeitaria?page=11,Pronto para comparar
Fortali Distribuidora,Confeitaria,CONFEITO MIÇANGA BRANCA MIL CORES PACOTE 500G,CONFEITO MICANGA BRANCA MIL CORES PACOTE 500G,9264,500G,500.0,G,500.0,G,,Não,11,https://www.fortali.com.br/confeito-micanga-branca-mil-cores-pacote-500g-9264-1,2026-08-18 13:06:57,https://www.fortali.com.br/confeitaria?page=11,Pronto para comparar
Fortali Distribuidora,Confeitaria,CONFEITO MIÇANGA ROSA Nº0 MIL CORES 500G,CONFEITO MICANGA ROSA NO0 MIL CORES 500G,9266,500G,500.0,G,500.0,G,,Não,15,https://www.fortali.com.br/confeito-micanga-rosa-n0-mil-cores-500g-9266-1,2026-08-18 13:06:57,https://www.fortali.com.br/confeitaria?page=15,Pronto para comparar
Fortali Distribuidora,Confeitaria,CONFEITO MICANGA AZUL MIL CORES 500G,CONFEITO MICANGA AZUL MIL CORES 500G,9267,500G,500.0,G,500.0,G,,Não,19,https://www.fortali.com.br/confeito-micanga-azul-mil-cores-500g-9267-1,2026-08-18 13:06:57,https://www.fortali.com.br/confeitaria?page=19,Pronto para comparar
Fortali Distribuidora,Confeitaria,MINIPASTIL CONF CHOC CHOCOGIROS PACOTE 70G,MINIPASTIL CONF CHOC CHOCOGIROS PACOTE 70G,9270,70G,70.0,G,70.0,G,,Não,133,https://www.fortali.com.br/minipastil-conf-choc-chocogiros-pacote-70g-9270-1,2026-08-18 13:06:57,https://www.fortali.com.br/confeitaria?page=133,Pronto para comparar
Fortali Distribuidora,Confeitaria,CONFEITO DE BRIGADEIRO VERMELHO MIL CORES PACOTE 500G,CONFEITO DE BRIGADEIRO VERMELHO MIL CORES PACOTE 500G,9272,500G,500.0,G,500.0,G,,Não,133,https://www.fortali.com.br/confeito-de-brigadeiro-vermelho-mil-cores-pacote-500g-9272-1,2026-08-18 13:06:57,https://www.fortali.com.br/confeitaria?page=133,Pronto para comparar
Fortali Distribuidora,Confeitaria,MINIPASTIL CONFEITO CHOCOLATE CHOCOGIROS PACOTE 500G,MINIPASTIL CONFEITO CHOCOLATE CHOCOGIROS PACOTE 500G,9273,500G,500.0,G,500.0,G,,Não,9,https://www.fortali.com.br/minipastil-confeito-chocolate-chocogiros-pacote-500g-9273-1,2026-08-18 13:06:57,https://www.fortali.com.br/confeitaria?page=9,Pronto para comparar
Fortali Distribuidora,Confeitaria,FLOCOS MACIO CHOC MIL CORES PCT 500G,FLOCOS MACIO CHOC MIL CORES PCT 500G,9274,500G,500.0,G,500.0,G,,Não,7,https://www.fortali.com.br/flocos-macio-choc-mil-cores-pct-500g-9274-1,2026-08-18 13:06:57,https://www.fortali.com.br/confeitaria?page=7,Pronto para comparar
Fortali Distribuidora,Confeitaria,FLOCOS CROC CHOC MIL CORES PCT 500G,FLOCOS CROC CHOC MIL CORES PCT 500G,9275,500G,500.0,G,500.0,G,,Não,3,https://www.fortali.com.br/flocos-croc-choc-mil-cores-pct-500g-9275-1,2026-08-18 13:06:57,https://www.fortali.com.br/confeitaria?page=3,Pronto para comparar
Fortali Distribuidora,Confeitaria,GRANULADO CROC AZUL MIL CORES 120G,GRANULADO CROC AZUL MIL CORES 120G,9279,120G,120.0,G,120.0,G,,Não,14,https://www.fortali.com.br/granulado-croc-azul-mil-cores-120g-9279-1,2026-08-18 13:06:57,https://www.fortali.com.br/confeitaria?page=14,Pronto para comparar
Fortali Distribuidora,Confeitaria,GRANULADO CROCANTE COLORIDO MIL CORES PACOTE 1.010KG,GRANULADO CROCANTE COLORIDO MIL CORES PACOTE 1.010KG,9280,1.010KG,1.01,KG,1010.0,G,,Não,10,https://www.fortali.com.br/granulado-crocante-colorido-mil-cores-pacote-1-010kg-9280-1,2026-08-18 13:06:57,https://www.fortali.com.br/confeitaria?page=10,Pronto para comparar
Fortali Distribuidora,Confeitaria,CONF FIG ALFABETO MIL CORES PCT 50G,CONF FIG ALFABETO MIL CORES PCT 50G,9294,50G,50.0,G,50.0,G,,Não,133,https://www.fortali.com.br/conf-fig-alfabeto-mil-cores-pct-50g-9294-1,2026-08-18 13:06:57,https://www.fortali.com.br/confeitaria?page=133,Pronto para comparar
Fortali Distribuidora,Confeitaria,CONFEITO FIGURAS MINI CONFETE MIL CORES PACOTE 50G,CONFEITO FIGURAS MINI CONFETE MIL CORES PACOTE 50G,9295,50G,50.0,G,50.0,G,,Não,133,https://www.fortali.com.br/confeito-figuras-mini-confete-mil-cores-pacote-50g-9295-1,2026-08-18 13:06:57,https://www.fortali.com.br/confeitaria?page=133,Pronto para comparar
Fortali Distribuidora,Confeitaria,CONFEITO FIGURA ESTRELINHA MIL CORES PACOTE 50G,CONFEITO FIGURA ESTRELINHA MIL CORES PACOTE 50G,9296,50G,50.0,G,50.0,G,,Não,29,https://www.fortali.com.br/confeito-figura-estrelinha-mil-cores-pacote-50g-9296-1,2026-08-18 13:06:57,https://www.fortali.com.br/confeitaria?page=29,Pronto para comparar
Fortali Distribuidora,Confeitaria,CONFEITO FIGURINHA CORAÇÃO MIL CORES PACOTE 50G,CONFEITO FIGURINHA CORACAO MIL CORES PACOTE 50G,9297,50G,50.0,G,50.0,G,,Não,13,https://www.fortali.com.br/confeito-figurinha-coracao-mil-cores-pacote-50g-9297-1,2026-08-18 13:06:57,https://www.fortali.com.br/confeitaria?page=13,Pronto para comparar
Fortali Distribuidora,Confeitaria,PO PARA PREPARO DE SOBREMESAS SABOR MARACUJA MALVALERIO PACO...,PO PARA PREPARO DE SOBREMESAS SABOR MARACUJA MALVALERIO PACO...,9299,,,,,,,Não,15,https://www.fortali.com.br/po-para-preparo-de-sobremesas-sabor-maracuja-malvalerio-pacote-100g-9299-1,2026-08-18 13:06:57,https://www.fortali.com.br/confeitaria?page=15,Revisar embalagem
Fortali Distribuidora,Confeitaria,PO P/PREP SOBREMESAS LIMAO PCT 100G,PO P PREP SOBREMESAS LIMAO PCT 100G,9300,100G,100.0,G,100.0,G,,Não,16,https://www.fortali.com.br/po-pprep-sobremesas-limao-pct-100g-9300-1,2026-08-18 13:06:57,https://www.fortali.com.br/confeitaria?page=16,Pronto para comparar
Fortali Distribuidora,Confeitaria,PO PARA PREPARO DE SOBREMESA MORANGO MAVALERIO 100G,PO PARA PREPARO DE SOBREMESA MORANGO MAVALERIO 100G,9301,100G,100.0,G,100.0,G,,Não,14,https://www.fortali.com.br/po-para-preparo-de-sobremesa-morango-mavalerio-100g-9301-1,2026-08-18 13:06:57,https://www.fortali.com.br/confeitaria?page=14,Pronto para comparar
Fortali Distribuidora,Confeitaria,COBERTURA MEIO AMARGO DE CONFEITEIRO MAVALERIO BARRA 1.01KG,COBERTURA MEIO AMARGO DE CONFEITEIRO MAVALERIO BARRA 1.01KG,9304,1.01KG,1.01,KG,1010.0,G,,Não,133,https://www.fortali.com.br/cobertura-meio-amargo-de-confeiteiro-mavalerio-barra-101kg-9304-1,2026-08-18 13:06:57,https://www.fortali.com.br/confeitaria?page=133,Pronto para comparar
Fortali Distribuidora,Confeitaria,PASTA SABORIZANTE BAUNILHA BLEND PT 90G,PASTA SABORIZANTE BAUNILHA BLEND PT 90G,9461,90G,90.0,G,90.0,G,,Não,17,https://www.fortali.com.br/pasta-saborizante-baunilha-blend-pt-90g-9461-1,2026-08-18 13:06:57,https://www.fortali.com.br/confeitaria?page=17,Pronto para comparar
Fortali Distribuidora,Confeitaria,PASTA SABORIZANTE MILHO VDE BLEND PT 90G,PASTA SABORIZANTE MILHO VDE BLEND PT 90G,9464,90G,90.0,G,90.0,G,,Não,133,https://www.fortali.com.br/pasta-saborizante-milho-vde-blend-pt-90g-9464-1,2026-08-18 13:06:57,https://www.fortali.com.br/confeitaria?page=133,Pronto para comparar
Fortali Distribuidora,Confeitaria,BASE LAM QUAD PRATA BRLH 18X18 CROMUS,BASE LAM QUAD PRATA BRLH 18X18 CROMUS,9614,,,,,,,Não,133,https://www.fortali.com.br/base-lam-quad-prata-brlh-18x18-cromus-9614-1,2026-08-18 13:06:57,https://www.fortali.com.br/confeitaria?page=133,Revisar embalagem
Fortali Distribuidora,Confeitaria,BASE LAM QUAD PRATA BRLH 8X8 CROMUS,BASE LAM QUAD PRATA BRLH 8X8 CROMUS,9615,,,,,,,Não,29,https://www.fortali.com.br/base-lam-quad-prata-brlh-8x8-cromus-9615-1,2026-08-18 13:06:57,https://www.fortali.com.br/confeitaria?page=29,Revisar embalagem
Fortali Distribuidora,Confeitaria,BASE LAM QUAD PRATA FOSCO 18X18 CROMUS,BASE LAM QUAD PRATA FOSCO 18X18 CROMUS,9616,,,,,,,Não,133,https://www.fortali.com.br/base-lam-quad-prata-fosco-18x18-cromus-9616-1,2026-08-18 13:06:57,https://www.fortali.com.br/confeitaria?page=133,Revisar embalagem
Fortali Distribuidora,Confeitaria,BASE LAM QUAD PRATA FOSCO 8X8 CROMUS,BASE LAM QUAD PRATA FOSCO 8X8 CROMUS,9617,,,,,,,Não,133,https://www.fortali.com.br/base-lam-quad-prata-fosco-8x8-cromus-9617-1,2026-08-18 13:06:57,https://www.fortali.com.br/confeitaria?page=133,Revisar embalagem
Fortali Distribuidora,Confeitaria,BASE LAM RED PRATA FOSCO 10 CROMUS,BASE LAM RED PRATA FOSCO 10 CROMUS,9624,,,,,,,Não,133,https://www.fortali.com.br/base-lam-red-prata-fosco-10-cromus-9624-1,2026-08-18 13:06:57,https://www.fortali.com.br/confeitaria?page=133,Revisar embalagem
Fortali Distribuidora,Confeitaria,MIST P/PREP GLACE RENDA MIX PT 100G,MIST P PREP GLACE RENDA MIX PT 100G,9687,100G,100.0,G,100.0,G,,Não,133,https://www.fortali.com.br/mist-pprep-glace-renda-mix-pt-100g-9687-1,2026-08-18 13:06:57,https://www.fortali.com.br/confeitaria?page=133,Pronto para comparar
Fortali Distribuidora,Confeitaria,COR P/CHOC AMAR MIX PT 12G,COR P CHOC AMAR MIX PT 12G,9692,12G,12.0,G,12.0,G,,Não,133,https://www.fortali.com.br/cor-p-choc-amar-mix-pt-12g-9692-1,2026-08-18 13:06:57,https://www.fortali.com.br/confeitaria?page=133,Pronto para comparar
Fortali Distribuidora,Confeitaria,COR P/CHOC AZUL MIX PT 12G,COR P CHOC AZUL MIX PT 12G,9693,12G,12.0,G,12.0,G,,Não,133,https://www.fortali.com.br/cor-p-choc-azul-mix-pt-12g-9693-1,2026-08-18 13:06:57,https://www.fortali.com.br/confeitaria?page=133,Pronto para comparar
Fortali Distribuidora,Confeitaria,COR P/CHOC LAR MIX PT 12G,COR P CHOC LAR MIX PT 12G,9694,12G,12.0,G,12.0,G,,Não,133,https://www.fortali.com.br/cor-p-choc-lar-mix-pt-12g-9694-1,2026-08-18 13:06:57,https://www.fortali.com.br/confeitaria?page=133,Pronto para comparar
Fortali Distribuidora,Confeitaria,COR P/CHOC PTO MIX PT 12G,COR P CHOC PTO MIX PT 12G,9695,12G,12.0,G,12.0,G,,Não,133,https://www.fortali.com.br/cor-p-choc-pto-mix-pt-12g-9695-1,2026-08-18 13:06:57,https://www.fortali.com.br/confeitaria?page=133,Pronto para comparar
Fortali Distribuidora,Confeitaria,COR P/CHOC VDE MIX PT12G,COR P CHOC VDE MIX PT12G,9698,12G,12.0,G,12.0,G,,Não,133,https://www.fortali.com.br/cor-p-choc-vde-mix-pt12g-9698-1,2026-08-18 13:06:57,https://www.fortali.com.br/confeitaria?page=133,Pronto para comparar
Fortali Distribuidora,Confeitaria,COR P/CHOC VERM MIX PT 12G,COR P CHOC VERM MIX PT 12G,9699,12G,12.0,G,12.0,G,,Não,133,https://www.fortali.com.br/cor-p-choc-verm-mix-pt-12g-9699-1,2026-08-18 13:06:57,https://www.fortali.com.br/confeitaria?page=133,Pronto para comparar
Fortali Distribuidora,Confeitaria,CORANTE LIQUIDO AMARELO DAMASCO SOFT GEL 25G,CORANTE LIQUIDO AMARELO DAMASCO SOFT GEL 25G,9701,25G,25.0,G,25.0,G,,Não,35,https://www.fortali.com.br/corante-liquido-amarelo-damasco-soft-gel-25g-9701-1,2026-08-18 13:06:57,https://www.fortali.com.br/confeitaria?page=35,Pronto para comparar
Fortali Distribuidora,Confeitaria,CORANTE AMARELO GEMA SOFTGEL MIX 25G,CORANTE AMARELO GEMA SOFTGEL MIX 25G,9702,25G,25.0,G,25.0,G,,Não,33,https://www.fortali.com.br/corante-amarelo-gema-softgel-mix-25g-9702-1,2026-08-18 13:06:57,https://www.fortali.com.br/confeitaria?page=33,Pronto para comparar
Fortali Distribuidora,Confeitaria,CORANTE AZUL ANIS SOFTGEL MIX 25G,CORANTE AZUL ANIS SOFTGEL MIX 25G,9703,25G,25.0,G,25.0,G,,Não,133,https://www.fortali.com.br/corante-azul-anis-softgel-mix-25g-9703-1,2026-08-18 13:06:57,https://www.fortali.com.br/confeitaria?page=133,Pronto para comparar
Fortali Distribuidora,Confeitaria,COR AZUL JEANS SOFTGEL MIX 25G,COR AZUL JEANS SOFTGEL MIX 25G,9704,25G,25.0,G,25.0,G,,Não,133,https://www.fortali.com.br/cor-azul-jeans-softgel-mix-25g-9704-1,2026-08-18 13:06:57,https://www.fortali.com.br/confeitaria?page=133,Pronto para comparar
Fortali Distribuidora,Confeitaria,COR AZUL MARINHO SOFTGEL MIX 25G,COR AZUL MARINHO SOFTGEL MIX 25G,9705,25G,25.0,G,25.0,G,,Não,133,https://www.fortali.com.br/cor-azul-marinho-softgel-mix-25g-9705-1,2026-08-18 13:06:57,https://www.fortali.com.br/confeitaria?page=133,Pronto para comparar
Fortali Distribuidora,Confeitaria,CORANTE BRANCO LEITE SOFTGEL MIX 25G,CORANTE BRANCO LEITE SOFTGEL MIX 25G,9706,25G,25.0,G,25.0,G,,Não,133,https://www.fortali.com.br/corante-branco-leite-softgel-mix-25g-9706-1,2026-08-18 13:06:57,https://www.fortali.com.br/confeitaria?page=133,Pronto para comparar
Fortali Distribuidora,Confeitaria,COR LAR SOFTGEL MIX 25G,COR LAR SOFTGEL MIX 25G,9707,25G,25.0,G,25.0,G,,Não,134,https://www.fortali.com.br/cor-lar-softgel-mix-25g-9707-1,2026-08-18 13:06:57,https://www.fortali.com.br/confeitaria?page=134,Pronto para comparar
Fortali Distribuidora,Confeitaria,COR LILAS SOFTGEL MIX 25G,COR LILAS SOFTGEL MIX 25G,9708,25G,25.0,G,25.0,G,,Não,134,https://www.fortali.com.br/cor-lilas-softgel-mix-25g-9708-1,2026-08-18 13:06:57,https://www.fortali.com.br/confeitaria?page=134,Pronto para comparar
Fortali Distribuidora,Confeitaria,COR MARR SOFTGEL MIX 25G,COR MARR SOFTGEL MIX 25G,9709,25G,25.0,G,25.0,G,,Não,134,https://www.fortali.com.br/cor-marr-softgel-mix-25g-9709-1,2026-08-18 13:06:57,https://www.fortali.com.br/confeitaria?page=134,Pronto para comparar
Fortali Distribuidora,Confeitaria,COR PELE CLARA SOFTGEL MIX 25G,COR PELE CLARA SOFTGEL MIX 25G,9710,25G,25.0,G,25.0,G,,Não,134,https://www.fortali.com.br/cor-pele-clara-softgel-mix-25g-9710-1,2026-08-18 13:06:57,https://www.fortali.com.br/confeitaria?page=134,Pronto para comparar
Fortali Distribuidora,Confeitaria,COR PINK SOFTGEL MIX 25G,COR PINK SOFTGEL MIX 25G,9711,25G,25.0,G,25.0,G,,Não,134,https://www.fortali.com.br/cor-pink-softgel-mix-25g-9711-1,2026-08-18 13:06:57,https://www.fortali.com.br/confeitaria?page=134,Pronto para comparar
Fortali Distribuidora,Confeitaria,COR PTO INTENSO SOFTGEL MIX 25G,COR PTO INTENSO SOFTGEL MIX 25G,9712,25G,25.0,G,25.0,G,,Não,134,https://www.fortali.com.br/cor-pto-intenso-softgel-mix-25g-9712-1,2026-08-18 13:06:57,https://www.fortali.com.br/confeitaria?page=134,Pronto para comparar
Fortali Distribuidora,Confeitaria,COR ROSA CEREJA SOFTGEL MIX 25G,COR ROSA CEREJA SOFTGEL MIX 25G,9713,25G,25.0,G,25.0,G,,Não,134,https://www.fortali.com.br/cor-rosa-cereja-softgel-mix-25g-9713-1,2026-08-18 13:06:57,https://www.fortali.com.br/confeitaria?page=134,Pronto para comparar
Fortali Distribuidora,Confeitaria,COR ROSA INTENSO SOFTGEL MIX 25G,COR ROSA INTENSO SOFTGEL MIX 25G,9714,25G,25.0,G,25.0,G,,Não,134,https://www.fortali.com.br/cor-rosa-intenso-softgel-mix-25g-9714-1,2026-08-18 13:06:57,https://www.fortali.com.br/confeitaria?page=134,Pronto para comparar
Fortali Distribuidora,Confeitaria,COR SALMAO SOFTGEL MIX 25G,COR SALMAO SOFTGEL MIX 25G,9715,25G,25.0,G,25.0,G,,Não,134,https://www.fortali.com.br/cor-salmao-softgel-mix-25g-9715-1,2026-08-18 13:06:57,https://www.fortali.com.br/confeitaria?page=134,Pronto para comparar
Fortali Distribuidora,Confeitaria,COR VDE FOLHA SOFTGEL MIX 25G,COR VDE FOLHA SOFTGEL MIX 25G,9716,25G,25.0,G,25.0,G,,Não,36,https://www.fortali.com.br/cor-vde-folha-softgel-mix-25g-9716-1,2026-08-18 13:06:57,https://www.fortali.com.br/confeitaria?page=36,Pronto para comparar
Fortali Distribuidora,Confeitaria,COR VDE HORTELA SOFTGEL MIX 25G,COR VDE HORTELA SOFTGEL MIX 25G,9717,25G,25.0,G,25.0,G,,Não,134,https://www.fortali.com.br/cor-vde-hortela-softgel-mix-25g-9717-1,2026-08-18 13:06:57,https://www.fortali.com.br/confeitaria?page=134,Pronto para comparar
Fortali Distribuidora,Confeitaria,COR VDE LIMAO SOFTGEL MIX 25G,COR VDE LIMAO SOFTGEL MIX 25G,9718,25G,25.0,G,25.0,G,,Não,134,https://www.fortali.com.br/cor-vde-limao-softgel-mix-25g-9718-1,2026-08-18 13:06:57,https://www.fortali.com.br/confeitaria?page=134,Pronto para comparar
Fortali Distribuidora,Confeitaria,CORANTE VERMELHO MORANGO SOFTGEL MIX 25G,CORANTE VERMELHO MORANGO SOFTGEL MIX 25G,9719,25G,25.0,G,25.0,G,,Não,35,https://www.fortali.com.br/corante-vermelho-morango-softgel-mix-25g-9719-1,2026-08-18 13:06:57,https://www.fortali.com.br/confeitaria?page=35,Pronto para comparar
Fortali Distribuidora,Confeitaria,CORANTE VERMELHO NATAL SOFTGEL MIX 25G,CORANTE VERMELHO NATAL SOFTGEL MIX 25G,9720,25G,25.0,G,25.0,G,,Não,134,https://www.fortali.com.br/corante-vermelho-natal-softgel-mix-25g-9720-1,2026-08-18 13:06:57,https://www.fortali.com.br/confeitaria?page=134,Pronto para comparar
Fortali Distribuidora,Confeitaria,COR VINHO SOFTGEL MIX 25G,COR VINHO SOFTGEL MIX 25G,9721,25G,25.0,G,25.0,G,,Não,134,https://www.fortali.com.br/cor-vinho-softgel-mix-25g-9721-1,2026-08-18 13:06:57,https://www.fortali.com.br/confeitaria?page=134,Pronto para comparar
Fortali Distribuidora,Confeitaria,COR VIOLETA SOFTGEL MIX 25G,COR VIOLETA SOFTGEL MIX 25G,9722,25G,25.0,G,25.0,G,,Não,134,https://www.fortali.com.br/cor-violeta-softgel-mix-25g-9722-1,2026-08-18 13:06:57,https://www.fortali.com.br/confeitaria?page=134,Pronto para comparar
Fortali Distribuidora,Confeitaria,PO AVELUDADO FOSCO VERMELHO MIX 3G,PO AVELUDADO FOSCO VERMELHO MIX 3G,9734,3G,3.0,G,3.0,G,,Não,134,https://www.fortali.com.br/po-aveludado-fosco-vermelho-mix-3g-9734-1,2026-08-18 13:06:57,https://www.fortali.com.br/confeitaria?page=134,Pronto para comparar
Fortali Distribuidora,Confeitaria,EMBAL P/BOLO BASE BCA I-78 INTRAPLAST,EMBAL P BOLO BASE BCA I 78 INTRAPLAST,9879,,,,,,,Não,134,https://www.fortali.com.br/embal-pbolo-base-bca-i78-intraplast-9879-1,2026-08-18 13:06:57,https://www.fortali.com.br/confeitaria?page=134,Revisar embalagem
Fortali Distribuidora,Confeitaria,"DOCE LEITE TRADICIONAL ITAMBE BAG 2,5KG","DOCE LEITE TRADICIONAL ITAMBE BAG 2,5KG",9941,"2,5KG",2.5,KG,2500.0,G,,Não,4,https://www.fortali.com.br/doce-leite-tradicional-itambe-bag-25kg-9941-1,2026-08-18 13:06:57,https://www.fortali.com.br/confeitaria?page=4,Pronto para comparar
Fortali Distribuidora,Confeitaria,LEITE COND INTEGRAL ITAMBE BAG 5KG,LEITE COND INTEGRAL ITAMBE BAG 5KG,9942,5KG,5.0,KG,5000.0,G,,Não,1,https://www.fortali.com.br/leite-cond-integral-itambe-bag-5kg-9942-1,2026-08-18 13:06:57,https://www.fortali.com.br/confeitaria?page=1,Pronto para comparar
Fortali Distribuidora,Confeitaria,"LEITE COND INTEGRAL ITAMBE BAG 2,5KG","LEITE COND INTEGRAL ITAMBE BAG 2,5KG",9943,"2,5KG",2.5,KG,2500.0,G,,Não,4,https://www.fortali.com.br/leite-cond-integral-itambe-bag-2-5kg-9943-1,2026-08-18 13:06:57,https://www.fortali.com.br/confeitaria?page=4,Pronto para comparar
Fortali Distribuidora,Confeitaria,AÇUCAR DE CONFEITEIRO ARCOPAN 1KG,ACUCAR DE CONFEITEIRO ARCOPAN 1KG,9950,1KG,1.0,KG,1000.0,G,,Não,134,https://www.fortali.com.br/acucar-de-confeiteiro-arcopan-1kg-9950-1,2026-08-18 13:06:57,https://www.fortali.com.br/confeitaria?page=134,Pronto para comparar
Fortali Distribuidora,Confeitaria,ACIDO CITRICO ARCOLOR PT 40G,ACIDO CITRICO ARCOLOR PT 40G,9951,40G,40.0,G,40.0,G,,Não,10,https://www.fortali.com.br/acido-citrico-arcolor-pt-40g-9951-1,2026-08-18 13:06:57,https://www.fortali.com.br/confeitaria?page=10,Pronto para comparar
Fortali Distribuidora,Confeitaria,CMC CARBOXIMETILCELULOSE ARCOLOR 40G,CMC CARBOXIMETILCELULOSE ARCOLOR 40G,9953,40G,40.0,G,40.0,G,,Não,134,https://www.fortali.com.br/cmc-carboximetilcelulose-arcolor-40g-9953-1,2026-08-18 13:06:57,https://www.fortali.com.br/confeitaria?page=134,Pronto para comparar
Fortali Distribuidora,Confeitaria,PASTA AMERIC LAR ARCOLOR 500G,PASTA AMERIC LAR ARCOLOR 500G,9966,500G,500.0,G,500.0,G,,Não,134,https://www.fortali.com.br/pasta-americ-lar-arcolor-500g-9966-1,2026-08-18 13:06:57,https://www.fortali.com.br/confeitaria?page=134,Pronto para comparar
Fortali Distribuidora,Confeitaria,PASTA AMERIC VIOLETA ARCOLOR 500G,PASTA AMERIC VIOLETA ARCOLOR 500G,9973,500G,500.0,G,500.0,G,,Não,134,https://www.fortali.com.br/pasta-americ-violeta-arcolor-500g-9973-1,2026-08-18 13:06:57,https://www.fortali.com.br/confeitaria?page=134,Pronto para comparar
Fortali Distribuidora,Confeitaria,PASTA AMERICANA VERMELHA ARCOLOR 500G,PASTA AMERICANA VERMELHA ARCOLOR 500G,9977,500G,500.0,G,500.0,G,,Não,134,https://www.fortali.com.br/pasta-americana-vermelha-arcolor-500g-9977-1,2026-08-18 13:06:57,https://www.fortali.com.br/confeitaria?page=134,Pronto para comparar
Fortali Distribuidora,Confeitaria,MASSA ELASTICA ARCOLOR 500G,MASSA ELASTICA ARCOLOR 500G,9978,500G,500.0,G,500.0,G,,Não,134,https://www.fortali.com.br/massa-elastica-arcolor-500g-9978-1,2026-08-18 13:06:57,https://www.fortali.com.br/confeitaria?page=134,Pronto para comparar
Fortali Distribuidora,Confeitaria,MASSA PASTILHAGEM ARCOLOR 500G,MASSA PASTILHAGEM ARCOLOR 500G,9979,500G,500.0,G,500.0,G,,Não,134,https://www.fortali.com.br/massa-pastilhagem-arcolor-500g-9979-1,2026-08-18 13:06:57,https://www.fortali.com.br/confeitaria?page=134,Pronto para comparar
Fortali Distribuidora,Confeitaria,MASSA PARA FLORES BRANCAS ARCOLOR 500G,MASSA PARA FLORES BRANCAS ARCOLOR 500G,9980,500G,500.0,G,500.0,G,,Não,134,https://www.fortali.com.br/massa-para-flores-brancas-arcolor-500g-9980-1,2026-08-18 13:06:57,https://www.fortali.com.br/confeitaria?page=134,Pronto para comparar
Fortali Distribuidora,Confeitaria,RENDAFLEX ARCOLOR PT 100G,RENDAFLEX ARCOLOR PT 100G,9985,100G,100.0,G,100.0,G,,Não,135,https://www.fortali.com.br/rendaflex-arcolor-pt-100g-9985-1,2026-08-18 13:06:57,https://www.fortali.com.br/confeitaria?page=135,Pronto para comparar
Fortali Distribuidora,Confeitaria,GLACÊ REAL ARCOLOR PACOTE 1KG,GLACE REAL ARCOLOR PACOTE 1KG,9986,1KG,1.0,KG,1000.0,G,,Não,35,https://www.fortali.com.br/glace-real-arcolor-pacote-1kg-9986-1,2026-08-18 13:06:57,https://www.fortali.com.br/confeitaria?page=35,Pronto para comparar
Fortali Distribuidora,Confeitaria,ESSENCIA ACEROLA ARCOLOR 30ML,ESSENCIA ACEROLA ARCOLOR 30ML,9989,30ML,30.0,ML,30.0,ML,,Não,135,https://www.fortali.com.br/essencia-acerola-arcolor-30ml-9989-1,2026-08-18 13:06:57,https://www.fortali.com.br/confeitaria?page=135,Pronto para comparar
Fortali Distribuidora,Confeitaria,ESSENCIA AMEIXA ARCOLOR 30ML,ESSENCIA AMEIXA ARCOLOR 30ML,9991,30ML,30.0,ML,30.0,ML,,Não,135,https://www.fortali.com.br/essencia-ameixa-arcolor-30ml-9991-1,2026-08-18 13:06:57,https://www.fortali.com.br/confeitaria?page=135,Pronto para comparar
Fortali Distribuidora,Confeitaria,ESSENCIA MENDOA ARCOLOR 30ML,ESSENCIA MENDOA ARCOLOR 30ML,9992,30ML,30.0,ML,30.0,ML,,Não,135,https://www.fortali.com.br/essencia-mendoa-arcolor-30ml-9992-1,2026-08-18 13:06:57,https://www.fortali.com.br/confeitaria?page=135,Pronto para comparar
Fortali Distribuidora,Confeitaria,ESSENCIA ANIS ARCOLOR 30ML,ESSENCIA ANIS ARCOLOR 30ML,9993,30ML,30.0,ML,30.0,ML,,Não,135,https://www.fortali.com.br/essencia-anis-arcolor-30ml-9993-1,2026-08-18 13:06:57,https://www.fortali.com.br/confeitaria?page=135,Pronto para comparar
Fortali Distribuidora,Confeitaria,ESSÊNCIA DE AVELA ARCOLOR 30ML,ESSENCIA DE AVELA ARCOLOR 30ML,9994,30ML,30.0,ML,30.0,ML,,Não,135,https://www.fortali.com.br/essencia-de-avela-arcolor-30ml-9994-1,2026-08-18 13:06:57,https://www.fortali.com.br/confeitaria?page=135,Pronto para comparar
Fortali Distribuidora,Confeitaria,ESSENCIA BACON ARCOLOR 30ML,ESSENCIA BACON ARCOLOR 30ML,9995,30ML,30.0,ML,30.0,ML,,Não,135,https://www.fortali.com.br/essencia-bacon-arcolor-30ml-9995-1,2026-08-18 13:06:57,https://www.fortali.com.br/confeitaria?page=135,Pronto para comparar
Fortali Distribuidora,Confeitaria,ESSENCIA BANANA ARCOLOR 30ML,ESSENCIA BANANA ARCOLOR 30ML,9996,30ML,30.0,ML,30.0,ML,,Não,135,https://www.fortali.com.br/essencia-banana-arcolor-30ml-9996-1,2026-08-18 13:06:57,https://www.fortali.com.br/confeitaria?page=135,Pronto para comparar
Fortali Distribuidora,Confeitaria,ESSÊNCIA DE BAUNILHA ARCOLOR 30ML,ESSENCIA DE BAUNILHA ARCOLOR 30ML,9997,30ML,30.0,ML,30.0,ML,,Não,32,https://www.fortali.com.br/essencia-de-baunilha-arcolor-30ml-9997-1,2026-08-18 13:06:57,https://www.fortali.com.br/confeitaria?page=32,Pronto para comparar
Fortali Distribuidora,Confeitaria,ESSÊNCIA DE BAUNILHA BRANCA ARCOLOR 30ML,ESSENCIA DE BAUNILHA BRANCA ARCOLOR 30ML,9998,30ML,30.0,ML,30.0,ML,,Não,135,https://www.fortali.com.br/essencia-de-baunilha-branca-arcolor-30ml-9998-1,2026-08-18 13:06:57,https://www.fortali.com.br/confeitaria?page=135,Pronto para comparar
Fortali Distribuidora,Confeitaria,ESSÊNCIA DE CAFE ARCOLOR 30ML,ESSENCIA DE CAFE ARCOLOR 30ML,9999,30ML,30.0,ML,30.0,ML,,Não,135,https://www.fortali.com.br/essencia-de-cafe-arcolor-30ml-9999-1,2026-08-18 13:06:57,https://www.fortali.com.br/confeitaria?page=135,Pronto para comparar
