empresa,departamento,produto_original,produto_normalizado,codigo_produto,embalagem_original,quantidade,unidade,quantidade_base,unidade_base,preco,preco_publico,pagina_catalogo,link_produto,data_coleta,fonte,status_validacao
Casa Garcia Gourmet,Confeitaria,ACUCAR COL AMARELO 300G MIL CORES,ACUCAR COL AMARELO MIL CORES,9176,CX 12,300.0,G,300.0,G,,False,1,,2026-08-26 17:42:32,https://casagarciafortaleza.com.br/index.php,VALIDO
Casa Garcia Gourmet,Confeitaria,ACUCAR COL AZUL 300G MIL CORES,ACUCAR COL AZUL MIL CORES,9185,CX 12,300.0,G,300.0,G,,False,1,,2026-08-26 17:42:32,https://casagarciafortaleza.com.br/index.php,VALIDO
Casa Garcia Gourmet,Confeitaria,ACUCAR COL BRANCO 300G MIL CORES,ACUCAR COL BRANCO MIL CORES,9181,CX 12,300.0,G,300.0,G,,False,1,,2026-08-26 17:42:32,https://casagarciafortaleza.com.br/index.php,VALIDO
Casa Garcia Gourmet,Confeitaria,ACUCAR COL ROSA 300G MIL CORES,ACUCAR COL ROSA MIL CORES,9177,CX 12,300.0,G,300.0,G,,False,1,,2026-08-26 17:42:32,https://casagarciafortaleza.com.br/index.php,VALIDO
Casa Garcia Gourmet,Confeitaria,ACUCAR COL VERDE 300G MIL CORES,ACUCAR COL VERDE MIL CORES,9178,CX 12,300.0,G,300.0,G,,False,1,,2026-08-26 17:42:32,https://casagarciafortaleza.com.br/index.php,VALIDO
Casa Garcia Gourmet,Confeitaria,ACUCAR COL VERMELHO 300G MIL CORES,ACUCAR COL VERMELHO MIL CORES,9179,CX 12,300.0,G,300.0,G,,False,1,,2026-08-26 17:42:32,https://casagarciafortaleza.com.br/index.php,VALIDO
Casa Garcia Gourmet,Confeitaria,ACUCAR CONF 1KG SNOW SUGAR,ACUCAR CONF SNOW SUGAR,301,CX 10,1.0,KG,1000.0,G,,False,1,,2026-08-26 17:42:32,https://casagarciafortaleza.com.br/index.php,VALIDO
Casa Garcia Gourmet,Confeitaria,ACUCAR CONF 500G SNOW SUGAR,ACUCAR CONF SNOW SUGAR,297,CX 20,500.0,G,500.0,G,,False,1,,2026-08-26 17:42:32,https://casagarciafortaleza.com.br/index.php,VALIDO
Casa Garcia Gourmet,Confeitaria,ACUCAR CONF BIG MIX 1KG,ACUCAR CONF BIG MIX,299,CX 10,1.0,KG,1000.0,G,,False,1,,2026-08-26 17:42:32,https://casagarciafortaleza.com.br/index.php,VALIDO
Casa Garcia Gourmet,Confeitaria,ACUCAR CRISTAL 1KG UNIAO,ACUCAR CRISTAL UNIAO,2770,CX 10,1.0,KG,1000.0,G,,False,1,,2026-08-26 17:42:32,https://casagarciafortaleza.com.br/index.php,VALIDO
Casa Garcia Gourmet,Confeitaria,ACUCAR GELADO P/COBERTURAS 1KG,ACUCAR GELADO P COBERTURAS,302,CX 10,1.0,KG,1000.0,G,,False,1,,2026-08-26 17:42:32,https://casagarciafortaleza.com.br/index.php,VALIDO
Casa Garcia Gourmet,Confeitaria,ACUCAR GELADO P/COBERTURAS 500G,ACUCAR GELADO P COBERTURAS,298,CX 06,500.0,G,500.0,G,,False,1,,2026-08-26 17:42:32,https://casagarciafortaleza.com.br/index.php,VALIDO
Casa Garcia Gourmet,Confeitaria,ACUCAR IMPALPAVEL MIX 1KG,ACUCAR IMPALPAVEL MIX,5621,CX 10,1.0,KG,1000.0,G,,False,2,,2026-08-26 17:42:33,https://casagarciafortaleza.com.br/index.php,VALIDO
Casa Garcia Gourmet,Confeitaria,AGAR-AGAR MIX 30G,AGAR AGAR MIX,5634,CX 06,30.0,G,30.0,G,,False,2,,2026-08-26 17:42:33,https://casagarciafortaleza.com.br/index.php,VALIDO
Casa Garcia Gourmet,Confeitaria,"ALCOOL ETILICO DE CEREAIS 93,8 50ML FAB",ALCOOL ETILICO DE CEREAIS 93 8 FAB,6388,CX 30,50.0,ML,50.0,ML,,False,2,,2026-08-26 17:42:33,https://casagarciafortaleza.com.br/index.php,VALIDO
Casa Garcia Gourmet,Confeitaria,"AMENDOIM TORRADO GRANULADO VABENE 1,05KG",AMENDOIM TORRADO GRANULADO VABENE,3970,CX 12,1.05,KG,1050.0,G,,False,2,,2026-08-26 17:42:33,https://casagarciafortaleza.com.br/index.php,VALIDO
Casa Garcia Gourmet,Confeitaria,"AMENDOIM TORRADO METADES VABENE 1,05KG",AMENDOIM TORRADO METADES VABENE,3997,CX 12,1.05,KG,1050.0,G,,False,2,,2026-08-26 17:42:33,https://casagarciafortaleza.com.br/index.php,VALIDO
Casa Garcia Gourmet,Confeitaria,AMIDO DE MILHO TECNUTRI 1KG,AMIDO DE MILHO TECNUTRI,6628,CX 10,1.0,KG,1000.0,G,,False,2,,2026-08-26 17:42:33,https://casagarciafortaleza.com.br/index.php,VALIDO
Casa Garcia Gourmet,Confeitaria,AMIDO DE MILHO TECNUTRI 500G,AMIDO DE MILHO TECNUTRI,6619,CX 24,500.0,G,500.0,G,,False,2,,2026-08-26 17:42:33,https://casagarciafortaleza.com.br/index.php,VALIDO
Casa Garcia Gourmet,Confeitaria,ANTIMOFO LIQ EXTRA PARA BOLO 5L,ANTIMOFO LIQ EXTRA PARA BOLO,2305,CX 04,5.0,L,5000.0,ML,,False,2,,2026-08-26 17:42:33,https://casagarciafortaleza.com.br/index.php,VALIDO
Casa Garcia Gourmet,Confeitaria,AROMA ABACAXI LARECETTE 960ML,AROMA ABACAXI LARECETTE,435,CX 12,960.0,ML,960.0,ML,,False,2,,2026-08-26 17:42:33,https://casagarciafortaleza.com.br/index.php,VALIDO
Casa Garcia Gourmet,Confeitaria,AROMA ABACAXI OLEOSO 1000ML LARECETTE,AROMA ABACAXI OLEOSO LARECETTE,10844,UN 01,1000.0,ML,1000.0,ML,,False,2,,2026-08-26 17:42:33,https://casagarciafortaleza.com.br/index.php,VALIDO
Casa Garcia Gourmet,Confeitaria,AROMA ALHO LARECETTE 960ML,AROMA ALHO LARECETTE,476,CX 12,960.0,ML,960.0,ML,,False,2,,2026-08-26 17:42:33,https://casagarciafortaleza.com.br/index.php,VALIDO
Casa Garcia Gourmet,Confeitaria,AROMA ART BAUNILHA BRANCA 960ML MIX,AROMA ART BAUNILHA BRANCA MIX,80152,CX 06,960.0,ML,960.0,ML,,False,2,,2026-08-26 17:42:33,https://casagarciafortaleza.com.br/index.php,VALIDO
Casa Garcia Gourmet,Confeitaria,AROMA ART SABOR BAUNILHA 960ML,AROMA ART SABOR BAUNILHA,77926,CX 06,960.0,ML,960.0,ML,,False,3,,2026-08-26 17:42:34,https://casagarciafortaleza.com.br/index.php,VALIDO
Casa Garcia Gourmet,Confeitaria,AROMA ART SABOR BAUNILHA BRANCA 960ML,AROMA ART SABOR BAUNILHA BRANCA,77927,CX 06,960.0,ML,960.0,ML,,False,3,,2026-08-26 17:42:34,https://casagarciafortaleza.com.br/index.php,VALIDO
Casa Garcia Gourmet,Confeitaria,AROMA ART SABOR LARANJA 960ML,AROMA ART SABOR LARANJA,77928,CX 06,960.0,ML,960.0,ML,,False,3,,2026-08-26 17:42:34,https://casagarciafortaleza.com.br/index.php,VALIDO
Casa Garcia Gourmet,Confeitaria,AROMA ART SABOR MANTEIGA 960ML,AROMA ART SABOR MANTEIGA,77929,CX 06,960.0,ML,960.0,ML,,False,3,,2026-08-26 17:42:34,https://casagarciafortaleza.com.br/index.php,VALIDO
Casa Garcia Gourmet,Confeitaria,AROMA ARTIF BAUNILHA MIX 960ML,AROMA ARTIF BAUNILHA MIX,80153,CX 06,960.0,ML,960.0,ML,,False,3,,2026-08-26 17:42:34,https://casagarciafortaleza.com.br/index.php,VALIDO
Casa Garcia Gourmet,Confeitaria,AROMA ARTIFICIAL COCO MIX 960ML,AROMA ARTIFICIAL COCO MIX,80166,CX 06,960.0,ML,960.0,ML,,False,3,,2026-08-26 17:42:34,https://casagarciafortaleza.com.br/index.php,VALIDO
Casa Garcia Gourmet,Confeitaria,AROMA ARTIFICIAL PANETONE 960ML MIX,AROMA ARTIFICIAL PANETONE MIX,80187,CX 06,960.0,ML,960.0,ML,,False,3,,2026-08-26 17:42:34,https://casagarciafortaleza.com.br/index.php,VALIDO
Casa Garcia Gourmet,Confeitaria,AROMA BATATA DOCE OLEOSO LARECETTE 1000M,AROMA BATATA DOCE OLEOSO LARECETTE 1000M,398,CX 12,,,,,,False,3,,2026-08-26 17:42:34,https://casagarciafortaleza.com.br/index.php,REVISAR_EMBALAGEM
Casa Garcia Gourmet,Confeitaria,AROMA BAUNILHA LARECETTE 960ML,AROMA BAUNILHA LARECETTE,431,CX 12,960.0,ML,960.0,ML,,False,3,,2026-08-26 17:42:34,https://casagarciafortaleza.com.br/index.php,VALIDO
Casa Garcia Gourmet,Confeitaria,AROMA BAUNILHA OLEOSO 1000ML,AROMA BAUNILHA OLEOSO,479,CX 12,1000.0,ML,1000.0,ML,,False,3,,2026-08-26 17:42:34,https://casagarciafortaleza.com.br/index.php,VALIDO
Casa Garcia Gourmet,Confeitaria,AROMA BAUNILHA PRATA LARECETTE 960ML,AROMA BAUNILHA PRATA LARECETTE,523,CX 12,960.0,ML,960.0,ML,,False,3,,2026-08-26 17:42:34,https://casagarciafortaleza.com.br/index.php,VALIDO
Casa Garcia Gourmet,Confeitaria,AROMA CHOCOLATE OLEOSO 1000ML,AROMA CHOCOLATE OLEOSO,480,CX 12,1000.0,ML,1000.0,ML,,False,3,,2026-08-26 17:42:34,https://casagarciafortaleza.com.br/index.php,VALIDO
Casa Garcia Gourmet,Confeitaria,AROMA COCO LARECETTE 960ML,AROMA COCO LARECETTE,432,CX 12,960.0,ML,960.0,ML,,False,4,,2026-08-26 17:42:35,https://casagarciafortaleza.com.br/index.php,VALIDO
Casa Garcia Gourmet,Confeitaria,AROMA COCO OLEOSO LARECETTE 1000ML,AROMA COCO OLEOSO LARECETTE,439,CX 12,1000.0,ML,1000.0,ML,,False,4,,2026-08-26 17:42:35,https://casagarciafortaleza.com.br/index.php,VALIDO
Casa Garcia Gourmet,Confeitaria,AROMA DE CHOCOLATE 960ML,AROMA DE CHOCOLATE,2213,CX 12,960.0,ML,960.0,ML,,False,4,,2026-08-26 17:42:35,https://casagarciafortaleza.com.br/index.php,VALIDO
Casa Garcia Gourmet,Confeitaria,AROMA DE LEITE 960ML LA RECETTE,AROMA DE LEITE LA RECETTE,10842,CX 12,960.0,ML,960.0,ML,,False,4,,2026-08-26 17:42:35,https://casagarciafortaleza.com.br/index.php,VALIDO
Casa Garcia Gourmet,Confeitaria,AROMA IDENT NATURAL MANTEIGA MIX 960ML,AROMA IDENT NATURAL MANTEIGA MIX,81220,CX 06,960.0,ML,960.0,ML,,False,4,,2026-08-26 17:42:35,https://casagarciafortaleza.com.br/index.php,VALIDO
Casa Garcia Gourmet,Confeitaria,AROMA LARANJA LARECETTE 960ML,AROMA LARANJA LARECETTE,429,CX 12,960.0,ML,960.0,ML,,False,4,,2026-08-26 17:42:35,https://casagarciafortaleza.com.br/index.php,VALIDO
Casa Garcia Gourmet,Confeitaria,AROMA LARANJA OLEOSO 1000ML,AROMA LARANJA OLEOSO,481,CX 12,1000.0,ML,1000.0,ML,,False,4,,2026-08-26 17:42:35,https://casagarciafortaleza.com.br/index.php,VALIDO
Casa Garcia Gourmet,Confeitaria,AROMA LEITE CONDENSADO LARECETTE 960ML,AROMA LEITE CONDENSADO LARECETTE,437,CX 12,960.0,ML,960.0,ML,,False,4,,2026-08-26 17:42:35,https://casagarciafortaleza.com.br/index.php,VALIDO
Casa Garcia Gourmet,Confeitaria,AROMA LIMAO LARECETTE 960ML,AROMA LIMAO LARECETTE,438,CX 12,960.0,ML,960.0,ML,,False,4,,2026-08-26 17:42:35,https://casagarciafortaleza.com.br/index.php,VALIDO
Casa Garcia Gourmet,Confeitaria,AROMA MANTEIGA LARECETTE 960ML,AROMA MANTEIGA LARECETTE,430,CX 12,960.0,ML,960.0,ML,,False,4,,2026-08-26 17:42:35,https://casagarciafortaleza.com.br/index.php,VALIDO
Casa Garcia Gourmet,Confeitaria,AROMA MANTEIGA OLEOSO LARECETTE 1000ML,AROMA MANTEIGA OLEOSO LARECETTE,440,CX 12,1000.0,ML,1000.0,ML,,False,4,,2026-08-26 17:42:35,https://casagarciafortaleza.com.br/index.php,VALIDO
Casa Garcia Gourmet,Confeitaria,AROMA MARACUJA LARECETTE 960ML,AROMA MARACUJA LARECETTE,436,CX 12,960.0,ML,960.0,ML,,False,4,,2026-08-26 17:42:35,https://casagarciafortaleza.com.br/index.php,VALIDO
Casa Garcia Gourmet,Confeitaria,AROMA MARACUJA OLEOSO 1000ML LARECETTE,AROMA MARACUJA OLEOSO LARECETTE,10843,UN 01,1000.0,ML,1000.0,ML,,False,5,,2026-08-26 17:42:36,https://casagarciafortaleza.com.br/index.php,VALIDO
Casa Garcia Gourmet,Confeitaria,AROMA MARIA OLEOSO LARECETTE 1000ML,AROMA MARIA OLEOSO LARECETTE,385,CX 12,1000.0,ML,1000.0,ML,,False,5,,2026-08-26 17:42:36,https://casagarciafortaleza.com.br/index.php,VALIDO
Casa Garcia Gourmet,Confeitaria,AROMA MILHO VERDE OLEOSO LARECETE 1000ML,AROMA MILHO VERDE OLEOSO LARECETE,441,CX 12,1000.0,ML,1000.0,ML,,False,5,,2026-08-26 17:42:36,https://casagarciafortaleza.com.br/index.php,VALIDO
Casa Garcia Gourmet,Confeitaria,AROMA MORANGO LARECETTE 960ML,AROMA MORANGO LARECETTE,474,CX 12,960.0,ML,960.0,ML,,False,5,,2026-08-26 17:42:36,https://casagarciafortaleza.com.br/index.php,VALIDO
Casa Garcia Gourmet,Confeitaria,AROMA NATA LARECETTE 960ML,AROMA NATA LARECETTE,478,CX 12,960.0,ML,960.0,ML,,False,5,,2026-08-26 17:42:36,https://casagarciafortaleza.com.br/index.php,VALIDO
Casa Garcia Gourmet,Confeitaria,AROMA NATA OLEOSO 1000ML,AROMA NATA OLEOSO,492,CX 12,1000.0,ML,1000.0,ML,,False,5,,2026-08-26 17:42:36,https://casagarciafortaleza.com.br/index.php,VALIDO
Casa Garcia Gourmet,Confeitaria,AROMA NATURAL LARANJA MIX 960ML,AROMA NATURAL LARANJA MIX,80175,CX 06,960.0,ML,960.0,ML,,False,5,,2026-08-26 17:42:36,https://casagarciafortaleza.com.br/index.php,VALIDO
Casa Garcia Gourmet,Confeitaria,AROMA NATURAL MANTEIGA MIX 960ML,AROMA NATURAL MANTEIGA MIX,80178,CX 06,960.0,ML,960.0,ML,,False,5,,2026-08-26 17:42:36,https://casagarciafortaleza.com.br/index.php,VALIDO
Casa Garcia Gourmet,Confeitaria,AROMA PANETONE LARECETTE 960ML,AROMA PANETONE LARECETTE,368,CX 12,960.0,ML,960.0,ML,,False,5,,2026-08-26 17:42:36,https://casagarciafortaleza.com.br/index.php,VALIDO
Casa Garcia Gourmet,Confeitaria,AROMA PANETONE OLEOSO LARECETTE 1000ML,AROMA PANETONE OLEOSO LARECETTE,477,CX 12,1000.0,ML,1000.0,ML,,False,5,,2026-08-26 17:42:36,https://casagarciafortaleza.com.br/index.php,VALIDO
Casa Garcia Gourmet,Confeitaria,AROMA QUEIJO LARECETTE 960ML,AROMA QUEIJO LARECETTE,442,CX 12,960.0,ML,960.0,ML,,False,5,,2026-08-26 17:42:36,https://casagarciafortaleza.com.br/index.php,VALIDO
Casa Garcia Gourmet,Confeitaria,BASE P/SORVETE E BOLO CHOC BCO 1KG,BASE P SORVETE E BOLO CHOC BCO,2312,FD 10,1.0,KG,1000.0,G,,False,5,,2026-08-26 17:42:36,https://casagarciafortaleza.com.br/index.php,VALIDO
Casa Garcia Gourmet,Confeitaria,BASE P/SORVETE E BOLO DE ABACAXI 1KG,BASE P SORVETE E BOLO DE ABACAXI,467,FD 10,1.0,KG,1000.0,G,,False,6,,2026-08-26 17:42:37,https://casagarciafortaleza.com.br/index.php,VALIDO
Casa Garcia Gourmet,Confeitaria,BASE P/SORVETE E BOLO DE AIPIM 1KG,BASE P SORVETE E BOLO DE AIPIM,473,FD 10,1.0,KG,1000.0,G,,False,6,,2026-08-26 17:42:37,https://casagarciafortaleza.com.br/index.php,VALIDO
Casa Garcia Gourmet,Confeitaria,BASE P/SORVETE E BOLO DE BAUNILHA 1KG,BASE P SORVETE E BOLO DE BAUNILHA,469,FD 10,1.0,KG,1000.0,G,,False,6,,2026-08-26 17:42:37,https://casagarciafortaleza.com.br/index.php,VALIDO
Casa Garcia Gourmet,Confeitaria,BASE P/SORVETE E BOLO DE LEITE COND 1KG,BASE P SORVETE E BOLO DE LEITE COND,468,FD 10,1.0,KG,1000.0,G,,False,6,,2026-08-26 17:42:37,https://casagarciafortaleza.com.br/index.php,VALIDO
Casa Garcia Gourmet,Confeitaria,BASE P/SORVETE E BOLO DE LIMAO 1KG,BASE P SORVETE E BOLO DE LIMAO,2296,FD 10,1.0,KG,1000.0,G,,False,6,,2026-08-26 17:42:37,https://casagarciafortaleza.com.br/index.php,VALIDO
Casa Garcia Gourmet,Confeitaria,BASE P/SORVETE E BOLO DE MARACUJA 1KG,BASE P SORVETE E BOLO DE MARACUJA,471,FD 10,1.0,KG,1000.0,G,,False,6,,2026-08-26 17:42:37,https://casagarciafortaleza.com.br/index.php,VALIDO
Casa Garcia Gourmet,Confeitaria,BASE P/SORVETE E BOLO DE MILHO VERDE 1KG,BASE P SORVETE E BOLO DE MILHO VERDE,466,FD 10,1.0,KG,1000.0,G,,False,6,,2026-08-26 17:42:37,https://casagarciafortaleza.com.br/index.php,VALIDO
Casa Garcia Gourmet,Confeitaria,BASE P/SORVETE E BOLO DE MORANGO 1KG,BASE P SORVETE E BOLO DE MORANGO,470,FD 10,1.0,KG,1000.0,G,,False,6,,2026-08-26 17:42:37,https://casagarciafortaleza.com.br/index.php,VALIDO
Casa Garcia Gourmet,Confeitaria,BASE P/SORVETE E BOLO DE NATA 1KG,BASE P SORVETE E BOLO DE NATA,472,FD 10,1.0,KG,1000.0,G,,False,6,,2026-08-26 17:42:37,https://casagarciafortaleza.com.br/index.php,VALIDO
Casa Garcia Gourmet,Confeitaria,BEIJINHO 2KG BOCARDO,BEIJINHO BOCARDO,4936,CX 06,2.0,KG,2000.0,G,,False,6,,2026-08-26 17:42:37,https://casagarciafortaleza.com.br/index.php,VALIDO
Casa Garcia Gourmet,Confeitaria,BEIJINHO 950G BOCARDO,BEIJINHO BOCARDO,2100,PC 25,950.0,G,950.0,G,,False,6,,2026-08-26 17:42:37,https://casagarciafortaleza.com.br/index.php,VALIDO
Casa Garcia Gourmet,Confeitaria,BICARBONATO DE SODIO EXTRA FINO 1KG,BICARBONATO DE SODIO EXTRA FINO,2314,PC 25,1.0,KG,1000.0,G,,False,6,,2026-08-26 17:42:37,https://casagarciafortaleza.com.br/index.php,VALIDO
Casa Garcia Gourmet,Confeitaria,BICARBONATO DE SODIO EXTRA FINO 25KG,BICARBONATO DE SODIO EXTRA FINO,79183,SC 01,25.0,KG,25000.0,G,,False,7,,2026-08-26 17:42:39,https://casagarciafortaleza.com.br/index.php,VALIDO
Casa Garcia Gourmet,Confeitaria,"BISNAGA CARAVELA NOCCIOLA CRUNCH 1,01KG",BISNAGA CARAVELA NOCCIOLA CRUNCH,10530,CX 09,1.01,KG,1010.0,G,,False,7,,2026-08-26 17:42:39,https://casagarciafortaleza.com.br/index.php,VALIDO
Casa Garcia Gourmet,Confeitaria,"BISNAGA CARAVELLA PISTACCHIO 1,01KG",BISNAGA CARAVELLA PISTACCHIO,10617,CX 09,1.01,KG,1010.0,G,,False,7,,2026-08-26 17:42:39,https://casagarciafortaleza.com.br/index.php,VALIDO
Casa Garcia Gourmet,Confeitaria,"BISNAGA CARIBE BUENO 1,01KG",BISNAGA CARIBE BUENO,10527,CX 09,1.01,KG,1010.0,G,,False,7,,2026-08-26 17:42:39,https://casagarciafortaleza.com.br/index.php,VALIDO
Casa Garcia Gourmet,Confeitaria,"BISNAGA CARIBE CREM AVELA 1,01KG",BISNAGA CARIBE CREM AVELA,10528,CX 09,1.01,KG,1010.0,G,,False,7,,2026-08-26 17:42:39,https://casagarciafortaleza.com.br/index.php,VALIDO
Casa Garcia Gourmet,Confeitaria,"BISNAGA CARIBE LEITINHO 1,01KG",BISNAGA CARIBE LEITINHO,10526,CX 09,1.01,KG,1010.0,G,,False,7,,2026-08-26 17:42:39,https://casagarciafortaleza.com.br/index.php,VALIDO
Casa Garcia Gourmet,Confeitaria,BRIGADEIRO 2KG BOCARDO,BRIGADEIRO BOCARDO,2101,CX 06,2.0,KG,2000.0,G,,False,7,,2026-08-26 17:42:39,https://casagarciafortaleza.com.br/index.php,VALIDO
Casa Garcia Gourmet,Confeitaria,BRIGADEIRO 950KG BOCARDO,BRIGADEIRO BOCARDO,4937,CX 06,950.0,KG,950000.0,G,,False,7,,2026-08-26 17:42:39,https://casagarciafortaleza.com.br/index.php,VALIDO
Casa Garcia Gourmet,Confeitaria,"BRILHO E COB MARACUJA C/SEM 1,01KG AUREA",BRILHO E COB MARACUJA C SEM AUREA,8547,UN 01,1.01,KG,1010.0,G,,False,7,,2026-08-26 17:42:39,https://casagarciafortaleza.com.br/index.php,VALIDO
Casa Garcia Gourmet,Confeitaria,"BRILHO E COB MORANGO 1,01KG AUREA",BRILHO E COB MORANGO AUREA,8539,CX 06,1.01,KG,1010.0,G,,False,7,,2026-08-26 17:42:39,https://casagarciafortaleza.com.br/index.php,VALIDO
Casa Garcia Gourmet,Confeitaria,BRILHO P/DECORACAO AMARELO 3G FAB,BRILHO P DECORACAO AMARELO FAB,6366,CX 12,3.0,G,3.0,G,,False,7,,2026-08-26 17:42:39,https://casagarciafortaleza.com.br/index.php,VALIDO
Casa Garcia Gourmet,Confeitaria,BRILHO P/DECORACAO AZUL 3G FAB,BRILHO P DECORACAO AZUL FAB,6364,CX 12,3.0,G,3.0,G,,False,7,,2026-08-26 17:42:39,https://casagarciafortaleza.com.br/index.php,VALIDO
Casa Garcia Gourmet,Confeitaria,BRILHO P/DECORACAO CRISTAL 20G FAB,BRILHO P DECORACAO CRISTAL FAB,10685,CX 04,20.0,G,20.0,G,,False,8,,2026-08-26 17:42:40,https://casagarciafortaleza.com.br/index.php,VALIDO
Casa Garcia Gourmet,Confeitaria,BRILHO P/DECORACAO CRISTAL 3G FAB,BRILHO P DECORACAO CRISTAL FAB,6390,CX 12,3.0,G,3.0,G,,False,8,,2026-08-26 17:42:40,https://casagarciafortaleza.com.br/index.php,VALIDO
Casa Garcia Gourmet,Confeitaria,BRILHO P/DECORACAO ROSA 3G FAB,BRILHO P DECORACAO ROSA FAB,6365,CX 12,3.0,G,3.0,G,,False,8,,2026-08-26 17:42:40,https://casagarciafortaleza.com.br/index.php,VALIDO
Casa Garcia Gourmet,Confeitaria,BRILHO P/DECORACAO VERDE 3G FAB,BRILHO P DECORACAO VERDE FAB,6362,CX 12,3.0,G,3.0,G,,False,8,,2026-08-26 17:42:40,https://casagarciafortaleza.com.br/index.php,VALIDO
Casa Garcia Gourmet,Confeitaria,BRILHO P/DECORACAO VERMELHO 3G FAB,BRILHO P DECORACAO VERMELHO FAB,6363,CX 12,3.0,G,3.0,G,,False,8,,2026-08-26 17:42:40,https://casagarciafortaleza.com.br/index.php,VALIDO
Casa Garcia Gourmet,Confeitaria,"BRILHO/COB MARACUJA C/SEM 1,01KG BOCARDO",BRILHO COB MARACUJA C SEM BOCARDO,8698,CX 06,1.01,KG,1010.0,G,,False,8,,2026-08-26 17:42:40,https://casagarciafortaleza.com.br/index.php,VALIDO
Casa Garcia Gourmet,Confeitaria,"BRILHO/COB NEUTRO BOCARDO 1,01KG BOCARDO",BRILHO COB NEUTRO BOCARDO BOCARDO,8699,CX 06,1.01,KG,1010.0,G,,False,8,,2026-08-26 17:42:40,https://casagarciafortaleza.com.br/index.php,VALIDO
Casa Garcia Gourmet,Confeitaria,BRILHO/COB NEUTRO BOCARDO 4KG BOCARDO,BRILHO COB NEUTRO BOCARDO BOCARDO,8700,CX 06,4.0,KG,4000.0,G,,False,8,,2026-08-26 17:42:40,https://casagarciafortaleza.com.br/index.php,VALIDO
Casa Garcia Gourmet,Confeitaria,BUTTERCREAM 400G,BUTTERCREAM,662,CX 10,400.0,G,400.0,G,,False,8,,2026-08-26 17:42:40,https://casagarciafortaleza.com.br/index.php,VALIDO
Casa Garcia Gourmet,Confeitaria,CACAU EM PO ALCALINO 500G MAVALERIO,CACAU EM PO ALCALINO MAVALERIO,2154,CX 12,500.0,G,500.0,G,,False,8,,2026-08-26 17:42:40,https://casagarciafortaleza.com.br/index.php,VALIDO
Casa Garcia Gourmet,Confeitaria,CACAU EM PO SICAO 500G,CACAU EM PO SICAO,5840,CX 10,500.0,G,500.0,G,,False,8,,2026-08-26 17:42:40,https://casagarciafortaleza.com.br/index.php,VALIDO
Casa Garcia Gourmet,Confeitaria,CACAU PO 500G MELKEN,CACAU PO MELKEN,5542,CX 16,500.0,G,500.0,G,,False,8,,2026-08-26 17:42:40,https://casagarciafortaleza.com.br/index.php,VALIDO
Casa Garcia Gourmet,Confeitaria,"CALDA DE PUDIM 4,8KG EMBRAMIX",CALDA DE PUDIM EMBRAMIX,81150,CX 12,4.8,KG,4800.0,G,,False,9,,2026-08-26 17:42:41,https://casagarciafortaleza.com.br/index.php,VALIDO
Casa Garcia Gourmet,Confeitaria,CALDA P/BOLO CONG 907G FLAVOR,CALDA P BOLO CONG FLAVOR,11758,CX 12,907.0,G,907.0,G,,False,9,,2026-08-26 17:42:41,https://casagarciafortaleza.com.br/index.php,VALIDO
Casa Garcia Gourmet,Confeitaria,CALDA P/BOLO SABOR LEITE COND DAMARE 1L,CALDA P BOLO SABOR LEITE COND DAMARE,957,CX 12,1.0,L,1000.0,ML,,False,9,,2026-08-26 17:42:41,https://casagarciafortaleza.com.br/index.php,VALIDO
Casa Garcia Gourmet,Confeitaria,CALDA P/BOLO UHT PASTRY PRIDE 907G,CALDA P BOLO UHT PASTRY PRIDE,11760,CX 12,907.0,G,907.0,G,,False,9,,2026-08-26 17:42:41,https://casagarciafortaleza.com.br/index.php,VALIDO
Casa Garcia Gourmet,Confeitaria,CALDA P/MOLHAR BOLO SABOR TRES LEITES 1L,CALDA P MOLHAR BOLO SABOR TRES LEITES,255,CX 12,1.0,L,1000.0,ML,,False,9,,2026-08-26 17:42:41,https://casagarciafortaleza.com.br/index.php,VALIDO
Casa Garcia Gourmet,Confeitaria,"CALDA PARA PUDIM 1,450KG",CALDA PARA PUDIM,2165,CX 04,1.45,KG,1450.0,G,,False,9,,2026-08-26 17:42:41,https://casagarciafortaleza.com.br/index.php,VALIDO
Casa Garcia Gourmet,Confeitaria,CANELA 500G,CANELA,79557,CX 20,500.0,G,500.0,G,,False,9,,2026-08-26 17:42:41,https://casagarciafortaleza.com.br/index.php,VALIDO
Casa Garcia Gourmet,Confeitaria,CANUTOS WAFER BAUNILHA/CHOCOLATE 1KG,CANUTOS WAFER BAUNILHA CHOCOLATE,20326,CX 01,1.0,KG,1000.0,G,,False,9,,2026-08-26 17:42:41,https://casagarciafortaleza.com.br/index.php,VALIDO
Casa Garcia Gourmet,Confeitaria,CARAVELA NOCCIOLA CRUNCH 3KG,CARAVELA NOCCIOLA CRUNCH,10529,UN 01,3.0,KG,3000.0,G,,False,9,,2026-08-26 17:42:41,https://casagarciafortaleza.com.br/index.php,VALIDO
Casa Garcia Gourmet,Confeitaria,CARAVELLA GRAN NOCCIOLA 3KG,CARAVELLA GRAN NOCCIOLA,10524,UN 01,3.0,KG,3000.0,G,,False,9,,2026-08-26 17:42:41,https://casagarciafortaleza.com.br/index.php,VALIDO
Casa Garcia Gourmet,Confeitaria,CARAVELLA GRAN PISTACCHIO 3KG,CARAVELLA GRAN PISTACCHIO,10525,UN 01,3.0,KG,3000.0,G,,False,9,,2026-08-26 17:42:41,https://casagarciafortaleza.com.br/index.php,VALIDO
Casa Garcia Gourmet,Confeitaria,CARIBE CREME DE AVELA 3KG,CARIBE CREME DE AVELA,10523,UN 01,3.0,KG,3000.0,G,,False,9,,2026-08-26 17:42:41,https://casagarciafortaleza.com.br/index.php,VALIDO
Casa Garcia Gourmet,Confeitaria,CASCAO PARA SORVETE M 120UN,CASCAO PARA SORVETE M,20324,CX 01,120.0,UN,120.0,UN,,False,10,,2026-08-26 17:42:42,https://casagarciafortaleza.com.br/index.php,VALIDO
Casa Garcia Gourmet,Confeitaria,CASCAO PARA SORVETE P 120UN,CASCAO PARA SORVETE P,20327,CX 01,120.0,UN,120.0,UN,,False,10,,2026-08-26 17:42:42,https://casagarciafortaleza.com.br/index.php,VALIDO
Casa Garcia Gourmet,Confeitaria,CASQUINHA PARA SORVETE 300UN,CASQUINHA PARA SORVETE,20323,CX 01,300.0,UN,300.0,UN,,False,10,,2026-08-26 17:42:42,https://casagarciafortaleza.com.br/index.php,VALIDO
Casa Garcia Gourmet,Confeitaria,CEREAL BALL COB CHOC LEITE VABENE 500G,CEREAL BALL COB CHOC LEITE VABENE,4768,CX 12,500.0,G,500.0,G,,False,10,,2026-08-26 17:42:42,https://casagarciafortaleza.com.br/index.php,VALIDO
Casa Garcia Gourmet,Confeitaria,CEREAL MICRO BALL COLORIDO VABENE 500G,CEREAL MICRO BALL COLORIDO VABENE,4001,CX 12,500.0,G,500.0,G,,False,10,,2026-08-26 17:42:42,https://casagarciafortaleza.com.br/index.php,VALIDO
Casa Garcia Gourmet,Confeitaria,CEREAL MICRO CHOC AO LEITE E BRANCO 500G,CEREAL MICRO CHOC AO LEITE E BRANCO,9653,CX 12,500.0,G,500.0,G,,False,10,,2026-08-26 17:42:42,https://casagarciafortaleza.com.br/index.php,VALIDO
Casa Garcia Gourmet,Confeitaria,CEREAL MICRO COB C/ CHOC AO LEITE 500G,CEREAL MICRO COB C CHOC AO LEITE,3995,CX 12,500.0,G,500.0,G,,False,10,,2026-08-26 17:42:42,https://casagarciafortaleza.com.br/index.php,VALIDO
Casa Garcia Gourmet,Confeitaria,CEREAL MICRO COB C/ CHOC BRANCO 500G,CEREAL MICRO COB C CHOC BRANCO,3996,CX 12,500.0,G,500.0,G,,False,10,,2026-08-26 17:42:42,https://casagarciafortaleza.com.br/index.php,VALIDO
Casa Garcia Gourmet,Confeitaria,CEREAL MINI CHOC AO LEITE E BRANCO 500G,CEREAL MINI CHOC AO LEITE E BRANCO,9652,CX 12,500.0,G,500.0,G,,False,10,,2026-08-26 17:42:42,https://casagarciafortaleza.com.br/index.php,VALIDO
Casa Garcia Gourmet,Confeitaria,CEREAL MINI COBERTO COM CHOC BRANCO 500G,CEREAL MINI COBERTO COM CHOC BRANCO,9689,CX 12,500.0,G,500.0,G,,False,10,,2026-08-26 17:42:42,https://casagarciafortaleza.com.br/index.php,VALIDO
Casa Garcia Gourmet,Confeitaria,"CERELIS ALISPEC 1,01KG",CERELIS ALISPEC,2115,CX 12,1.01,KG,1010.0,G,,False,10,,2026-08-26 17:42:42,https://casagarciafortaleza.com.br/index.php,VALIDO
Casa Garcia Gourmet,Confeitaria,"CERELIS ALISPEC 4,5KG",CERELIS ALISPEC,2114,CX 04,4.5,KG,4500.0,G,,False,10,,2026-08-26 17:42:42,https://casagarciafortaleza.com.br/index.php,VALIDO
Casa Garcia Gourmet,Confeitaria,CHANTIFIX ESTABILIZANTE P/CHANTILY 160G,CHANTIFIX ESTABILIZANTE P CHANTILY,663,CX 10,160.0,G,160.0,G,,False,11,,2026-08-26 17:42:43,https://casagarciafortaleza.com.br/index.php,VALIDO
Casa Garcia Gourmet,Confeitaria,CHANTILLY BASIC 907G PASTRY PRIDE,CHANTILLY BASIC PASTRY PRIDE,11761,CX 12,907.0,G,907.0,G,,False,11,,2026-08-26 17:42:43,https://casagarciafortaleza.com.br/index.php,VALIDO
Casa Garcia Gourmet,Confeitaria,CHANTILLY CHOCOLATE 1L,CHANTILLY CHOCOLATE,214,CX 12,1.0,L,1000.0,ML,,False,11,,2026-08-26 17:42:43,https://casagarciafortaleza.com.br/index.php,VALIDO
Casa Garcia Gourmet,Confeitaria,CHANTILLY MIX AMELIA 1L,CHANTILLY MIX AMELIA,3416,cx12,1.0,L,1000.0,ML,,False,11,,2026-08-26 17:42:43,https://casagarciafortaleza.com.br/index.php,VALIDO
Casa Garcia Gourmet,Confeitaria,CHANTILLY MIX SUPREME AMELIA 1L,CHANTILLY MIX SUPREME AMELIA,3414,cx12,1.0,L,1000.0,ML,,False,11,,2026-08-26 17:42:43,https://casagarciafortaleza.com.br/index.php,VALIDO
Casa Garcia Gourmet,Confeitaria,CHANTILLY PRIME 1L FLEISCHMANN,CHANTILLY PRIME FLEISCHMANN,215,CX 12,1.0,L,1000.0,ML,,False,11,,2026-08-26 17:42:43,https://casagarciafortaleza.com.br/index.php,VALIDO
Casa Garcia Gourmet,Confeitaria,CHANTILLY REFRIGERATTO FLEISCHMANN 1L,CHANTILLY REFRIGERATTO FLEISCHMANN,79185,CX 12,1.0,L,1000.0,ML,,False,11,,2026-08-26 17:42:43,https://casagarciafortaleza.com.br/index.php,VALIDO
Casa Garcia Gourmet,Confeitaria,CHANTILLY STANDARD 907G PASTRY PRIDE,CHANTILLY STANDARD PASTRY PRIDE,11764,CX 12,907.0,G,907.0,G,,False,11,,2026-08-26 17:42:43,https://casagarciafortaleza.com.br/index.php,VALIDO
Casa Garcia Gourmet,Confeitaria,CHANTILLY STANDARD CHOC 907G PASTRY PRID,CHANTILLY STANDARD CHOC PASTRY PRID,11765,CX 12,907.0,G,907.0,G,,False,11,,2026-08-26 17:42:43,https://casagarciafortaleza.com.br/index.php,VALIDO
Casa Garcia Gourmet,Confeitaria,CHANTILLY TRADICIONAL 1L,CHANTILLY TRADICIONAL,213,CX 12,1.0,L,1000.0,ML,,False,11,,2026-08-26 17:42:43,https://casagarciafortaleza.com.br/index.php,VALIDO
Casa Garcia Gourmet,Confeitaria,CHANTILLY WHIP'N ICE CHOCOLATE 907G FLAV,CHANTILLY WHIP N ICE CHOCOLATE FLAV,11766,CX 12,907.0,G,907.0,G,,False,11,,2026-08-26 17:42:43,https://casagarciafortaleza.com.br/index.php,VALIDO
Casa Garcia Gourmet,Confeitaria,CHANTILLY WHIP'N ICE CREME 907G FLAVOR,CHANTILLY WHIP N ICE CREME FLAVOR,11767,CX 12,907.0,G,907.0,G,,False,11,,2026-08-26 17:42:43,https://casagarciafortaleza.com.br/index.php,VALIDO
Casa Garcia Gourmet,Confeitaria,CHANTILLY WHIP'N TOP BAUN 907G FLAVOR,CHANTILLY WHIP N TOP BAUN FLAVOR,11768,CX 12,907.0,G,907.0,G,,False,12,,2026-08-26 17:42:44,https://casagarciafortaleza.com.br/index.php,VALIDO
Casa Garcia Gourmet,Confeitaria,CHANTILLY WHIP'N TOP CHOC 907G FLAVOR,CHANTILLY WHIP N TOP CHOC FLAVOR,11769,CX 12,907.0,G,907.0,G,,False,12,,2026-08-26 17:42:44,https://casagarciafortaleza.com.br/index.php,VALIDO
Casa Garcia Gourmet,Confeitaria,CHANTILLY WHIP'N TOP NATA 907G FLAVOR,CHANTILLY WHIP N TOP NATA FLAVOR,11770,CX 12,907.0,G,907.0,G,,False,12,,2026-08-26 17:42:44,https://casagarciafortaleza.com.br/index.php,VALIDO
Casa Garcia Gourmet,Confeitaria,CHOC BALL MICRO SAB CARAMELO 300G,CHOC BALL MICRO SAB CARAMELO,344,CX 12,300.0,G,300.0,G,,False,12,,2026-08-26 17:42:44,https://casagarciafortaleza.com.br/index.php,VALIDO
Casa Garcia Gourmet,Confeitaria,CHOC BALL MICRO SAB CHO/BR/CAR CX12X300G,CHOC BALL MICRO SAB CHO BR CAR CX12X,661,CX 12,300.0,G,300.0,G,,False,12,,2026-08-26 17:42:44,https://casagarciafortaleza.com.br/index.php,VALIDO
Casa Garcia Gourmet,Confeitaria,CHOCO POWER BALL AO LEITE 500G,CHOCO POWER BALL AO LEITE,2156,CX 12,500.0,G,500.0,G,,False,12,,2026-08-26 17:42:44,https://casagarciafortaleza.com.br/index.php,VALIDO
Casa Garcia Gourmet,Confeitaria,CHOCO POWER CHOCOLATE BRANCO 300G,CHOCO POWER CHOCOLATE BRANCO,9180,CX 12,300.0,G,300.0,G,,False,12,,2026-08-26 17:42:44,https://casagarciafortaleza.com.br/index.php,VALIDO
Casa Garcia Gourmet,Confeitaria,CHOCO POWER MICRO AO LEITE E BCO 500G,CHOCO POWER MICRO AO LEITE E BCO,2155,CX 12,500.0,G,500.0,G,,False,12,,2026-08-26 17:42:44,https://casagarciafortaleza.com.br/index.php,VALIDO
Casa Garcia Gourmet,Confeitaria,CHOCO POWER MICRO BALL BRANCO 300G,CHOCO POWER MICRO BALL BRANCO,2483,CX 12,300.0,G,300.0,G,,False,12,,2026-08-26 17:42:44,https://casagarciafortaleza.com.br/index.php,VALIDO
Casa Garcia Gourmet,Confeitaria,CHOCO POWER MICRO BALL CHOCOLATE 300G,CHOCO POWER MICRO BALL CHOCOLATE,2626,CX 12,300.0,G,300.0,G,,False,12,,2026-08-26 17:42:44,https://casagarciafortaleza.com.br/index.php,VALIDO
Casa Garcia Gourmet,Confeitaria,CHOCO POWER MICRO BALL COLORIDO 300G,CHOCO POWER MICRO BALL COLORIDO,2482,CX 12,300.0,G,300.0,G,,False,12,,2026-08-26 17:42:44,https://casagarciafortaleza.com.br/index.php,VALIDO
Casa Garcia Gourmet,Confeitaria,CHOCO POWER MINI BALL BRANCO 300G,CHOCO POWER MINI BALL BRANCO,2484,CX 12,300.0,G,300.0,G,,False,12,,2026-08-26 17:42:44,https://casagarciafortaleza.com.br/index.php,VALIDO
Casa Garcia Gourmet,Confeitaria,CHOCO POWER MINI BALL CHOCOLATE 300G,CHOCO POWER MINI BALL CHOCOLATE,9173,CX 12,300.0,G,300.0,G,,False,13,,2026-08-26 17:42:45,https://casagarciafortaleza.com.br/index.php,VALIDO
Casa Garcia Gourmet,Confeitaria,CHOCO POWER MINI BALL LEITE/BRANCO 500G,CHOCO POWER MINI BALL LEITE BRANCO,2158,CX 12,500.0,G,500.0,G,,False,13,,2026-08-26 17:42:45,https://casagarciafortaleza.com.br/index.php,VALIDO
Casa Garcia Gourmet,Confeitaria,CHOCOGIROS 300G AMARELO,CHOCOGIROS AMARELO,2524,CX 12,300.0,G,300.0,G,,False,13,,2026-08-26 17:42:45,https://casagarciafortaleza.com.br/index.php,VALIDO
Casa Garcia Gourmet,Confeitaria,CHOCOGIROS 300G AZUL,CHOCOGIROS AZUL,2522,CX 12,300.0,G,300.0,G,,False,13,,2026-08-26 17:42:45,https://casagarciafortaleza.com.br/index.php,VALIDO
Casa Garcia Gourmet,Confeitaria,CHOCOGIROS 300G ROSA,CHOCOGIROS ROSA,2523,CX 12,300.0,G,300.0,G,,False,13,,2026-08-26 17:42:45,https://casagarciafortaleza.com.br/index.php,VALIDO
Casa Garcia Gourmet,Confeitaria,CHOCOGIROS 300G VERDE,CHOCOGIROS VERDE,2500,CX 12,300.0,G,300.0,G,,False,13,,2026-08-26 17:42:45,https://casagarciafortaleza.com.br/index.php,VALIDO
Casa Garcia Gourmet,Confeitaria,CHOCOGIROS 300G VERMELHO,CHOCOGIROS VERMELHO,2521,CX 12,300.0,G,300.0,G,,False,13,,2026-08-26 17:42:45,https://casagarciafortaleza.com.br/index.php,VALIDO
Casa Garcia Gourmet,Confeitaria,CHOCOGIROS 500G COLORIDO,CHOCOGIROS COLORIDO,2164,CX 12,500.0,G,500.0,G,,False,13,,2026-08-26 17:42:45,https://casagarciafortaleza.com.br/index.php,VALIDO
Casa Garcia Gourmet,Confeitaria,"CHOCOLATE AO LEITE 1,01KG GOLD SICAO",CHOCOLATE AO LEITE GOLD SICAO,5841,CX 10,1.01,KG,1010.0,G,,False,13,,2026-08-26 17:42:45,https://casagarciafortaleza.com.br/index.php,VALIDO
Casa Garcia Gourmet,Confeitaria,"CHOCOLATE AO LEITE 1,01KG MELKEN",CHOCOLATE AO LEITE MELKEN,5498,CX 10,1.01,KG,1010.0,G,,False,13,,2026-08-26 17:42:45,https://casagarciafortaleza.com.br/index.php,VALIDO
Casa Garcia Gourmet,Confeitaria,CHOCOLATE AO LEITE 1KG GENUINE,CHOCOLATE AO LEITE GENUINE,6512,CX 10,1.0,KG,1000.0,G,,False,13,,2026-08-26 17:42:45,https://casagarciafortaleza.com.br/index.php,VALIDO
Casa Garcia Gourmet,Confeitaria,"CHOCOLATE BLEND 1,01KG GOLD SICAO",CHOCOLATE BLEND GOLD SICAO,5862,CX 10,1.01,KG,1010.0,G,,False,13,,2026-08-26 17:42:45,https://casagarciafortaleza.com.br/index.php,VALIDO
Casa Garcia Gourmet,Confeitaria,"CHOCOLATE BLEND NAMUR 1,01KG MIX",CHOCOLATE BLEND NAMUR MIX,80199,CX 10,1.01,KG,1010.0,G,,False,14,,2026-08-26 17:42:46,https://casagarciafortaleza.com.br/index.php,VALIDO
Casa Garcia Gourmet,Confeitaria,"CHOCOLATE BRANCO 1,01KG GOLD SICAO",CHOCOLATE BRANCO GOLD SICAO,9680,CX 10,1.01,KG,1010.0,G,,False,14,,2026-08-26 17:42:46,https://casagarciafortaleza.com.br/index.php,VALIDO
Casa Garcia Gourmet,Confeitaria,"CHOCOLATE BRANCO 1,01KG MELKEN",CHOCOLATE BRANCO MELKEN,5497,CX 10,1.01,KG,1010.0,G,,False,14,,2026-08-26 17:42:46,https://casagarciafortaleza.com.br/index.php,VALIDO
Casa Garcia Gourmet,Confeitaria,"CHOCOLATE BRANCO 1,05KG GENUINE",CHOCOLATE BRANCO GENUINE,6510,CX 10,1.05,KG,1050.0,G,,False,14,,2026-08-26 17:42:46,https://casagarciafortaleza.com.br/index.php,VALIDO
Casa Garcia Gourmet,Confeitaria,CHOCOLATE BRANCO 1KG GENUINE,CHOCOLATE BRANCO GENUINE,6023,CX 10,1.0,KG,1000.0,G,,False,14,,2026-08-26 17:42:46,https://casagarciafortaleza.com.br/index.php,VALIDO
Casa Garcia Gourmet,Confeitaria,"CHOCOLATE EM PO 32% 1,01KG MAVALERIO",CHOCOLATE EM PO 32 MAVALERIO,2502,CX 10,1.01,KG,1010.0,G,,False,14,,2026-08-26 17:42:46,https://casagarciafortaleza.com.br/index.php,VALIDO
Casa Garcia Gourmet,Confeitaria,CHOCOLATE EM PO 32% LA RECETTE 1KG,CHOCOLATE EM PO 32 LA RECETTE,2151,PC 10,1.0,KG,1000.0,G,,False,14,,2026-08-26 17:42:46,https://casagarciafortaleza.com.br/index.php,VALIDO
Casa Garcia Gourmet,Confeitaria,"CHOCOLATE EM PO 33% 1,050KG MELKEN",CHOCOLATE EM PO 33 MELKEN,5513,CX 10,1.05,KG,1050.0,G,,False,14,,2026-08-26 17:42:46,https://casagarciafortaleza.com.br/index.php,VALIDO
Casa Garcia Gourmet,Confeitaria,CHOCOLATE EM PO 33% 300G SICAO,CHOCOLATE EM PO 33 SICAO,5857,CX 20,300.0,G,300.0,G,,False,14,,2026-08-26 17:42:46,https://casagarciafortaleza.com.br/index.php,VALIDO
Casa Garcia Gourmet,Confeitaria,CHOCOLATE EM PO 33% BIG MIX 1KG,CHOCOLATE EM PO 33 BIG MIX,2285,FD 10,1.0,KG,1000.0,G,,False,14,,2026-08-26 17:42:46,https://casagarciafortaleza.com.br/index.php,VALIDO
Casa Garcia Gourmet,Confeitaria,"CHOCOLATE EM PO 33% DAMARE FOOD 1,01KG",CHOCOLATE EM PO 33 DAMARE FOOD,978,FD 10,1.01,KG,1010.0,G,,False,14,,2026-08-26 17:42:46,https://casagarciafortaleza.com.br/index.php,VALIDO
Casa Garcia Gourmet,Confeitaria,"CHOCOLATE EM PO 50% 1,01KG MAVALERIO",CHOCOLATE EM PO 50 MAVALERIO,2501,CX 10,1.01,KG,1010.0,G,,False,14,,2026-08-26 17:42:46,https://casagarciafortaleza.com.br/index.php,VALIDO
Casa Garcia Gourmet,Confeitaria,"CHOCOLATE EM PO 50% 1,01KG SICAO",CHOCOLATE EM PO 50 SICAO,9081,CX 10,1.01,KG,1010.0,G,,False,15,,2026-08-26 17:42:48,https://casagarciafortaleza.com.br/index.php,VALIDO
Casa Garcia Gourmet,Confeitaria,"CHOCOLATE EM PO 50% 1,050KG MELKEN",CHOCOLATE EM PO 50 MELKEN,5514,CX 10,1.05,KG,1050.0,G,,False,15,,2026-08-26 17:42:48,https://casagarciafortaleza.com.br/index.php,VALIDO
Casa Garcia Gourmet,Confeitaria,CHOCOLATE EM PO 50% 1KG FLEISCHMANN,CHOCOLATE EM PO 50 FLEISCHMANN,3703,CX 10,1.0,KG,1000.0,G,,False,15,,2026-08-26 17:42:48,https://casagarciafortaleza.com.br/index.php,VALIDO
Casa Garcia Gourmet,Confeitaria,CHOCOLATE EM PO 50% BIG MIX 1KG,CHOCOLATE EM PO 50 BIG MIX,2290,FD 10,1.0,KG,1000.0,G,,False,15,,2026-08-26 17:42:48,https://casagarciafortaleza.com.br/index.php,VALIDO
Casa Garcia Gourmet,Confeitaria,"CHOCOLATE EM PO 50% DAMARE FOOD 1,01KG",CHOCOLATE EM PO 50 DAMARE FOOD,979,FD 10,1.01,KG,1010.0,G,,False,15,,2026-08-26 17:42:48,https://casagarciafortaleza.com.br/index.php,VALIDO
Casa Garcia Gourmet,Confeitaria,CHOCOLATE EM PO 50% LA RECETTE 1KG,CHOCOLATE EM PO 50 LA RECETTE,2150,PC 10,1.0,KG,1000.0,G,,False,15,,2026-08-26 17:42:48,https://casagarciafortaleza.com.br/index.php,VALIDO
Casa Garcia Gourmet,Confeitaria,CHOCOLATE EM PO 70% 500G MAVALERIO,CHOCOLATE EM PO 70 MAVALERIO,2515,CX 12,500.0,G,500.0,G,,False,15,,2026-08-26 17:42:48,https://casagarciafortaleza.com.br/index.php,VALIDO
Casa Garcia Gourmet,Confeitaria,CHOCOLATE EM PO 70% 500G MELKEN,CHOCOLATE EM PO 70 MELKEN,1042,CX 16,500.0,G,500.0,G,,False,15,,2026-08-26 17:42:48,https://casagarciafortaleza.com.br/index.php,VALIDO
Casa Garcia Gourmet,Confeitaria,CHOCOLATE EM PO CACAU 100% 500G MIX,CHOCOLATE EM PO CACAU 100 MIX,80201,CX 10,500.0,G,500.0,G,,False,15,,2026-08-26 17:42:48,https://casagarciafortaleza.com.br/index.php,VALIDO
Casa Garcia Gourmet,Confeitaria,CHOCOLATE EM PO CACAU 70% 500G MIX,CHOCOLATE EM PO CACAU 70 MIX,80205,CX 10,500.0,G,500.0,G,,False,15,,2026-08-26 17:42:48,https://casagarciafortaleza.com.br/index.php,VALIDO
Casa Garcia Gourmet,Confeitaria,CHOCOLATE EM PO SOLUVEL 32% 1KG FLEISCHMANN,CHOCOLATE EM PO SOLUVEL 32 FLEISCHMANN,3702,CX 10,1.0,KG,1000.0,G,,False,15,,2026-08-26 17:42:48,https://casagarciafortaleza.com.br/index.php,VALIDO
Casa Garcia Gourmet,Confeitaria,"CHOCOLATE MEIO AMARGO 1,01KG GOLD SICAO",CHOCOLATE MEIO AMARGO GOLD SICAO,5845,CX 10,1.01,KG,1010.0,G,,False,15,,2026-08-26 17:42:48,https://casagarciafortaleza.com.br/index.php,VALIDO
Casa Garcia Gourmet,Confeitaria,"CHOCOLATE MEIO AMARGO 1,01KG MELKEN",CHOCOLATE MEIO AMARGO MELKEN,5496,CX 10,1.01,KG,1010.0,G,,False,16,,2026-08-26 17:42:49,https://casagarciafortaleza.com.br/index.php,VALIDO
Casa Garcia Gourmet,Confeitaria,CHOCOLATE MEIO AMARGO 1KG GENUINE,CHOCOLATE MEIO AMARGO GENUINE,6511,CX 10,1.0,KG,1000.0,G,,False,16,,2026-08-26 17:42:49,https://casagarciafortaleza.com.br/index.php,VALIDO
Casa Garcia Gourmet,Confeitaria,CLARA DE OVO PAST RESF 1KG,CLARA DE OVO PAST RESF,226,CX 12,1.0,KG,1000.0,G,,False,16,,2026-08-26 17:42:49,https://casagarciafortaleza.com.br/index.php,VALIDO
Casa Garcia Gourmet,Confeitaria,CLARA DE OVO PAST RESF AVINE 1KG,CLARA DE OVO PAST RESF AVINE,682,CX 10,1.0,KG,1000.0,G,,False,16,,2026-08-26 17:42:49,https://casagarciafortaleza.com.br/index.php,VALIDO
Casa Garcia Gourmet,Confeitaria,CMC MAGO 50G,CMC MAGO,2261,CX 10,50.0,G,50.0,G,,False,16,,2026-08-26 17:42:49,https://casagarciafortaleza.com.br/index.php,VALIDO
Casa Garcia Gourmet,Confeitaria,"COB BARRA AVELA 1,01KG TOP",COB BARRA AVELA TOP,81277,CX 10,1.01,KG,1010.0,G,,False,16,,2026-08-26 17:42:49,https://casagarciafortaleza.com.br/index.php,VALIDO
Casa Garcia Gourmet,Confeitaria,"COB BARRA CARAMELO 1,01KG TOP",COB BARRA CARAMELO TOP,81278,CX 10,1.01,KG,1010.0,G,,False,16,,2026-08-26 17:42:49,https://casagarciafortaleza.com.br/index.php,VALIDO
Casa Garcia Gourmet,Confeitaria,COB BARRA MEIO AMARGO 500G TOP,COB BARRA MEIO AMARGO TOP,80249,CX 10,500.0,G,500.0,G,,False,16,,2026-08-26 17:42:49,https://casagarciafortaleza.com.br/index.php,VALIDO
Casa Garcia Gourmet,Confeitaria,"COB BARRA PISTACHE 1,010KG TOP",COB BARRA PISTACHE TOP,81279,CX 10,1.01,KG,1010.0,G,,False,16,,2026-08-26 17:42:49,https://casagarciafortaleza.com.br/index.php,VALIDO
Casa Garcia Gourmet,Confeitaria,"COB CHOC BRANCO 1,01KG DIA SICAO",COB CHOC BRANCO DIA SICAO,10204,CX 10,1.01,KG,1010.0,G,,False,16,,2026-08-26 17:42:49,https://casagarciafortaleza.com.br/index.php,VALIDO
Casa Garcia Gourmet,Confeitaria,COB CONF BARRA MEIO AMARGO 500G HARALD,COB CONF BARRA MEIO AMARGO HARALD,80248,CX 10,500.0,G,500.0,G,,False,16,,2026-08-26 17:42:49,https://casagarciafortaleza.com.br/index.php,VALIDO
Casa Garcia Gourmet,Confeitaria,"COB CONF SABOR CHOC AO LEITE 1,01KG",COB CONF SABOR CHOC AO LEITE,2184,CX 10,1.01,KG,1010.0,G,,False,16,,2026-08-26 17:42:49,https://casagarciafortaleza.com.br/index.php,VALIDO
Casa Garcia Gourmet,Confeitaria,"COB CONF SABOR CHOC BRANCO 1,01KG",COB CONF SABOR CHOC BRANCO,2183,CX 10,1.01,KG,1010.0,G,,False,17,,2026-08-26 17:42:50,https://casagarciafortaleza.com.br/index.php,VALIDO
Casa Garcia Gourmet,Confeitaria,"COB CONF SABOR CHOC M AMARGO 1,01KG",COB CONF SABOR CHOC M AMARGO,2185,CX 10,1.01,KG,1010.0,G,,False,17,,2026-08-26 17:42:50,https://casagarciafortaleza.com.br/index.php,VALIDO
Casa Garcia Gourmet,Confeitaria,"COB CONFEITEIRO FRAC AO LEITE 1,01KG",COB CONFEITEIRO FRAC AO LEITE,5486,CX 10,1.01,KG,1010.0,G,,False,17,,2026-08-26 17:42:50,https://casagarciafortaleza.com.br/index.php,VALIDO
Casa Garcia Gourmet,Confeitaria,"COB CONFEITEIRO FRAC BRANCO 1,01KG",COB CONFEITEIRO FRAC BRANCO,5487,CX 10,1.01,KG,1010.0,G,,False,17,,2026-08-26 17:42:50,https://casagarciafortaleza.com.br/index.php,VALIDO
Casa Garcia Gourmet,Confeitaria,"COB CONFEITEIRO FRAC MEIO AMARGO 1,01KG",COB CONFEITEIRO FRAC MEIO AMARGO,5485,CX 10,1.01,KG,1010.0,G,,False,17,,2026-08-26 17:42:50,https://casagarciafortaleza.com.br/index.php,VALIDO
Casa Garcia Gourmet,Confeitaria,"COB CONFEITEIRO FRAC MEIO AMARGO 2,1KG",COB CONFEITEIRO FRAC MEIO AMARGO,5553,CX 06,2.1,KG,2100.0,G,,False,17,,2026-08-26 17:42:50,https://casagarciafortaleza.com.br/index.php,VALIDO
Casa Garcia Gourmet,Confeitaria,"COB FRAC PREMIUM AMARGO 1,01KG",COB FRAC PREMIUM AMARGO,2627,CX 10,1.01,KG,1010.0,G,,False,17,,2026-08-26 17:42:50,https://casagarciafortaleza.com.br/index.php,VALIDO
Casa Garcia Gourmet,Confeitaria,"COB FRAC PREMIUM BLEND 1,01KG",COB FRAC PREMIUM BLEND,2174,CX 10,1.01,KG,1010.0,G,,False,17,,2026-08-26 17:42:50,https://casagarciafortaleza.com.br/index.php,VALIDO
Casa Garcia Gourmet,Confeitaria,"COB FRAC PREMIUM CHOC AO LEITE 1,01KG",COB FRAC PREMIUM CHOC AO LEITE,2175,CX 10,1.01,KG,1010.0,G,,False,17,,2026-08-26 17:42:50,https://casagarciafortaleza.com.br/index.php,VALIDO
Casa Garcia Gourmet,Confeitaria,"COB FRAC PREMIUM CHOC AO LEITE 2,01KG",COB FRAC PREMIUM CHOC AO LEITE,2168,CX 05,2.01,KG,2009.9999999999998,G,,False,17,,2026-08-26 17:42:50,https://casagarciafortaleza.com.br/index.php,VALIDO
Casa Garcia Gourmet,Confeitaria,"COB FRAC PREMIUM CHOC BCO 2,01KG",COB FRAC PREMIUM CHOC BCO,2171,CX 05,2.01,KG,2009.9999999999998,G,,False,17,,2026-08-26 17:42:50,https://casagarciafortaleza.com.br/index.php,VALIDO
Casa Garcia Gourmet,Confeitaria,"COB FRAC PREMIUM CHOC BRANCO 1,01KG",COB FRAC PREMIUM CHOC BRANCO,2172,CX 10,1.01,KG,1010.0,G,,False,17,,2026-08-26 17:42:50,https://casagarciafortaleza.com.br/index.php,VALIDO
Casa Garcia Gourmet,Confeitaria,"COB FRAC PREMIUM CHOC M AMARGO 1,01KG",COB FRAC PREMIUM CHOC M AMARGO,2176,CX 10,1.01,KG,1010.0,G,,False,18,,2026-08-26 17:42:51,https://casagarciafortaleza.com.br/index.php,VALIDO
Casa Garcia Gourmet,Confeitaria,"COB FRAC PREMIUM CHOC M AMARGO 2,01KG",COB FRAC PREMIUM CHOC M AMARGO,2170,CX 05,2.01,KG,2009.9999999999998,G,,False,18,,2026-08-26 17:42:51,https://casagarciafortaleza.com.br/index.php,VALIDO
Casa Garcia Gourmet,Confeitaria,"COB FRAC PREMIUM GOTAS AO LEITE 1,01KG",COB FRAC PREMIUM GOTAS AO LEITE,9182,CX 10,1.01,KG,1010.0,G,,False,18,,2026-08-26 17:42:51,https://casagarciafortaleza.com.br/index.php,VALIDO
Casa Garcia Gourmet,Confeitaria,"COB FRAC PREMIUM GOTAS BRANCO 1,01KG",COB FRAC PREMIUM GOTAS BRANCO,9187,CX 10,1.01,KG,1010.0,G,,False,18,,2026-08-26 17:42:51,https://casagarciafortaleza.com.br/index.php,VALIDO
Casa Garcia Gourmet,Confeitaria,"COB FRAC PREMIUM GOTAS CHOC AMARG 1,01KG",COB FRAC PREMIUM GOTAS CHOC AMARG,9151,CX 10,1.01,KG,1010.0,G,,False,18,,2026-08-26 17:42:51,https://casagarciafortaleza.com.br/index.php,VALIDO
Casa Garcia Gourmet,Confeitaria,"COB FRAC PREMIUM GOTAS CHOC BRANCO 2,1KG",COB FRAC PREMIUM GOTAS CHOC BRANCO,2624,CX 05,2.1,KG,2100.0,G,,False,18,,2026-08-26 17:42:51,https://casagarciafortaleza.com.br/index.php,VALIDO
Casa Garcia Gourmet,Confeitaria,"COB FRAC PREMIUM GOTAS M AMARGO 1,01KG",COB FRAC PREMIUM GOTAS M AMARGO,9183,CX 10,1.01,KG,1010.0,G,,False,18,,2026-08-26 17:42:51,https://casagarciafortaleza.com.br/index.php,VALIDO
Casa Garcia Gourmet,Confeitaria,"COB FRAC PREMIUM GOTAS M AMARGO 2,1KG",COB FRAC PREMIUM GOTAS M AMARGO,9188,CX 05,2.1,KG,2100.0,G,,False,18,,2026-08-26 17:42:51,https://casagarciafortaleza.com.br/index.php,VALIDO
Casa Garcia Gourmet,Confeitaria,"COB FRAC SABOR CHOCOLATE BLEND 1,01KG",COB FRAC SABOR CHOCOLATE BLEND,2477,CX 10,1.01,KG,1010.0,G,,False,18,,2026-08-26 17:42:51,https://casagarciafortaleza.com.br/index.php,VALIDO
Casa Garcia Gourmet,Confeitaria,"COB GANACHE CHOC AO LEITE VABENE 1,01KG",COB GANACHE CHOC AO LEITE VABENE,4025,CX 06,1.01,KG,1010.0,G,,False,18,,2026-08-26 17:42:51,https://casagarciafortaleza.com.br/index.php,VALIDO
Casa Garcia Gourmet,Confeitaria,COB GANACHE CHOC AO LEITE VABENE 4KG,COB GANACHE CHOC AO LEITE VABENE,9623,CX 04,4.0,KG,4000.0,G,,False,18,,2026-08-26 17:42:51,https://casagarciafortaleza.com.br/index.php,VALIDO
Casa Garcia Gourmet,Confeitaria,"COB GANACHE CHOC BRANCO VABENE 1,01KG",COB GANACHE CHOC BRANCO VABENE,4029,CX 06,1.01,KG,1010.0,G,,False,18,,2026-08-26 17:42:51,https://casagarciafortaleza.com.br/index.php,VALIDO
Casa Garcia Gourmet,Confeitaria,"COB GANACHE CHOC MEIO AMAR VABENE 1,01KG",COB GANACHE CHOC MEIO AMAR VABENE,4028,CX 06,1.01,KG,1010.0,G,,False,19,,2026-08-26 17:42:52,https://casagarciafortaleza.com.br/index.php,VALIDO
Casa Garcia Gourmet,Confeitaria,"COB GOTAS AVELA 1,050KG TOP",COB GOTAS AVELA TOP,5466,CX 10,1.05,KG,1050.0,G,,False,19,,2026-08-26 17:42:52,https://casagarciafortaleza.com.br/index.php,VALIDO
Casa Garcia Gourmet,Confeitaria,"COB GOTAS BLEND 1,050KG TOP",COB GOTAS BLEND TOP,5511,CX 10,1.05,KG,1050.0,G,,False,19,,2026-08-26 17:42:52,https://casagarciafortaleza.com.br/index.php,VALIDO
Casa Garcia Gourmet,Confeitaria,"COB GOTAS CHOC BLEND 1,01KG TOP",COB GOTAS CHOC BLEND TOP,7648,CX 10,1.01,KG,1010.0,G,,False,19,,2026-08-26 17:42:52,https://casagarciafortaleza.com.br/index.php,VALIDO
Casa Garcia Gourmet,Confeitaria,"COB GOTAS CONFEITEIRO M AMARGO 1,01KG",COB GOTAS CONFEITEIRO M AMARGO,5470,CX 10,1.01,KG,1010.0,G,,False,19,,2026-08-26 17:42:52,https://casagarciafortaleza.com.br/index.php,VALIDO
Casa Garcia Gourmet,Confeitaria,"COB GOTAS INTENSO 1,050KG TOP",COB GOTAS INTENSO TOP,5467,CX 10,1.05,KG,1050.0,G,,False,19,,2026-08-26 17:42:52,https://casagarciafortaleza.com.br/index.php,VALIDO
Casa Garcia Gourmet,Confeitaria,"COB GOTAS PISTACHE TOP 1,01KG",COB GOTAS PISTACHE TOP,78272,CX 10,1.01,KG,1010.0,G,,False,19,,2026-08-26 17:42:52,https://casagarciafortaleza.com.br/index.php,VALIDO
Casa Garcia Gourmet,Confeitaria,"COB GTS CHOC MEIO AMARGO MIX 2,01KG",COB GTS CHOC MEIO AMARGO MIX,80163,CX 05,2.01,KG,2009.9999999999998,G,,False,19,,2026-08-26 17:42:52,https://casagarciafortaleza.com.br/index.php,VALIDO
Casa Garcia Gourmet,Confeitaria,"COB GTS M AMARGO INOVARE INTENSO 2,05KG",COB GTS M AMARGO INOVARE INTENSO,78601,CX 05,2.05,KG,2050.0,G,,False,19,,2026-08-26 17:42:52,https://casagarciafortaleza.com.br/index.php,VALIDO
Casa Garcia Gourmet,Confeitaria,"COB P/SORVETE CARAMELO 1,3KG",COB P SORVETE CARAMELO,2187,CX 12,1.3,KG,1300.0,G,,False,19,,2026-08-26 17:42:52,https://casagarciafortaleza.com.br/index.php,VALIDO
Casa Garcia Gourmet,Confeitaria,"COB P/SORVETE CHOCOLATE 1,3KG",COB P SORVETE CHOCOLATE,2188,CX 12,1.3,KG,1300.0,G,,False,19,,2026-08-26 17:42:52,https://casagarciafortaleza.com.br/index.php,VALIDO
Casa Garcia Gourmet,Confeitaria,"COB P/SORVETE LEITE COND 1,3KG",COB P SORVETE LEITE COND,2163,CX 12,1.3,KG,1300.0,G,,False,19,,2026-08-26 17:42:52,https://casagarciafortaleza.com.br/index.php,VALIDO
Casa Garcia Gourmet,Confeitaria,"COB P/SORVETE MORANGO 1,3KG",COB P SORVETE MORANGO,2189,CX 12,1.3,KG,1300.0,G,,False,20,,2026-08-26 17:42:53,https://casagarciafortaleza.com.br/index.php,VALIDO
Casa Garcia Gourmet,Confeitaria,"COB SABOR CHOC AO LEITE 1,01KG SICAO",COB SABOR CHOC AO LEITE SICAO,5861,CX 10,1.01,KG,1010.0,G,,False,20,,2026-08-26 17:42:53,https://casagarciafortaleza.com.br/index.php,VALIDO
Casa Garcia Gourmet,Confeitaria,"COB SABOR CHOC BLEND 1,01KG MAIS SICAO",COB SABOR CHOC BLEND MAIS SICAO,5847,CX 10,1.01,KG,1010.0,G,,False,20,,2026-08-26 17:42:53,https://casagarciafortaleza.com.br/index.php,VALIDO
Casa Garcia Gourmet,Confeitaria,"COB SABOR CHOC BRANCO 1,01KG SICAO",COB SABOR CHOC BRANCO SICAO,5849,CX 10,1.01,KG,1010.0,G,,False,20,,2026-08-26 17:42:53,https://casagarciafortaleza.com.br/index.php,VALIDO
Casa Garcia Gourmet,Confeitaria,"COB SABOR CHOC M AMARGO 1,01KG SICAO",COB SABOR CHOC M AMARGO SICAO,5843,CX 10,1.01,KG,1010.0,G,,False,20,,2026-08-26 17:42:53,https://casagarciafortaleza.com.br/index.php,VALIDO
Casa Garcia Gourmet,Confeitaria,"COBERT CHOC AO LEITE SUPREM 1,01KG MIX",COBERT CHOC AO LEITE SUPREM MIX,80196,CX 10,1.01,KG,1010.0,G,,False,20,,2026-08-26 17:42:53,https://casagarciafortaleza.com.br/index.php,VALIDO
Casa Garcia Gourmet,Confeitaria,"COBERT CHOC MEIO AMARG SUPREM 1,01KG MIX",COBERT CHOC MEIO AMARG SUPREM MIX,80200,CX 10,1.01,KG,1010.0,G,,False,20,,2026-08-26 17:42:53,https://casagarciafortaleza.com.br/index.php,VALIDO
Casa Garcia Gourmet,Confeitaria,"COBERTURA CHOC BLEND SUPREME 1,01KG MIX",COBERTURA CHOC BLEND SUPREME MIX,80203,CX 10,1.01,KG,1010.0,G,,False,20,,2026-08-26 17:42:53,https://casagarciafortaleza.com.br/index.php,VALIDO
Casa Garcia Gourmet,Confeitaria,"COBERTURA CHOC BRANCO MIX 2,01KG",COBERTURA CHOC BRANCO MIX,80158,CX 05,2.01,KG,2009.9999999999998,G,,False,20,,2026-08-26 17:42:53,https://casagarciafortaleza.com.br/index.php,VALIDO
Casa Garcia Gourmet,Confeitaria,"COBERTURA CHOC BRANCO SUPREM 1,01KG MIX",COBERTURA CHOC BRANCO SUPREM MIX,80197,CX 10,1.01,KG,1010.0,G,,False,20,,2026-08-26 17:42:53,https://casagarciafortaleza.com.br/index.php,VALIDO
Casa Garcia Gourmet,Confeitaria,COBERTURA CHOCOLATE 4KG,COBERTURA CHOCOLATE,252,FD 04,4.0,KG,4000.0,G,,False,20,,2026-08-26 17:42:53,https://casagarciafortaleza.com.br/index.php,VALIDO
Casa Garcia Gourmet,Confeitaria,COBERTURA EM PO ACUCAR GELADO NEUTRO 1KG,COBERTURA EM PO ACUCAR GELADO NEUTRO,80184,CX 10,1.0,KG,1000.0,G,,False,20,,2026-08-26 17:42:53,https://casagarciafortaleza.com.br/index.php,VALIDO
Casa Garcia Gourmet,Confeitaria,"COBERTURA GTS CHOC AO LEITE 2,01KG",COBERTURA GTS CHOC AO LEITE,80156,CX 05,2.01,KG,2009.9999999999998,G,,False,21,,2026-08-26 17:42:54,https://casagarciafortaleza.com.br/index.php,VALIDO
Casa Garcia Gourmet,Confeitaria,"COBERTURA GTS CHOC BLEND MIX 2,01KG",COBERTURA GTS CHOC BLEND MIX,80157,CX 05,2.01,KG,2009.9999999999998,G,,False,21,,2026-08-26 17:42:54,https://casagarciafortaleza.com.br/index.php,VALIDO
Casa Garcia Gourmet,Confeitaria,COBERTURA RASPAR/COBRIR AO LEITE 5KG,COBERTURA RASPAR COBRIR AO LEITE,5476,CX 05,5.0,KG,5000.0,G,,False,21,,2026-08-26 17:42:54,https://casagarciafortaleza.com.br/index.php,VALIDO
Casa Garcia Gourmet,Confeitaria,COBERTURA RASPAR/COBRIR BRANCO 5KG,COBERTURA RASPAR COBRIR BRANCO,5475,CX 05,5.0,KG,5000.0,G,,False,21,,2026-08-26 17:42:54,https://casagarciafortaleza.com.br/index.php,VALIDO
Casa Garcia Gourmet,Confeitaria,COBERTURA RASPAR/COBRIR MEIO AMARGO 5KG,COBERTURA RASPAR COBRIR MEIO AMARGO,5477,CX 05,5.0,KG,5000.0,G,,False,21,,2026-08-26 17:42:54,https://casagarciafortaleza.com.br/index.php,VALIDO
Casa Garcia Gourmet,Confeitaria,COCO FLOCOS 1KG,COCO FLOCOS,2118,PC 10,1.0,KG,1000.0,G,,False,21,,2026-08-26 17:42:54,https://casagarciafortaleza.com.br/index.php,VALIDO
Casa Garcia Gourmet,Confeitaria,COCO FLOCOS 5KG,COCO FLOCOS,2127,PC 01,5.0,KG,5000.0,G,,False,21,,2026-08-26 17:42:54,https://casagarciafortaleza.com.br/index.php,VALIDO
Casa Garcia Gourmet,Confeitaria,COCO RALADO FINO 1KG,COCO RALADO FINO,2123,CX 10,1.0,KG,1000.0,G,,False,21,,2026-08-26 17:42:54,https://casagarciafortaleza.com.br/index.php,VALIDO
Casa Garcia Gourmet,Confeitaria,COCO RALADO FINO 5KG,COCO RALADO FINO,2126,PC 01,5.0,KG,5000.0,G,,False,21,,2026-08-26 17:42:54,https://casagarciafortaleza.com.br/index.php,VALIDO
Casa Garcia Gourmet,Confeitaria,COCO RALADO MEDIO 1KG,COCO RALADO MEDIO,2124,FD 10,1.0,KG,1000.0,G,,False,21,,2026-08-26 17:42:54,https://casagarciafortaleza.com.br/index.php,VALIDO
Casa Garcia Gourmet,Confeitaria,COCO RALADO MEDIO 5KG,COCO RALADO MEDIO,2125,PC 01,5.0,KG,5000.0,G,,False,21,,2026-08-26 17:42:54,https://casagarciafortaleza.com.br/index.php,VALIDO
Casa Garcia Gourmet,Confeitaria,CONF FIG ESTRELINHAS BCO/AZUL/VERM 150G,CONF FIG ESTRELINHAS BCO AZUL VERM,2708,CX 16,150.0,G,150.0,G,,False,21,,2026-08-26 17:42:54,https://casagarciafortaleza.com.br/index.php,VALIDO
Casa Garcia Gourmet,Confeitaria,CONF FIGURA BORBOLETA 120G,CONF FIGURA BORBOLETA,80977,CX 16,120.0,G,120.0,G,,False,22,,2026-08-26 17:42:56,https://casagarciafortaleza.com.br/index.php,VALIDO
Casa Garcia Gourmet,Confeitaria,CONF FIGURA BORBOLETA 150G,CONF FIGURA BORBOLETA,2628,CX 16,150.0,G,150.0,G,,False,22,,2026-08-26 17:42:56,https://casagarciafortaleza.com.br/index.php,VALIDO
Casa Garcia Gourmet,Confeitaria,CONF FIGURA BRANCA E PRETA N 0 150G,CONF FIGURA BRANCA E PRETA N 0,2723,CX 24,150.0,G,150.0,G,,False,22,,2026-08-26 17:42:56,https://casagarciafortaleza.com.br/index.php,VALIDO
Casa Garcia Gourmet,Confeitaria,CONF FIGURA BRANCA E ROSA N 0 150G,CONF FIGURA BRANCA E ROSA N 0,2725,CX 24,150.0,G,150.0,G,,False,22,,2026-08-26 17:42:56,https://casagarciafortaleza.com.br/index.php,VALIDO
Casa Garcia Gourmet,Confeitaria,CONF FIGURA CONFETE 150G,CONF FIGURA CONFETE,2641,CX 16,150.0,G,150.0,G,,False,22,,2026-08-26 17:42:56,https://casagarciafortaleza.com.br/index.php,VALIDO
Casa Garcia Gourmet,Confeitaria,CONF FIGURA CORACAO 150G,CONF FIGURA CORACAO,2640,CX 16,150.0,G,150.0,G,,False,22,,2026-08-26 17:42:56,https://casagarciafortaleza.com.br/index.php,VALIDO
Casa Garcia Gourmet,Confeitaria,CONF FIGURA ESTRELINHAS 150G,CONF FIGURA ESTRELINHAS,2642,CX 16,150.0,G,150.0,G,,False,22,,2026-08-26 17:42:56,https://casagarciafortaleza.com.br/index.php,VALIDO
Casa Garcia Gourmet,Confeitaria,CONF FIGURA MINI CONFETE 120G,CONF FIGURA MINI CONFETE,78401,CX 16,120.0,G,120.0,G,,False,22,,2026-08-26 17:42:56,https://casagarciafortaleza.com.br/index.php,VALIDO
Casa Garcia Gourmet,Confeitaria,CONF FIGURA MINI CONFETE 150G,CONF FIGURA MINI CONFETE,2629,CX 16,150.0,G,150.0,G,,False,22,,2026-08-26 17:42:56,https://casagarciafortaleza.com.br/index.php,VALIDO
Casa Garcia Gourmet,Confeitaria,"CONF GRANULADO CROC ESCURO 1,050KG",CONF GRANULADO CROC ESCURO,5520,CX 10,1.05,KG,1050.0,G,,False,22,,2026-08-26 17:42:56,https://casagarciafortaleza.com.br/index.php,VALIDO
Casa Garcia Gourmet,Confeitaria,"CONF GRANULADO MACIO ESCURO 1,050KG",CONF GRANULADO MACIO ESCURO,5518,CX 10,1.05,KG,1050.0,G,,False,22,,2026-08-26 17:42:56,https://casagarciafortaleza.com.br/index.php,VALIDO
Casa Garcia Gourmet,Confeitaria,CONF MICANGA AMARELA N 0 500G,CONF MICANGA AMARELA N 0,2192,CX 10,500.0,G,500.0,G,,False,22,,2026-08-26 17:42:56,https://casagarciafortaleza.com.br/index.php,VALIDO
Casa Garcia Gourmet,Confeitaria,CONF MICANGA AZUL N 0 500G,CONF MICANGA AZUL N 0,2212,CX 10,500.0,G,500.0,G,,False,23,,2026-08-26 17:42:57,https://casagarciafortaleza.com.br/index.php,VALIDO
Casa Garcia Gourmet,Confeitaria,CONF MICANGA BRANCA N 0 500G,CONF MICANGA BRANCA N 0,2197,CX 10,500.0,G,500.0,G,,False,23,,2026-08-26 17:42:57,https://casagarciafortaleza.com.br/index.php,VALIDO
Casa Garcia Gourmet,Confeitaria,CONF MICANGA CHOCOLATE 500G MIL CORES,CONF MICANGA CHOCOLATE MIL CORES,2193,CX 10,500.0,G,500.0,G,,False,23,,2026-08-26 17:42:57,https://casagarciafortaleza.com.br/index.php,VALIDO
Casa Garcia Gourmet,Confeitaria,CONF MICANGA COLORIDA N 0 500G,CONF MICANGA COLORIDA N 0,2194,CX 10,500.0,G,500.0,G,,False,23,,2026-08-26 17:42:57,https://casagarciafortaleza.com.br/index.php,VALIDO
Casa Garcia Gourmet,Confeitaria,CONF MICANGA PRETA N 0 500G,CONF MICANGA PRETA N 0,2191,CX 10,500.0,G,500.0,G,,False,23,,2026-08-26 17:42:57,https://casagarciafortaleza.com.br/index.php,VALIDO
Casa Garcia Gourmet,Confeitaria,CONF MICANGA ROSA N 0 500G,CONF MICANGA ROSA N 0,2201,CX 10,500.0,G,500.0,G,,False,23,,2026-08-26 17:42:57,https://casagarciafortaleza.com.br/index.php,VALIDO
Casa Garcia Gourmet,Confeitaria,CONF MICANGA VERM N 0 500G,CONF MICANGA VERM N 0,2196,CX 10,500.0,G,500.0,G,,False,23,,2026-08-26 17:42:57,https://casagarciafortaleza.com.br/index.php,VALIDO
Casa Garcia Gourmet,Confeitaria,"CONF RECHEIO FORN AO LEITE 1,050KG",CONF RECHEIO FORN AO LEITE,5510,CX 08,1.05,KG,1050.0,G,,False,23,,2026-08-26 17:42:57,https://casagarciafortaleza.com.br/index.php,VALIDO
Casa Garcia Gourmet,Confeitaria,CONFEITE VERDE AMARELO TOP 400G,CONFEITE VERDE AMARELO TOP,81538,CX 12,400.0,G,400.0,G,,False,23,,2026-08-26 17:42:57,https://casagarciafortaleza.com.br/index.php,VALIDO
Casa Garcia Gourmet,Confeitaria,CONFEITO BRIGADEIRO MICANGA MIX 500G,CONFEITO BRIGADEIRO MICANGA MIX,80154,CX 10,500.0,G,500.0,G,,False,23,,2026-08-26 17:42:57,https://casagarciafortaleza.com.br/index.php,VALIDO
Casa Garcia Gourmet,Confeitaria,"CONFEITO CHOC ESC FLOCOS MACIO 1,01KG",CONFEITO CHOC ESC FLOCOS MACIO,80162,CX 10,1.01,KG,1010.0,G,,False,23,,2026-08-26 17:42:57,https://casagarciafortaleza.com.br/index.php,VALIDO
Casa Garcia Gourmet,Confeitaria,"CONFEITO CHOC SUP CHOCOCHIPS MIX 1,01KG",CONFEITO CHOC SUP CHOCOCHIPS MIX,80165,CX 10,1.01,KG,1010.0,G,,False,23,,2026-08-26 17:42:57,https://casagarciafortaleza.com.br/index.php,VALIDO
Casa Garcia Gourmet,Confeitaria,CONFEITO CONFEITE PISTACHE TOP 400G,CONFEITO CONFEITE PISTACHE TOP,78454,CX 12,400.0,G,400.0,G,,False,24,,2026-08-26 17:42:58,https://casagarciafortaleza.com.br/index.php,VALIDO
Casa Garcia Gourmet,Confeitaria,CONFEITO FLOCOS MACIO CHOC ESC 500G MIX,CONFEITO FLOCOS MACIO CHOC ESC MIX,80015,CX 18,500.0,G,500.0,G,,False,24,,2026-08-26 17:42:58,https://casagarciafortaleza.com.br/index.php,VALIDO
Casa Garcia Gourmet,Confeitaria,CONFEITO FLOCOS MACIO CHOC MESC 500G MIX,CONFEITO FLOCOS MACIO CHOC MESC MIX,80016,CX 18,500.0,G,500.0,G,,False,24,,2026-08-26 17:42:58,https://casagarciafortaleza.com.br/index.php,VALIDO
Casa Garcia Gourmet,Confeitaria,CONFEITO FLOCOS MACIO PISTACHE 500G MIX,CONFEITO FLOCOS MACIO PISTACHE MIX,80014,CX 18,500.0,G,500.0,G,,False,24,,2026-08-26 17:42:58,https://casagarciafortaleza.com.br/index.php,VALIDO
Casa Garcia Gourmet,Confeitaria,CONFEITO MICANGA 8 CORES MIX 500G,CONFEITO MICANGA 8 CORES MIX,80148,CX 10,500.0,G,500.0,G,,False,24,,2026-08-26 17:42:58,https://casagarciafortaleza.com.br/index.php,VALIDO
Casa Garcia Gourmet,Confeitaria,COOKIES GOTAS CHOC VABENE 1KG,COOKIES GOTAS CHOC VABENE,9699,CX 06,1.0,KG,1000.0,G,,False,24,,2026-08-26 17:42:58,https://casagarciafortaleza.com.br/index.php,VALIDO
Casa Garcia Gourmet,Confeitaria,COOKIES SABOR BAUNILHA VABENE 1KG,COOKIES SABOR BAUNILHA VABENE,9658,CX 06,1.0,KG,1000.0,G,,False,24,,2026-08-26 17:42:58,https://casagarciafortaleza.com.br/index.php,VALIDO
Casa Garcia Gourmet,Confeitaria,COOKIES SABOR CHOC VABENE 1KG,COOKIES SABOR CHOC VABENE,3992,CX 06,1.0,KG,1000.0,G,,False,24,,2026-08-26 17:42:58,https://casagarciafortaleza.com.br/index.php,VALIDO
Casa Garcia Gourmet,Confeitaria,COOKIES SABOR MORANGO VABENE 1KG,COOKIES SABOR MORANGO VABENE,4003,CX 06,1.0,KG,1000.0,G,,False,24,,2026-08-26 17:42:58,https://casagarciafortaleza.com.br/index.php,VALIDO
Casa Garcia Gourmet,Confeitaria,CORANTE AMARELO GEMA 1KG EMBRAMIX,CORANTE AMARELO GEMA EMBRAMIX,81424,CX 01,1.0,KG,1000.0,G,,False,24,,2026-08-26 17:42:58,https://casagarciafortaleza.com.br/index.php,VALIDO
Casa Garcia Gourmet,Confeitaria,CORANTE AMARELO GEMA LIQ 960ML,CORANTE AMARELO GEMA LIQ,369,CX 12,960.0,ML,960.0,ML,,False,24,,2026-08-26 17:42:58,https://casagarciafortaleza.com.br/index.php,VALIDO
Casa Garcia Gourmet,Confeitaria,CORANTE AMARELO OVO 100G,CORANTE AMARELO OVO,370,CX 30,100.0,G,100.0,G,,False,24,,2026-08-26 17:42:58,https://casagarciafortaleza.com.br/index.php,VALIDO
Casa Garcia Gourmet,Confeitaria,CORANTE ART PRETO INTENSO 150G MIX,CORANTE ART PRETO INTENSO MIX,80191,CX 06,150.0,G,150.0,G,,False,25,,2026-08-26 17:42:59,https://casagarciafortaleza.com.br/index.php,VALIDO
Casa Garcia Gourmet,Confeitaria,CORANTE ART VERDE FOLHA SOFTGEL 150G MIX,CORANTE ART VERDE FOLHA SOFTGEL MIX,80192,CX 06,150.0,G,150.0,G,,False,25,,2026-08-26 17:42:59,https://casagarciafortaleza.com.br/index.php,VALIDO
Casa Garcia Gourmet,Confeitaria,CORANTE ART VERM MORANG SOFTGEL 150G MIX,CORANTE ART VERM MORANG SOFTGEL MIX,80194,CX 06,150.0,G,150.0,G,,False,25,,2026-08-26 17:42:59,https://casagarciafortaleza.com.br/index.php,VALIDO
Casa Garcia Gourmet,Confeitaria,CORANTE ART VERM NATAL 150G MIX,CORANTE ART VERM NATAL MIX,80195,CX 06,150.0,G,150.0,G,,False,25,,2026-08-26 17:42:59,https://casagarciafortaleza.com.br/index.php,VALIDO
Casa Garcia Gourmet,Confeitaria,"CORANTE CARAMELO LIQ 6,5KG",CORANTE CARAMELO LIQ,2289,UN 01,6.5,KG,6500.0,G,,False,25,,2026-08-26 17:42:59,https://casagarciafortaleza.com.br/index.php,VALIDO
Casa Garcia Gourmet,Confeitaria,CORANTE EM PO DIOXIDO DE TITANIO BCO 15G,CORANTE EM PO DIOXIDO DE TITANIO BCO,883,CX 08,15.0,G,15.0,G,,False,25,,2026-08-26 17:42:59,https://casagarciafortaleza.com.br/index.php,VALIDO
Casa Garcia Gourmet,Confeitaria,CORANTE EM PO HIDROSSOLUVEL AMARELO 5G,CORANTE EM PO HIDROSSOLUVEL AMARELO,534,CX 08,5.0,G,5.0,G,,False,25,,2026-08-26 17:42:59,https://casagarciafortaleza.com.br/index.php,VALIDO
Casa Garcia Gourmet,Confeitaria,CORANTE EM PO HIDROSSOLUVEL AZUL 5G,CORANTE EM PO HIDROSSOLUVEL AZUL,535,CX 08,5.0,G,5.0,G,,False,25,,2026-08-26 17:42:59,https://casagarciafortaleza.com.br/index.php,VALIDO
Casa Garcia Gourmet,Confeitaria,CORANTE EM PO P/CHOCOLATE AMARELO 5G,CORANTE EM PO P CHOCOLATE AMARELO,886,CX 08,5.0,G,5.0,G,,False,25,,2026-08-26 17:42:59,https://casagarciafortaleza.com.br/index.php,VALIDO
Casa Garcia Gourmet,Confeitaria,CORANTE EM PO P/CHOCOLATE AZUL 5G,CORANTE EM PO P CHOCOLATE AZUL,890,CX 08,5.0,G,5.0,G,,False,25,,2026-08-26 17:42:59,https://casagarciafortaleza.com.br/index.php,VALIDO
Casa Garcia Gourmet,Confeitaria,CORANTE EM PO P/CHOCOLATE LARANJA 5G,CORANTE EM PO P CHOCOLATE LARANJA,887,CX 08,5.0,G,5.0,G,,False,25,,2026-08-26 17:42:59,https://casagarciafortaleza.com.br/index.php,VALIDO
Casa Garcia Gourmet,Confeitaria,CORANTE EM PO P/CHOCOLATE ROSA 5G,CORANTE EM PO P CHOCOLATE ROSA,888,CX 08,5.0,G,5.0,G,,False,25,,2026-08-26 17:42:59,https://casagarciafortaleza.com.br/index.php,VALIDO
Casa Garcia Gourmet,Confeitaria,CORANTE EM PO P/CHOCOLATE VERDE 5G,CORANTE EM PO P CHOCOLATE VERDE,885,CX 08,5.0,G,5.0,G,,False,26,,2026-08-26 17:43:00,https://casagarciafortaleza.com.br/index.php,VALIDO
Casa Garcia Gourmet,Confeitaria,CORANTE EM PO P/CHOCOLATE VERMELHO 5G,CORANTE EM PO P CHOCOLATE VERMELHO,889,CX 08,5.0,G,5.0,G,,False,26,,2026-08-26 17:43:00,https://casagarciafortaleza.com.br/index.php,VALIDO
Casa Garcia Gourmet,Confeitaria,CORANTE EM PO P/CHOCOLATE VIOLETA 5G,CORANTE EM PO P CHOCOLATE VIOLETA,884,CX 08,5.0,G,5.0,G,,False,26,,2026-08-26 17:43:00,https://casagarciafortaleza.com.br/index.php,VALIDO
Casa Garcia Gourmet,Confeitaria,CORANTE LIQ GEL AMARELO O 60G ICEBERG,CORANTE LIQ GEL AMARELO O ICEBERG,11944,CX 12,60.0,G,60.0,G,,False,26,,2026-08-26 17:43:00,https://casagarciafortaleza.com.br/index.php,VALIDO
Casa Garcia Gourmet,Confeitaria,CORANTE LIQ GEL AZUL 60G ICEBERG,CORANTE LIQ GEL AZUL ICEBERG,11948,CX 12,60.0,G,60.0,G,,False,26,,2026-08-26 17:43:00,https://casagarciafortaleza.com.br/index.php,VALIDO
Casa Garcia Gourmet,Confeitaria,CORANTE LIQ GEL AZUL ROYAL 60G ICEBERG,CORANTE LIQ GEL AZUL ROYAL ICEBERG,11945,CX 12,60.0,G,60.0,G,,False,26,,2026-08-26 17:43:00,https://casagarciafortaleza.com.br/index.php,VALIDO
Casa Garcia Gourmet,Confeitaria,CORANTE LIQ GEL LARANJA 60G ICEBERG,CORANTE LIQ GEL LARANJA ICEBERG,11951,CX 12,60.0,G,60.0,G,,False,26,,2026-08-26 17:43:00,https://casagarciafortaleza.com.br/index.php,VALIDO
Casa Garcia Gourmet,Confeitaria,CORANTE LIQ GEL PINK 60G ICEBERG,CORANTE LIQ GEL PINK ICEBERG,11942,CX 12,60.0,G,60.0,G,,False,26,,2026-08-26 17:43:00,https://casagarciafortaleza.com.br/index.php,VALIDO
Casa Garcia Gourmet,Confeitaria,CORANTE LIQ GEL ROSA CHICLET 60G ICEBERG,CORANTE LIQ GEL ROSA CHICLET ICEBERG,11943,CX 12,60.0,G,60.0,G,,False,26,,2026-08-26 17:43:00,https://casagarciafortaleza.com.br/index.php,VALIDO
Casa Garcia Gourmet,Confeitaria,CORANTE LIQ GEL ROSA CLARO 60G ICEBERG,CORANTE LIQ GEL ROSA CLARO ICEBERG,11949,CX 12,60.0,G,60.0,G,,False,26,,2026-08-26 17:43:00,https://casagarciafortaleza.com.br/index.php,VALIDO
Casa Garcia Gourmet,Confeitaria,CORANTE LIQ GEL ROSA SECO 60G ICEBERG,CORANTE LIQ GEL ROSA SECO ICEBERG,11947,CX 12,60.0,G,60.0,G,,False,26,,2026-08-26 17:43:00,https://casagarciafortaleza.com.br/index.php,VALIDO
Casa Garcia Gourmet,Confeitaria,CORANTE LIQ GEL ROXO 60G ICEBERG,CORANTE LIQ GEL ROXO ICEBERG,11941,CX 12,60.0,G,60.0,G,,False,26,,2026-08-26 17:43:00,https://casagarciafortaleza.com.br/index.php,VALIDO
Casa Garcia Gourmet,Confeitaria,CORANTE LIQ GEL VERDE BANDEI 60G ICEBERG,CORANTE LIQ GEL VERDE BANDEI ICEBERG,11946,CX 12,60.0,G,60.0,G,,False,27,,2026-08-26 17:43:01,https://casagarciafortaleza.com.br/index.php,VALIDO
Casa Garcia Gourmet,Confeitaria,CORANTE LIQ GEL VERDE FOLHA 60G ICEBERG,CORANTE LIQ GEL VERDE FOLHA ICEBERG,11950,CX 12,60.0,G,60.0,G,,False,27,,2026-08-26 17:43:01,https://casagarciafortaleza.com.br/index.php,VALIDO
Casa Garcia Gourmet,Confeitaria,CORANTE NEOCOLOR AMARELO 25G FAB,CORANTE NEOCOLOR AMARELO FAB,6398,CX 06,25.0,G,25.0,G,,False,27,,2026-08-26 17:43:01,https://casagarciafortaleza.com.br/index.php,VALIDO
Casa Garcia Gourmet,Confeitaria,CORANTE NEOCOLOR AZUL 25G FAB,CORANTE NEOCOLOR AZUL FAB,6399,CX 06,25.0,G,25.0,G,,False,27,,2026-08-26 17:43:01,https://casagarciafortaleza.com.br/index.php,VALIDO
Casa Garcia Gourmet,Confeitaria,CORANTE NEOCOLOR AZUL MARINHO 25G FAB,CORANTE NEOCOLOR AZUL MARINHO FAB,6420,CX 06,25.0,G,25.0,G,,False,27,,2026-08-26 17:43:01,https://casagarciafortaleza.com.br/index.php,VALIDO
Casa Garcia Gourmet,Confeitaria,CORANTE NEOCOLOR LARANJA 25G FAB,CORANTE NEOCOLOR LARANJA FAB,6431,CX 06,25.0,G,25.0,G,,False,27,,2026-08-26 17:43:01,https://casagarciafortaleza.com.br/index.php,VALIDO
Casa Garcia Gourmet,Confeitaria,CORANTE NEOCOLOR MARROM 25G FAB,CORANTE NEOCOLOR MARROM FAB,6421,CX 06,25.0,G,25.0,G,,False,27,,2026-08-26 17:43:01,https://casagarciafortaleza.com.br/index.php,VALIDO
Casa Garcia Gourmet,Confeitaria,CORANTE NEOCOLOR ROSA 25G FAB,CORANTE NEOCOLOR ROSA FAB,6433,CX 06,25.0,G,25.0,G,,False,27,,2026-08-26 17:43:01,https://casagarciafortaleza.com.br/index.php,VALIDO
Casa Garcia Gourmet,Confeitaria,CORANTE NEOCOLOR ROSA SECO 25G FAB,CORANTE NEOCOLOR ROSA SECO FAB,6434,CX 06,25.0,G,25.0,G,,False,27,,2026-08-26 17:43:01,https://casagarciafortaleza.com.br/index.php,VALIDO
Casa Garcia Gourmet,Confeitaria,CORANTE NEOCOLOR SUPER PRETO 25G FAB,CORANTE NEOCOLOR SUPER PRETO FAB,6432,CX 06,25.0,G,25.0,G,,False,27,,2026-08-26 17:43:01,https://casagarciafortaleza.com.br/index.php,VALIDO
Casa Garcia Gourmet,Confeitaria,CORANTE NEOCOLOR SUPER VERMELHO 25G FAB,CORANTE NEOCOLOR SUPER VERMELHO FAB,6467,CX 06,25.0,G,25.0,G,,False,27,,2026-08-26 17:43:01,https://casagarciafortaleza.com.br/index.php,VALIDO
Casa Garcia Gourmet,Confeitaria,CORANTE NEOCOLOR VERDE 25G FAB,CORANTE NEOCOLOR VERDE FAB,6455,CX 06,25.0,G,25.0,G,,False,27,,2026-08-26 17:43:01,https://casagarciafortaleza.com.br/index.php,VALIDO
Casa Garcia Gourmet,Confeitaria,CORANTE NEOCOLOR VERMELHO RUBI 25G FAB,CORANTE NEOCOLOR VERMELHO RUBI FAB,6456,CX 06,25.0,G,25.0,G,,False,28,,2026-08-26 17:43:02,https://casagarciafortaleza.com.br/index.php,VALIDO
Casa Garcia Gourmet,Confeitaria,CORANTE PO AMARELO GEMA 1KG LA RECETTE,CORANTE PO AMARELO GEMA LA RECETTE,371,CX 22,1.0,KG,1000.0,G,,False,28,,2026-08-26 17:43:02,https://casagarciafortaleza.com.br/index.php,VALIDO
Casa Garcia Gourmet,Confeitaria,CORANTE SOFTGEL AMARELO 25G FAB,CORANTE SOFTGEL AMARELO FAB,6392,CX 06,25.0,G,25.0,G,,False,28,,2026-08-26 17:43:02,https://casagarciafortaleza.com.br/index.php,VALIDO
Casa Garcia Gourmet,Confeitaria,CORANTE SOFTGEL AMARELO 60G,CORANTE SOFTGEL AMARELO,379,PC 06,60.0,G,60.0,G,,False,28,,2026-08-26 17:43:02,https://casagarciafortaleza.com.br/index.php,VALIDO
Casa Garcia Gourmet,Confeitaria,CORANTE SOFTGEL AMARELO GEMA 25G FAB,CORANTE SOFTGEL AMARELO GEMA FAB,7862,CX 06,25.0,G,25.0,G,,False,28,,2026-08-26 17:43:02,https://casagarciafortaleza.com.br/index.php,VALIDO
Casa Garcia Gourmet,Confeitaria,CORANTE SOFTGEL AMARELO GEMA 60G,CORANTE SOFTGEL AMARELO GEMA,3046,CX 06,60.0,G,60.0,G,,False,28,,2026-08-26 17:43:02,https://casagarciafortaleza.com.br/index.php,VALIDO
Casa Garcia Gourmet,Confeitaria,CORANTE SOFTGEL AZUL 25G FAB,CORANTE SOFTGEL AZUL FAB,6393,CX 06,25.0,G,25.0,G,,False,28,,2026-08-26 17:43:02,https://casagarciafortaleza.com.br/index.php,VALIDO
Casa Garcia Gourmet,Confeitaria,CORANTE SOFTGEL AZUL 60G,CORANTE SOFTGEL AZUL,374,PC 06,60.0,G,60.0,G,,False,28,,2026-08-26 17:43:02,https://casagarciafortaleza.com.br/index.php,VALIDO
Casa Garcia Gourmet,Confeitaria,CORANTE SOFTGEL AZUL JEANS 60G,CORANTE SOFTGEL AZUL JEANS,845,CX 06,60.0,G,60.0,G,,False,28,,2026-08-26 17:43:02,https://casagarciafortaleza.com.br/index.php,VALIDO
Casa Garcia Gourmet,Confeitaria,CORANTE SOFTGEL AZUL MARINHO 25G FAB,CORANTE SOFTGEL AZUL MARINHO FAB,6457,CX 06,25.0,G,25.0,G,,False,28,,2026-08-26 17:43:02,https://casagarciafortaleza.com.br/index.php,VALIDO
Casa Garcia Gourmet,Confeitaria,CORANTE SOFTGEL AZUL MARINHO 60G,CORANTE SOFTGEL AZUL MARINHO,840,CX 06,60.0,G,60.0,G,,False,28,,2026-08-26 17:43:02,https://casagarciafortaleza.com.br/index.php,VALIDO
Casa Garcia Gourmet,Confeitaria,CORANTE SOFTGEL AZUL ROYAL 25G FAB,CORANTE SOFTGEL AZUL ROYAL FAB,7863,CX 06,25.0,G,25.0,G,,False,28,,2026-08-26 17:43:02,https://casagarciafortaleza.com.br/index.php,VALIDO
Casa Garcia Gourmet,Confeitaria,CORANTE SOFTGEL AZUL TIFFANY 25G FAB,CORANTE SOFTGEL AZUL TIFFANY FAB,6458,CX 06,25.0,G,25.0,G,,False,29,,2026-08-26 17:43:04,https://casagarciafortaleza.com.br/index.php,VALIDO
Casa Garcia Gourmet,Confeitaria,CORANTE SOFTGEL AZUL TURQUESA 60G,CORANTE SOFTGEL AZUL TURQUESA,3043,CX 06,60.0,G,60.0,G,,False,29,,2026-08-26 17:43:04,https://casagarciafortaleza.com.br/index.php,VALIDO
Casa Garcia Gourmet,Confeitaria,CORANTE SOFTGEL BRANCO 25G FAB,CORANTE SOFTGEL BRANCO FAB,7864,CX 06,25.0,G,25.0,G,,False,29,,2026-08-26 17:43:04,https://casagarciafortaleza.com.br/index.php,VALIDO
Casa Garcia Gourmet,Confeitaria,CORANTE SOFTGEL BRANCO 60G,CORANTE SOFTGEL BRANCO,3045,CX 06,60.0,G,60.0,G,,False,29,,2026-08-26 17:43:04,https://casagarciafortaleza.com.br/index.php,VALIDO
Casa Garcia Gourmet,Confeitaria,CORANTE SOFTGEL CORAL 60G,CORANTE SOFTGEL CORAL,1113,CX 06,60.0,G,60.0,G,,False,29,,2026-08-26 17:43:04,https://casagarciafortaleza.com.br/index.php,VALIDO
Casa Garcia Gourmet,Confeitaria,CORANTE SOFTGEL LARANJA 25G FAB,CORANTE SOFTGEL LARANJA FAB,6459,CX 06,25.0,G,25.0,G,,False,29,,2026-08-26 17:43:04,https://casagarciafortaleza.com.br/index.php,VALIDO
Casa Garcia Gourmet,Confeitaria,CORANTE SOFTGEL LARANJA 60G,CORANTE SOFTGEL LARANJA,3040,PC 06,60.0,G,60.0,G,,False,29,,2026-08-26 17:43:04,https://casagarciafortaleza.com.br/index.php,VALIDO
Casa Garcia Gourmet,Confeitaria,CORANTE SOFTGEL LILAS 25G FAB,CORANTE SOFTGEL LILAS FAB,6422,CX 06,25.0,G,25.0,G,,False,29,,2026-08-26 17:43:04,https://casagarciafortaleza.com.br/index.php,VALIDO
Casa Garcia Gourmet,Confeitaria,CORANTE SOFTGEL MARFIM 60G,CORANTE SOFTGEL MARFIM,3049,CX 06,60.0,G,60.0,G,,False,29,,2026-08-26 17:43:04,https://casagarciafortaleza.com.br/index.php,VALIDO
Casa Garcia Gourmet,Confeitaria,CORANTE SOFTGEL MARROM 25G FAB,CORANTE SOFTGEL MARROM FAB,6423,CX 06,25.0,G,25.0,G,,False,29,,2026-08-26 17:43:04,https://casagarciafortaleza.com.br/index.php,VALIDO
Casa Garcia Gourmet,Confeitaria,CORANTE SOFTGEL MARROM 60G,CORANTE SOFTGEL MARROM,3042,PC 06,60.0,G,60.0,G,,False,29,,2026-08-26 17:43:04,https://casagarciafortaleza.com.br/index.php,VALIDO
Casa Garcia Gourmet,Confeitaria,CORANTE SOFTGEL PINK 25G FAB,CORANTE SOFTGEL PINK FAB,6460,CX 06,25.0,G,25.0,G,,False,29,,2026-08-26 17:43:04,https://casagarciafortaleza.com.br/index.php,VALIDO
Casa Garcia Gourmet,Confeitaria,CORANTE SOFTGEL PRETO 60G,CORANTE SOFTGEL PRETO,376,PC 05,60.0,G,60.0,G,,False,30,,2026-08-26 17:43:05,https://casagarciafortaleza.com.br/index.php,VALIDO
Casa Garcia Gourmet,Confeitaria,CORANTE SOFTGEL ROSA 25G FAB,CORANTE SOFTGEL ROSA FAB,6396,CX 06,25.0,G,25.0,G,,False,30,,2026-08-26 17:43:05,https://casagarciafortaleza.com.br/index.php,VALIDO
Casa Garcia Gourmet,Confeitaria,CORANTE SOFTGEL ROSA BEBE 60G,CORANTE SOFTGEL ROSA BEBE,375,PC 06,60.0,G,60.0,G,,False,30,,2026-08-26 17:43:05,https://casagarciafortaleza.com.br/index.php,VALIDO
Casa Garcia Gourmet,Confeitaria,CORANTE SOFTGEL ROSA BONECA 60G,CORANTE SOFTGEL ROSA BONECA,1325,CX 06,60.0,G,60.0,G,,False,30,,2026-08-26 17:43:05,https://casagarciafortaleza.com.br/index.php,VALIDO
Casa Garcia Gourmet,Confeitaria,CORANTE SOFTGEL ROSA CHICLETE 60G,CORANTE SOFTGEL ROSA CHICLETE,838,CX 06,60.0,G,60.0,G,,False,30,,2026-08-26 17:43:05,https://casagarciafortaleza.com.br/index.php,VALIDO
Casa Garcia Gourmet,Confeitaria,CORANTE SOFTGEL ROSA PINK 60G,CORANTE SOFTGEL ROSA PINK,3047,CX 06,60.0,G,60.0,G,,False,30,,2026-08-26 17:43:05,https://casagarciafortaleza.com.br/index.php,VALIDO
Casa Garcia Gourmet,Confeitaria,CORANTE SOFTGEL ROSA SECO 25G FAB,CORANTE SOFTGEL ROSA SECO FAB,6461,CX 06,25.0,G,25.0,G,,False,30,,2026-08-26 17:43:05,https://casagarciafortaleza.com.br/index.php,VALIDO
Casa Garcia Gourmet,Confeitaria,CORANTE SOFTGEL ROSA SECO 60G,CORANTE SOFTGEL ROSA SECO,1114,CX 06,60.0,G,60.0,G,,False,30,,2026-08-26 17:43:05,https://casagarciafortaleza.com.br/index.php,VALIDO
Casa Garcia Gourmet,Confeitaria,CORANTE SOFTGEL ROXO 25G FAB,CORANTE SOFTGEL ROXO FAB,6462,CX 06,25.0,G,25.0,G,,False,30,,2026-08-26 17:43:05,https://casagarciafortaleza.com.br/index.php,VALIDO
Casa Garcia Gourmet,Confeitaria,CORANTE SOFTGEL ROXO UVA 60G,CORANTE SOFTGEL ROXO UVA,839,CX 06,60.0,G,60.0,G,,False,30,,2026-08-26 17:43:05,https://casagarciafortaleza.com.br/index.php,VALIDO
Casa Garcia Gourmet,Confeitaria,CORANTE SOFTGEL SUPER PRETO 25G FAB,CORANTE SOFTGEL SUPER PRETO FAB,6394,CX 06,25.0,G,25.0,G,,False,30,,2026-08-26 17:43:05,https://casagarciafortaleza.com.br/index.php,VALIDO
Casa Garcia Gourmet,Confeitaria,CORANTE SOFTGEL SUPER VERMELHO 25G FAB,CORANTE SOFTGEL SUPER VERMELHO FAB,6395,CX 06,25.0,G,25.0,G,,False,30,,2026-08-26 17:43:05,https://casagarciafortaleza.com.br/index.php,VALIDO
Casa Garcia Gourmet,Confeitaria,CORANTE SOFTGEL VERDE 25G FAB,CORANTE SOFTGEL VERDE FAB,6397,CX 06,25.0,G,25.0,G,,False,31,,2026-08-26 17:43:06,https://casagarciafortaleza.com.br/index.php,VALIDO
Casa Garcia Gourmet,Confeitaria,CORANTE SOFTGEL VERDE 60G,CORANTE SOFTGEL VERDE,377,PC 06,60.0,G,60.0,G,,False,31,,2026-08-26 17:43:06,https://casagarciafortaleza.com.br/index.php,VALIDO
Casa Garcia Gourmet,Confeitaria,CORANTE SOFTGEL VERDE FOLHA 25G FAB,CORANTE SOFTGEL VERDE FOLHA FAB,6463,CX 06,25.0,G,25.0,G,,False,31,,2026-08-26 17:43:06,https://casagarciafortaleza.com.br/index.php,VALIDO
Casa Garcia Gourmet,Confeitaria,CORANTE SOFTGEL VERDE FOLHA 60G,CORANTE SOFTGEL VERDE FOLHA,3044,CX 06,60.0,G,60.0,G,,False,31,,2026-08-26 17:43:06,https://casagarciafortaleza.com.br/index.php,VALIDO
Casa Garcia Gourmet,Confeitaria,CORANTE SOFTGEL VERDE LIMAO 25G FAB,CORANTE SOFTGEL VERDE LIMAO FAB,7852,CX 06,25.0,G,25.0,G,,False,31,,2026-08-26 17:43:06,https://casagarciafortaleza.com.br/index.php,VALIDO
Casa Garcia Gourmet,Confeitaria,CORANTE SOFTGEL VERDE LIMAO 60G,CORANTE SOFTGEL VERDE LIMAO,3048,CX 06,60.0,G,60.0,G,,False,31,,2026-08-26 17:43:06,https://casagarciafortaleza.com.br/index.php,VALIDO
Casa Garcia Gourmet,Confeitaria,CORANTE SOFTGEL VERDE MENTA 25G FAB,CORANTE SOFTGEL VERDE MENTA FAB,6464,CX 06,25.0,G,25.0,G,,False,31,,2026-08-26 17:43:06,https://casagarciafortaleza.com.br/index.php,VALIDO
Casa Garcia Gourmet,Confeitaria,CORANTE SOFTGEL VERDE MENTA 60G,CORANTE SOFTGEL VERDE MENTA,9388,CX 06,60.0,G,60.0,G,,False,31,,2026-08-26 17:43:06,https://casagarciafortaleza.com.br/index.php,VALIDO
Casa Garcia Gourmet,Confeitaria,CORANTE SOFTGEL VERDE SECO 60G,CORANTE SOFTGEL VERDE SECO,837,CX 06,60.0,G,60.0,G,,False,31,,2026-08-26 17:43:06,https://casagarciafortaleza.com.br/index.php,VALIDO
Casa Garcia Gourmet,Confeitaria,CORANTE SOFTGEL VERMELHO 60G,CORANTE SOFTGEL VERMELHO,378,CX 06,60.0,G,60.0,G,,False,31,,2026-08-26 17:43:06,https://casagarciafortaleza.com.br/index.php,VALIDO
Casa Garcia Gourmet,Confeitaria,CORANTE SOFTGEL VERMELHO MARSALA 60G,CORANTE SOFTGEL VERMELHO MARSALA,848,CX 06,60.0,G,60.0,G,,False,31,,2026-08-26 17:43:06,https://casagarciafortaleza.com.br/index.php,VALIDO
Casa Garcia Gourmet,Confeitaria,CORANTE SOFTGEL VERMELHO NATAL 25G FAB,CORANTE SOFTGEL VERMELHO NATAL FAB,6465,CX 06,25.0,G,25.0,G,,False,31,,2026-08-26 17:43:06,https://casagarciafortaleza.com.br/index.php,VALIDO
Casa Garcia Gourmet,Confeitaria,CORANTE SOFTGEL VERMELHO RUBI 25G FAB,CORANTE SOFTGEL VERMELHO RUBI FAB,6466,CX 06,25.0,G,25.0,G,,False,32,,2026-08-26 17:43:07,https://casagarciafortaleza.com.br/index.php,VALIDO
Casa Garcia Gourmet,Confeitaria,CORANTE SOFTGEL VIOLETA 60G,CORANTE SOFTGEL VIOLETA,3041,CX 06,60.0,G,60.0,G,,False,32,,2026-08-26 17:43:07,https://casagarciafortaleza.com.br/index.php,VALIDO
Casa Garcia Gourmet,Confeitaria,"CREME AVELA CACAU VABENE 1,01KG BISNAGA",CREME AVELA CACAU VABENE BISNAGA,9657,CX 09,1.01,KG,1010.0,G,,False,32,,2026-08-26 17:43:07,https://casagarciafortaleza.com.br/index.php,VALIDO
Casa Garcia Gourmet,Confeitaria,"CREME AVELA COM CACAU VABENE 1,01KG POTE",CREME AVELA COM CACAU VABENE POTE,9704,CX 06,1.01,KG,1010.0,G,,False,32,,2026-08-26 17:43:07,https://casagarciafortaleza.com.br/index.php,VALIDO
Casa Garcia Gourmet,Confeitaria,CREME AVELA COM CACAU VABENE 250G POTE,CREME AVELA COM CACAU VABENE POTE,4008,CX 12,250.0,G,250.0,G,,False,32,,2026-08-26 17:43:07,https://casagarciafortaleza.com.br/index.php,VALIDO
Casa Garcia Gourmet,Confeitaria,CREME AVELA COM CACAU VABENE 3KG,CREME AVELA COM CACAU VABENE,3993,CX 04,3.0,KG,3000.0,G,,False,32,,2026-08-26 17:43:07,https://casagarciafortaleza.com.br/index.php,VALIDO
Casa Garcia Gourmet,Confeitaria,CREME AVELA COM CACAU VABENE 550G POTE,CREME AVELA COM CACAU VABENE POTE,4009,CX 06,550.0,G,550.0,G,,False,32,,2026-08-26 17:43:07,https://casagarciafortaleza.com.br/index.php,VALIDO
Casa Garcia Gourmet,Confeitaria,CREME CONFEITEIRO EMBRAMIX 1KG,CREME CONFEITEIRO EMBRAMIX,78471,CX 10,1.0,KG,1000.0,G,,False,32,,2026-08-26 17:43:07,https://casagarciafortaleza.com.br/index.php,VALIDO
Casa Garcia Gourmet,Confeitaria,CREME CULINARIO BIANCO BRIO 1L,CREME CULINARIO BIANCO BRIO,10521,CX 12,1.0,L,1000.0,ML,,False,32,,2026-08-26 17:43:07,https://casagarciafortaleza.com.br/index.php,VALIDO
Casa Garcia Gourmet,Confeitaria,CREME GANACHE AO LEITE 4KG MELKEN,CREME GANACHE AO LEITE MELKEN,5453,CX 04,4.0,KG,4000.0,G,,False,32,,2026-08-26 17:43:07,https://casagarciafortaleza.com.br/index.php,VALIDO
Casa Garcia Gourmet,Confeitaria,CREME GANACHE AO LEITE 4KG MIX,CREME GANACHE AO LEITE MIX,6033,CX 04,4.0,KG,4000.0,G,,False,32,,2026-08-26 17:43:07,https://casagarciafortaleza.com.br/index.php,VALIDO
Casa Garcia Gourmet,Confeitaria,CREME GANACHE BRANCO 4KG MELKEN,CREME GANACHE BRANCO MELKEN,5104,CX 04,4.0,KG,4000.0,G,,False,32,,2026-08-26 17:43:07,https://casagarciafortaleza.com.br/index.php,VALIDO
Casa Garcia Gourmet,Confeitaria,CREME GANACHE BRANCO 4KG MIX,CREME GANACHE BRANCO MIX,6168,CX 04,4.0,KG,4000.0,G,,False,33,,2026-08-26 17:43:08,https://casagarciafortaleza.com.br/index.php,VALIDO
Casa Garcia Gourmet,Confeitaria,CREME GANACHE M AMARGO 4KG MELKEN,CREME GANACHE M AMARGO MELKEN,5105,CX 04,4.0,KG,4000.0,G,,False,33,,2026-08-26 17:43:08,https://casagarciafortaleza.com.br/index.php,VALIDO
Casa Garcia Gourmet,Confeitaria,CREME GANACHE MEIO AMARGO 4KG MIX,CREME GANACHE MEIO AMARGO MIX,6050,CX 04,4.0,KG,4000.0,G,,False,33,,2026-08-26 17:43:08,https://casagarciafortaleza.com.br/index.php,VALIDO
Casa Garcia Gourmet,Confeitaria,CREME RECHEIO 1KG,CREME RECHEIO,212,CX 12,1.0,KG,1000.0,G,,False,33,,2026-08-26 17:43:08,https://casagarciafortaleza.com.br/index.php,VALIDO
Casa Garcia Gourmet,Confeitaria,"CROCANTE CARAMELLO SALATO VABENE 1,05KG",CROCANTE CARAMELLO SALATO VABENE,9697,CX 06,1.05,KG,1050.0,G,,False,33,,2026-08-26 17:43:08,https://casagarciafortaleza.com.br/index.php,VALIDO
Casa Garcia Gourmet,Confeitaria,"CROCANTE CASTANHA DE CAJU VABENE 1,05KG",CROCANTE CASTANHA DE CAJU VABENE,3973,CX 06,1.05,KG,1050.0,G,,False,33,,2026-08-26 17:43:08,https://casagarciafortaleza.com.br/index.php,VALIDO
Casa Garcia Gourmet,Confeitaria,"CROCANTE DE AMENDOIM FINO VABENE 1,05KG",CROCANTE DE AMENDOIM FINO VABENE,9698,CX 06,1.05,KG,1050.0,G,,False,33,,2026-08-26 17:43:08,https://casagarciafortaleza.com.br/index.php,VALIDO
Casa Garcia Gourmet,Confeitaria,"CROCANTE DE AMENDOIM VABENE 1,05KG",CROCANTE DE AMENDOIM VABENE,3972,CX 06,1.05,KG,1050.0,G,,False,33,,2026-08-26 17:43:08,https://casagarciafortaleza.com.br/index.php,VALIDO
Casa Garcia Gourmet,Confeitaria,"CROCANTE DE AMENDOIM VABENE 2,5KG",CROCANTE DE AMENDOIM VABENE,3990,CX 04,2.5,KG,2500.0,G,,False,33,,2026-08-26 17:43:08,https://casagarciafortaleza.com.br/index.php,VALIDO
Casa Garcia Gourmet,Confeitaria,"CROCANTE DOCE DE LEITE VABENE 1,05KG",CROCANTE DOCE DE LEITE VABENE,3980,CX 06,1.05,KG,1050.0,G,,False,33,,2026-08-26 17:43:08,https://casagarciafortaleza.com.br/index.php,VALIDO
Casa Garcia Gourmet,Confeitaria,DESMOLDANTE SPRAY 180ML ECO UNTAFACIL,DESMOLDANTE SPRAY ECO UNTAFACIL,6867,CX 12,180.0,ML,180.0,ML,,False,33,,2026-08-26 17:43:08,https://casagarciafortaleza.com.br/index.php,VALIDO
Casa Garcia Gourmet,Confeitaria,DESMOLDANTE SPRAY 180ML UNTAFACIL,DESMOLDANTE SPRAY UNTAFACIL,6870,CX 12,180.0,ML,180.0,ML,,False,33,,2026-08-26 17:43:08,https://casagarciafortaleza.com.br/index.php,VALIDO
Casa Garcia Gourmet,Confeitaria,DESMOLDANTE SPRAY 400ML ECO UNTAFACIL,DESMOLDANTE SPRAY ECO UNTAFACIL,6868,CX 12,400.0,ML,400.0,ML,,False,34,,2026-08-26 17:43:09,https://casagarciafortaleza.com.br/index.php,VALIDO
Casa Garcia Gourmet,Confeitaria,DESMOLDANTE SPRAY 400ML UNTAFACIL,DESMOLDANTE SPRAY UNTAFACIL,6872,CX 12,400.0,ML,400.0,ML,,False,34,,2026-08-26 17:43:09,https://casagarciafortaleza.com.br/index.php,VALIDO
Casa Garcia Gourmet,Confeitaria,DESMOLDANTE SPRAY 600ML ECO UNTAFACIL,DESMOLDANTE SPRAY ECO UNTAFACIL,6869,CX 12,600.0,ML,600.0,ML,,False,34,,2026-08-26 17:43:09,https://casagarciafortaleza.com.br/index.php,VALIDO
Casa Garcia Gourmet,Confeitaria,DESMOLDANTE SPRAY 600ML UNTAFACIL,DESMOLDANTE SPRAY UNTAFACIL,6866,CX 12,600.0,ML,600.0,ML,,False,34,,2026-08-26 17:43:09,https://casagarciafortaleza.com.br/index.php,VALIDO
Casa Garcia Gourmet,Confeitaria,"DOCE DE BANANA E MACA CREM 1,01G AUREA",DOCE DE BANANA E MACA CREM AUREA,3787,CX 12,1.01,G,1.01,G,,False,34,,2026-08-26 17:43:09,https://casagarciafortaleza.com.br/index.php,VALIDO
Casa Garcia Gourmet,Confeitaria,"DOCE DE GOIABA E MACA CREM 1,01KG AUREA",DOCE DE GOIABA E MACA CREM AUREA,3784,CX 12,1.01,KG,1010.0,G,,False,34,,2026-08-26 17:43:09,https://casagarciafortaleza.com.br/index.php,VALIDO
Casa Garcia Gourmet,Confeitaria,"DOCE DE LEITE 4,5KG BOCARDO",DOCE DE LEITE BOCARDO,4939,CX 01,4.5,KG,4500.0,G,,False,34,,2026-08-26 17:43:09,https://casagarciafortaleza.com.br/index.php,VALIDO
Casa Garcia Gourmet,Confeitaria,"DOCE DE LEITE C/CHOC 4,8KG AUREA CHOCAU",DOCE DE LEITE C CHOC AUREA CHOCAU,4860,CX 01,4.8,KG,4800.0,G,,False,34,,2026-08-26 17:43:09,https://casagarciafortaleza.com.br/index.php,VALIDO
Casa Garcia Gourmet,Confeitaria,"DOCE DE LEITE CHOCAU 1,01KG BISNAGA AUREA",DOCE DE LEITE CHOCAU BISNAGA AUREA,4991,CX 06,1.01,KG,1010.0,G,,False,34,,2026-08-26 17:43:09,https://casagarciafortaleza.com.br/index.php,VALIDO
Casa Garcia Gourmet,Confeitaria,"DOCE DE LEITE CLASSICO 9,8KG AUREA",DOCE DE LEITE CLASSICO AUREA,2110,UN 01,9.8,KG,9800.0,G,,False,34,,2026-08-26 17:43:09,https://casagarciafortaleza.com.br/index.php,VALIDO
Casa Garcia Gourmet,Confeitaria,DOCE DE LEITE CLASSICO 950G AUREA,DOCE DE LEITE CLASSICO AUREA,2111,CX 12,950.0,G,950.0,G,,False,34,,2026-08-26 17:43:09,https://casagarciafortaleza.com.br/index.php,VALIDO
Casa Garcia Gourmet,Confeitaria,"DOCE DE LEITE CONF 1,01KG BISNAGA AUREA",DOCE DE LEITE CONF BISNAGA AUREA,4990,CX 06,1.01,KG,1010.0,G,,False,34,,2026-08-26 17:43:09,https://casagarciafortaleza.com.br/index.php,VALIDO
Casa Garcia Gourmet,Confeitaria,"DOCE DE LEITE SEM AMIDO 4,5KG AUREA",DOCE DE LEITE SEM AMIDO AUREA,8541,UN 01,4.5,KG,4500.0,G,,False,35,,2026-08-26 17:43:10,https://casagarciafortaleza.com.br/index.php,VALIDO
Casa Garcia Gourmet,Confeitaria,"DOCE DE LEITE SEM AMIDO 9,8KG AUREA",DOCE DE LEITE SEM AMIDO AUREA,8540,CX 12,9.8,KG,9800.0,G,,False,35,,2026-08-26 17:43:10,https://casagarciafortaleza.com.br/index.php,VALIDO
Casa Garcia Gourmet,Confeitaria,"DOCE DE LEITE ZERO ACUCAR RMINAS 1,01KG",DOCE DE LEITE ZERO ACUCAR RMINAS,8259,CX 12,1.01,KG,1010.0,G,,False,35,,2026-08-26 17:43:10,https://casagarciafortaleza.com.br/index.php,VALIDO
Casa Garcia Gourmet,Confeitaria,"DOCE DE UVA E MACA CREMOSO 1,01KG AUREA",DOCE DE UVA E MACA CREMOSO AUREA,4977,CX 12,1.01,KG,1010.0,G,,False,35,,2026-08-26 17:43:10,https://casagarciafortaleza.com.br/index.php,VALIDO
Casa Garcia Gourmet,Confeitaria,DOCE SORO DE LEITE 1KG BOCARDO,DOCE SORO DE LEITE BOCARDO,4927,CX 12,1.0,KG,1000.0,G,,False,35,,2026-08-26 17:43:10,https://casagarciafortaleza.com.br/index.php,VALIDO
Casa Garcia Gourmet,Confeitaria,"DOCE SORO DE LEITE 4,8KG BOCARDO",DOCE SORO DE LEITE BOCARDO,2106,CX 02,4.8,KG,4800.0,G,,False,35,,2026-08-26 17:43:10,https://casagarciafortaleza.com.br/index.php,VALIDO
Casa Garcia Gourmet,Confeitaria,"DOCE SORO DE LEITE 9,8KG BOCARDO",DOCE SORO DE LEITE BOCARDO,2109,CX 02,9.8,KG,9800.0,G,,False,35,,2026-08-26 17:43:10,https://casagarciafortaleza.com.br/index.php,VALIDO
Casa Garcia Gourmet,Confeitaria,"DOCE SORO DE LEITE BAG 4,8KG BOCARDO",DOCE SORO DE LEITE BAG BOCARDO,4968,CX 02,4.8,KG,4800.0,G,,False,35,,2026-08-26 17:43:10,https://casagarciafortaleza.com.br/index.php,VALIDO
Casa Garcia Gourmet,Confeitaria,"DOCE SORO DE LEITE CHOC 4,8KG BOCARDO",DOCE SORO DE LEITE CHOC BOCARDO,2107,CX 01,4.8,KG,4800.0,G,,False,35,,2026-08-26 17:43:10,https://casagarciafortaleza.com.br/index.php,VALIDO
Casa Garcia Gourmet,Confeitaria,"DOCE SORO DE LEITE CHOC 9,8KG BOCARDO",DOCE SORO DE LEITE CHOC BOCARDO,2108,CX 02,9.8,KG,9800.0,G,,False,35,,2026-08-26 17:43:10,https://casagarciafortaleza.com.br/index.php,VALIDO
Casa Garcia Gourmet,Confeitaria,DOURATTO DOURADOR DE PAES UHT 1L,DOURATTO DOURADOR DE PAES UHT,77907,CX 12,1.0,L,1000.0,ML,,False,35,,2026-08-26 17:43:10,https://casagarciafortaleza.com.br/index.php,VALIDO
Casa Garcia Gourmet,Confeitaria,EMULSAO SABORIZANTE AVELA 60ML,EMULSAO SABORIZANTE AVELA,1313,CX 06,60.0,ML,60.0,ML,,False,35,,2026-08-26 17:43:10,https://casagarciafortaleza.com.br/index.php,VALIDO
Casa Garcia Gourmet,Confeitaria,EMULSAO SABORIZANTE BAUNILHA 60ML,EMULSAO SABORIZANTE BAUNILHA,1317,CX 06,60.0,ML,60.0,ML,,False,36,,2026-08-26 17:43:11,https://casagarciafortaleza.com.br/index.php,VALIDO
Casa Garcia Gourmet,Confeitaria,EMULSAO SABORIZANTE FRUTAS VERM 60ML,EMULSAO SABORIZANTE FRUTAS VERM,1314,CX 06,60.0,ML,60.0,ML,,False,36,,2026-08-26 17:43:11,https://casagarciafortaleza.com.br/index.php,VALIDO
Casa Garcia Gourmet,Confeitaria,EMULSAO SABORIZANTE LARANJA 60ML,EMULSAO SABORIZANTE LARANJA,1311,CX 06,60.0,ML,60.0,ML,,False,36,,2026-08-26 17:43:11,https://casagarciafortaleza.com.br/index.php,VALIDO
Casa Garcia Gourmet,Confeitaria,EMULSAO SABORIZANTE LIMAO 60ML,EMULSAO SABORIZANTE LIMAO,1318,CX 06,60.0,ML,60.0,ML,,False,36,,2026-08-26 17:43:11,https://casagarciafortaleza.com.br/index.php,VALIDO
Casa Garcia Gourmet,Confeitaria,EMULSAO SABORIZANTE MORANGO 60ML,EMULSAO SABORIZANTE MORANGO,1312,CX 06,60.0,ML,60.0,ML,,False,36,,2026-08-26 17:43:11,https://casagarciafortaleza.com.br/index.php,VALIDO
Casa Garcia Gourmet,Confeitaria,EMULSAO SABORIZANTE PISTACHE 60ML,EMULSAO SABORIZANTE PISTACHE,1310,CX 06,60.0,ML,60.0,ML,,False,36,,2026-08-26 17:43:11,https://casagarciafortaleza.com.br/index.php,VALIDO
Casa Garcia Gourmet,Confeitaria,EMULSAO SABORIZANTE RUM 60ML,EMULSAO SABORIZANTE RUM,1309,CX 06,60.0,ML,60.0,ML,,False,36,,2026-08-26 17:43:11,https://casagarciafortaleza.com.br/index.php,VALIDO
Casa Garcia Gourmet,Confeitaria,EMULSIFICANTE 13KG LARECETTE,EMULSIFICANTE LARECETTE,2302,UN 01,13.0,KG,13000.0,G,,False,36,,2026-08-26 17:43:11,https://casagarciafortaleza.com.br/index.php,VALIDO
Casa Garcia Gourmet,Confeitaria,EMULSIFICANTE 1KG LA RECETTE,EMULSIFICANTE LA RECETTE,2299,CX 12,1.0,KG,1000.0,G,,False,36,,2026-08-26 17:43:11,https://casagarciafortaleza.com.br/index.php,VALIDO
Casa Garcia Gourmet,Confeitaria,EMULSIFICANTE 3KG LARECETTE,EMULSIFICANTE LARECETTE,2301,CX 01,3.0,KG,3000.0,G,,False,36,,2026-08-26 17:43:11,https://casagarciafortaleza.com.br/index.php,VALIDO
Casa Garcia Gourmet,Confeitaria,EMULSIFICANTE CONFEITEIR NEUTRO 3KG MIX,EMULSIFICANTE CONFEITEIR NEUTRO MIX,80185,CX 04,3.0,KG,3000.0,G,,False,36,,2026-08-26 17:43:11,https://casagarciafortaleza.com.br/index.php,VALIDO
Casa Garcia Gourmet,Confeitaria,EMULSIFICANTE CX 20KG LARECETTE,EMULSIFICANTE CX LARECETTE,2297,CX 01,20.0,KG,20000.0,G,,False,36,,2026-08-26 17:43:11,https://casagarciafortaleza.com.br/index.php,VALIDO
Casa Garcia Gourmet,Confeitaria,ESCAMAS CROC SABOR CHOCOLATE 500G,ESCAMAS CROC SABOR CHOCOLATE,5519,CX 24,500.0,G,500.0,G,,False,37,,2026-08-26 17:43:13,https://casagarciafortaleza.com.br/index.php,VALIDO
Casa Garcia Gourmet,Confeitaria,ESSENCIA BAUNILHA 960ML ARCOLOR,ESSENCIA BAUNILHA ARCOLOR,6253,pc06,960.0,ML,960.0,ML,,False,37,,2026-08-26 17:43:13,https://casagarciafortaleza.com.br/index.php,VALIDO
Casa Garcia Gourmet,Confeitaria,ESSENCIA BAUNILHA BRANCA960ML ARCOLOR,ESSENCIA BAUNILHA BRANCA ARCOLOR,6254,pc06,960.0,ML,960.0,ML,,False,37,,2026-08-26 17:43:13,https://casagarciafortaleza.com.br/index.php,VALIDO
Casa Garcia Gourmet,Confeitaria,ESSENCIA CEBOLA 960ML ARCOLOR,ESSENCIA CEBOLA ARCOLOR,10226,CX 06,960.0,ML,960.0,ML,,False,37,,2026-08-26 17:43:13,https://casagarciafortaleza.com.br/index.php,VALIDO
Casa Garcia Gourmet,Confeitaria,ESSENCIA COCO 960ML ARCOLOR,ESSENCIA COCO ARCOLOR,10207,cx06,960.0,ML,960.0,ML,,False,37,,2026-08-26 17:43:13,https://casagarciafortaleza.com.br/index.php,VALIDO
Casa Garcia Gourmet,Confeitaria,ESSENCIA LARANJA 960ML ARCOLOR,ESSENCIA LARANJA ARCOLOR,10208,cx06,960.0,ML,960.0,ML,,False,37,,2026-08-26 17:43:13,https://casagarciafortaleza.com.br/index.php,VALIDO
Casa Garcia Gourmet,Confeitaria,ESSENCIA LIMAO 960ML ARCOLOR,ESSENCIA LIMAO ARCOLOR,342,cx06,960.0,ML,960.0,ML,,False,37,,2026-08-26 17:43:13,https://casagarciafortaleza.com.br/index.php,VALIDO
Casa Garcia Gourmet,Confeitaria,ESSENCIA MANTEIGA 960ML ARCOLOR,ESSENCIA MANTEIGA ARCOLOR,10209,cx06,960.0,ML,960.0,ML,,False,37,,2026-08-26 17:43:13,https://casagarciafortaleza.com.br/index.php,VALIDO
Casa Garcia Gourmet,Confeitaria,ESSENCIA QUEIJO 960ML ARCOLOR,ESSENCIA QUEIJO ARCOLOR,10227,CX 06,960.0,ML,960.0,ML,,False,37,,2026-08-26 17:43:13,https://casagarciafortaleza.com.br/index.php,VALIDO
Casa Garcia Gourmet,Confeitaria,"FARINHA DE AMENDOIM VABENE 1,05KG",FARINHA DE AMENDOIM VABENE,3978,CX 12,1.05,KG,1050.0,G,,False,37,,2026-08-26 17:43:13,https://casagarciafortaleza.com.br/index.php,VALIDO
Casa Garcia Gourmet,Confeitaria,FARINHA DE TRIGO COM FERMENTO FINNA 1KG,FARINHA DE TRIGO COM FERMENTO FINNA,9952,CX 10,1.0,KG,1000.0,G,,False,37,,2026-08-26 17:43:13,https://casagarciafortaleza.com.br/index.php,VALIDO
Casa Garcia Gourmet,Confeitaria,FARINHA DE TRIGO TIPO 1 FINNA 1KG,FARINHA DE TRIGO TIPO 1 FINNA,9655,CX 10,1.0,KG,1000.0,G,,False,37,,2026-08-26 17:43:13,https://casagarciafortaleza.com.br/index.php,VALIDO
Casa Garcia Gourmet,Confeitaria,"FAROFA CROC DE AMENDOIM VABENE 1,05KG",FAROFA CROC DE AMENDOIM VABENE,3979,CX 12,1.05,KG,1050.0,G,,False,38,,2026-08-26 17:43:14,https://casagarciafortaleza.com.br/index.php,VALIDO
Casa Garcia Gourmet,Confeitaria,FERMENTO EM PO QUIMICO 900G EMBRAMIX,FERMENTO EM PO QUIMICO EMBRAMIX,79561,CX 10,900.0,G,900.0,G,,False,38,,2026-08-26 17:43:14,https://casagarciafortaleza.com.br/index.php,VALIDO
Casa Garcia Gourmet,Confeitaria,FERMENTO PO QUIMICO 20KG,FERMENTO PO QUIMICO,134,SC 01,20.0,KG,20000.0,G,,False,38,,2026-08-26 17:43:14,https://casagarciafortaleza.com.br/index.php,VALIDO
Casa Garcia Gourmet,Confeitaria,FERMENTO PO QUIMICO 2KG,FERMENTO PO QUIMICO,133,CX 10,2.0,KG,2000.0,G,,False,38,,2026-08-26 17:43:14,https://casagarciafortaleza.com.br/index.php,VALIDO
Casa Garcia Gourmet,Confeitaria,FERMENTO QUIMICO EM PO 1KG BIGMIX,FERMENTO QUIMICO EM PO BIGMIX,493,SC 16,1.0,KG,1000.0,G,,False,38,,2026-08-26 17:43:14,https://casagarciafortaleza.com.br/index.php,VALIDO
Casa Garcia Gourmet,Confeitaria,FLOCOS CROCANT SABOR CHOC MIL CORES 500G,FLOCOS CROCANT SABOR CHOC MIL CORES,2278,CX 20,500.0,G,500.0,G,,False,38,,2026-08-26 17:43:14,https://casagarciafortaleza.com.br/index.php,VALIDO
Casa Garcia Gourmet,Confeitaria,FLOCOS DE ARROZ TOP 500G,FLOCOS DE ARROZ TOP,5482,CX 10,500.0,G,500.0,G,,False,38,,2026-08-26 17:43:14,https://casagarciafortaleza.com.br/index.php,VALIDO
Casa Garcia Gourmet,Confeitaria,FLOCOS DE CEREAIS CROC 400G,FLOCOS DE CEREAIS CROC,2257,CX 10,400.0,G,400.0,G,,False,38,,2026-08-26 17:43:14,https://casagarciafortaleza.com.br/index.php,VALIDO
Casa Garcia Gourmet,Confeitaria,FLOCOS MACIO BRANCO MIL CORES 500G,FLOCOS MACIO BRANCO MIL CORES,9174,CX 20,500.0,G,500.0,G,,False,38,,2026-08-26 17:43:14,https://casagarciafortaleza.com.br/index.php,VALIDO
Casa Garcia Gourmet,Confeitaria,FLOCOS MACIO SABOR CHOC MIL CORES 500G,FLOCOS MACIO SABOR CHOC MIL CORES,2258,CX 20,500.0,G,500.0,G,,False,38,,2026-08-26 17:43:14,https://casagarciafortaleza.com.br/index.php,VALIDO
Casa Garcia Gourmet,Confeitaria,FLOCOS MACIO VERMELHO 500G,FLOCOS MACIO VERMELHO,80863,CX 18,500.0,G,500.0,G,,False,38,,2026-08-26 17:43:14,https://casagarciafortaleza.com.br/index.php,VALIDO
Casa Garcia Gourmet,Confeitaria,FONDANT 2KG,FONDANT,183,CX 06,2.0,KG,2000.0,G,,False,38,,2026-08-26 17:43:14,https://casagarciafortaleza.com.br/index.php,VALIDO
Casa Garcia Gourmet,Confeitaria,"FORN SABOR CHOC AO LEITE 1,01KG",FORN SABOR CHOC AO LEITE,5509,CX 08,1.01,KG,1010.0,G,,False,39,,2026-08-26 17:43:15,https://casagarciafortaleza.com.br/index.php,VALIDO
Casa Garcia Gourmet,Confeitaria,"FORN SABOR CHOC BRANCO 1,05KG",FORN SABOR CHOC BRANCO,5507,CX 08,1.05,KG,1050.0,G,,False,39,,2026-08-26 17:43:15,https://casagarciafortaleza.com.br/index.php,VALIDO
Casa Garcia Gourmet,Confeitaria,FRUTA CRISTALIZADA 10KG,FRUTA CRISTALIZADA,2265,CX 01,10.0,KG,10000.0,G,,False,39,,2026-08-26 17:43:15,https://casagarciafortaleza.com.br/index.php,VALIDO
Casa Garcia Gourmet,Confeitaria,FRUTA CRISTALIZADA 1KG,FRUTA CRISTALIZADA,2279,CX 10,1.0,KG,1000.0,G,,False,39,,2026-08-26 17:43:15,https://casagarciafortaleza.com.br/index.php,VALIDO
Casa Garcia Gourmet,Confeitaria,G3500-35CJ GARRAFA PET 1.000ML TAMPA PR,G3500 35CJ GARRAFA PET TAMPA PR,8723,UN 01,1.0,ML,1.0,ML,,False,39,,2026-08-26 17:43:15,https://casagarciafortaleza.com.br/index.php,VALIDO
Casa Garcia Gourmet,Confeitaria,GANACHE SABOR CARAMELO TOFFEE VABENE 4KG,GANACHE SABOR CARAMELO TOFFEE VABENE,4018,CX 04,4.0,KG,4000.0,G,,False,39,,2026-08-26 17:43:15,https://casagarciafortaleza.com.br/index.php,VALIDO
Casa Garcia Gourmet,Confeitaria,GEL P/DECORACAO DOURADO 15G FAB,GEL P DECORACAO DOURADO FAB,6367,CX 12,15.0,G,15.0,G,,False,39,,2026-08-26 17:43:15,https://casagarciafortaleza.com.br/index.php,VALIDO
Casa Garcia Gourmet,Confeitaria,GEL P/DECORACAO PEROLADO 15G FAB,GEL P DECORACAO PEROLADO FAB,6369,CX 12,15.0,G,15.0,G,,False,39,,2026-08-26 17:43:15,https://casagarciafortaleza.com.br/index.php,VALIDO
Casa Garcia Gourmet,Confeitaria,GEL P/DECORACAO PRATEADO 15G FAB,GEL P DECORACAO PRATEADO FAB,6368,CX 12,15.0,G,15.0,G,,False,39,,2026-08-26 17:43:15,https://casagarciafortaleza.com.br/index.php,VALIDO
Casa Garcia Gourmet,Confeitaria,GELATINA SEM SABOR TECNUTRI 500G,GELATINA SEM SABOR TECNUTRI,6692,CX 10,500.0,G,500.0,G,,False,39,,2026-08-26 17:43:15,https://casagarciafortaleza.com.br/index.php,VALIDO
Casa Garcia Gourmet,Confeitaria,GELEIA BRILHO E COB CHOCOLATE 4KG AUREA,GELEIA BRILHO E COB CHOCOLATE AUREA,4905,UN 01,4.0,KG,4000.0,G,,False,39,,2026-08-26 17:43:15,https://casagarciafortaleza.com.br/index.php,VALIDO
Casa Garcia Gourmet,Confeitaria,GELEIA BRILHO E COB MARACUJA 4KG AUREA,GELEIA BRILHO E COB MARACUJA AUREA,4951,UN 01,4.0,KG,4000.0,G,,False,39,,2026-08-26 17:43:15,https://casagarciafortaleza.com.br/index.php,VALIDO
Casa Garcia Gourmet,Confeitaria,GELEIA BRILHO E COB MORANGO 4KG AUREA,GELEIA BRILHO E COB MORANGO AUREA,4952,UN 01,4.0,KG,4000.0,G,,False,40,,2026-08-26 17:43:16,https://casagarciafortaleza.com.br/index.php,VALIDO
Casa Garcia Gourmet,Confeitaria,GELEIA BRILHO E COB NEUTRO 4KG AUREA,GELEIA BRILHO E COB NEUTRO AUREA,4950,UN 01,4.0,KG,4000.0,G,,False,40,,2026-08-26 17:43:16,https://casagarciafortaleza.com.br/index.php,VALIDO
Casa Garcia Gourmet,Confeitaria,GELEIA BRILHO MARACUJA 4KG,GELEIA BRILHO MARACUJA,260,PC 04,4.0,KG,4000.0,G,,False,40,,2026-08-26 17:43:16,https://casagarciafortaleza.com.br/index.php,VALIDO
Casa Garcia Gourmet,Confeitaria,GELEIA BRILHO MORANGO C/SEM 4KG,GELEIA BRILHO MORANGO C SEM,261,PC 04,4.0,KG,4000.0,G,,False,40,,2026-08-26 17:43:16,https://casagarciafortaleza.com.br/index.php,VALIDO
Casa Garcia Gourmet,Confeitaria,GELEIA BRILHO MORANGO S/SEM 4KG,GELEIA BRILHO MORANGO S SEM,263,PC 04,4.0,KG,4000.0,G,,False,40,,2026-08-26 17:43:16,https://casagarciafortaleza.com.br/index.php,VALIDO
Casa Garcia Gourmet,Confeitaria,GELEIA BRILHO NEUTRA 4KG,GELEIA BRILHO NEUTRA,262,PC 04,4.0,KG,4000.0,G,,False,40,,2026-08-26 17:43:16,https://casagarciafortaleza.com.br/index.php,VALIDO
Casa Garcia Gourmet,Confeitaria,GEMA DE OVO PAST RESF 1KG,GEMA DE OVO PAST RESF,225,CX 12,1.0,KG,1000.0,G,,False,40,,2026-08-26 17:43:16,https://casagarciafortaleza.com.br/index.php,VALIDO
Casa Garcia Gourmet,Confeitaria,GEMA DE OVO PAST RESF AVINE 1KG,GEMA DE OVO PAST RESF AVINE,681,CX 10,1.0,KG,1000.0,G,,False,40,,2026-08-26 17:43:16,https://casagarciafortaleza.com.br/index.php,VALIDO
Casa Garcia Gourmet,Confeitaria,GLACE REAL EM PO MAVALERIO 500G,GLACE REAL EM PO MAVALERIO,2709,CX 20,500.0,G,500.0,G,,False,40,,2026-08-26 17:43:16,https://casagarciafortaleza.com.br/index.php,VALIDO
Casa Garcia Gourmet,Confeitaria,GLICERINA BRANCA 60G FAB,GLICERINA BRANCA FAB,6349,CX 12,60.0,G,60.0,G,,False,40,,2026-08-26 17:43:16,https://casagarciafortaleza.com.br/index.php,VALIDO
Casa Garcia Gourmet,Confeitaria,GLITTER HOLOGRAFICO AZUL 5G FAB,GLITTER HOLOGRAFICO AZUL FAB,7853,CX 12,5.0,G,5.0,G,,False,40,,2026-08-26 17:43:16,https://casagarciafortaleza.com.br/index.php,VALIDO
Casa Garcia Gourmet,Confeitaria,GLITTER HOLOGRAFICO DOURADO 5G FAB,GLITTER HOLOGRAFICO DOURADO FAB,7854,CX 12,5.0,G,5.0,G,,False,40,,2026-08-26 17:43:16,https://casagarciafortaleza.com.br/index.php,VALIDO
Casa Garcia Gourmet,Confeitaria,GLITTER HOLOGRAFICO LILAS 5G FAB,GLITTER HOLOGRAFICO LILAS FAB,7855,CX 12,5.0,G,5.0,G,,False,41,,2026-08-26 17:43:17,https://casagarciafortaleza.com.br/index.php,VALIDO
Casa Garcia Gourmet,Confeitaria,GLITTER HOLOGRAFICO PINK 5G FAB,GLITTER HOLOGRAFICO PINK FAB,7856,CX 12,5.0,G,5.0,G,,False,41,,2026-08-26 17:43:17,https://casagarciafortaleza.com.br/index.php,VALIDO
Casa Garcia Gourmet,Confeitaria,GLITTER HOLOGRAFICO PRATA 5G FAB,GLITTER HOLOGRAFICO PRATA FAB,7857,CX 12,5.0,G,5.0,G,,False,41,,2026-08-26 17:43:17,https://casagarciafortaleza.com.br/index.php,VALIDO
Casa Garcia Gourmet,Confeitaria,GLITTER HOLOGRAFICO ROSA 5G FAB,GLITTER HOLOGRAFICO ROSA FAB,7858,CX 12,5.0,G,5.0,G,,False,41,,2026-08-26 17:43:17,https://casagarciafortaleza.com.br/index.php,VALIDO
Casa Garcia Gourmet,Confeitaria,GLITTER HOLOGRAFICO ROSA SECO 5G FAB,GLITTER HOLOGRAFICO ROSA SECO FAB,6507,CX 12,5.0,G,5.0,G,,False,41,,2026-08-26 17:43:17,https://casagarciafortaleza.com.br/index.php,VALIDO
Casa Garcia Gourmet,Confeitaria,GLITTER HOLOGRAFICO VERMELHO 5G FAB,GLITTER HOLOGRAFICO VERMELHO FAB,7859,CX 12,5.0,G,5.0,G,,False,41,,2026-08-26 17:43:17,https://casagarciafortaleza.com.br/index.php,VALIDO
Casa Garcia Gourmet,Confeitaria,GLITTER P/DECORACAO AZUL 5G FAB,GLITTER P DECORACAO AZUL FAB,6468,CX 12,5.0,G,5.0,G,,False,41,,2026-08-26 17:43:17,https://casagarciafortaleza.com.br/index.php,VALIDO
Casa Garcia Gourmet,Confeitaria,GLITTER P/DECORACAO AZUL TIFFANY 5G FAB,GLITTER P DECORACAO AZUL TIFFANY FAB,6469,CX 12,5.0,G,5.0,G,,False,41,,2026-08-26 17:43:17,https://casagarciafortaleza.com.br/index.php,VALIDO
Casa Garcia Gourmet,Confeitaria,GLITTER P/DECORACAO CHAMPANHE 5G FAB,GLITTER P DECORACAO CHAMPANHE FAB,6470,CX 12,5.0,G,5.0,G,,False,41,,2026-08-26 17:43:17,https://casagarciafortaleza.com.br/index.php,VALIDO
Casa Garcia Gourmet,Confeitaria,GLITTER P/DECORACAO CRISTAL 5G FAB,GLITTER P DECORACAO CRISTAL FAB,6471,CX 12,5.0,G,5.0,G,,False,41,,2026-08-26 17:43:17,https://casagarciafortaleza.com.br/index.php,VALIDO
Casa Garcia Gourmet,Confeitaria,GLITTER P/DECORACAO DOUR EGIPCIO 5G FAB,GLITTER P DECORACAO DOUR EGIPCIO FAB,6481,CX 12,5.0,G,5.0,G,,False,41,,2026-08-26 17:43:17,https://casagarciafortaleza.com.br/index.php,VALIDO
Casa Garcia Gourmet,Confeitaria,GLITTER P/DECORACAO DOURADO 5G FAB,GLITTER P DECORACAO DOURADO FAB,6472,CX 12,5.0,G,5.0,G,,False,41,,2026-08-26 17:43:17,https://casagarciafortaleza.com.br/index.php,VALIDO
Casa Garcia Gourmet,Confeitaria,GLITTER P/DECORACAO LILAS 5G FAB,GLITTER P DECORACAO LILAS FAB,6482,CX 12,5.0,G,5.0,G,,False,42,,2026-08-26 17:43:18,https://casagarciafortaleza.com.br/index.php,VALIDO
Casa Garcia Gourmet,Confeitaria,GLITTER P/DECORACAO PINK 5G FAB,GLITTER P DECORACAO PINK FAB,6501,CX 12,5.0,G,5.0,G,,False,42,,2026-08-26 17:43:18,https://casagarciafortaleza.com.br/index.php,VALIDO
Casa Garcia Gourmet,Confeitaria,GLITTER P/DECORACAO PRATEADO 5G FAB,GLITTER P DECORACAO PRATEADO FAB,6502,CX 12,5.0,G,5.0,G,,False,42,,2026-08-26 17:43:18,https://casagarciafortaleza.com.br/index.php,VALIDO
Casa Garcia Gourmet,Confeitaria,GLITTER P/DECORACAO PRETO 5G FAB,GLITTER P DECORACAO PRETO FAB,6503,CX 12,5.0,G,5.0,G,,False,42,,2026-08-26 17:43:18,https://casagarciafortaleza.com.br/index.php,VALIDO
Casa Garcia Gourmet,Confeitaria,GLITTER P/DECORACAO ROSA 5G FAB,GLITTER P DECORACAO ROSA FAB,6504,CX 12,5.0,G,5.0,G,,False,42,,2026-08-26 17:43:18,https://casagarciafortaleza.com.br/index.php,VALIDO
Casa Garcia Gourmet,Confeitaria,GLITTER P/DECORACAO VERDE 5G FAB,GLITTER P DECORACAO VERDE FAB,6505,CX 12,5.0,G,5.0,G,,False,42,,2026-08-26 17:43:18,https://casagarciafortaleza.com.br/index.php,VALIDO
Casa Garcia Gourmet,Confeitaria,GLITTER P/DECORACAO VERMELHO 5G FAB,GLITTER P DECORACAO VERMELHO FAB,6506,CX 12,5.0,G,5.0,G,,False,42,,2026-08-26 17:43:18,https://casagarciafortaleza.com.br/index.php,VALIDO
Casa Garcia Gourmet,Confeitaria,GLUCOSE DE MILHO ARCOLOR 1KG,GLUCOSE DE MILHO ARCOLOR,2251,FD 01,1.0,KG,1000.0,G,,False,42,,2026-08-26 17:43:18,https://casagarciafortaleza.com.br/index.php,VALIDO
Casa Garcia Gourmet,Confeitaria,GLUCOSE LA RECETTE 1KG,GLUCOSE LA RECETTE,2294,FD 01,1.0,KG,1000.0,G,,False,42,,2026-08-26 17:43:18,https://casagarciafortaleza.com.br/index.php,VALIDO
Casa Garcia Gourmet,Confeitaria,GLUCOSE LA RECETTE 5KG,GLUCOSE LA RECETTE,2295,CX 12,5.0,KG,5000.0,G,,False,42,,2026-08-26 17:43:18,https://casagarciafortaleza.com.br/index.php,VALIDO
Casa Garcia Gourmet,Confeitaria,"GOIABADA FORNEAVEL R.MINAS 1,01KG",GOIABADA FORNEAVEL R MINAS,8258,CX 12,1.01,KG,1010.0,G,,False,42,,2026-08-26 17:43:18,https://casagarciafortaleza.com.br/index.php,VALIDO
Casa Garcia Gourmet,Confeitaria,GORDURA FRY 14KG GME,GORDURA FRY GME,78852,CX 01,14.0,KG,14000.0,G,,False,42,,2026-08-26 17:43:18,https://casagarciafortaleza.com.br/index.php,VALIDO
Casa Garcia Gourmet,Confeitaria,"GOTA CHIPSHOW BRANCO TOP 1,05KG",GOTA CHIPSHOW BRANCO TOP,5579,CX 10,1.05,KG,1050.0,G,,False,43,,2026-08-26 17:43:19,https://casagarciafortaleza.com.br/index.php,VALIDO
Casa Garcia Gourmet,Confeitaria,"GOTA PINGO CHOC 1,01KG MAVALERIO",GOTA PINGO CHOC MAVALERIO,2239,CX 10,1.01,KG,1010.0,G,,False,43,,2026-08-26 17:43:19,https://casagarciafortaleza.com.br/index.php,VALIDO
Casa Garcia Gourmet,Confeitaria,"GOTA PINGO CHOC 2,5KG MAVALERIO",GOTA PINGO CHOC MAVALERIO,2254,CX 04,2.5,KG,2500.0,G,,False,43,,2026-08-26 17:43:19,https://casagarciafortaleza.com.br/index.php,VALIDO
Casa Garcia Gourmet,Confeitaria,GRANULADO CROC AMARELO 500G MIL CORES,GRANULADO CROC AMARELO MIL CORES,2635,CX 20,500.0,G,500.0,G,,False,43,,2026-08-26 17:43:19,https://casagarciafortaleza.com.br/index.php,VALIDO
Casa Garcia Gourmet,Confeitaria,GRANULADO CROC AZUL 500G MIL CORES,GRANULADO CROC AZUL MIL CORES,2639,CX 10,500.0,G,500.0,G,,False,43,,2026-08-26 17:43:19,https://casagarciafortaleza.com.br/index.php,VALIDO
Casa Garcia Gourmet,Confeitaria,GRANULADO CROC BRANCO 500G MAVALERIO,GRANULADO CROC BRANCO MAVALERIO,2234,PC 10,500.0,G,500.0,G,,False,43,,2026-08-26 17:43:19,https://casagarciafortaleza.com.br/index.php,VALIDO
Casa Garcia Gourmet,Confeitaria,"GRANULADO CROC CHOC 1,01KG MIL CORES",GRANULADO CROC CHOC MIL CORES,2631,CX 10,1.01,KG,1010.0,G,,False,43,,2026-08-26 17:43:19,https://casagarciafortaleza.com.br/index.php,VALIDO
Casa Garcia Gourmet,Confeitaria,GRANULADO CROC CHOC 500G MIL CORES,GRANULADO CROC CHOC MIL CORES,2633,CX 20,500.0,G,500.0,G,,False,43,,2026-08-26 17:43:19,https://casagarciafortaleza.com.br/index.php,VALIDO
Casa Garcia Gourmet,Confeitaria,"GRANULADO CROC COLORIDO 1,01KG MIL CORES",GRANULADO CROC COLORIDO MIL CORES,2632,CX 10,1.01,KG,1010.0,G,,False,43,,2026-08-26 17:43:19,https://casagarciafortaleza.com.br/index.php,VALIDO
Casa Garcia Gourmet,Confeitaria,GRANULADO CROC COLORIDO 500G MIL CORES,GRANULADO CROC COLORIDO MIL CORES,2233,CX 20,500.0,G,500.0,G,,False,43,,2026-08-26 17:43:19,https://casagarciafortaleza.com.br/index.php,VALIDO
Casa Garcia Gourmet,Confeitaria,GRANULADO CROC MESCLADO 500G MIL CORES,GRANULADO CROC MESCLADO MIL CORES,2630,CX 20,500.0,G,500.0,G,,False,43,,2026-08-26 17:43:19,https://casagarciafortaleza.com.br/index.php,VALIDO
Casa Garcia Gourmet,Confeitaria,GRANULADO CROC ROSA 500G MIL CORES,GRANULADO CROC ROSA MIL CORES,2636,CX 10,500.0,G,500.0,G,,False,43,,2026-08-26 17:43:19,https://casagarciafortaleza.com.br/index.php,VALIDO
Casa Garcia Gourmet,Confeitaria,GRANULADO CROC VERDE 500G MIL CORES,GRANULADO CROC VERDE MIL CORES,2637,CX 10,500.0,G,500.0,G,,False,44,,2026-08-26 17:43:21,https://casagarciafortaleza.com.br/index.php,VALIDO
Casa Garcia Gourmet,Confeitaria,GRANULADO CROC VERMELHO 500G MIL CO,GRANULADO CROC VERMELHO MIL CO,2638,CX 10,500.0,G,500.0,G,,False,44,,2026-08-26 17:43:21,https://casagarciafortaleza.com.br/index.php,VALIDO
Casa Garcia Gourmet,Confeitaria,GRANULADO DE CHOC AO LEITE SICAO 300G,GRANULADO DE CHOC AO LEITE SICAO,9047,CX 12,300.0,G,300.0,G,,False,44,,2026-08-26 17:43:21,https://casagarciafortaleza.com.br/index.php,VALIDO
Casa Garcia Gourmet,Confeitaria,GRANULADO DE CHOC BRANCO SICAO 300G,GRANULADO DE CHOC BRANCO SICAO,9048,CX12,300.0,G,300.0,G,,False,44,,2026-08-26 17:43:21,https://casagarciafortaleza.com.br/index.php,VALIDO
Casa Garcia Gourmet,Confeitaria,"GRANULADO ESCURO MACIO 1,01KG MIX",GRANULADO ESCURO MACIO MIX,80172,CX 10,1.01,KG,1010.0,G,,False,44,,2026-08-26 17:43:21,https://casagarciafortaleza.com.br/index.php,VALIDO
Casa Garcia Gourmet,Confeitaria,"GRANULADO MACIO MESCLADO 1,01KG MIX",GRANULADO MACIO MESCLADO MIX,80180,CX 10,1.01,KG,1010.0,G,,False,44,,2026-08-26 17:43:21,https://casagarciafortaleza.com.br/index.php,VALIDO
Casa Garcia Gourmet,Confeitaria,GRANULADO MACIO MISTO CONFEITO 500G MIX,GRANULADO MACIO MISTO CONFEITO MIX,80181,CX 18,500.0,G,500.0,G,,False,44,,2026-08-26 17:43:21,https://casagarciafortaleza.com.br/index.php,VALIDO
Casa Garcia Gourmet,Confeitaria,"GRANULADO MACIO SAB CHOC 1,01KG MIL CORE",GRANULADO MACIO SAB CHOC MIL CORE,2232,CX 10,1.01,KG,1010.0,G,,False,44,,2026-08-26 17:43:21,https://casagarciafortaleza.com.br/index.php,VALIDO
Casa Garcia Gourmet,Confeitaria,GRANULADO MACIO SAB CHOC 500G MIL CORES,GRANULADO MACIO SAB CHOC MIL CORES,2230,CX 20,500.0,G,500.0,G,,False,44,,2026-08-26 17:43:21,https://casagarciafortaleza.com.br/index.php,VALIDO
Casa Garcia Gourmet,Confeitaria,GRANULE CHOC AO LEITE 400G MELKEN,GRANULE CHOC AO LEITE MELKEN,5439,CX 12,400.0,G,400.0,G,,False,44,,2026-08-26 17:43:21,https://casagarciafortaleza.com.br/index.php,VALIDO
Casa Garcia Gourmet,Confeitaria,GRANULE CHOC BRANCO 400G MELKEN,GRANULE CHOC BRANCO MELKEN,5473,CX 12,400.0,G,400.0,G,,False,44,,2026-08-26 17:43:21,https://casagarciafortaleza.com.br/index.php,VALIDO
Casa Garcia Gourmet,Confeitaria,GRANULE CHOC MEIO AMARGO 400G MELKEN,GRANULE CHOC MEIO AMARGO MELKEN,5454,CX 12,400.0,G,400.0,G,,False,44,,2026-08-26 17:43:21,https://casagarciafortaleza.com.br/index.php,VALIDO
Casa Garcia Gourmet,Confeitaria,"INOVARE COB GOTAS CHOC AO LEITE 2,05KG",INOVARE COB GOTAS CHOC AO LEITE,78566,CX 05,2.05,KG,2050.0,G,,False,45,,2026-08-26 17:43:22,https://casagarciafortaleza.com.br/index.php,VALIDO
Casa Garcia Gourmet,Confeitaria,"INOVARE COB GTS BRANCO 2,05KG",INOVARE COB GTS BRANCO,78851,CX 05,2.05,KG,2050.0,G,,False,45,,2026-08-26 17:43:22,https://casagarciafortaleza.com.br/index.php,VALIDO
Casa Garcia Gourmet,Confeitaria,LEITE CONDENSADO AUREA BAG 5KG,LEITE CONDENSADO AUREA BAG,4967,CX 02,5.0,KG,5000.0,G,,False,45,,2026-08-26 17:43:22,https://casagarciafortaleza.com.br/index.php,VALIDO
Casa Garcia Gourmet,Confeitaria,LEITE CONDENSADO BOCARDO BAG 5KG,LEITE CONDENSADO BOCARDO BAG,2241,FD 02,5.0,KG,5000.0,G,,False,45,,2026-08-26 17:43:22,https://casagarciafortaleza.com.br/index.php,VALIDO
Casa Garcia Gourmet,Confeitaria,LEITE CONDENSADO SEMIDESNATADO 5KG AUREA,LEITE CONDENSADO SEMIDESNATADO AUREA,8702,CX 02,5.0,KG,5000.0,G,,False,45,,2026-08-26 17:43:22,https://casagarciafortaleza.com.br/index.php,VALIDO
Casa Garcia Gourmet,Confeitaria,LEITE DE COCO SUPER 500ML,LEITE DE COCO SUPER,2772,PC 01,500.0,ML,500.0,ML,,False,45,,2026-08-26 17:43:22,https://casagarciafortaleza.com.br/index.php,VALIDO
Casa Garcia Gourmet,Confeitaria,LIGA NEUTRA LA RECETTE 1KG,LIGA NEUTRA LA RECETTE,2288,PC 01,1.0,KG,1000.0,G,,False,45,,2026-08-26 17:43:22,https://casagarciafortaleza.com.br/index.php,VALIDO
Casa Garcia Gourmet,Confeitaria,MALT 7KG BIG MIX,MALT BIG MIX,10841,CX 04,7.0,KG,7000.0,G,,False,45,,2026-08-26 17:43:22,https://casagarciafortaleza.com.br/index.php,VALIDO
Casa Garcia Gourmet,Confeitaria,MARG 80% MEDALHA DE OURO 15KG,MARG 80 MEDALHA DE OURO,78474,CX 01,15.0,KG,15000.0,G,,False,45,,2026-08-26 17:43:22,https://casagarciafortaleza.com.br/index.php,VALIDO
Casa Garcia Gourmet,Confeitaria,MARG AMELIA 80% 14KG,MARG AMELIA 80,3422,cx12,14.0,KG,14000.0,G,,False,45,,2026-08-26 17:43:22,https://casagarciafortaleza.com.br/index.php,VALIDO
Casa Garcia Gourmet,Confeitaria,"MARG AMELIA CREME 1,01KG",MARG AMELIA CREME,3420,cx12,1.01,KG,1010.0,G,,False,45,,2026-08-26 17:43:22,https://casagarciafortaleza.com.br/index.php,VALIDO
Casa Garcia Gourmet,Confeitaria,MARG AMELIA FOLHADOS 2KG,MARG AMELIA FOLHADOS,2219,cx06,2.0,KG,2000.0,G,,False,45,,2026-08-26 17:43:22,https://casagarciafortaleza.com.br/index.php,VALIDO
Casa Garcia Gourmet,Confeitaria,"MARG80 AMELIA COM SAL 1,01KG",MARG80 AMELIA COM SAL,2226,cx12,1.01,KG,1010.0,G,,False,46,,2026-08-26 17:43:23,https://casagarciafortaleza.com.br/index.php,VALIDO
Casa Garcia Gourmet,Confeitaria,"MARG80 AMELIA SEM SAL 1,01KG",MARG80 AMELIA SEM SAL,3421,cx12,1.01,KG,1010.0,G,,False,46,,2026-08-26 17:43:23,https://casagarciafortaleza.com.br/index.php,VALIDO
Casa Garcia Gourmet,Confeitaria,MARGARINA C/SAL 80% CUKIN 15KG,MARGARINA C SAL 80 CUKIN,1256,CX 06,15.0,KG,15000.0,G,,False,46,,2026-08-26 17:43:23,https://casagarciafortaleza.com.br/index.php,VALIDO
Casa Garcia Gourmet,Confeitaria,MARGARINA FOLHADA PLACA SINA 2KG,MARGARINA FOLHADA PLACA SINA,10700,CX 06,2.0,KG,2000.0,G,,False,46,,2026-08-26 17:43:23,https://casagarciafortaleza.com.br/index.php,VALIDO
Casa Garcia Gourmet,Confeitaria,MARGARINA FOLHADA RICCA 2KG BUNGE,MARGARINA FOLHADA RICCA BUNGE,2222,CX 06,2.0,KG,2000.0,G,,False,46,,2026-08-26 17:43:23,https://casagarciafortaleza.com.br/index.php,VALIDO
Casa Garcia Gourmet,Confeitaria,MIST BOLO ABACAXI 5KG,MIST BOLO ABACAXI,190,FD 03,5.0,KG,5000.0,G,,False,46,,2026-08-26 17:43:23,https://casagarciafortaleza.com.br/index.php,VALIDO
Casa Garcia Gourmet,Confeitaria,"MIST BOLO ABACAXI VO LUZIA 5,01KG",MIST BOLO ABACAXI VO LUZIA,81020,CX 04,5.01,KG,5010.0,G,,False,46,,2026-08-26 17:43:23,https://casagarciafortaleza.com.br/index.php,VALIDO
Casa Garcia Gourmet,Confeitaria,MIST BOLO AIPIM 5KG,MIST BOLO AIPIM,195,FD 03,5.0,KG,5000.0,G,,False,46,,2026-08-26 17:43:23,https://casagarciafortaleza.com.br/index.php,VALIDO
Casa Garcia Gourmet,Confeitaria,MIST BOLO BANANA 5KG,MIST BOLO BANANA,208,FD 03,5.0,KG,5000.0,G,,False,46,,2026-08-26 17:43:23,https://casagarciafortaleza.com.br/index.php,VALIDO
Casa Garcia Gourmet,Confeitaria,"MIST BOLO BANOFFE VO LUZIA 5,01KG",MIST BOLO BANOFFE VO LUZIA,81439,CX 04,5.01,KG,5010.0,G,,False,46,,2026-08-26 17:43:23,https://casagarciafortaleza.com.br/index.php,VALIDO
Casa Garcia Gourmet,Confeitaria,"MIST BOLO BAUNILHA INSEPARAVEL 5,01KG",MIST BOLO BAUNILHA INSEPARAVEL,81240,CX 04,5.01,KG,5010.0,G,,False,46,,2026-08-26 17:43:23,https://casagarciafortaleza.com.br/index.php,VALIDO
Casa Garcia Gourmet,Confeitaria,MIST BOLO BROWNIE PET GATEAU 5KG,MIST BOLO BROWNIE PET GATEAU,207,FD 03,5.0,KG,5000.0,G,,False,46,,2026-08-26 17:43:23,https://casagarciafortaleza.com.br/index.php,VALIDO
Casa Garcia Gourmet,Confeitaria,"MIST BOLO CACAROLA C/QUE VO LUZIA 5,01KG",MIST BOLO CACAROLA C QUE VO LUZIA,81450,CX 04,5.01,KG,5010.0,G,,False,47,,2026-08-26 17:43:24,https://casagarciafortaleza.com.br/index.php,VALIDO
Casa Garcia Gourmet,Confeitaria,MIST BOLO CENOURA 5KG,MIST BOLO CENOURA,192,FD 03,5.0,KG,5000.0,G,,False,47,,2026-08-26 17:43:24,https://casagarciafortaleza.com.br/index.php,VALIDO
Casa Garcia Gourmet,Confeitaria,"MIST BOLO CENOURA VO LUZIA 5,01KG",MIST BOLO CENOURA VO LUZIA,81015,CX 04,5.01,KG,5010.0,G,,False,47,,2026-08-26 17:43:24,https://casagarciafortaleza.com.br/index.php,VALIDO
Casa Garcia Gourmet,Confeitaria,MIST BOLO CHOCOLATE 5KG,MIST BOLO CHOCOLATE,188,FD 03,5.0,KG,5000.0,G,,False,47,,2026-08-26 17:43:24,https://casagarciafortaleza.com.br/index.php,VALIDO
Casa Garcia Gourmet,Confeitaria,"MIST BOLO CHOCOLATE INSEPARAVEL 5,01KG",MIST BOLO CHOCOLATE INSEPARAVEL,81021,CX 04,5.01,KG,5010.0,G,,False,47,,2026-08-26 17:43:24,https://casagarciafortaleza.com.br/index.php,VALIDO
Casa Garcia Gourmet,Confeitaria,"MIST BOLO CHOCOLATE VO LUZIA 5,01KG",MIST BOLO CHOCOLATE VO LUZIA,81013,CX 04,5.01,KG,5010.0,G,,False,47,,2026-08-26 17:43:24,https://casagarciafortaleza.com.br/index.php,VALIDO
Casa Garcia Gourmet,Confeitaria,MIST BOLO CHOCOMOUSSE 5KG,MIST BOLO CHOCOMOUSSE,198,FD 03,5.0,KG,5000.0,G,,False,47,,2026-08-26 17:43:24,https://casagarciafortaleza.com.br/index.php,VALIDO
Casa Garcia Gourmet,Confeitaria,MIST BOLO CHOCOMOUSSE BANANA FLAMB 5KG,MIST BOLO CHOCOMOUSSE BANANA FLAMB,258,FD 03,5.0,KG,5000.0,G,,False,47,,2026-08-26 17:43:24,https://casagarciafortaleza.com.br/index.php,VALIDO
Casa Garcia Gourmet,Confeitaria,MIST BOLO CHOCOMOUSSE CAPPUCCINO 5KG,MIST BOLO CHOCOMOUSSE CAPPUCCINO,257,FD 03,5.0,KG,5000.0,G,,False,47,,2026-08-26 17:43:24,https://casagarciafortaleza.com.br/index.php,VALIDO
Casa Garcia Gourmet,Confeitaria,MIST BOLO CHOCOMOUSSE FUDGE 5KG,MIST BOLO CHOCOMOUSSE FUDGE,256,FD 03,5.0,KG,5000.0,G,,False,47,,2026-08-26 17:43:24,https://casagarciafortaleza.com.br/index.php,VALIDO
Casa Garcia Gourmet,Confeitaria,"MIST BOLO CHURROS VO LUZIA 5,01KG",MIST BOLO CHURROS VO LUZIA,81018,CX 04,5.01,KG,5010.0,G,,False,47,,2026-08-26 17:43:24,https://casagarciafortaleza.com.br/index.php,VALIDO
Casa Garcia Gourmet,Confeitaria,MIST BOLO COCO 5KG,MIST BOLO COCO,191,FD 03,5.0,KG,5000.0,G,,False,47,,2026-08-26 17:43:24,https://casagarciafortaleza.com.br/index.php,VALIDO
Casa Garcia Gourmet,Confeitaria,"MIST BOLO COCO INSEPARAVEL 5,01KG",MIST BOLO COCO INSEPARAVEL,81241,CX 04,5.01,KG,5010.0,G,,False,48,,2026-08-26 17:43:25,https://casagarciafortaleza.com.br/index.php,VALIDO
Casa Garcia Gourmet,Confeitaria,"MIST BOLO CREM AIPIM VO LUZIA  5,01KG",MIST BOLO CREM AIPIM VO LUZIA,81237,CX 04,5.01,KG,5010.0,G,,False,48,,2026-08-26 17:43:25,https://casagarciafortaleza.com.br/index.php,VALIDO
Casa Garcia Gourmet,Confeitaria,"MIST BOLO CREMO CHOCOLAT VO LUZIA 5,01KG",MIST BOLO CREMO CHOCOLAT VO LUZIA,81023,CX 04,5.01,KG,5010.0,G,,False,48,,2026-08-26 17:43:25,https://casagarciafortaleza.com.br/index.php,VALIDO
Casa Garcia Gourmet,Confeitaria,"MIST BOLO CREMO FRUT VERM VO LUZI 5,01KG",MIST BOLO CREMO FRUT VERM VO LUZI,81035,CX 04,5.01,KG,5010.0,G,,False,48,,2026-08-26 17:43:25,https://casagarciafortaleza.com.br/index.php,VALIDO
Casa Garcia Gourmet,Confeitaria,"MIST BOLO CREMO QUEIJADI VO LUZIA 5,01KG",MIST BOLO CREMO QUEIJADI VO LUZIA,81025,CX 04,5.01,KG,5010.0,G,,False,48,,2026-08-26 17:43:25,https://casagarciafortaleza.com.br/index.php,VALIDO
Casa Garcia Gourmet,Confeitaria,"MIST BOLO CREMO TAPIOCA VO LUZIA  5,01KG",MIST BOLO CREMO TAPIOCA VO LUZIA,81024,CX 04,5.01,KG,5010.0,G,,False,48,,2026-08-26 17:43:25,https://casagarciafortaleza.com.br/index.php,VALIDO
Casa Garcia Gourmet,Confeitaria,"MIST BOLO CREMOSO MILHO VO LUZIA 5 ,01KG",MIST BOLO CREMOSO MILHO VO LUZIA 5,81034,CX 04,1.0,KG,1000.0,G,,False,48,,2026-08-26 17:43:25,https://casagarciafortaleza.com.br/index.php,VALIDO
Casa Garcia Gourmet,Confeitaria,MIST BOLO FUBA 5KG,MIST BOLO FUBA,199,FD 03,5.0,KG,5000.0,G,,False,48,,2026-08-26 17:43:25,https://casagarciafortaleza.com.br/index.php,VALIDO
Casa Garcia Gourmet,Confeitaria,"MIST BOLO FUBA VO LUZIA 5,01KG",MIST BOLO FUBA VO LUZIA,81017,CX 04,5.01,KG,5010.0,G,,False,48,,2026-08-26 17:43:25,https://casagarciafortaleza.com.br/index.php,VALIDO
Casa Garcia Gourmet,Confeitaria,MIST BOLO LARANJA 5KG,MIST BOLO LARANJA,189,FD 03,5.0,KG,5000.0,G,,False,48,,2026-08-26 17:43:25,https://casagarciafortaleza.com.br/index.php,VALIDO
Casa Garcia Gourmet,Confeitaria,"MIST BOLO LARANJA VO LUZIA 5,01KG",MIST BOLO LARANJA VO LUZIA,81014,CX 04,5.01,KG,5010.0,G,,False,48,,2026-08-26 17:43:25,https://casagarciafortaleza.com.br/index.php,VALIDO
Casa Garcia Gourmet,Confeitaria,"MIST BOLO LEITE CONDENS VO LUZIA  5,01KG",MIST BOLO LEITE CONDENS VO LUZIA,81019,CX 04,5.01,KG,5010.0,G,,False,48,,2026-08-26 17:43:25,https://casagarciafortaleza.com.br/index.php,VALIDO
Casa Garcia Gourmet,Confeitaria,MIST BOLO LIMAO CREMOSO 5KG,MIST BOLO LIMAO CREMOSO,196,FD 03,5.0,KG,5000.0,G,,False,49,,2026-08-26 17:43:26,https://casagarciafortaleza.com.br/index.php,VALIDO
Casa Garcia Gourmet,Confeitaria,"MIST BOLO LIMAO VO LUZIA  5,01KG",MIST BOLO LIMAO VO LUZIA,81239,CX 04,5.01,KG,5010.0,G,,False,49,,2026-08-26 17:43:26,https://casagarciafortaleza.com.br/index.php,VALIDO
Casa Garcia Gourmet,Confeitaria,"MIST BOLO MARACUJA INSEPARAVEL 5,01 KG",MIST BOLO MARACUJA INSEPARAVEL,81022,CX 04,5.01,KG,5010.0,G,,False,49,,2026-08-26 17:43:26,https://casagarciafortaleza.com.br/index.php,VALIDO
Casa Garcia Gourmet,Confeitaria,MIST BOLO MILHO CREMOSO 5KG,MIST BOLO MILHO CREMOSO,200,FD 03,5.0,KG,5000.0,G,,False,49,,2026-08-26 17:43:26,https://casagarciafortaleza.com.br/index.php,VALIDO
Casa Garcia Gourmet,Confeitaria,"MIST BOLO MILHO VO LUZIA 5,01KG",MIST BOLO MILHO VO LUZIA,81016,CX 04,5.01,KG,5010.0,G,,False,49,,2026-08-26 17:43:26,https://casagarciafortaleza.com.br/index.php,VALIDO
Casa Garcia Gourmet,Confeitaria,MIST BOLO NEUTRO 5KG,MIST BOLO NEUTRO,187,FD 03,5.0,KG,5000.0,G,,False,49,,2026-08-26 17:43:26,https://casagarciafortaleza.com.br/index.php,VALIDO
Casa Garcia Gourmet,Confeitaria,"MIST BOLO NEUTRO VO LUZIA  5,01KG",MIST BOLO NEUTRO VO LUZIA,81238,CX 04,5.01,KG,5010.0,G,,False,49,,2026-08-26 17:43:26,https://casagarciafortaleza.com.br/index.php,VALIDO
Casa Garcia Gourmet,Confeitaria,MIST BROWNIE VO LUZIA 2KG,MIST BROWNIE VO LUZIA,81033,CX 10,2.0,KG,2000.0,G,,False,49,,2026-08-26 17:43:26,https://casagarciafortaleza.com.br/index.php,VALIDO
Casa Garcia Gourmet,Confeitaria,MIST CAKE ABACAXI VO LUZIA 2KG,MIST CAKE ABACAXI VO LUZIA,81027,CX 10,2.0,KG,2000.0,G,,False,49,,2026-08-26 17:43:26,https://casagarciafortaleza.com.br/index.php,VALIDO
Casa Garcia Gourmet,Confeitaria,MIST CAKE CHOCOLATE 3KG,MIST CAKE CHOCOLATE,202,FD 05,3.0,KG,3000.0,G,,False,49,,2026-08-26 17:43:26,https://casagarciafortaleza.com.br/index.php,VALIDO
Casa Garcia Gourmet,Confeitaria,MIST CAKE CHOCOLATE VO LUZIA 2KG,MIST CAKE CHOCOLATE VO LUZIA,81026,CX 10,2.0,KG,2000.0,G,,False,49,,2026-08-26 17:43:26,https://casagarciafortaleza.com.br/index.php,VALIDO
Casa Garcia Gourmet,Confeitaria,MIST CAKE DOCE DE LEITE VO LUZIA 2KG,MIST CAKE DOCE DE LEITE VO LUZIA,81438,CX 10,2.0,KG,2000.0,G,,False,49,,2026-08-26 17:43:26,https://casagarciafortaleza.com.br/index.php,VALIDO
Casa Garcia Gourmet,Confeitaria,MIST CAKE ESPECIARIAS VO LUZIA 2KG,MIST CAKE ESPECIARIAS VO LUZIA,81028,CX 10,2.0,KG,2000.0,G,,False,50,,2026-08-26 17:43:27,https://casagarciafortaleza.com.br/index.php,VALIDO
Casa Garcia Gourmet,Confeitaria,MIST CAKE NEUTRO 3KG,MIST CAKE NEUTRO,201,FD 05,3.0,KG,3000.0,G,,False,50,,2026-08-26 17:43:27,https://casagarciafortaleza.com.br/index.php,VALIDO
Casa Garcia Gourmet,Confeitaria,MIST CAKE RED VELVET VO LUZIA 2KG,MIST CAKE RED VELVET VO LUZIA,81029,CX 10,2.0,KG,2000.0,G,,False,50,,2026-08-26 17:43:27,https://casagarciafortaleza.com.br/index.php,VALIDO
Casa Garcia Gourmet,Confeitaria,MIST MOUSSE CAKE CAFE VO LUZIA 2KG,MIST MOUSSE CAKE CAFE VO LUZIA,81437,CX 10,2.0,KG,2000.0,G,,False,50,,2026-08-26 17:43:27,https://casagarciafortaleza.com.br/index.php,VALIDO
Casa Garcia Gourmet,Confeitaria,"MIST PANET ABACAXI CASTAN FELICCI 5,01KG",MIST PANET ABACAXI CASTAN FELICCI,81031,CX 04,5.01,KG,5010.0,G,,False,50,,2026-08-26 17:43:27,https://casagarciafortaleza.com.br/index.php,VALIDO
Casa Garcia Gourmet,Confeitaria,MIST PAO DE LO 4KG,MIST PAO DE LO,177,FD 04,4.0,KG,4000.0,G,,False,50,,2026-08-26 17:43:27,https://casagarciafortaleza.com.br/index.php,VALIDO
Casa Garcia Gourmet,Confeitaria,MIX PUDIM DE LEITE PAST RESF 1KG,MIX PUDIM DE LEITE PAST RESF,223,CX 12,1.0,KG,1000.0,G,,False,50,,2026-08-26 17:43:27,https://casagarciafortaleza.com.br/index.php,VALIDO
Casa Garcia Gourmet,Confeitaria,OVO INTEGRAL PAST RESF 1KG,OVO INTEGRAL PAST RESF,224,CX 12,1.0,KG,1000.0,G,,False,50,,2026-08-26 17:43:27,https://casagarciafortaleza.com.br/index.php,VALIDO
Casa Garcia Gourmet,Confeitaria,OVO INTEGRAL PAST RESF AVINE 1KG,OVO INTEGRAL PAST RESF AVINE,680,CX 10,1.0,KG,1000.0,G,,False,50,,2026-08-26 17:43:27,https://casagarciafortaleza.com.br/index.php,VALIDO
Casa Garcia Gourmet,Confeitaria,"PAPEL MANTEIGA 7,5MX28CM BOMPACK",PAPEL MANTEIGA 7 5MX BOMPACK,2846,CX 25,28.0,CM,28.0,CM,,False,50,,2026-08-26 17:43:27,https://casagarciafortaleza.com.br/index.php,VALIDO
Casa Garcia Gourmet,Confeitaria,PAPEL MANTEIGA GLASSPEL 50X70,PAPEL MANTEIGA GLASSPEL 50X70,2269,FD 400,,,,,,False,50,,2026-08-26 17:43:27,https://casagarciafortaleza.com.br/index.php,REVISAR_EMBALAGEM
Casa Garcia Gourmet,Confeitaria,"PASTA DE AMENDOIM VABENE 1,005KG",PASTA DE AMENDOIM VABENE,3974,CX 06,1.005,KG,1004.9999999999999,G,,False,50,,2026-08-26 17:43:27,https://casagarciafortaleza.com.br/index.php,VALIDO
Casa Garcia Gourmet,Confeitaria,PASTA DE AMENDOIM VABENE 4KG,PASTA DE AMENDOIM VABENE,3994,CX 04,4.0,KG,4000.0,G,,False,51,,2026-08-26 17:43:29,https://casagarciafortaleza.com.br/index.php,VALIDO
Casa Garcia Gourmet,Confeitaria,PASTA P/PANETONE 4KG,PASTA P PANETONE,494,CX 04,4.0,KG,4000.0,G,,False,51,,2026-08-26 17:43:29,https://casagarciafortaleza.com.br/index.php,VALIDO
Casa Garcia Gourmet,Confeitaria,PECTINA 50G,PECTINA,2473,CX 12,50.0,G,50.0,G,,False,51,,2026-08-26 17:43:29,https://casagarciafortaleza.com.br/index.php,VALIDO
Casa Garcia Gourmet,Confeitaria,PO P/DECOR AZUL CLARO 10G,PO P DECOR AZUL CLARO,849,CX 12,10.0,G,10.0,G,,False,51,,2026-08-26 17:43:29,https://casagarciafortaleza.com.br/index.php,VALIDO
Casa Garcia Gourmet,Confeitaria,PO P/DECOR C/REFLEXO AMARELO 10G,PO P DECOR C REFLEXO AMARELO,3001,CX 12,10.0,G,10.0,G,,False,51,,2026-08-26 17:43:29,https://casagarciafortaleza.com.br/index.php,VALIDO
Casa Garcia Gourmet,Confeitaria,PO P/DECOR C/REFLEXO AZUL 10G,PO P DECOR C REFLEXO AZUL,3000,CX 12,10.0,G,10.0,G,,False,51,,2026-08-26 17:43:29,https://casagarciafortaleza.com.br/index.php,VALIDO
Casa Garcia Gourmet,Confeitaria,PO P/DECOR C/REFLEXO LILAS 10G,PO P DECOR C REFLEXO LILAS,3002,CX 12,10.0,G,10.0,G,,False,51,,2026-08-26 17:43:29,https://casagarciafortaleza.com.br/index.php,VALIDO
Casa Garcia Gourmet,Confeitaria,PO P/DECOR C/REFLEXO VERM 10G,PO P DECOR C REFLEXO VERM,2999,CX 12,10.0,G,10.0,G,,False,51,,2026-08-26 17:43:29,https://casagarciafortaleza.com.br/index.php,VALIDO
Casa Garcia Gourmet,Confeitaria,PO P/DECOR COBRE 8G,PO P DECOR COBRE,1108,CX 12,8.0,G,8.0,G,,False,51,,2026-08-26 17:43:29,https://casagarciafortaleza.com.br/index.php,VALIDO
Casa Garcia Gourmet,Confeitaria,PO P/DECOR NACAR 10G,PO P DECOR NACAR,3003,CX 12,10.0,G,10.0,G,,False,51,,2026-08-26 17:43:29,https://casagarciafortaleza.com.br/index.php,VALIDO
Casa Garcia Gourmet,Confeitaria,PO P/DECOR NACAR 8G,PO P DECOR NACAR,2441,CX 12,8.0,G,8.0,G,,False,51,,2026-08-26 17:43:29,https://casagarciafortaleza.com.br/index.php,VALIDO
Casa Garcia Gourmet,Confeitaria,PO P/DECOR OURO 50G,PO P DECOR OURO,1115,CX 01,50.0,G,50.0,G,,False,51,,2026-08-26 17:43:29,https://casagarciafortaleza.com.br/index.php,VALIDO
Casa Garcia Gourmet,Confeitaria,PO P/DECOR OURO 8G,PO P DECOR OURO,2442,CX 12,8.0,G,8.0,G,,False,52,,2026-08-26 17:43:30,https://casagarciafortaleza.com.br/index.php,VALIDO
Casa Garcia Gourmet,Confeitaria,PO P/DECOR OURO BRILHANTE 10G,PO P DECOR OURO BRILHANTE,850,CX 01,10.0,G,10.0,G,,False,52,,2026-08-26 17:43:30,https://casagarciafortaleza.com.br/index.php,VALIDO
Casa Garcia Gourmet,Confeitaria,PO P/DECOR OURO ILUSAO 5G,PO P DECOR OURO ILUSAO,1326,CX 12,5.0,G,5.0,G,,False,52,,2026-08-26 17:43:30,https://casagarciafortaleza.com.br/index.php,VALIDO
Casa Garcia Gourmet,Confeitaria,PO P/DECOR OURO ROSE 5G,PO P DECOR OURO ROSE,1327,CX 12,5.0,G,5.0,G,,False,52,,2026-08-26 17:43:30,https://casagarciafortaleza.com.br/index.php,VALIDO
Casa Garcia Gourmet,Confeitaria,PO P/DECOR OURO ROSE 8G,PO P DECOR OURO ROSE,9384,CX 12,8.0,G,8.0,G,,False,52,,2026-08-26 17:43:30,https://casagarciafortaleza.com.br/index.php,VALIDO
Casa Garcia Gourmet,Confeitaria,PO P/DECOR PEROLA 10G,PO P DECOR PEROLA,2997,CX 12,10.0,G,10.0,G,,False,52,,2026-08-26 17:43:30,https://casagarciafortaleza.com.br/index.php,VALIDO
Casa Garcia Gourmet,Confeitaria,PO P/DECOR PEROLA 50G,PO P DECOR PEROLA,2444,CX 01,50.0,G,50.0,G,,False,52,,2026-08-26 17:43:30,https://casagarciafortaleza.com.br/index.php,VALIDO
Casa Garcia Gourmet,Confeitaria,PO P/DECOR PEROLA 5G,PO P DECOR PEROLA,3004,CX 12,5.0,G,5.0,G,,False,52,,2026-08-26 17:43:30,https://casagarciafortaleza.com.br/index.php,VALIDO
Casa Garcia Gourmet,Confeitaria,PO P/DECOR PINK 10G,PO P DECOR PINK,851,CX 12,10.0,G,10.0,G,,False,52,,2026-08-26 17:43:30,https://casagarciafortaleza.com.br/index.php,VALIDO
Casa Garcia Gourmet,Confeitaria,PO P/DECOR PRATA 10G,PO P DECOR PRATA,2998,CX 12,10.0,G,10.0,G,,False,52,,2026-08-26 17:43:30,https://casagarciafortaleza.com.br/index.php,VALIDO
Casa Garcia Gourmet,Confeitaria,PO P/DECOR PRATA 8G,PO P DECOR PRATA,2443,CX 12,8.0,G,8.0,G,,False,52,,2026-08-26 17:43:30,https://casagarciafortaleza.com.br/index.php,VALIDO
Casa Garcia Gourmet,Confeitaria,PO P/DECOR PRATA UNICORNIO 10G,PO P DECOR PRATA UNICORNIO,852,CX 12,10.0,G,10.0,G,,False,52,,2026-08-26 17:43:30,https://casagarciafortaleza.com.br/index.php,VALIDO
Casa Garcia Gourmet,Confeitaria,PO P/DECOR PRETO 10G,PO P DECOR PRETO,853,CX 12,10.0,G,10.0,G,,False,53,,2026-08-26 17:43:31,https://casagarciafortaleza.com.br/index.php,VALIDO
Casa Garcia Gourmet,Confeitaria,PO P/DECOR ROSE 10G,PO P DECOR ROSE,854,CX 12,10.0,G,10.0,G,,False,53,,2026-08-26 17:43:31,https://casagarciafortaleza.com.br/index.php,VALIDO
Casa Garcia Gourmet,Confeitaria,PO P/DECOR VERMELHO BRILHANTE 10G,PO P DECOR VERMELHO BRILHANTE,855,CX 12,10.0,G,10.0,G,,False,53,,2026-08-26 17:43:31,https://casagarciafortaleza.com.br/index.php,VALIDO
Casa Garcia Gourmet,Confeitaria,PO P/DECORACAO ACOBREADO 3G FAB,PO P DECORACAO ACOBREADO FAB,6352,CX 12,3.0,G,3.0,G,,False,53,,2026-08-26 17:43:31,https://casagarciafortaleza.com.br/index.php,VALIDO
Casa Garcia Gourmet,Confeitaria,PO P/DECORACAO AMARELO DAMASCO 3G FAB,PO P DECORACAO AMARELO DAMASCO FAB,6361,CX 12,3.0,G,3.0,G,,False,53,,2026-08-26 17:43:31,https://casagarciafortaleza.com.br/index.php,VALIDO
Casa Garcia Gourmet,Confeitaria,PO P/DECORACAO AMARELO GEMA 3G FAB,PO P DECORACAO AMARELO GEMA FAB,6355,CX 12,3.0,G,3.0,G,,False,53,,2026-08-26 17:43:31,https://casagarciafortaleza.com.br/index.php,VALIDO
Casa Garcia Gourmet,Confeitaria,PO P/DECORACAO AZUL ANIS 3G FAB,PO P DECORACAO AZUL ANIS FAB,6356,CX 12,3.0,G,3.0,G,,False,53,,2026-08-26 17:43:31,https://casagarciafortaleza.com.br/index.php,VALIDO
Casa Garcia Gourmet,Confeitaria,PO P/DECORACAO AZUL JEANS 3G FAB,PO P DECORACAO AZUL JEANS FAB,6424,CX 12,3.0,G,3.0,G,,False,53,,2026-08-26 17:43:31,https://casagarciafortaleza.com.br/index.php,VALIDO
Casa Garcia Gourmet,Confeitaria,PO P/DECORACAO AZUL MARINHO 3G FAB,PO P DECORACAO AZUL MARINHO FAB,7860,CX 12,3.0,G,3.0,G,,False,53,,2026-08-26 17:43:31,https://casagarciafortaleza.com.br/index.php,VALIDO
Casa Garcia Gourmet,Confeitaria,PO P/DECORACAO AZUL ROYAL 3G FAB,PO P DECORACAO AZUL ROYAL FAB,6716,CX 12,3.0,G,3.0,G,,False,53,,2026-08-26 17:43:31,https://casagarciafortaleza.com.br/index.php,VALIDO
Casa Garcia Gourmet,Confeitaria,PO P/DECORACAO AZUL TIFFANY 3G FAB,PO P DECORACAO AZUL TIFFANY FAB,6346,CX 12,3.0,G,3.0,G,,False,53,,2026-08-26 17:43:31,https://casagarciafortaleza.com.br/index.php,VALIDO
Casa Garcia Gourmet,Confeitaria,PO P/DECORACAO BRANCO 3G FAB,PO P DECORACAO BRANCO FAB,6715,CX 12,3.0,G,3.0,G,,False,53,,2026-08-26 17:43:31,https://casagarciafortaleza.com.br/index.php,VALIDO
Casa Garcia Gourmet,Confeitaria,PO P/DECORACAO DOURADO 20G FAB,PO P DECORACAO DOURADO FAB,10688,CX 04,20.0,G,20.0,G,,False,54,,2026-08-26 17:43:32,https://casagarciafortaleza.com.br/index.php,VALIDO
Casa Garcia Gourmet,Confeitaria,PO P/DECORACAO DOURADO 40G FAB,PO P DECORACAO DOURADO FAB,10686,CX 04,40.0,G,40.0,G,,False,54,,2026-08-26 17:43:32,https://casagarciafortaleza.com.br/index.php,VALIDO
Casa Garcia Gourmet,Confeitaria,PO P/DECORACAO DOURADO 5G FAB,PO P DECORACAO DOURADO FAB,6350,CX 12,5.0,G,5.0,G,,False,54,,2026-08-26 17:43:32,https://casagarciafortaleza.com.br/index.php,VALIDO
Casa Garcia Gourmet,Confeitaria,PO P/DECORACAO DOURADO ANTIGO 3G FAB,PO P DECORACAO DOURADO ANTIGO FAB,6351,CX12,3.0,G,3.0,G,,False,54,,2026-08-26 17:43:32,https://casagarciafortaleza.com.br/index.php,VALIDO
Casa Garcia Gourmet,Confeitaria,PO P/DECORACAO DOURADO EGIPCIO 5G FAB,PO P DECORACAO DOURADO EGIPCIO FAB,6345,CX 12,5.0,G,5.0,G,,False,54,,2026-08-26 17:43:32,https://casagarciafortaleza.com.br/index.php,VALIDO
Casa Garcia Gourmet,Confeitaria,PO P/DECORACAO DOURADO ROSE 5G FAB,PO P DECORACAO DOURADO ROSE FAB,6344,CX 12,5.0,G,5.0,G,,False,54,,2026-08-26 17:43:32,https://casagarciafortaleza.com.br/index.php,VALIDO
Casa Garcia Gourmet,Confeitaria,PO P/DECORACAO LARANJA 3G FAB,PO P DECORACAO LARANJA FAB,6425,CX 12,3.0,G,3.0,G,,False,54,,2026-08-26 17:43:32,https://casagarciafortaleza.com.br/index.php,VALIDO
Casa Garcia Gourmet,Confeitaria,PO P/DECORACAO LILAS 3G FAB,PO P DECORACAO LILAS FAB,6714,CX 12,3.0,G,3.0,G,,False,54,,2026-08-26 17:43:32,https://casagarciafortaleza.com.br/index.php,VALIDO
Casa Garcia Gourmet,Confeitaria,PO P/DECORACAO MARROM 3G FAB,PO P DECORACAO MARROM FAB,6426,CX 12,3.0,G,3.0,G,,False,54,,2026-08-26 17:43:32,https://casagarciafortaleza.com.br/index.php,VALIDO
Casa Garcia Gourmet,Confeitaria,PO P/DECORACAO NEON AMARELO 5G FAB,PO P DECORACAO NEON AMARELO FAB,6705,CX 12,5.0,G,5.0,G,,False,54,,2026-08-26 17:43:32,https://casagarciafortaleza.com.br/index.php,VALIDO
Casa Garcia Gourmet,Confeitaria,PO P/DECORACAO NEON AZUL 5G FAB,PO P DECORACAO NEON AZUL FAB,6706,CX 12,5.0,G,5.0,G,,False,54,,2026-08-26 17:43:32,https://casagarciafortaleza.com.br/index.php,VALIDO
Casa Garcia Gourmet,Confeitaria,PO P/DECORACAO NEON AZUL MARINHO 5G FAB,PO P DECORACAO NEON AZUL MARINHO FAB,6707,CX 12,5.0,G,5.0,G,,False,54,,2026-08-26 17:43:32,https://casagarciafortaleza.com.br/index.php,VALIDO
Casa Garcia Gourmet,Confeitaria,PO P/DECORACAO NEON LARANJA 5G FAB,PO P DECORACAO NEON LARANJA FAB,6708,CX 12,5.0,G,5.0,G,,False,55,,2026-08-26 17:43:33,https://casagarciafortaleza.com.br/index.php,VALIDO
Casa Garcia Gourmet,Confeitaria,PO P/DECORACAO NEON PINK 5G FAB,PO P DECORACAO NEON PINK FAB,6709,CX 12,5.0,G,5.0,G,,False,55,,2026-08-26 17:43:33,https://casagarciafortaleza.com.br/index.php,VALIDO
Casa Garcia Gourmet,Confeitaria,PO P/DECORACAO NEON ROSA 5G FAB,PO P DECORACAO NEON ROSA FAB,6710,CX 12,5.0,G,5.0,G,,False,55,,2026-08-26 17:43:33,https://casagarciafortaleza.com.br/index.php,VALIDO
Casa Garcia Gourmet,Confeitaria,PO P/DECORACAO NEON ROXO 5G FAB,PO P DECORACAO NEON ROXO FAB,6711,CX 12,5.0,G,5.0,G,,False,55,,2026-08-26 17:43:33,https://casagarciafortaleza.com.br/index.php,VALIDO
Casa Garcia Gourmet,Confeitaria,PO P/DECORACAO NEON VERDE 5G FAB,PO P DECORACAO NEON VERDE FAB,6712,CX 12,5.0,G,5.0,G,,False,55,,2026-08-26 17:43:33,https://casagarciafortaleza.com.br/index.php,VALIDO
Casa Garcia Gourmet,Confeitaria,PO P/DECORACAO NEON VERMELHO 5G FAB,PO P DECORACAO NEON VERMELHO FAB,6713,CX 12,5.0,G,5.0,G,,False,55,,2026-08-26 17:43:33,https://casagarciafortaleza.com.br/index.php,VALIDO
Casa Garcia Gourmet,Confeitaria,PO P/DECORACAO PEROLADO 10G FAB,PO P DECORACAO PEROLADO FAB,10689,CX 04,10.0,G,10.0,G,,False,55,,2026-08-26 17:43:33,https://casagarciafortaleza.com.br/index.php,VALIDO
Casa Garcia Gourmet,Confeitaria,PO P/DECORACAO PEROLADO 20G FAB,PO P DECORACAO PEROLADO FAB,10687,CX 04,20.0,G,20.0,G,,False,55,,2026-08-26 17:43:33,https://casagarciafortaleza.com.br/index.php,VALIDO
Casa Garcia Gourmet,Confeitaria,PO P/DECORACAO PEROLADO 3G FAB,PO P DECORACAO PEROLADO FAB,6354,CX 12,3.0,G,3.0,G,,False,55,,2026-08-26 17:43:33,https://casagarciafortaleza.com.br/index.php,VALIDO
Casa Garcia Gourmet,Confeitaria,PO P/DECORACAO PRATEADO 3G FAB,PO P DECORACAO PRATEADO FAB,6353,CX 12,3.0,G,3.0,G,,False,55,,2026-08-26 17:43:33,https://casagarciafortaleza.com.br/index.php,VALIDO
Casa Garcia Gourmet,Confeitaria,PO P/DECORACAO PRETO 3G FAB,PO P DECORACAO PRETO FAB,6391,CX 12,3.0,G,3.0,G,,False,55,,2026-08-26 17:43:33,https://casagarciafortaleza.com.br/index.php,VALIDO
Casa Garcia Gourmet,Confeitaria,PO P/DECORACAO ROSA CEREJA 3G FAB,PO P DECORACAO ROSA CEREJA FAB,6358,CX 12,3.0,G,3.0,G,,False,55,,2026-08-26 17:43:33,https://casagarciafortaleza.com.br/index.php,VALIDO
Casa Garcia Gourmet,Confeitaria,PO P/DECORACAO ROSA SECO 3G FAB,PO P DECORACAO ROSA SECO FAB,6348,CX 12,3.0,G,3.0,G,,False,56,,2026-08-26 17:43:34,https://casagarciafortaleza.com.br/index.php,VALIDO
Casa Garcia Gourmet,Confeitaria,PO P/DECORACAO ULTRA VIOLETA 3G FAB,PO P DECORACAO ULTRA VIOLETA FAB,6387,CX 12,3.0,G,3.0,G,,False,56,,2026-08-26 17:43:34,https://casagarciafortaleza.com.br/index.php,VALIDO
Casa Garcia Gourmet,Confeitaria,PO P/DECORACAO VERDE FOLHA 3G FAB,PO P DECORACAO VERDE FOLHA FAB,6359,CX 12,3.0,G,3.0,G,,False,56,,2026-08-26 17:43:34,https://casagarciafortaleza.com.br/index.php,VALIDO
Casa Garcia Gourmet,Confeitaria,PO P/DECORACAO VERDE MENTA 3G FAB,PO P DECORACAO VERDE MENTA FAB,6386,CX 12,3.0,G,3.0,G,,False,56,,2026-08-26 17:43:34,https://casagarciafortaleza.com.br/index.php,VALIDO
Casa Garcia Gourmet,Confeitaria,PO P/DECORACAO VERMELHO MARSALA 3G FAB,PO P DECORACAO VERMELHO MARSALA FAB,6717,CX 12,3.0,G,3.0,G,,False,56,,2026-08-26 17:43:34,https://casagarciafortaleza.com.br/index.php,VALIDO
Casa Garcia Gourmet,Confeitaria,PO P/DECORACAO VERMELHO MORANGO 3G FAB,PO P DECORACAO VERMELHO MORANGO FAB,6427,CX 12,3.0,G,3.0,G,,False,56,,2026-08-26 17:43:34,https://casagarciafortaleza.com.br/index.php,VALIDO
Casa Garcia Gourmet,Confeitaria,PO P/DECORACAO VERMELHO NATAL 3G FAB,PO P DECORACAO VERMELHO NATAL FAB,6357,CX 12,3.0,G,3.0,G,,False,56,,2026-08-26 17:43:34,https://casagarciafortaleza.com.br/index.php,VALIDO
Casa Garcia Gourmet,Confeitaria,PO P/DECORACAO VERMELHO RUBI 3G FAB,PO P DECORACAO VERMELHO RUBI FAB,6347,CX 12,3.0,G,3.0,G,,False,56,,2026-08-26 17:43:34,https://casagarciafortaleza.com.br/index.php,VALIDO
Casa Garcia Gourmet,Confeitaria,PO P/PREPARO DE LIMAO 100G,PO P PREPARO DE LIMAO,2507,CX 24,100.0,G,100.0,G,,False,56,,2026-08-26 17:43:34,https://casagarciafortaleza.com.br/index.php,VALIDO
Casa Garcia Gourmet,Confeitaria,PO P/PREPARO DE MARACUJA 100G,PO P PREPARO DE MARACUJA,2506,CX 24,100.0,G,100.0,G,,False,56,,2026-08-26 17:43:34,https://casagarciafortaleza.com.br/index.php,VALIDO
Casa Garcia Gourmet,Confeitaria,PO P/PREPARO DE MORANGO 100G,PO P PREPARO DE MORANGO,2508,CX 24,100.0,G,100.0,G,,False,56,,2026-08-26 17:43:34,https://casagarciafortaleza.com.br/index.php,VALIDO
Casa Garcia Gourmet,Confeitaria,"PREPARADO DE ABACAXI 1,02KG",PREPARADO DE ABACAXI,4743,CX 06,1.02,KG,1020.0,G,,False,56,,2026-08-26 17:43:34,https://casagarciafortaleza.com.br/index.php,VALIDO
Casa Garcia Gourmet,Confeitaria,"PREPARADO DE ABACAXI 4,1KG",PREPARADO DE ABACAXI,4732,CX 04,4.1,KG,4100.0,G,,False,57,,2026-08-26 17:43:35,https://casagarciafortaleza.com.br/index.php,VALIDO
Casa Garcia Gourmet,Confeitaria,"PREPARADO DE AMEIXA 1,02KG",PREPARADO DE AMEIXA,4740,CX 06,1.02,KG,1020.0,G,,False,57,,2026-08-26 17:43:35,https://casagarciafortaleza.com.br/index.php,VALIDO
Casa Garcia Gourmet,Confeitaria,"PREPARADO DE AMEIXA 4,7KG",PREPARADO DE AMEIXA,4730,CX 04,4.7,KG,4700.0,G,,False,57,,2026-08-26 17:43:35,https://casagarciafortaleza.com.br/index.php,VALIDO
Casa Garcia Gourmet,Confeitaria,"PREPARADO DE AMORA 1,02KG",PREPARADO DE AMORA,4744,CX 06,1.02,KG,1020.0,G,,False,57,,2026-08-26 17:43:35,https://casagarciafortaleza.com.br/index.php,VALIDO
Casa Garcia Gourmet,Confeitaria,"PREPARADO DE FRAMBOESA 1,02KG",PREPARADO DE FRAMBOESA,4745,CX 06,1.02,KG,1020.0,G,,False,57,,2026-08-26 17:43:35,https://casagarciafortaleza.com.br/index.php,VALIDO
Casa Garcia Gourmet,Confeitaria,"PREPARADO DE FRUTAS VERM 1,02KG",PREPARADO DE FRUTAS VERM,4746,CX 06,1.02,KG,1020.0,G,,False,57,,2026-08-26 17:43:35,https://casagarciafortaleza.com.br/index.php,VALIDO
Casa Garcia Gourmet,Confeitaria,"PREPARADO DE FRUTAS VERM 4,2KG",PREPARADO DE FRUTAS VERM,4734,CX 04,4.2,KG,4200.0,G,,False,57,,2026-08-26 17:43:35,https://casagarciafortaleza.com.br/index.php,VALIDO
Casa Garcia Gourmet,Confeitaria,"PREPARADO DE MARACUJA 1,02KG",PREPARADO DE MARACUJA,4742,CX 06,1.02,KG,1020.0,G,,False,57,,2026-08-26 17:43:35,https://casagarciafortaleza.com.br/index.php,VALIDO
Casa Garcia Gourmet,Confeitaria,"PREPARADO DE MARACUJA 4,7KG",PREPARADO DE MARACUJA,4731,CX 04,4.7,KG,4700.0,G,,False,57,,2026-08-26 17:43:35,https://casagarciafortaleza.com.br/index.php,VALIDO
Casa Garcia Gourmet,Confeitaria,"PREPARADO DE MORANGO 1,02KG",PREPARADO DE MORANGO,4741,CX 06,1.02,KG,1020.0,G,,False,57,,2026-08-26 17:43:35,https://casagarciafortaleza.com.br/index.php,VALIDO
Casa Garcia Gourmet,Confeitaria,"PREPARADO DE MORANGO 4,1KG",PREPARADO DE MORANGO,4736,CX 04,4.1,KG,4100.0,G,,False,57,,2026-08-26 17:43:35,https://casagarciafortaleza.com.br/index.php,VALIDO
Casa Garcia Gourmet,Confeitaria,PROPIONATO DE SODIO 1KG,PROPIONATO DE SODIO,2311,SC 25,1.0,KG,1000.0,G,,False,57,,2026-08-26 17:43:35,https://casagarciafortaleza.com.br/index.php,VALIDO
Casa Garcia Gourmet,Confeitaria,PROPIONATO DE SODIO 20KG,PROPIONATO DE SODIO,79179,SC 01,20.0,KG,20000.0,G,,False,58,,2026-08-26 17:43:37,https://casagarciafortaleza.com.br/index.php,VALIDO
Casa Garcia Gourmet,Confeitaria,PULVERIZADOR MULTIUSO GUARANY,PULVERIZADOR MULTIUSO GUARANY,9880,CX 01,,,,,,False,58,,2026-08-26 17:43:37,https://casagarciafortaleza.com.br/index.php,REVISAR_EMBALAGEM
Casa Garcia Gourmet,Confeitaria,"RECHEIO ART CREME AMENDOIM C/PED 1,01KG",RECHEIO ART CREME AMENDOIM C PED,4016,CX 08,1.01,KG,1010.0,G,,False,58,,2026-08-26 17:43:37,https://casagarciafortaleza.com.br/index.php,VALIDO
Casa Garcia Gourmet,Confeitaria,"RECHEIO ART CREME BOMBOM 1,01KG",RECHEIO ART CREME BOMBOM,81149,CX 08,1.01,KG,1010.0,G,,False,58,,2026-08-26 17:43:37,https://casagarciafortaleza.com.br/index.php,VALIDO
Casa Garcia Gourmet,Confeitaria,"RECHEIO ART CREME CHOCOMALTE 1,01KG",RECHEIO ART CREME CHOCOMALTE,4098,CX 08,1.01,KG,1010.0,G,,False,58,,2026-08-26 17:43:37,https://casagarciafortaleza.com.br/index.php,VALIDO
Casa Garcia Gourmet,Confeitaria,"RECHEIO ART CREME CHOCOWAFER 1,01KG",RECHEIO ART CREME CHOCOWAFER,4097,CX 08,1.01,KG,1010.0,G,,False,58,,2026-08-26 17:43:37,https://casagarciafortaleza.com.br/index.php,VALIDO
Casa Garcia Gourmet,Confeitaria,"RECHEIO ART CREME CONFEITEIRO 1,01KG",RECHEIO ART CREME CONFEITEIRO,3788,CX 08,1.01,KG,1010.0,G,,False,58,,2026-08-26 17:43:37,https://casagarciafortaleza.com.br/index.php,VALIDO
Casa Garcia Gourmet,Confeitaria,"RECHEIO ART CREME LEITINHO VABENE 1,01KG",RECHEIO ART CREME LEITINHO VABENE,4017,CX 08,1.01,KG,1010.0,G,,False,58,,2026-08-26 17:43:37,https://casagarciafortaleza.com.br/index.php,VALIDO
Casa Garcia Gourmet,Confeitaria,"RECHEIO ART CREME LEITINHO VABENE 1,05KG",RECHEIO ART CREME LEITINHO VABENE,9659,CX 08,1.05,KG,1050.0,G,,False,58,,2026-08-26 17:43:37,https://casagarciafortaleza.com.br/index.php,VALIDO
Casa Garcia Gourmet,Confeitaria,"RECHEIO ART CREME MORANGO 1,01KG",RECHEIO ART CREME MORANGO,81148,CX 08,1.01,KG,1010.0,G,,False,58,,2026-08-26 17:43:37,https://casagarciafortaleza.com.br/index.php,VALIDO
Casa Garcia Gourmet,Confeitaria,RECHEIO ARTIFICIAL AMARENA MIX 3KG,RECHEIO ARTIFICIAL AMARENA MIX,80151,CX 04,3.0,KG,3000.0,G,,False,58,,2026-08-26 17:43:37,https://casagarciafortaleza.com.br/index.php,VALIDO
Casa Garcia Gourmet,Confeitaria,RECHEIO BAUNILHA 4KG,RECHEIO BAUNILHA,233,FD 04,4.0,KG,4000.0,G,,False,58,,2026-08-26 17:43:37,https://casagarciafortaleza.com.br/index.php,VALIDO
Casa Garcia Gourmet,Confeitaria,RECHEIO BRIGADEIRO 4KG,RECHEIO BRIGADEIRO,235,FD 04,4.0,KG,4000.0,G,,False,59,,2026-08-26 17:43:38,https://casagarciafortaleza.com.br/index.php,VALIDO
Casa Garcia Gourmet,Confeitaria,RECHEIO CHOC AO LEITE 4KG,RECHEIO CHOC AO LEITE,249,FD 04,4.0,KG,4000.0,G,,False,59,,2026-08-26 17:43:38,https://casagarciafortaleza.com.br/index.php,VALIDO
Casa Garcia Gourmet,Confeitaria,RECHEIO CHOC CROCANTE MIX 3KG,RECHEIO CHOC CROCANTE MIX,80161,CX 04,3.0,KG,3000.0,G,,False,59,,2026-08-26 17:43:38,https://casagarciafortaleza.com.br/index.php,VALIDO
Casa Garcia Gourmet,Confeitaria,"RECHEIO CHOC LEITE C/AVELA VABENE 1,01KG",RECHEIO CHOC LEITE C AVELA VABENE,4026,CX 06,1.01,KG,1010.0,G,,False,59,,2026-08-26 17:43:38,https://casagarciafortaleza.com.br/index.php,VALIDO
Casa Garcia Gourmet,Confeitaria,RECHEIO CHOC TRUFADO 4KG,RECHEIO CHOC TRUFADO,236,FD 04,4.0,KG,4000.0,G,,False,59,,2026-08-26 17:43:38,https://casagarciafortaleza.com.br/index.php,VALIDO
Casa Garcia Gourmet,Confeitaria,"RECHEIO CHOCOLATE 1,01KG BISNAGA AUREA",RECHEIO CHOCOLATE BISNAGA AUREA,8545,UN 01,1.01,KG,1010.0,G,,False,59,,2026-08-26 17:43:38,https://casagarciafortaleza.com.br/index.php,VALIDO
Casa Garcia Gourmet,Confeitaria,RECHEIO COCO 4KG,RECHEIO COCO,237,FD 04,4.0,KG,4000.0,G,,False,59,,2026-08-26 17:43:38,https://casagarciafortaleza.com.br/index.php,VALIDO
Casa Garcia Gourmet,Confeitaria,"RECHEIO CONF FORN BRANCO 1,01KG",RECHEIO CONF FORN BRANCO,5097,CX 08,1.01,KG,1010.0,G,,False,59,,2026-08-26 17:43:38,https://casagarciafortaleza.com.br/index.php,VALIDO
Casa Garcia Gourmet,Confeitaria,"RECHEIO CONF FORN CHOC AO LEITE 1,01KG",RECHEIO CONF FORN CHOC AO LEITE,5562,CX 08,1.01,KG,1010.0,G,,False,59,,2026-08-26 17:43:38,https://casagarciafortaleza.com.br/index.php,VALIDO
Casa Garcia Gourmet,Confeitaria,RECHEIO CR AMENDOIM C/ PEDACOS MIX 3KG,RECHEIO CR AMENDOIM C PEDACOS MIX,80167,CX 04,3.0,KG,3000.0,G,,False,59,,2026-08-26 17:43:38,https://casagarciafortaleza.com.br/index.php,VALIDO
Casa Garcia Gourmet,Confeitaria,"RECHEIO CR AVELA CACAU MIX 1,01KG",RECHEIO CR AVELA CACAU MIX,80168,CX 12,1.01,KG,1010.0,G,,False,59,,2026-08-26 17:43:38,https://casagarciafortaleza.com.br/index.php,VALIDO
Casa Garcia Gourmet,Confeitaria,"RECHEIO CREM GOIABA 1,01KG BISNAGA AUREA",RECHEIO CREM GOIABA BISNAGA AUREA,8544,UN 01,1.01,KG,1010.0,G,,False,59,,2026-08-26 17:43:38,https://casagarciafortaleza.com.br/index.php,VALIDO
Casa Garcia Gourmet,Confeitaria,"RECHEIO CREM GOIABA 2,5KG BISNAGA AUREA",RECHEIO CREM GOIABA BISNAGA AUREA,4975,CX 06,2.5,KG,2500.0,G,,False,60,,2026-08-26 17:43:39,https://casagarciafortaleza.com.br/index.php,VALIDO
Casa Garcia Gourmet,Confeitaria,RECHEIO CREME DE AVELA CACAU MIX 3KG,RECHEIO CREME DE AVELA CACAU MIX,80169,CX 04,3.0,KG,3000.0,G,,False,60,,2026-08-26 17:43:39,https://casagarciafortaleza.com.br/index.php,VALIDO
Casa Garcia Gourmet,Confeitaria,RECHEIO CREME DE COCCO BIANCO MIX 3KG,RECHEIO CREME DE COCCO BIANCO MIX,80170,CX 04,3.0,KG,3000.0,G,,False,60,,2026-08-26 17:43:39,https://casagarciafortaleza.com.br/index.php,VALIDO
Casa Garcia Gourmet,Confeitaria,RECHEIO CREME DE MIX LEITINHO 3KG,RECHEIO CREME DE MIX LEITINHO,80176,CX 04,3.0,KG,3000.0,G,,False,60,,2026-08-26 17:43:39,https://casagarciafortaleza.com.br/index.php,VALIDO
Casa Garcia Gourmet,Confeitaria,RECHEIO CREMOSO AMEIXA 4KG AUREA,RECHEIO CREMOSO AMEIXA AUREA,4988,CX 02,4.0,KG,4000.0,G,,False,60,,2026-08-26 17:43:39,https://casagarciafortaleza.com.br/index.php,VALIDO
Casa Garcia Gourmet,Confeitaria,RECHEIO CREMOSO AMEIXA 4KG BOCARDO,RECHEIO CREMOSO AMEIXA BOCARDO,4857,CX 02,4.0,KG,4000.0,G,,False,60,,2026-08-26 17:43:39,https://casagarciafortaleza.com.br/index.php,VALIDO
Casa Garcia Gourmet,Confeitaria,RECHEIO CREMOSO GOIABA 4KG AUREA,RECHEIO CREMOSO GOIABA AUREA,4976,CX 02,4.0,KG,4000.0,G,,False,60,,2026-08-26 17:43:39,https://casagarciafortaleza.com.br/index.php,VALIDO
Casa Garcia Gourmet,Confeitaria,RECHEIO CREMOSO GOIABA 4KG BOCARDO,RECHEIO CREMOSO GOIABA BOCARDO,4858,CX 02,4.0,KG,4000.0,G,,False,60,,2026-08-26 17:43:39,https://casagarciafortaleza.com.br/index.php,VALIDO
Casa Garcia Gourmet,Confeitaria,"RECHEIO CREMOSO MORANGO 1,01KG AUREA",RECHEIO CREMOSO MORANGO AUREA,4910,CX 06,1.01,KG,1010.0,G,,False,60,,2026-08-26 17:43:39,https://casagarciafortaleza.com.br/index.php,VALIDO
Casa Garcia Gourmet,Confeitaria,RECHEIO CREMOSO MORANGO 4KG AUREA,RECHEIO CREMOSO MORANGO AUREA,4969,CX 02,4.0,KG,4000.0,G,,False,60,,2026-08-26 17:43:39,https://casagarciafortaleza.com.br/index.php,VALIDO
Casa Garcia Gourmet,Confeitaria,RECHEIO DOCE DE LEITE 4KG,RECHEIO DOCE DE LEITE,246,FD 04,4.0,KG,4000.0,G,,False,60,,2026-08-26 17:43:39,https://casagarciafortaleza.com.br/index.php,VALIDO
Casa Garcia Gourmet,Confeitaria,"RECHEIO FORN CHOC AO LEITE 1,01KG",RECHEIO FORN CHOC AO LEITE,2173,CX 08,1.01,KG,1010.0,G,,False,60,,2026-08-26 17:43:39,https://casagarciafortaleza.com.br/index.php,VALIDO
Casa Garcia Gourmet,Confeitaria,"RECHEIO FORN CHOC BRANCO MIX 1,01KG",RECHEIO FORN CHOC BRANCO MIX,80159,CX 12,1.01,KG,1010.0,G,,False,61,,2026-08-26 17:43:40,https://casagarciafortaleza.com.br/index.php,VALIDO
Casa Garcia Gourmet,Confeitaria,"RECHEIO FORN CHOC MEIO AMARGO MIX 1,01KG",RECHEIO FORN CHOC MEIO AMARGO MIX,80164,CX 12,1.01,KG,1010.0,G,,False,61,,2026-08-26 17:43:40,https://casagarciafortaleza.com.br/index.php,VALIDO
Casa Garcia Gourmet,Confeitaria,"RECHEIO FORN CHOCOLATE AVELA MIX 1,01KG",RECHEIO FORN CHOCOLATE AVELA MIX,80160,CX 12,1.01,KG,1010.0,G,,False,61,,2026-08-26 17:43:40,https://casagarciafortaleza.com.br/index.php,VALIDO
Casa Garcia Gourmet,Confeitaria,"RECHEIO FORN DOCE DE LEITE VABENE 1,01KG",RECHEIO FORN DOCE DE LEITE VABENE,8735,CX 08,1.01,KG,1010.0,G,,False,61,,2026-08-26 17:43:40,https://casagarciafortaleza.com.br/index.php,VALIDO
Casa Garcia Gourmet,Confeitaria,"RECHEIO FORN GOIABA 1,05KG GRAN FINALE",RECHEIO FORN GOIABA GRAN FINALE,639,CX 06,1.05,KG,1050.0,G,,False,61,,2026-08-26 17:43:40,https://casagarciafortaleza.com.br/index.php,VALIDO
Casa Garcia Gourmet,Confeitaria,"RECHEIO FORN GOIABA MIX 1,01KG",RECHEIO FORN GOIABA MIX,80174,CX 12,1.01,KG,1010.0,G,,False,61,,2026-08-26 17:43:40,https://casagarciafortaleza.com.br/index.php,VALIDO
Casa Garcia Gourmet,Confeitaria,"RECHEIO FORN GOIABA VABENE 1,01KG",RECHEIO FORN GOIABA VABENE,4766,CX 08,1.01,KG,1010.0,G,,False,61,,2026-08-26 17:43:40,https://casagarciafortaleza.com.br/index.php,VALIDO
Casa Garcia Gourmet,Confeitaria,"RECHEIO FORN MARACUJA VABENE 1,01KG",RECHEIO FORN MARACUJA VABENE,4767,CX 08,1.01,KG,1010.0,G,,False,61,,2026-08-26 17:43:40,https://casagarciafortaleza.com.br/index.php,VALIDO
Casa Garcia Gourmet,Confeitaria,"RECHEIO FORN MORANGO GRAN FINALE 1,5KG",RECHEIO FORN MORANGO GRAN FINALE,640,CX 06,1.5,KG,1500.0,G,,False,61,,2026-08-26 17:43:40,https://casagarciafortaleza.com.br/index.php,VALIDO
Casa Garcia Gourmet,Confeitaria,"RECHEIO FORN MORANGO VABENE 1,01KG",RECHEIO FORN MORANGO VABENE,4769,CX 08,1.01,KG,1010.0,G,,False,61,,2026-08-26 17:43:40,https://casagarciafortaleza.com.br/index.php,VALIDO
Casa Garcia Gourmet,Confeitaria,"RECHEIO FORNEAVEL ABACAXI MIX 1,01KG",RECHEIO FORNEAVEL ABACAXI MIX,80149,CX 12,1.01,KG,1010.0,G,,False,61,,2026-08-26 17:43:40,https://casagarciafortaleza.com.br/index.php,VALIDO
Casa Garcia Gourmet,Confeitaria,"RECHEIO FORNEAVEL CARAMELO MIX 1,01KG",RECHEIO FORNEAVEL CARAMELO MIX,80155,CX 12,1.01,KG,1010.0,G,,False,61,,2026-08-26 17:43:40,https://casagarciafortaleza.com.br/index.php,VALIDO
Casa Garcia Gourmet,Confeitaria,"RECHEIO FORNEAVEL DE MARACUJA 1,01KG",RECHEIO FORNEAVEL DE MARACUJA,80179,CX 12,1.01,KG,1010.0,G,,False,62,,2026-08-26 17:43:41,https://casagarciafortaleza.com.br/index.php,VALIDO
Casa Garcia Gourmet,Confeitaria,"RECHEIO FORNEAVEL LEITINHO MIX 1,01KG",RECHEIO FORNEAVEL LEITINHO MIX,80177,CX 12,1.01,KG,1010.0,G,,False,62,,2026-08-26 17:43:41,https://casagarciafortaleza.com.br/index.php,VALIDO
Casa Garcia Gourmet,Confeitaria,"RECHEIO FORNEAVEL MORANGO 1,01KG",RECHEIO FORNEAVEL MORANGO,80183,CX 12,1.01,KG,1010.0,G,,False,62,,2026-08-26 17:43:41,https://casagarciafortaleza.com.br/index.php,VALIDO
Casa Garcia Gourmet,Confeitaria,"RECHEIO FORNEAVEL PACOCA 1,01KG MIX",RECHEIO FORNEAVEL PACOCA MIX,80186,CX 12,1.01,KG,1010.0,G,,False,62,,2026-08-26 17:43:41,https://casagarciafortaleza.com.br/index.php,VALIDO
Casa Garcia Gourmet,Confeitaria,"RECHEIO FORNEAVEL PISTACHE 1,01KG MIX",RECHEIO FORNEAVEL PISTACHE MIX,80188,CX 12,1.01,KG,1010.0,G,,False,62,,2026-08-26 17:43:41,https://casagarciafortaleza.com.br/index.php,VALIDO
Casa Garcia Gourmet,Confeitaria,RECHEIO FRUTAS AMARELAS MIX 3KG,RECHEIO FRUTAS AMARELAS MIX,80173,CX 04,3.0,KG,3000.0,G,,False,62,,2026-08-26 17:43:41,https://casagarciafortaleza.com.br/index.php,VALIDO
Casa Garcia Gourmet,Confeitaria,RECHEIO GOIABADA 4KG,RECHEIO GOIABADA,247,FD 04,4.0,KG,4000.0,G,,False,62,,2026-08-26 17:43:41,https://casagarciafortaleza.com.br/index.php,VALIDO
Casa Garcia Gourmet,Confeitaria,"RECHEIO LEITE COND 1,01KG BISNAGA AUREA",RECHEIO LEITE COND BISNAGA AUREA,8546,UN 01,1.01,KG,1010.0,G,,False,62,,2026-08-26 17:43:41,https://casagarciafortaleza.com.br/index.php,VALIDO
Casa Garcia Gourmet,Confeitaria,RECHEIO LEITE CONDENS 4KG,RECHEIO LEITE CONDENS,240,FD 04,4.0,KG,4000.0,G,,False,62,,2026-08-26 17:43:41,https://casagarciafortaleza.com.br/index.php,VALIDO
Casa Garcia Gourmet,Confeitaria,"RECHEIO LEITE CONDENSADO 1,01KG BOCARDO",RECHEIO LEITE CONDENSADO BOCARDO,8701,CX 06,1.01,KG,1010.0,G,,False,62,,2026-08-26 17:43:41,https://casagarciafortaleza.com.br/index.php,VALIDO
Casa Garcia Gourmet,Confeitaria,RECHEIO LIMAO CREMOSO 4KG,RECHEIO LIMAO CREMOSO,241,FD 04,4.0,KG,4000.0,G,,False,62,,2026-08-26 17:43:41,https://casagarciafortaleza.com.br/index.php,VALIDO
Casa Garcia Gourmet,Confeitaria,RECHEIO MARACUJA CREMOSO 4KG,RECHEIO MARACUJA CREMOSO,245,FD 04,4.0,KG,4000.0,G,,False,62,,2026-08-26 17:43:41,https://casagarciafortaleza.com.br/index.php,VALIDO
Casa Garcia Gourmet,Confeitaria,RECHEIO MORANGO 4KG,RECHEIO MORANGO,242,FD 04,4.0,KG,4000.0,G,,False,63,,2026-08-26 17:43:42,https://casagarciafortaleza.com.br/index.php,VALIDO
Casa Garcia Gourmet,Confeitaria,"RECHEIO MORANGO CREM GRAN FINALE 1,8KG",RECHEIO MORANGO CREM GRAN FINALE,632,CX 06,1.8,KG,1800.0,G,,False,63,,2026-08-26 17:43:42,https://casagarciafortaleza.com.br/index.php,VALIDO
Casa Garcia Gourmet,Confeitaria,RECHEIO MORANGO CREME DE MIX 3KG,RECHEIO MORANGO CREME DE MIX,80182,CX 04,3.0,KG,3000.0,G,,False,63,,2026-08-26 17:43:42,https://casagarciafortaleza.com.br/index.php,VALIDO
Casa Garcia Gourmet,Confeitaria,RECHEIO MORANGO CREMOSO 4KG,RECHEIO MORANGO CREMOSO,248,FD 04,4.0,KG,4000.0,G,,False,63,,2026-08-26 17:43:42,https://casagarciafortaleza.com.br/index.php,VALIDO
Casa Garcia Gourmet,Confeitaria,"RECHEIO MORANGO FORNEAVEL 1,01KG AUREA",RECHEIO MORANGO FORNEAVEL AUREA,3782,CX 06,1.01,KG,1010.0,G,,False,63,,2026-08-26 17:43:42,https://casagarciafortaleza.com.br/index.php,VALIDO
Casa Garcia Gourmet,Confeitaria,"RECHEIO SABOR PISTACHE 1,01KG MIX",RECHEIO SABOR PISTACHE MIX,80189,CX 12,1.01,KG,1010.0,G,,False,63,,2026-08-26 17:43:42,https://casagarciafortaleza.com.br/index.php,VALIDO
Casa Garcia Gourmet,Confeitaria,RECHEIO SABOR PISTACHE 3KG MIX,RECHEIO SABOR PISTACHE MIX,80190,CX 04,3.0,KG,3000.0,G,,False,63,,2026-08-26 17:43:42,https://casagarciafortaleza.com.br/index.php,VALIDO
Casa Garcia Gourmet,Confeitaria,RECHEIO/COB COM CHOCOLATE 2KG AUREA,RECHEIO COB COM CHOCOLATE AUREA,3780,CX 04,2.0,KG,2000.0,G,,False,63,,2026-08-26 17:43:42,https://casagarciafortaleza.com.br/index.php,VALIDO
Casa Garcia Gourmet,Confeitaria,RECHEIO/COB COM CHOCOLATE 4KG AUREA,RECHEIO COB COM CHOCOLATE AUREA,3781,CX 02,4.0,KG,4000.0,G,,False,63,,2026-08-26 17:43:42,https://casagarciafortaleza.com.br/index.php,VALIDO
Casa Garcia Gourmet,Confeitaria,RECHEIO/COB LEITE CONDENSADO 2KG AUREA,RECHEIO COB LEITE CONDENSADO AUREA,3779,CX 04,2.0,KG,2000.0,G,,False,63,,2026-08-26 17:43:42,https://casagarciafortaleza.com.br/index.php,VALIDO
Casa Garcia Gourmet,Confeitaria,RECHEIO/COB LEITE CONDENSADO 4KG AUREA,RECHEIO COB LEITE CONDENSADO AUREA,3778,CX 02,4.0,KG,4000.0,G,,False,63,,2026-08-26 17:43:42,https://casagarciafortaleza.com.br/index.php,VALIDO
Casa Garcia Gourmet,Confeitaria,REFRESCO ABACAXI 15X25G BOCARDO DISPLAY,REFRESCO ABACAXI 15X BOCARDO DISPLAY,4940,CX 08,25.0,G,25.0,G,,False,63,,2026-08-26 17:43:42,https://casagarciafortaleza.com.br/index.php,VALIDO
Casa Garcia Gourmet,Confeitaria,REFRESCO ABACAXI FRUTADO 200G,REFRESCO ABACAXI FRUTADO,8697,CX 12,200.0,G,200.0,G,,False,64,,2026-08-26 17:43:43,https://casagarciafortaleza.com.br/index.php,VALIDO
Casa Garcia Gourmet,Confeitaria,REFRESCO CAJU 15X25G FRUTADO DISPLAY,REFRESCO CAJU 15X FRUTADO DISPLAY,2034,CX 08,25.0,G,25.0,G,,False,64,,2026-08-26 17:43:43,https://casagarciafortaleza.com.br/index.php,VALIDO
Casa Garcia Gourmet,Confeitaria,REFRESCO GOIABA 15X20G FRUTADO DISPLAY,REFRESCO GOIABA 15X FRUTADO DISPLAY,4944,CX 08,20.0,G,20.0,G,,False,64,,2026-08-26 17:43:43,https://casagarciafortaleza.com.br/index.php,VALIDO
Casa Garcia Gourmet,Confeitaria,REFRESCO LARANJA 15X20G BOCARDO DISPLAY,REFRESCO LARANJA 15X BOCARDO DISPLAY,4942,CX 08,20.0,G,20.0,G,,False,64,,2026-08-26 17:43:43,https://casagarciafortaleza.com.br/index.php,VALIDO
Casa Garcia Gourmet,Confeitaria,REFRESCO LIMAO 15X20G BOCARDO DISPLAY,REFRESCO LIMAO 15X BOCARDO DISPLAY,2042,CX 08,20.0,G,20.0,G,,False,64,,2026-08-26 17:43:43,https://casagarciafortaleza.com.br/index.php,VALIDO
Casa Garcia Gourmet,Confeitaria,REFRESCO MANGA 15X20G FRUTADO DISPLAY,REFRESCO MANGA 15X FRUTADO DISPLAY,2043,CX 08,20.0,G,20.0,G,,False,64,,2026-08-26 17:43:43,https://casagarciafortaleza.com.br/index.php,VALIDO
Casa Garcia Gourmet,Confeitaria,REFRESCO MARACUJA 15X20G BOCARDO DISPLAY,REFRESCO MARACUJA 15X BOCARDO DISPLAY,4943,CX 08,20.0,G,20.0,G,,False,64,,2026-08-26 17:43:43,https://casagarciafortaleza.com.br/index.php,VALIDO
Casa Garcia Gourmet,Confeitaria,REFRESCO MORANGO 15X20G FRUTADO DISPLAY,REFRESCO MORANGO 15X FRUTADO DISPLAY,2044,CX 08,20.0,G,20.0,G,,False,64,,2026-08-26 17:43:43,https://casagarciafortaleza.com.br/index.php,VALIDO
Casa Garcia Gourmet,Confeitaria,REFRESCO TANGERINA 15X20G BOC DISPLAY,REFRESCO TANGERINA 15X BOC DISPLAY,2036,CX 08,20.0,G,20.0,G,,False,64,,2026-08-26 17:43:43,https://casagarciafortaleza.com.br/index.php,VALIDO
Casa Garcia Gourmet,Confeitaria,REFRESCO UVA 15X20G BOCARDO DISPLAY,REFRESCO UVA 15X BOCARDO DISPLAY,2045,CX 08,20.0,G,20.0,G,,False,64,,2026-08-26 17:43:43,https://casagarciafortaleza.com.br/index.php,VALIDO
Casa Garcia Gourmet,Confeitaria,SOBREMESA LACTEA LEITE CONDENSAD BAG 5KG,SOBREMESA LACTEA LEITE CONDENSAD BAG,2242,CX 02,5.0,KG,5000.0,G,,False,64,,2026-08-26 17:43:43,https://casagarciafortaleza.com.br/index.php,VALIDO
Casa Garcia Gourmet,Confeitaria,SOLUCAO ALCOOLICA NEUTRA 270ML FAB,SOLUCAO ALCOOLICA NEUTRA FAB,6389,CX 12,270.0,ML,270.0,ML,,False,64,,2026-08-26 17:43:43,https://casagarciafortaleza.com.br/index.php,VALIDO
Casa Garcia Gourmet,Confeitaria,SORBATO DE POTASSIO GRANULADO 1KG,SORBATO DE POTASSIO GRANULADO,2316,SC 25,1.0,KG,1000.0,G,,False,65,,2026-08-26 17:43:45,https://casagarciafortaleza.com.br/index.php,VALIDO
Casa Garcia Gourmet,Confeitaria,SORBATO DE POTASSIO GRANULADO 25KG,SORBATO DE POTASSIO GRANULADO,79181,SC 01,25.0,KG,25000.0,G,,False,65,,2026-08-26 17:43:45,https://casagarciafortaleza.com.br/index.php,VALIDO
Casa Garcia Gourmet,Confeitaria,VERMICELLI AO LEITE 400G MELKEN,VERMICELLI AO LEITE MELKEN,5474,CX 12,400.0,G,400.0,G,,False,65,,2026-08-26 17:43:45,https://casagarciafortaleza.com.br/index.php,VALIDO
Casa Garcia Gourmet,Confeitaria,VERMICELLI CONF CHOC BRANCO 400G MELKEN,VERMICELLI CONF CHOC BRANCO MELKEN,5098,CX 12,400.0,G,400.0,G,,False,65,,2026-08-26 17:43:45,https://casagarciafortaleza.com.br/index.php,VALIDO
Casa Garcia Gourmet,Panificação,AMILOGILL CARGILL 25KG,AMILOGILL CARGILL,2325,SC 01,25.0,KG,25000.0,G,,False,1,,2026-08-26 17:43:46,https://casagarciafortaleza.com.br/index.php,VALIDO
Casa Garcia Gourmet,Panificação,ANTIMOFO FL 1KG,ANTIMOFO FL,155,FD 12,1.0,KG,1000.0,G,,False,1,,2026-08-26 17:43:46,https://casagarciafortaleza.com.br/index.php,VALIDO
Casa Garcia Gourmet,Panificação,ANTIMOFO LIQ CONCENTRADO 5L,ANTIMOFO LIQ CONCENTRADO,2303,CX 04,5.0,L,5000.0,ML,,False,1,,2026-08-26 17:43:46,https://casagarciafortaleza.com.br/index.php,VALIDO
Casa Garcia Gourmet,Panificação,ANTIMOFO LIQ PRONTO P/ USAR 5L,ANTIMOFO LIQ PRONTO P USAR,2304,CX 04,5.0,L,5000.0,ML,,False,1,,2026-08-26 17:43:46,https://casagarciafortaleza.com.br/index.php,VALIDO
Casa Garcia Gourmet,Panificação,ARKADY 5KG,ARKADY,138,FD 03,5.0,KG,5000.0,G,,False,1,,2026-08-26 17:43:46,https://casagarciafortaleza.com.br/index.php,VALIDO
Casa Garcia Gourmet,Panificação,BICARBONATO DE AMONIA 1KG,BICARBONATO DE AMONIA,2318,PC 25,1.0,KG,1000.0,G,,False,1,,2026-08-26 17:43:46,https://casagarciafortaleza.com.br/index.php,VALIDO
Casa Garcia Gourmet,Panificação,BICARBONATO DE AMONIA 25KG,BICARBONATO DE AMONIA,2317,SC 01,25.0,KG,25000.0,G,,False,1,,2026-08-26 17:43:46,https://casagarciafortaleza.com.br/index.php,VALIDO
Casa Garcia Gourmet,Panificação,COMPOSTO LACTEO ACAI 1KG LEITINO,COMPOSTO LACTEO ACAI LEITINO,80710,CX 10,1.0,KG,1000.0,G,,False,1,,2026-08-26 17:43:46,https://casagarciafortaleza.com.br/index.php,VALIDO
Casa Garcia Gourmet,Panificação,"COMPOSTO LACTEO CULIN DAMARE FOOD 1,01KG",COMPOSTO LACTEO CULIN DAMARE FOOD,948,FD 10,1.01,KG,1010.0,G,,False,1,,2026-08-26 17:43:46,https://casagarciafortaleza.com.br/index.php,VALIDO
Casa Garcia Gourmet,Panificação,COMPOSTO LACTEO D+ DAMARE 800G,COMPOSTO LACTEO D DAMARE,949,CX 12,800.0,G,800.0,G,,False,1,,2026-08-26 17:43:46,https://casagarciafortaleza.com.br/index.php,VALIDO
Casa Garcia Gourmet,Panificação,"COMPOSTO LACTEO PANIF DAMARE FOOD 1,01KG",COMPOSTO LACTEO PANIF DAMARE FOOD,950,FD 10,1.01,KG,1010.0,G,,False,1,,2026-08-26 17:43:46,https://casagarciafortaleza.com.br/index.php,VALIDO
Casa Garcia Gourmet,Panificação,DESMOLDANTE 5L FLEISCHMANN,DESMOLDANTE FLEISCHMANN,156,CX 04,5.0,L,5000.0,ML,,False,1,,2026-08-26 17:43:46,https://casagarciafortaleza.com.br/index.php,VALIDO
Casa Garcia Gourmet,Panificação,DOURATTO GALAO DOURADOR DE PAES 5L,DOURATTO GALAO DOURADOR DE PAES,78443,CX 02,5.0,L,5000.0,ML,,False,2,,2026-08-26 17:43:47,https://casagarciafortaleza.com.br/index.php,VALIDO
Casa Garcia Gourmet,Panificação,DOURATTO SPRAY DOURADOR DE PAES 500ML,DOURATTO SPRAY DOURADOR DE PAES,78442,CX 12,500.0,ML,500.0,ML,,False,2,,2026-08-26 17:43:47,https://casagarciafortaleza.com.br/index.php,VALIDO
Casa Garcia Gourmet,Panificação,EMULSIFICANTE OLEOSO 5KG BIGMIX,EMULSIFICANTE OLEOSO BIGMIX,2300,CX 04,5.0,KG,5000.0,G,,False,2,,2026-08-26 17:43:47,https://casagarciafortaleza.com.br/index.php,VALIDO
Casa Garcia Gourmet,Panificação,EMULSIFICANTE OLEOSO DAPANE 5KG,EMULSIFICANTE OLEOSO DAPANE,2298,CX 04,5.0,KG,5000.0,G,,False,2,,2026-08-26 17:43:47,https://casagarciafortaleza.com.br/index.php,VALIDO
Casa Garcia Gourmet,Panificação,EMULSIFICANTE OLEOSO NEUTRO 5KG BIGMIX,EMULSIFICANTE OLEOSO NEUTRO BIGMIX,2460,CX 04,5.0,KG,5000.0,G,,False,2,,2026-08-26 17:43:47,https://casagarciafortaleza.com.br/index.php,VALIDO
Casa Garcia Gourmet,Panificação,FERMENTO FRESCO M CONG 500G,FERMENTO FRESCO M CONG,102,CX 50,500.0,G,500.0,G,,False,2,,2026-08-26 17:43:47,https://casagarciafortaleza.com.br/index.php,VALIDO
Casa Garcia Gourmet,Panificação,FERMENTO FRESCO MD FL 500G,FERMENTO FRESCO MD FL,101,CX 50,500.0,G,500.0,G,,False,2,,2026-08-26 17:43:47,https://casagarciafortaleza.com.br/index.php,VALIDO
Casa Garcia Gourmet,Panificação,FERMENTO FRESCO MS FL 500G,FERMENTO FRESCO MS FL,100,CX 50,500.0,G,500.0,G,,False,2,,2026-08-26 17:43:47,https://casagarciafortaleza.com.br/index.php,VALIDO
Casa Garcia Gourmet,Panificação,FERMENTO INST MD FL 500G,FERMENTO INST MD FL,119,CX 20,500.0,G,500.0,G,,False,2,,2026-08-26 17:43:47,https://casagarciafortaleza.com.br/index.php,VALIDO
Casa Garcia Gourmet,Panificação,FERMENTO INST MS FL 500G,FERMENTO INST MS FL,118,CX 20,500.0,G,500.0,G,,False,2,,2026-08-26 17:43:47,https://casagarciafortaleza.com.br/index.php,VALIDO
Casa Garcia Gourmet,Panificação,GLUTEN 25KG,GLUTEN,10028,SC 01,25.0,KG,25000.0,G,,False,2,,2026-08-26 17:43:47,https://casagarciafortaleza.com.br/index.php,VALIDO
Casa Garcia Gourmet,Panificação,MAIS MACIO SACHET 20X20G,MAIS MACIO SACHET 20X,149,DS 16,20.0,G,20.0,G,,False,2,,2026-08-26 17:43:47,https://casagarciafortaleza.com.br/index.php,VALIDO
Casa Garcia Gourmet,Panificação,MEHLROADOR PO CI-250 1KG,MEHLROADOR PO CI 250,108,CX 10,1.0,KG,1000.0,G,,False,3,,2026-08-26 17:43:48,https://casagarciafortaleza.com.br/index.php,VALIDO
Casa Garcia Gourmet,Panificação,MELHORADOR EM PASTA 150G PLENO,MELHORADOR EM PASTA PLENO,79159,CX 40,150.0,G,150.0,G,,False,3,,2026-08-26 17:43:48,https://casagarciafortaleza.com.br/index.php,VALIDO
Casa Garcia Gourmet,Panificação,MELHORADOR MACIEZ SN 100 20KG ABM,MELHORADOR MACIEZ SN 100 ABM,81346,CX 01,20.0,KG,20000.0,G,,False,3,,2026-08-26 17:43:48,https://casagarciafortaleza.com.br/index.php,VALIDO
Casa Garcia Gourmet,Panificação,MELHORADOR P/MACIEZ SN-100 20KG FLM,MELHORADOR P MACIEZ SN 100 FLM,652,CX 01,20.0,KG,20000.0,G,,False,3,,2026-08-26 17:43:48,https://casagarciafortaleza.com.br/index.php,VALIDO
Casa Garcia Gourmet,Panificação,MELHORADOR PAES P/ MACIEZ 1OKG,MELHORADOR PAES P MACIEZ 1OKG,218,CX 01,,,,,,False,3,,2026-08-26 17:43:48,https://casagarciafortaleza.com.br/index.php,REVISAR_EMBALAGEM
Casa Garcia Gourmet,Panificação,MELHORADOR PO CI-250 10KG,MELHORADOR PO CI 250,8165,FD 01,10.0,KG,10000.0,G,,False,3,,2026-08-26 17:43:48,https://casagarciafortaleza.com.br/index.php,VALIDO
Casa Garcia Gourmet,Panificação,MELHORADOR PO PLATINUM 500G FLM,MELHORADOR PO PLATINUM FLM,81038,CX 30,500.0,G,500.0,G,,False,3,,2026-08-26 17:43:48,https://casagarciafortaleza.com.br/index.php,VALIDO
Casa Garcia Gourmet,Panificação,MELHORADOR PO PLATINUM EXTEND 500G FLM,MELHORADOR PO PLATINUM EXTEND FLM,80931,CX 30,500.0,G,500.0,G,,False,3,,2026-08-26 17:43:48,https://casagarciafortaleza.com.br/index.php,VALIDO
Casa Garcia Gourmet,Panificação,MELHORADOR PO PLATINUM FL 5KG,MELHORADOR PO PLATINUM FL,81039,CX 03,5.0,KG,5000.0,G,,False,3,,2026-08-26 17:43:48,https://casagarciafortaleza.com.br/index.php,VALIDO
Casa Garcia Gourmet,Panificação,MELHORADOR PO PLATINUM MAX-3 500G FLM,MELHORADOR PO PLATINUM MAX 3 FLM,80930,CX 30,500.0,G,500.0,G,,False,3,,2026-08-26 17:43:48,https://casagarciafortaleza.com.br/index.php,VALIDO
Casa Garcia Gourmet,Panificação,METABISSULFITO DE SODIO 1KG,METABISSULFITO DE SODIO,2315,SC 25,1.0,KG,1000.0,G,,False,3,,2026-08-26 17:43:48,https://casagarciafortaleza.com.br/index.php,VALIDO
Casa Garcia Gourmet,Panificação,METABISSULFITO DE SODIO 25KG,METABISSULFITO DE SODIO,79182,SC 01,25.0,KG,25000.0,G,,False,3,,2026-08-26 17:43:48,https://casagarciafortaleza.com.br/index.php,VALIDO
Casa Garcia Gourmet,Panificação,MIST BRIOCHE 5KG,MIST BRIOCHE,274,FD 03,5.0,KG,5000.0,G,,False,4,,2026-08-26 17:43:49,https://casagarciafortaleza.com.br/index.php,VALIDO
Casa Garcia Gourmet,Panificação,MIST BRIOCHE CONC 25%  20KG ABM,MIST BRIOCHE CONC 25 ABM,81344,CX 01,20.0,KG,20000.0,G,,False,4,,2026-08-26 17:43:49,https://casagarciafortaleza.com.br/index.php,VALIDO
Casa Garcia Gourmet,Panificação,MIST CHIPA FELICCI 2KG,MIST CHIPA FELICCI,81032,CX 10,2.0,KG,2000.0,G,,False,4,,2026-08-26 17:43:49,https://casagarciafortaleza.com.br/index.php,VALIDO
Casa Garcia Gourmet,Panificação,MIST CHIPA FLEISCHMANN 1KG,MIST CHIPA FLEISCHMANN,3776,FD 12,1.0,KG,1000.0,G,,False,4,,2026-08-26 17:43:49,https://casagarciafortaleza.com.br/index.php,VALIDO
Casa Garcia Gourmet,Panificação,MIST CROISSANT 5KG,MIST CROISSANT,271,FD 03,5.0,KG,5000.0,G,,False,4,,2026-08-26 17:43:49,https://casagarciafortaleza.com.br/index.php,VALIDO
Casa Garcia Gourmet,Panificação,MIST CROISSANT CONC 25%  20KG ABM,MIST CROISSANT CONC 25 ABM,81345,CX 01,20.0,KG,20000.0,G,,False,4,,2026-08-26 17:43:49,https://casagarciafortaleza.com.br/index.php,VALIDO
Casa Garcia Gourmet,Panificação,MIST FOLHADOS 5KG,MIST FOLHADOS,272,FD 03,5.0,KG,5000.0,G,,False,4,,2026-08-26 17:43:49,https://casagarciafortaleza.com.br/index.php,VALIDO
Casa Garcia Gourmet,Panificação,MIST MULTIMIX 1KG,MIST MULTIMIX,163,PC 12,1.0,KG,1000.0,G,,False,4,,2026-08-26 17:43:49,https://casagarciafortaleza.com.br/index.php,VALIDO
Casa Garcia Gourmet,Panificação,MIST PAO ARTESANAL CIABATTA 5KG,MIST PAO ARTESANAL CIABATTA,284,FD 03,5.0,KG,5000.0,G,,False,4,,2026-08-26 17:43:49,https://casagarciafortaleza.com.br/index.php,VALIDO
Casa Garcia Gourmet,Panificação,MIST PAO ARTESANAL ITALIANO 5KG,MIST PAO ARTESANAL ITALIANO,283,CX 03,5.0,KG,5000.0,G,,False,4,,2026-08-26 17:43:49,https://casagarciafortaleza.com.br/index.php,VALIDO
Casa Garcia Gourmet,Panificação,MIST PAO AUSTRALIANO 5KG,MIST PAO AUSTRALIANO,282,FD 03,5.0,KG,5000.0,G,,False,4,,2026-08-26 17:43:49,https://casagarciafortaleza.com.br/index.php,VALIDO
Casa Garcia Gourmet,Panificação,MIST PAO AUSTRALIANO CONC 25% 10KG FLM,MIST PAO AUSTRALIANO CONC 25 FLM,80372,CX 01,10.0,KG,10000.0,G,,False,4,,2026-08-26 17:43:49,https://casagarciafortaleza.com.br/index.php,VALIDO
Casa Garcia Gourmet,Panificação,MIST PAO BRIOCHE CHOCOLATE FELICCI 2KG,MIST PAO BRIOCHE CHOCOLATE FELICCI,81030,CX 10,2.0,KG,2000.0,G,,False,5,,2026-08-26 17:43:50,https://casagarciafortaleza.com.br/index.php,VALIDO
Casa Garcia Gourmet,Panificação,"MIST PAO BRIOCHE FELICCI 5,01KG",MIST PAO BRIOCHE FELICCI,81243,CX 04,5.01,KG,5010.0,G,,False,5,,2026-08-26 17:43:50,https://casagarciafortaleza.com.br/index.php,VALIDO
Casa Garcia Gourmet,Panificação,MIST PAO DE BATATA 1KG,MIST PAO DE BATATA,164,FD 12,1.0,KG,1000.0,G,,False,5,,2026-08-26 17:43:50,https://casagarciafortaleza.com.br/index.php,VALIDO
Casa Garcia Gourmet,Panificação,"MIST PAO DE BATATA FELICCI 5,01KG",MIST PAO DE BATATA FELICCI,81244,CX 04,5.01,KG,5010.0,G,,False,5,,2026-08-26 17:43:50,https://casagarciafortaleza.com.br/index.php,VALIDO
Casa Garcia Gourmet,Panificação,MIST PAO DE QUEIJO 1KG,MIST PAO DE QUEIJO,165,PC 12,1.0,KG,1000.0,G,,False,5,,2026-08-26 17:43:50,https://casagarciafortaleza.com.br/index.php,VALIDO
Casa Garcia Gourmet,Panificação,MIST PAO DE QUEIJO 5KG,MIST PAO DE QUEIJO,166,PC 03,5.0,KG,5000.0,G,,False,5,,2026-08-26 17:43:50,https://casagarciafortaleza.com.br/index.php,VALIDO
Casa Garcia Gourmet,Panificação,MIST PAO DE QUEIJO FELICCI 2KG,MIST PAO DE QUEIJO FELICCI,81242,CX 10,2.0,KG,2000.0,G,,False,5,,2026-08-26 17:43:50,https://casagarciafortaleza.com.br/index.php,VALIDO
Casa Garcia Gourmet,Panificação,MIST PAO LEVE INTEGRAL 10KG,MIST PAO LEVE INTEGRAL,171,FD 01,10.0,KG,10000.0,G,,False,5,,2026-08-26 17:43:50,https://casagarciafortaleza.com.br/index.php,VALIDO
Casa Garcia Gourmet,Panificação,MIST PAO LEVE INTEGRAL 5KG,MIST PAO LEVE INTEGRAL,169,FD 03,5.0,KG,5000.0,G,,False,5,,2026-08-26 17:43:50,https://casagarciafortaleza.com.br/index.php,VALIDO
Casa Garcia Gourmet,Panificação,MISTURA BRIOCHE CONC 25% 10KG FLM,MISTURA BRIOCHE CONC 25 FLM,80147,CX 01,10.0,KG,10000.0,G,,False,5,,2026-08-26 17:43:50,https://casagarciafortaleza.com.br/index.php,VALIDO
Casa Garcia Gourmet,Panificação,MISTURA CROISSANT CONC 25% 10KG FLM,MISTURA CROISSANT CONC 25 FLM,81236,CX 01,10.0,KG,10000.0,G,,False,5,,2026-08-26 17:43:50,https://casagarciafortaleza.com.br/index.php,VALIDO
Casa Garcia Gourmet,Panificação,MISTURA DONUTS CONC 25% 10KG FLM,MISTURA DONUTS CONC 25 FLM,81219,CX 01,10.0,KG,10000.0,G,,False,5,,2026-08-26 17:43:50,https://casagarciafortaleza.com.br/index.php,VALIDO
Casa Garcia Gourmet,Panificação,MISTURA PAO DE QUEIJO EMBRAMIX 1KG,MISTURA PAO DE QUEIJO EMBRAMIX,78472,CX 10,1.0,KG,1000.0,G,,False,6,,2026-08-26 17:43:51,https://casagarciafortaleza.com.br/index.php,VALIDO
Casa Garcia Gourmet,Panificação,POLVILHO AZEDO INDEMIL 25KG,POLVILHO AZEDO INDEMIL,80145,SC 01,25.0,KG,25000.0,G,,False,6,,2026-08-26 17:43:51,https://casagarciafortaleza.com.br/index.php,VALIDO
Casa Garcia Gourmet,Panificação,PREPARADO PANIF GR 300 20KG ABM,PREPARADO PANIF GR 300 ABM,81347,CX 01,20.0,KG,20000.0,G,,False,6,,2026-08-26 17:43:51,https://casagarciafortaleza.com.br/index.php,VALIDO
Casa Garcia Gourmet,Panificação,PROPIONATO DE CALCIO 1KG,PROPIONATO DE CALCIO,2309,FD 01,1.0,KG,1000.0,G,,False,6,,2026-08-26 17:43:51,https://casagarciafortaleza.com.br/index.php,VALIDO
Casa Garcia Gourmet,Panificação,PROPIONATO DE CALCIO 20KG,PROPIONATO DE CALCIO,2310,SC 01,20.0,KG,20000.0,G,,False,6,,2026-08-26 17:43:51,https://casagarciafortaleza.com.br/index.php,VALIDO
Casa Garcia Gourmet,Panificação,PROPIONATO DE SODIO 25KG,PROPIONATO DE SODIO,81351,SC 01,25.0,KG,25000.0,G,,False,6,,2026-08-26 17:43:51,https://casagarciafortaleza.com.br/index.php,VALIDO
Casa Garcia Gourmet,Panificação,UNTA FORMA 5L,UNTA FORMA,2271,CX 02,5.0,L,5000.0,ML,,False,6,,2026-08-26 17:43:51,https://casagarciafortaleza.com.br/index.php,VALIDO
Casa Garcia Gourmet,Panificação,UNTA FORMA EMBRAMIX 5L,UNTA FORMA EMBRAMIX,78473,CX 02,5.0,L,5000.0,ML,,False,6,,2026-08-26 17:43:51,https://casagarciafortaleza.com.br/index.php,VALIDO
Casa Garcia Gourmet,Food Service,ALHO ROXO POLPA NAT 1KG,ALHO ROXO POLPA NAT,79722,CX 12,1.0,KG,1000.0,G,,False,1,,2026-08-26 17:43:53,https://casagarciafortaleza.com.br/index.php,VALIDO
Casa Garcia Gourmet,Food Service,ALHO ROXO POLPA NAT 3KG,ALHO ROXO POLPA NAT,79724,CX 04,3.0,KG,3000.0,G,,False,1,,2026-08-26 17:43:53,https://casagarciafortaleza.com.br/index.php,VALIDO
Casa Garcia Gourmet,Food Service,ALHO ROXO VACUO NAT 1KG,ALHO ROXO VACUO NAT,79720,CX 10,1.0,KG,1000.0,G,,False,1,,2026-08-26 17:43:53,https://casagarciafortaleza.com.br/index.php,VALIDO
Casa Garcia Gourmet,Food Service,"AMACIANTE CARNE TECNUTRI 1,01KG",AMACIANTE CARNE TECNUTRI,6620,CX 10,1.01,KG,1010.0,G,,False,1,,2026-08-26 17:43:53,https://casagarciafortaleza.com.br/index.php,VALIDO
Casa Garcia Gourmet,Food Service,AMEIXA SECA SEM CAROCO 10KG,AMEIXA SECA SEM CAROCO,79180,SC 01,10.0,KG,10000.0,G,,False,1,,2026-08-26 17:43:53,https://casagarciafortaleza.com.br/index.php,VALIDO
Casa Garcia Gourmet,Food Service,AMEIXA SECA SEM CAROCO 1KG,AMEIXA SECA SEM CAROCO,2323,CX 10,1.0,KG,1000.0,G,,False,1,,2026-08-26 17:43:53,https://casagarciafortaleza.com.br/index.php,VALIDO
Casa Garcia Gourmet,Food Service,AMENDOIM GRANULADO TORRADO 1KG,AMENDOIM GRANULADO TORRADO,2619,CX 22,1.0,KG,1000.0,G,,False,1,,2026-08-26 17:43:53,https://casagarciafortaleza.com.br/index.php,VALIDO
Casa Garcia Gourmet,Food Service,AMENDOIM TORRADO BANDAS 1KG,AMENDOIM TORRADO BANDAS,2617,CX 22,1.0,KG,1000.0,G,,False,1,,2026-08-26 17:43:53,https://casagarciafortaleza.com.br/index.php,VALIDO
Casa Garcia Gourmet,Food Service,AZEITE DE OLIVA EXT VIRGEM TERRANO 500ML,AZEITE DE OLIVA EXT VIRGEM TERRANO,1901,CX 12,500.0,ML,500.0,ML,,False,1,,2026-08-26 17:43:53,https://casagarciafortaleza.com.br/index.php,VALIDO
Casa Garcia Gourmet,Food Service,"AZEITE DE OLIVA TERRANO 5,01L",AZEITE DE OLIVA TERRANO,1904,CX 03,5.01,L,5010.0,ML,,False,1,,2026-08-26 17:43:53,https://casagarciafortaleza.com.br/index.php,VALIDO
Casa Garcia Gourmet,Food Service,"AZEITE DE OLIVA UNICO TERRANO 5,1L",AZEITE DE OLIVA UNICO TERRANO,1898,CX 03,5.1,L,5100.0,ML,,False,1,,2026-08-26 17:43:53,https://casagarciafortaleza.com.br/index.php,VALIDO
Casa Garcia Gourmet,Food Service,AZEITE SACHE 4MLX200UN BOM SABOR,AZEITE SACHE 4MLX BOM SABOR,80077,CX 01,200.0,UN,200.0,UN,,False,1,,2026-08-26 17:43:53,https://casagarciafortaleza.com.br/index.php,VALIDO
Casa Garcia Gourmet,Food Service,AZEITONA VERDE FATIADA 2KG CAMPO BELO,AZEITONA VERDE FATIADA CAMPO BELO,6496,CX 06,2.0,KG,2000.0,G,,False,2,,2026-08-26 17:43:54,https://casagarciafortaleza.com.br/index.php,VALIDO
Casa Garcia Gourmet,Food Service,AZEITONA VERDE INTEIRA MD 2KG CAMPO BELO,AZEITONA VERDE INTEIRA MD CAMPO BELO,6497,CX 06,2.0,KG,2000.0,G,,False,2,,2026-08-26 17:43:54,https://casagarciafortaleza.com.br/index.php,VALIDO
Casa Garcia Gourmet,Food Service,AZEITONA VERDE INTEIRA MIUDA 2KG CAMPO B,AZEITONA VERDE INTEIRA MIUDA CAMPO B,6508,CX 06,2.0,KG,2000.0,G,,False,2,,2026-08-26 17:43:54,https://casagarciafortaleza.com.br/index.php,VALIDO
Casa Garcia Gourmet,Food Service,BATATA PALHA FEULEN 400G,BATATA PALHA FEULEN,79718,CX 10,400.0,G,400.0,G,,False,2,,2026-08-26 17:43:54,https://casagarciafortaleza.com.br/index.php,VALIDO
Casa Garcia Gourmet,Food Service,"CALDO CARNE 1,1KG AJINOMOTO",CALDO CARNE AJINOMOTO,1917,CX 06,1.1,KG,1100.0,G,,False,2,,2026-08-26 17:43:54,https://casagarciafortaleza.com.br/index.php,VALIDO
Casa Garcia Gourmet,Food Service,"CALDO CARNE TECNUTRI 1,01KG",CALDO CARNE TECNUTRI,6622,CX 10,1.01,KG,1010.0,G,,False,2,,2026-08-26 17:43:54,https://casagarciafortaleza.com.br/index.php,VALIDO
Casa Garcia Gourmet,Food Service,"CALDO GALINHA TECNUTRI 1,01KG",CALDO GALINHA TECNUTRI,6621,CX 10,1.01,KG,1010.0,G,,False,2,,2026-08-26 17:43:54,https://casagarciafortaleza.com.br/index.php,VALIDO
Casa Garcia Gourmet,Food Service,"CALDO SAZON BACON 1,01KG",CALDO SAZON BACON,80932,CX 06,1.01,KG,1010.0,G,,False,2,,2026-08-26 17:43:54,https://casagarciafortaleza.com.br/index.php,VALIDO
Casa Garcia Gourmet,Food Service,"CALDO SAZON CARNE 1,1KG",CALDO SAZON CARNE,1919,CX 06,1.1,KG,1100.0,G,,False,2,,2026-08-26 17:43:54,https://casagarciafortaleza.com.br/index.php,VALIDO
Casa Garcia Gourmet,Food Service,"CALDO SAZON FRUTOS DO MAR 1,1 KG",CALDO SAZON FRUTOS DO MAR,1897,CX 06,1.1,KG,1100.0,G,,False,2,,2026-08-26 17:43:54,https://casagarciafortaleza.com.br/index.php,VALIDO
Casa Garcia Gourmet,Food Service,"CALDO SAZON GALINHA 1,1KG",CALDO SAZON GALINHA,1920,CX 06,1.1,KG,1100.0,G,,False,2,,2026-08-26 17:43:54,https://casagarciafortaleza.com.br/index.php,VALIDO
Casa Garcia Gourmet,Food Service,"CALDO SAZON LEGUMES 1,1KG",CALDO SAZON LEGUMES,1923,CX 06,1.1,KG,1100.0,G,,False,2,,2026-08-26 17:43:54,https://casagarciafortaleza.com.br/index.php,VALIDO
Casa Garcia Gourmet,Food Service,CASTANHA INTEIRA 1KG WB,CASTANHA INTEIRA WB,2378,CX 22,1.0,KG,1000.0,G,,False,3,,2026-08-26 17:43:55,https://casagarciafortaleza.com.br/index.php,VALIDO
Casa Garcia Gourmet,Food Service,CASTANHA QUEBRADA 1KG BB,CASTANHA QUEBRADA BB,2377,CX 22,1.0,KG,1000.0,G,,False,3,,2026-08-26 17:43:55,https://casagarciafortaleza.com.br/index.php,VALIDO
Casa Garcia Gourmet,Food Service,CASTANHA XEREM FINA 1KG XT,CASTANHA XEREM FINA XT,2376,CX 22,1.0,KG,1000.0,G,,False,3,,2026-08-26 17:43:55,https://casagarciafortaleza.com.br/index.php,VALIDO
Casa Garcia Gourmet,Food Service,CASTANHA XEREM GROSSA 1KG GT,CASTANHA XEREM GROSSA GT,2375,CX 22,1.0,KG,1000.0,G,,False,3,,2026-08-26 17:43:55,https://casagarciafortaleza.com.br/index.php,VALIDO
Casa Garcia Gourmet,Food Service,"CEREJA MARRASQUINO C/TALO CURICO 1,65KG",CEREJA MARRASQUINO C TALO CURICO,3379,CX 06,1.65,KG,1650.0,G,,False,3,,2026-08-26 17:43:55,https://casagarciafortaleza.com.br/index.php,VALIDO
Casa Garcia Gourmet,Food Service,"CREAM CHEESE DUDICO BISNAGA 1,2KG",CREAM CHEESE DUDICO BISNAGA,81218,CX 15,1.2,KG,1200.0,G,,False,3,,2026-08-26 17:43:55,https://casagarciafortaleza.com.br/index.php,VALIDO
Casa Garcia Gourmet,Food Service,"CREAM CHEESE SABOR & VIDA 3,6KG",CREAM CHEESE SABOR VIDA,10490,UN 01,3.6,KG,3600.0,G,,False,3,,2026-08-26 17:43:55,https://casagarciafortaleza.com.br/index.php,VALIDO
Casa Garcia Gourmet,Food Service,"CREAM CHEESE SABOR & VIDA BISNAGA 1,5KG",CREAM CHEESE SABOR VIDA BISNAGA,10492,FD 12,1.5,KG,1500.0,G,,False,3,,2026-08-26 17:43:55,https://casagarciafortaleza.com.br/index.php,VALIDO
Casa Garcia Gourmet,Food Service,"CREME CULINARIO UHT DAMARE FOOD 1,01KG",CREME CULINARIO UHT DAMARE FOOD,951,CX 12,1.01,KG,1010.0,G,,False,3,,2026-08-26 17:43:55,https://casagarciafortaleza.com.br/index.php,VALIDO
Casa Garcia Gourmet,Food Service,CREME DE CEBOLA 1KG AJINOMOTO,CREME DE CEBOLA AJINOMOTO,1933,CX 06,1.0,KG,1000.0,G,,False,3,,2026-08-26 17:43:55,https://casagarciafortaleza.com.br/index.php,VALIDO
Casa Garcia Gourmet,Food Service,"CREME DE CEBOLA TECNUTRI 1,01KG",CREME DE CEBOLA TECNUTRI,6624,CX 10,1.01,KG,1010.0,G,,False,3,,2026-08-26 17:43:55,https://casagarciafortaleza.com.br/index.php,VALIDO
Casa Garcia Gourmet,Food Service,"CREME DE LEITE LEVE UHT DAMARE 1,01KG",CREME DE LEITE LEVE UHT DAMARE,952,CX 12,1.01,KG,1010.0,G,,False,3,,2026-08-26 17:43:55,https://casagarciafortaleza.com.br/index.php,VALIDO
Casa Garcia Gourmet,Food Service,CREME DE LEITE LEVE UHT DAMARE 200G,CREME DE LEITE LEVE UHT DAMARE,955,CX 27,200.0,G,200.0,G,,False,4,,2026-08-26 17:43:56,https://casagarciafortaleza.com.br/index.php,VALIDO
Casa Garcia Gourmet,Food Service,"ERVILHA EM CONSERVA SACHE 1,7KG",ERVILHA EM CONSERVA SACHE,2962,CX 06,1.7,KG,1700.0,G,,False,4,,2026-08-26 17:43:56,https://casagarciafortaleza.com.br/index.php,VALIDO
Casa Garcia Gourmet,Food Service,"EXTRATO DE TOMATE 1,7KG VAL",EXTRATO DE TOMATE VAL,3410,CX 06,1.7,KG,1700.0,G,,False,4,,2026-08-26 17:43:56,https://casagarciafortaleza.com.br/index.php,VALIDO
Casa Garcia Gourmet,Food Service,EXTRATO DE TOMATE 2KG AJINOMOTO,EXTRATO DE TOMATE AJINOMOTO,2088,CX 08,2.0,KG,2000.0,G,,False,4,,2026-08-26 17:43:56,https://casagarciafortaleza.com.br/index.php,VALIDO
Casa Garcia Gourmet,Food Service,"EXTRATO DE TOMATE CONCENTRADO SACH 1,7KG",EXTRATO DE TOMATE CONCENTRADO SACH,2957,CX 06,1.7,KG,1700.0,G,,False,4,,2026-08-26 17:43:56,https://casagarciafortaleza.com.br/index.php,VALIDO
Casa Garcia Gourmet,Food Service,FARINHA DE AMENDOIM 1KG,FARINHA DE AMENDOIM,2618,CX 22,1.0,KG,1000.0,G,,False,4,,2026-08-26 17:43:56,https://casagarciafortaleza.com.br/index.php,VALIDO
Casa Garcia Gourmet,Food Service,GERGELIM BRANCO 1KG,GERGELIM BRANCO,1890,CX 01,1.0,KG,1000.0,G,,False,4,,2026-08-26 17:43:56,https://casagarciafortaleza.com.br/index.php,VALIDO
Casa Garcia Gourmet,Food Service,GERGELIM PRETO 1KG,GERGELIM PRETO,1949,CX 01,1.0,KG,1000.0,G,,False,4,,2026-08-26 17:43:56,https://casagarciafortaleza.com.br/index.php,VALIDO
Casa Garcia Gourmet,Food Service,GOIABADA CASCAO 7KG AUREA,GOIABADA CASCAO AUREA,8537,CX 01,7.0,KG,7000.0,G,,False,4,,2026-08-26 17:43:56,https://casagarciafortaleza.com.br/index.php,VALIDO
Casa Garcia Gourmet,Food Service,GOIABADA CASCAO 7KG BOCARDO,GOIABADA CASCAO BOCARDO,2097,UN 01,7.0,KG,7000.0,G,,False,4,,2026-08-26 17:43:56,https://casagarciafortaleza.com.br/index.php,VALIDO
Casa Garcia Gourmet,Food Service,"GORDURA DE PALMA PURIPALMA 14,5KG",GORDURA DE PALMA PURIPALMA,81314,CX 18,14.5,KG,14500.0,G,,False,4,,2026-08-26 17:43:56,https://casagarciafortaleza.com.br/index.php,VALIDO
Casa Garcia Gourmet,Food Service,KETCHUP SACHE 6GX154 HABITO,KETCHUP SACHE 6GX154 HABITO,8543,CX 18,,,,,,False,4,,2026-08-26 17:43:56,https://casagarciafortaleza.com.br/index.php,REVISAR_EMBALAGEM
Casa Garcia Gourmet,Food Service,KETCHUP SACHE 6GX189 BOCARDO,KETCHUP SACHE 6GX189 BOCARDO,1954,CX 18,,,,,,False,5,,2026-08-26 17:43:57,https://casagarciafortaleza.com.br/index.php,REVISAR_EMBALAGEM
Casa Garcia Gourmet,Food Service,KETCHUP SACHE 7GX144UN FUGINI,KETCHUP SACHE 7GX FUGINI,80012,CX 01,144.0,UN,144.0,UN,,False,5,,2026-08-26 17:43:57,https://casagarciafortaleza.com.br/index.php,VALIDO
Casa Garcia Gourmet,Food Service,KETCHUP TRAD 3KG BOCARDO,KETCHUP TRAD BOCARDO,78849,CX 06,3.0,KG,3000.0,G,,False,5,,2026-08-26 17:43:57,https://casagarciafortaleza.com.br/index.php,VALIDO
Casa Garcia Gourmet,Food Service,LEITE DE COCO DIKOKO 500ML,LEITE DE COCO DIKOKO,2761,CX 12,500.0,ML,500.0,ML,,False,5,,2026-08-26 17:43:57,https://casagarciafortaleza.com.br/index.php,VALIDO
Casa Garcia Gourmet,Food Service,LEITE EM PO INTEGRAL DAMARE 800G,LEITE EM PO INTEGRAL DAMARE,953,CX 12,800.0,G,800.0,G,,False,5,,2026-08-26 17:43:57,https://casagarciafortaleza.com.br/index.php,VALIDO
Casa Garcia Gourmet,Food Service,MAIONESE BISNAGA VIGOR 1KG,MAIONESE BISNAGA VIGOR,78920,CX 06,1.0,KG,1000.0,G,,False,5,,2026-08-26 17:43:57,https://casagarciafortaleza.com.br/index.php,VALIDO
Casa Garcia Gourmet,Food Service,MAIONESE SACHE 6GX154 HABITO,MAIONESE SACHE 6GX154 HABITO,8542,CX 18,,,,,,False,5,,2026-08-26 17:43:57,https://casagarciafortaleza.com.br/index.php,REVISAR_EMBALAGEM
Casa Garcia Gourmet,Food Service,MAIONESE SACHE 6GX189 BOCARDO,MAIONESE SACHE 6GX189 BOCARDO,1960,CX 18,,,,,,False,5,,2026-08-26 17:43:57,https://casagarciafortaleza.com.br/index.php,REVISAR_EMBALAGEM
Casa Garcia Gourmet,Food Service,MAIONESE SACHE 7G X144UN FUGINI,MAIONESE SACHE X FUGINI,80011,CX 01,144.0,UN,144.0,UN,,False,5,,2026-08-26 17:43:57,https://casagarciafortaleza.com.br/index.php,VALIDO
Casa Garcia Gourmet,Food Service,MAIONESE TRAD 3KG AUREA,MAIONESE TRAD AUREA,8548,CX 20,3.0,KG,3000.0,G,,False,5,,2026-08-26 17:43:57,https://casagarciafortaleza.com.br/index.php,VALIDO
Casa Garcia Gourmet,Food Service,MAIONESE TRAD 3KG BOCARDO,MAIONESE TRAD BOCARDO,1959,CX 20,3.0,KG,3000.0,G,,False,5,,2026-08-26 17:43:57,https://casagarciafortaleza.com.br/index.php,VALIDO
Casa Garcia Gourmet,Food Service,MANTEIGA C/ SAL 500G PIRACANJUBA,MANTEIGA C SAL PIRACANJUBA,79559,CX 20,500.0,G,500.0,G,,False,5,,2026-08-26 17:43:57,https://casagarciafortaleza.com.br/index.php,VALIDO
Casa Garcia Gourmet,Food Service,MARG 80% ELOGIATA 15KG,MARG 80 ELOGIATA,81367,CX 06,15.0,KG,15000.0,G,,False,6,,2026-08-26 17:43:58,https://casagarciafortaleza.com.br/index.php,VALIDO
Casa Garcia Gourmet,Food Service,"MILHO VERDE EM CONSERVA SACHE 1,7KG",MILHO VERDE EM CONSERVA SACHE,3216,CX 06,1.7,KG,1700.0,G,,False,6,,2026-08-26 17:43:58,https://casagarciafortaleza.com.br/index.php,VALIDO
Casa Garcia Gourmet,Food Service,MOLHO BRANCO BECHAMEL 1KG,MOLHO BRANCO BECHAMEL,2013,CX 06,1.0,KG,1000.0,G,,False,6,,2026-08-26 17:43:58,https://casagarciafortaleza.com.br/index.php,VALIDO
Casa Garcia Gourmet,Food Service,MOLHO DE TOMATE 2KG AJINOMOTO,MOLHO DE TOMATE AJINOMOTO,2009,CX 08,2.0,KG,2000.0,G,,False,6,,2026-08-26 17:43:58,https://casagarciafortaleza.com.br/index.php,VALIDO
Casa Garcia Gourmet,Food Service,"MOLHO DE TOMATE PIZZA 1,7KG VAL",MOLHO DE TOMATE PIZZA VAL,3408,CX 06,1.7,KG,1700.0,G,,False,6,,2026-08-26 17:43:58,https://casagarciafortaleza.com.br/index.php,VALIDO
Casa Garcia Gourmet,Food Service,"MOLHO DE TOMATE PIZZA SACHE 1,7KG",MOLHO DE TOMATE PIZZA SACHE,2958,CX 06,1.7,KG,1700.0,G,,False,6,,2026-08-26 17:43:58,https://casagarciafortaleza.com.br/index.php,VALIDO
Casa Garcia Gourmet,Food Service,"MOLHO DE TOMATE TRAD 1,7KG VAL",MOLHO DE TOMATE TRAD VAL,3409,CX 06,1.7,KG,1700.0,G,,False,6,,2026-08-26 17:43:58,https://casagarciafortaleza.com.br/index.php,VALIDO
Casa Garcia Gourmet,Food Service,"MOLHO DE TOMATE TRADICIONAL SACHE 1,7KG",MOLHO DE TOMATE TRADICIONAL SACHE,2959,CX 06,1.7,KG,1700.0,G,,False,6,,2026-08-26 17:43:58,https://casagarciafortaleza.com.br/index.php,VALIDO
Casa Garcia Gourmet,Food Service,MOLHO ESCURO DEMI GLACE 1KG,MOLHO ESCURO DEMI GLACE,2012,CX 06,1.0,KG,1000.0,G,,False,6,,2026-08-26 17:43:58,https://casagarciafortaleza.com.br/index.php,VALIDO
Casa Garcia Gourmet,Food Service,MOLHO VERDE SACHE 6GX189 AUREA,MOLHO VERDE SACHE 6GX189 AUREA,2058,CX 01,,,,,,False,6,,2026-08-26 17:43:58,https://casagarciafortaleza.com.br/index.php,REVISAR_EMBALAGEM
Casa Garcia Gourmet,Food Service,"MOSTARDA TRAD 2,9KG AUREA",MOSTARDA TRAD AUREA,78850,CX 06,2.9,KG,2900.0,G,,False,6,,2026-08-26 17:43:58,https://casagarciafortaleza.com.br/index.php,VALIDO
Casa Garcia Gourmet,Food Service,OLEO DE PALMA CRISTALIZADO 3KG ELOGIATA,OLEO DE PALMA CRISTALIZADO ELOGIATA,81366,,3.0,KG,3000.0,G,,False,6,,2026-08-26 17:43:58,https://casagarciafortaleza.com.br/index.php,VALIDO
Casa Garcia Gourmet,Food Service,OREGANO 250G,OREGANO,2005,FD 20,250.0,G,250.0,G,,False,7,,2026-08-26 17:43:59,https://casagarciafortaleza.com.br/index.php,VALIDO
Casa Garcia Gourmet,Food Service,PURE DE BATATA 1KG AJINOMOTO,PURE DE BATATA AJINOMOTO,2046,CX 06,1.0,KG,1000.0,G,,False,7,,2026-08-26 17:43:59,https://casagarciafortaleza.com.br/index.php,VALIDO
Casa Garcia Gourmet,Food Service,PURE DE BATATA TECNUTRI 800G,PURE DE BATATA TECNUTRI,6625,CX 10,800.0,G,800.0,G,,False,7,,2026-08-26 17:43:59,https://casagarciafortaleza.com.br/index.php,VALIDO
Casa Garcia Gourmet,Food Service,QUEIJO PARMESAO RALADO 1KG QUATA,QUEIJO PARMESAO RALADO QUATA,9710,CX 10,1.0,KG,1000.0,G,,False,7,,2026-08-26 17:43:59,https://casagarciafortaleza.com.br/index.php,VALIDO
Casa Garcia Gourmet,Food Service,REALCADOR AJINOMOTO UMAMI 2KG,REALCADOR AJINOMOTO UMAMI,1987,CX 06,2.0,KG,2000.0,G,,False,7,,2026-08-26 17:43:59,https://casagarciafortaleza.com.br/index.php,VALIDO
Casa Garcia Gourmet,Food Service,"REQUEIJAO CHEDDAR JANGADA BISNAGA 1,5KG",REQUEIJAO CHEDDAR JANGADA BISNAGA,10494,FD 12,1.5,KG,1500.0,G,,False,7,,2026-08-26 17:43:59,https://casagarciafortaleza.com.br/index.php,VALIDO
Casa Garcia Gourmet,Food Service,"REQUEIJAO CULIN JANGADA BISNAGA 1,5KG",REQUEIJAO CULIN JANGADA BISNAGA,10493,FD 12,1.5,KG,1500.0,G,,False,7,,2026-08-26 17:43:59,https://casagarciafortaleza.com.br/index.php,VALIDO
Casa Garcia Gourmet,Food Service,"REQUEIJAO SABOR REQUEIJAO Q&S 1,5KG",REQUEIJAO SABOR REQUEIJAO Q S,9841,CX 10,1.5,KG,1500.0,G,,False,7,,2026-08-26 17:43:59,https://casagarciafortaleza.com.br/index.php,VALIDO
Casa Garcia Gourmet,Food Service,"REQUEIJAO TAINA 1,8KG",REQUEIJAO TAINA,1974,CX 08,1.8,KG,1800.0,G,,False,7,,2026-08-26 17:43:59,https://casagarciafortaleza.com.br/index.php,VALIDO
Casa Garcia Gourmet,Food Service,"REQUEIJAO TRAD SABOR&VIDA BISNAGA 1,8KG",REQUEIJAO TRAD SABOR VIDA BISNAGA,10491,FD 10,1.8,KG,1800.0,G,,False,7,,2026-08-26 17:43:59,https://casagarciafortaleza.com.br/index.php,VALIDO
Casa Garcia Gourmet,Food Service,SABOR A MI C/ PIMENTA 5KG,SABOR A MI C PIMENTA,1981,,5.0,KG,5000.0,G,,False,7,,2026-08-26 17:43:59,https://casagarciafortaleza.com.br/index.php,VALIDO
Casa Garcia Gourmet,Food Service,SABOR A MI S/ PIMENTA 5KG,SABOR A MI S PIMENTA,1982,,5.0,KG,5000.0,G,,False,7,,2026-08-26 17:43:59,https://casagarciafortaleza.com.br/index.php,VALIDO
Casa Garcia Gourmet,Food Service,TEMP HONDASHI PROF 500G,TEMP HONDASHI PROF,1988,CX 06,500.0,G,500.0,G,,False,8,,2026-08-26 17:44:01,https://casagarciafortaleza.com.br/index.php,VALIDO
Casa Garcia Gourmet,Food Service,TEMP SAZON FS ALECRIM 900G,TEMP SAZON FS ALECRIM,1986,CX 06,900.0,G,900.0,G,,False,8,,2026-08-26 17:44:01,https://casagarciafortaleza.com.br/index.php,VALIDO
Casa Garcia Gourmet,Food Service,TEMP SAZON FS ALHO 900G,TEMP SAZON FS ALHO,1985,CX 06,900.0,G,900.0,G,,False,8,,2026-08-26 17:44:01,https://casagarciafortaleza.com.br/index.php,VALIDO
Casa Garcia Gourmet,Food Service,TEMP SAZON PRO VERMELHO 900G (CARNE),TEMP SAZON PRO VERMELHO CARNE,1991,CX 06,900.0,G,900.0,G,,False,8,,2026-08-26 17:44:01,https://casagarciafortaleza.com.br/index.php,VALIDO
Casa Garcia Gourmet,Food Service,TEMP SAZON PROF LOURO 900G,TEMP SAZON PROF LOURO,1020,CX 06,900.0,G,900.0,G,,False,8,,2026-08-26 17:44:01,https://casagarciafortaleza.com.br/index.php,VALIDO
Casa Garcia Gourmet,Food Service,TEMP SAZON PROF VERDE 900G (AVES),TEMP SAZON PROF VERDE AVES,1989,CX 06,900.0,G,900.0,G,,False,8,,2026-08-26 17:44:01,https://casagarciafortaleza.com.br/index.php,VALIDO
Casa Garcia Gourmet,Food Service,TEMP SAZON PROF VERME 900G (CARNE) POTE,TEMP SAZON PROF VERME CARNE POTE,2086,CX 06,900.0,G,900.0,G,,False,8,,2026-08-26 17:44:01,https://casagarciafortaleza.com.br/index.php,VALIDO
Casa Garcia Gourmet,Food Service,UVA PASSAS PRETA S/SEMENTES 10KG,UVA PASSAS PRETA S SEMENTES,2284,CX 01,10.0,KG,10000.0,G,,False,8,,2026-08-26 17:44:01,https://casagarciafortaleza.com.br/index.php,VALIDO
Casa Garcia Gourmet,Food Service,UVA PASSAS PRETA S/SEMENTES 1KG,UVA PASSAS PRETA S SEMENTES,2280,CX 10,1.0,KG,1000.0,G,,False,8,,2026-08-26 17:44:01,https://casagarciafortaleza.com.br/index.php,VALIDO
Casa Garcia Gourmet,Acessórios,ADAPTADOR DOMESTICO P/BICOS PAR PEQUENO,ADAPTADOR DOMESTICO P BICOS PAR PEQUENO,858,UN 10,,,,,,False,1,,2026-08-26 17:44:02,https://casagarciafortaleza.com.br/index.php,REVISAR_EMBALAGEM
Casa Garcia Gourmet,Acessórios,ADAPTADOR IND P/BICOS GRANDE,ADAPTADOR IND P BICOS GRANDE,859,UN 05,,,,,,False,1,,2026-08-26 17:44:02,https://casagarciafortaleza.com.br/index.php,REVISAR_EMBALAGEM
Casa Garcia Gourmet,Acessórios,ARMADOR DE FLORES METAL,ARMADOR DE FLORES METAL,1321,PC 05,,,,,,False,1,,2026-08-26 17:44:02,https://casagarciafortaleza.com.br/index.php,REVISAR_EMBALAGEM
Casa Garcia Gourmet,Acessórios,ARO CORT CAMADAS QUAD 25X9 2113,ARO CORT CAMADAS QUAD 25X9 2113,5750,CX 01,,,,,,False,1,,2026-08-26 17:44:02,https://casagarciafortaleza.com.br/index.php,REVISAR_EMBALAGEM
Casa Garcia Gourmet,Acessórios,ARO CORT CAMADAS QUAD 30X9 2114,ARO CORT CAMADAS QUAD 30X9 2114,5751,CX 01,,,,,,False,1,,2026-08-26 17:44:02,https://casagarciafortaleza.com.br/index.php,REVISAR_EMBALAGEM
Casa Garcia Gourmet,Acessórios,ARO CORT CAMADAS RED INOX 30X9 2107,ARO CORT CAMADAS RED INOX 30X9 2107,5753,CX 01,,,,,,False,1,,2026-08-26 17:44:02,https://casagarciafortaleza.com.br/index.php,REVISAR_EMBALAGEM
Casa Garcia Gourmet,Acessórios,ARO CORT CORACAO DUPLO 30X5 INOX 2996,ARO CORT CORACAO DUPLO 30X5 INOX 2996,5837,UN 01,,,,,,False,1,,2026-08-26 17:44:02,https://casagarciafortaleza.com.br/index.php,REVISAR_EMBALAGEM
Casa Garcia Gourmet,Acessórios,"ARO P/BOLO 12X100X0,1CM BCO ARO-001",ARO P BOLO 12X100X BCO ARO 001,77989,UN 01,0.1,CM,0.1,CM,,False,1,,2026-08-26 17:44:02,https://casagarciafortaleza.com.br/index.php,VALIDO
Casa Garcia Gourmet,Acessórios,"ARO P/BOLO 15X100X0,1CM BCO AR-002",ARO P BOLO 15X100X BCO AR 002,77810,UN 01,0.1,CM,0.1,CM,,False,1,,2026-08-26 17:44:02,https://casagarciafortaleza.com.br/index.php,VALIDO
Casa Garcia Gourmet,Acessórios,"ARO P/BOLO 18X100X0,1CM BCO ARO-003",ARO P BOLO 18X100X BCO ARO 003,77811,UN 01,0.1,CM,0.1,CM,,False,1,,2026-08-26 17:44:02,https://casagarciafortaleza.com.br/index.php,VALIDO
Casa Garcia Gourmet,Acessórios,ASSA PRATSY 31X41 CX30 1076,ASSA PRATSY 31X41 CX30 1076,6076,CX 30,,,,,,False,1,,2026-08-26 17:44:02,https://casagarciafortaleza.com.br/index.php,REVISAR_EMBALAGEM
Casa Garcia Gourmet,Acessórios,"ASSAD 58X70 ALUMINIO EST 0,8MM",ASSAD 58X70 ALUMINIO EST 0 8MM,508,CX 20,,,,,,False,1,,2026-08-26 17:44:02,https://casagarciafortaleza.com.br/index.php,REVISAR_EMBALAGEM
Casa Garcia Gourmet,Acessórios,"ASSAD 58X70X3,5 ALUM PERF ESTAMP 0,8MM",ASSAD 58X70X3 5 ALUM PERF ESTAMP 0 8MM,750,UN 01,,,,,,False,2,,2026-08-26 17:44:03,https://casagarciafortaleza.com.br/index.php,REVISAR_EMBALAGEM
Casa Garcia Gourmet,Acessórios,"ASSAD FORNINHO 21X15X1,5 1248",ASSAD FORNINHO 21X15X1 5 1248,5966,UN 01,,,,,,False,2,,2026-08-26 17:44:03,https://casagarciafortaleza.com.br/index.php,REVISAR_EMBALAGEM
Casa Garcia Gourmet,Acessórios,"ASSAD MADELEINE 31,5X30 2931",ASSAD MADELEINE 31 5X30 2931,5836,PC 01,,,,,,False,2,,2026-08-26 17:44:03,https://casagarciafortaleza.com.br/index.php,REVISAR_EMBALAGEM
Casa Garcia Gourmet,Acessórios,ASSAD QUINDIM BANHO MARIA 1810,ASSAD QUINDIM BANHO MARIA 1810,5755,CX 01,,,,,,False,2,,2026-08-26 17:44:03,https://casagarciafortaleza.com.br/index.php,REVISAR_EMBALAGEM
Casa Garcia Gourmet,Acessórios,ASSAD ROCAMBOLE ALUM 43X33X2CM 609,ASSAD ROCAMBOLE ALUM 43X33X 609,5754,CX 01,2.0,CM,2.0,CM,,False,2,,2026-08-26 17:44:03,https://casagarciafortaleza.com.br/index.php,VALIDO
Casa Garcia Gourmet,Acessórios,ASSADEIRA BROWNIE ANTIADERENTE 1 IMECA,ASSADEIRA BROWNIE ANTIADERENTE 1 IMECA,81359,UN 01,,,,,,False,2,,2026-08-26 17:44:03,https://casagarciafortaleza.com.br/index.php,REVISAR_EMBALAGEM
Casa Garcia Gourmet,Acessórios,ASSADEIRA BROWNIE ANTIADERENTE 2 IMECA,ASSADEIRA BROWNIE ANTIADERENTE 2 IMECA,81355,UN 01,,,,,,False,2,,2026-08-26 17:44:03,https://casagarciafortaleza.com.br/index.php,REVISAR_EMBALAGEM
Casa Garcia Gourmet,Acessórios,ASSADEIRA BROWNIE ANTIADERENTE 3 IMECA,ASSADEIRA BROWNIE ANTIADERENTE 3 IMECA,81356,UN 01,,,,,,False,2,,2026-08-26 17:44:03,https://casagarciafortaleza.com.br/index.php,REVISAR_EMBALAGEM
Casa Garcia Gourmet,Acessórios,ASSADEIRA BROWNIE ANTIADERENTE 4 IMECA,ASSADEIRA BROWNIE ANTIADERENTE 4 IMECA,81357,UN 01,,,,,,False,2,,2026-08-26 17:44:03,https://casagarciafortaleza.com.br/index.php,REVISAR_EMBALAGEM
Casa Garcia Gourmet,Acessórios,ASSADEIRA BROWNIE ANTIADERENTE 5 IMECA,ASSADEIRA BROWNIE ANTIADERENTE 5 IMECA,81358,UN 01,,,,,,False,2,,2026-08-26 17:44:03,https://casagarciafortaleza.com.br/index.php,REVISAR_EMBALAGEM
Casa Garcia Gourmet,Acessórios,ASSADEIRA CUPCAKE C/12 35X27X3 ALUM 51,ASSADEIRA CUPCAKE C 12 35X27X3 ALUM 51,10076,UN 01,,,,,,False,2,,2026-08-26 17:44:03,https://casagarciafortaleza.com.br/index.php,REVISAR_EMBALAGEM
Casa Garcia Gourmet,Acessórios,ASSADEIRA MINI BALLERINE C/6 ALUM 3278,ASSADEIRA MINI BALLERINE C 6 ALUM 3278,10075,UN 01,,,,,,False,2,,2026-08-26 17:44:03,https://casagarciafortaleza.com.br/index.php,REVISAR_EMBALAGEM
Casa Garcia Gourmet,Acessórios,B1 BANDEJA 150X150 100UN CRL-001,B1 BANDEJA 150X150 CRL 001,1200,PC 04,100.0,UN,100.0,UN,,False,3,,2026-08-26 17:44:04,https://casagarciafortaleza.com.br/index.php,VALIDO
Casa Garcia Gourmet,Acessórios,B4 BANDEJA 275X150 100UN CRL-004,B4 BANDEJA 275X150 CRL 004,1203,PC 04,100.0,UN,100.0,UN,,False,3,,2026-08-26 17:44:04,https://casagarciafortaleza.com.br/index.php,VALIDO
Casa Garcia Gourmet,Acessórios,BAILARINA BRANCA 30CM CAPARROZ 3087,BAILARINA BRANCA CAPARROZ 3087,6133,CX 01,30.0,CM,30.0,CM,,False,3,,2026-08-26 17:44:04,https://casagarciafortaleza.com.br/index.php,VALIDO
Casa Garcia Gourmet,Acessórios,BAILARINA PREMIUM 30X15CM RS BA-104,BAILARINA PREMIUM 30X RS BA 104,77809,UN 01,15.0,CM,15.0,CM,,False,3,,2026-08-26 17:44:04,https://casagarciafortaleza.com.br/index.php,VALIDO
Casa Garcia Gourmet,Acessórios,BAILARINA VERDE 30CM CAPARROZ 3105,BAILARINA VERDE CAPARROZ 3105,6135,CX 01,30.0,CM,30.0,CM,,False,3,,2026-08-26 17:44:04,https://casagarciafortaleza.com.br/index.php,VALIDO
Casa Garcia Gourmet,Acessórios,BAILARINA VERMELHA 30CM 3086,BAILARINA VERMELHA 3086,6148,CX 01,30.0,CM,30.0,CM,,False,3,,2026-08-26 17:44:04,https://casagarciafortaleza.com.br/index.php,VALIDO
Casa Garcia Gourmet,Acessórios,BANDEJA FLORAL BCA MP27R 344X285X20 1UN,BANDEJA FLORAL BCA MP27R 344X285X20,6693,FD 100,1.0,UN,1.0,UN,,False,3,,2026-08-26 17:44:04,https://casagarciafortaleza.com.br/index.php,VALIDO
Casa Garcia Gourmet,Acessórios,BANDEJA FLORAL BCA MP32R 440X340X22 1UN,BANDEJA FLORAL BCA MP32R 440X340X22,6694,FD 100,1.0,UN,1.0,UN,,False,3,,2026-08-26 17:44:04,https://casagarciafortaleza.com.br/index.php,VALIDO
Casa Garcia Gourmet,Acessórios,BANDEJA FLORAL BCA MP37R 470X390X27 1UN,BANDEJA FLORAL BCA MP37R 470X390X27,6695,FD 50,1.0,UN,1.0,UN,,False,3,,2026-08-26 17:44:04,https://casagarciafortaleza.com.br/index.php,VALIDO
Casa Garcia Gourmet,Acessórios,BANDEJA FUNDA C/ TAMPA 100UN CF-001,BANDEJA FUNDA C TAMPA CF 001,1195,CX 01,100.0,UN,100.0,UN,,False,3,,2026-08-26 17:44:04,https://casagarciafortaleza.com.br/index.php,VALIDO
Casa Garcia Gourmet,Acessórios,BANDEJA FUNDA C/ TAMPA 100UN CF-002,BANDEJA FUNDA C TAMPA CF 002,1196,CX 01,100.0,UN,100.0,UN,,False,3,,2026-08-26 17:44:04,https://casagarciafortaleza.com.br/index.php,VALIDO
Casa Garcia Gourmet,Acessórios,BANDEJA FUNDA C/ TAMPA 100UN CF-003,BANDEJA FUNDA C TAMPA CF 003,1197,CX 01,100.0,UN,100.0,UN,,False,3,,2026-08-26 17:44:04,https://casagarciafortaleza.com.br/index.php,VALIDO
Casa Garcia Gourmet,Acessórios,BANDEJA RASA C/ TAMPA 100UN CR-001,BANDEJA RASA C TAMPA CR 001,1198,CX 01,100.0,UN,100.0,UN,,False,4,,2026-08-26 17:44:05,https://casagarciafortaleza.com.br/index.php,VALIDO
Casa Garcia Gourmet,Acessórios,BANDEJA RASA C/ TAMPA 100UN CR-002,BANDEJA RASA C TAMPA CR 002,1199,CX 01,100.0,UN,100.0,UN,,False,4,,2026-08-26 17:44:05,https://casagarciafortaleza.com.br/index.php,VALIDO
Casa Garcia Gourmet,Acessórios,BANDEJA RASA C/ TAMPA 100UN CR-003,BANDEJA RASA C TAMPA CR 003,1211,CX 01,100.0,UN,100.0,UN,,False,4,,2026-08-26 17:44:05,https://casagarciafortaleza.com.br/index.php,VALIDO
Casa Garcia Gourmet,Acessórios,BATEDOR TIPO PERA 25CM BRANCO BP-25,BATEDOR TIPO PERA BRANCO BP 25,1139,UN 01,25.0,CM,25.0,CM,,False,4,,2026-08-26 17:44:05,https://casagarciafortaleza.com.br/index.php,VALIDO
Casa Garcia Gourmet,Acessórios,BATEDOR TIPO PERA 25CM ROSA BPR-25,BATEDOR TIPO PERA ROSA BPR 25,1133,UN 01,25.0,CM,25.0,CM,,False,4,,2026-08-26 17:44:05,https://casagarciafortaleza.com.br/index.php,VALIDO
Casa Garcia Gourmet,Acessórios,BATEDOR TIPO PERA 30CM BRANCO BP-30,BATEDOR TIPO PERA BRANCO BP 30,1136,UN 01,30.0,CM,30.0,CM,,False,4,,2026-08-26 17:44:05,https://casagarciafortaleza.com.br/index.php,VALIDO
Casa Garcia Gourmet,Acessórios,"BATEDOR TIPO PERA INOX 24,5CM IBP-002",BATEDOR TIPO PERA INOX IBP 002,78000,UN 01,24.5,CM,24.5,CM,,False,4,,2026-08-26 17:44:05,https://casagarciafortaleza.com.br/index.php,VALIDO
Casa Garcia Gourmet,Acessórios,BATEDOR TIPO PERA INOX 28CM IBP-003,BATEDOR TIPO PERA INOX IBP 003,78001,UN 01,28.0,CM,28.0,CM,,False,4,,2026-08-26 17:44:05,https://casagarciafortaleza.com.br/index.php,VALIDO
Casa Garcia Gourmet,Acessórios,BATEDORES PERA 25CM ROSA PINK BPK-25,BATEDORES PERA ROSA PINK BPK 25,77802,UN 01,25.0,CM,25.0,CM,,False,4,,2026-08-26 17:44:05,https://casagarciafortaleza.com.br/index.php,VALIDO
Casa Garcia Gourmet,Acessórios,BICO INOX ESPECIAL  MOD 795,BICO INOX ESPECIAL MOD 795,936,PC 01,,,,,,False,4,,2026-08-26 17:44:05,https://casagarciafortaleza.com.br/index.php,REVISAR_EMBALAGEM
Casa Garcia Gourmet,Acessórios,BICO INOX ESPECIAL MOD 796,BICO INOX ESPECIAL MOD 796,937,PC 01,,,,,,False,4,,2026-08-26 17:44:05,https://casagarciafortaleza.com.br/index.php,REVISAR_EMBALAGEM
Casa Garcia Gourmet,Acessórios,BICO INOX GD ESPECIAL MOD 252,BICO INOX GD ESPECIAL MOD 252,2608,PC 05,,,,,,False,4,,2026-08-26 17:44:05,https://casagarciafortaleza.com.br/index.php,REVISAR_EMBALAGEM
Casa Garcia Gourmet,Acessórios,BICO INOX GD PETALAS MOD 123,BICO INOX GD PETALAS MOD 123,2591,PC 05,,,,,,False,5,,2026-08-26 17:44:06,https://casagarciafortaleza.com.br/index.php,REVISAR_EMBALAGEM
Casa Garcia Gourmet,Acessórios,BICO INOX GD PITANGA ABERTA MOD 1M,BICO INOX GD PITANGA ABERTA MOD 1M,2584,UN 01,,,,,,False,5,,2026-08-26 17:44:06,https://casagarciafortaleza.com.br/index.php,REVISAR_EMBALAGEM
Casa Garcia Gourmet,Acessórios,BICO INOX GD PITANGA MOD 2E,BICO INOX GD PITANGA MOD 2E,2562,UN 05,,,,,,False,5,,2026-08-26 17:44:06,https://casagarciafortaleza.com.br/index.php,REVISAR_EMBALAGEM
Casa Garcia Gourmet,Acessórios,BICO INOX GD PITANGA MOD 2F,BICO INOX GD PITANGA MOD 2F,912,UN 05,,,,,,False,5,,2026-08-26 17:44:06,https://casagarciafortaleza.com.br/index.php,REVISAR_EMBALAGEM
Casa Garcia Gourmet,Acessórios,BICO INOX GD SERRA MOD 1A,BICO INOX GD SERRA MOD 1A,2615,UN 01,,,,,,False,5,,2026-08-26 17:44:06,https://casagarciafortaleza.com.br/index.php,REVISAR_EMBALAGEM
Casa Garcia Gourmet,Acessórios,BICO INOX PQ BABADO MOD 070,BICO INOX PQ BABADO MOD 070,2559,UN 12,,,,,,False,5,,2026-08-26 17:44:06,https://casagarciafortaleza.com.br/index.php,REVISAR_EMBALAGEM
Casa Garcia Gourmet,Acessórios,BICO INOX PQ BABADO MOD 090,BICO INOX PQ BABADO MOD 090,2561,PC 12,,,,,,False,5,,2026-08-26 17:44:06,https://casagarciafortaleza.com.br/index.php,REVISAR_EMBALAGEM
Casa Garcia Gourmet,Acessórios,BICO INOX PQ BABADO MOD 63,BICO INOX PQ BABADO MOD 63,2544,UN 12,,,,,,False,5,,2026-08-26 17:44:06,https://casagarciafortaleza.com.br/index.php,REVISAR_EMBALAGEM
Casa Garcia Gourmet,Acessórios,BICO INOX PQ BABADO MOD 64,BICO INOX PQ BABADO MOD 64,2603,PC 12,,,,,,False,5,,2026-08-26 17:44:06,https://casagarciafortaleza.com.br/index.php,REVISAR_EMBALAGEM
Casa Garcia Gourmet,Acessórios,BICO INOX PQ BABADO MOD 86,BICO INOX PQ BABADO MOD 86,899,UN 01,,,,,,False,5,,2026-08-26 17:44:06,https://casagarciafortaleza.com.br/index.php,REVISAR_EMBALAGEM
Casa Garcia Gourmet,Acessórios,BICO INOX PQ BABADO MOD 98,BICO INOX PQ BABADO MOD 98,2550,UN 12,,,,,,False,5,,2026-08-26 17:44:06,https://casagarciafortaleza.com.br/index.php,REVISAR_EMBALAGEM
Casa Garcia Gourmet,Acessórios,BICO INOX PQ ESPECIAL MOD 232 RECHEADOR,BICO INOX PQ ESPECIAL MOD 232 RECHEADOR,2609,PC 05,,,,,,False,5,,2026-08-26 17:44:06,https://casagarciafortaleza.com.br/index.php,REVISAR_EMBALAGEM
Casa Garcia Gourmet,Acessórios,BICO INOX PQ ESPECIAL MOD 250,BICO INOX PQ ESPECIAL MOD 250,2607,PC 05,,,,,,False,6,,2026-08-26 17:44:08,https://casagarciafortaleza.com.br/index.php,REVISAR_EMBALAGEM
Casa Garcia Gourmet,Acessórios,BICO INOX PQ ESPECIAL MOD 95,BICO INOX PQ ESPECIAL MOD 95,2588,PC 05,,,,,,False,6,,2026-08-26 17:44:08,https://casagarciafortaleza.com.br/index.php,REVISAR_EMBALAGEM
Casa Garcia Gourmet,Acessórios,BICO INOX PQ FLOR ESPECIAL MOD 106,BICO INOX PQ FLOR ESPECIAL MOD 106,2530,UN 12,,,,,,False,6,,2026-08-26 17:44:08,https://casagarciafortaleza.com.br/index.php,REVISAR_EMBALAGEM
Casa Garcia Gourmet,Acessórios,BICO INOX PQ FLOR ESPECIAL MOD 107,BICO INOX PQ FLOR ESPECIAL MOD 107,904,UN 12,,,,,,False,6,,2026-08-26 17:44:08,https://casagarciafortaleza.com.br/index.php,REVISAR_EMBALAGEM
Casa Garcia Gourmet,Acessórios,BICO INOX PQ FLOR ESPECIAL MOD 131,BICO INOX PQ FLOR ESPECIAL MOD 131,2614,PC 01,,,,,,False,6,,2026-08-26 17:44:08,https://casagarciafortaleza.com.br/index.php,REVISAR_EMBALAGEM
Casa Garcia Gourmet,Acessórios,BICO INOX PQ FLOR ESPECIAL MOD 138,BICO INOX PQ FLOR ESPECIAL MOD 138,2532,UN 12,,,,,,False,6,,2026-08-26 17:44:08,https://casagarciafortaleza.com.br/index.php,REVISAR_EMBALAGEM
Casa Garcia Gourmet,Acessórios,BICO INOX PQ FLOR ESPECIAL MOD 146,BICO INOX PQ FLOR ESPECIAL MOD 146,2612,PC 01,,,,,,False,6,,2026-08-26 17:44:08,https://casagarciafortaleza.com.br/index.php,REVISAR_EMBALAGEM
Casa Garcia Gourmet,Acessórios,BICO INOX PQ FLOR ESPECIAL MOD 191,BICO INOX PQ FLOR ESPECIAL MOD 191,2533,UN 12,,,,,,False,6,,2026-08-26 17:44:08,https://casagarciafortaleza.com.br/index.php,REVISAR_EMBALAGEM
Casa Garcia Gourmet,Acessórios,BICO INOX PQ FLOR ESPECIAL MOD 220,BICO INOX PQ FLOR ESPECIAL MOD 220,905,UN 12,,,,,,False,6,,2026-08-26 17:44:08,https://casagarciafortaleza.com.br/index.php,REVISAR_EMBALAGEM
Casa Garcia Gourmet,Acessórios,BICO INOX PQ FLOR ESPECIAL MOD 225,BICO INOX PQ FLOR ESPECIAL MOD 225,2605,PC 12,,,,,,False,6,,2026-08-26 17:44:08,https://casagarciafortaleza.com.br/index.php,REVISAR_EMBALAGEM
Casa Garcia Gourmet,Acessórios,BICO INOX PQ FOLHA MOD 65,BICO INOX PQ FOLHA MOD 65,2545,UN 12,,,,,,False,6,,2026-08-26 17:44:08,https://casagarciafortaleza.com.br/index.php,REVISAR_EMBALAGEM
Casa Garcia Gourmet,Acessórios,BICO INOX PQ FOLHA MOD 66,BICO INOX PQ FOLHA MOD 66,2587,PC 12,,,,,,False,6,,2026-08-26 17:44:08,https://casagarciafortaleza.com.br/index.php,REVISAR_EMBALAGEM
Casa Garcia Gourmet,Acessórios,BICO INOX PQ FOLHA MOD 68,BICO INOX PQ FOLHA MOD 68,898,UN 12,,,,,,False,7,,2026-08-26 17:44:09,https://casagarciafortaleza.com.br/index.php,REVISAR_EMBALAGEM
Casa Garcia Gourmet,Acessórios,BICO INOX PQ FOLHA MOD 69,BICO INOX PQ FOLHA MOD 69,931,CX 12,,,,,,False,7,,2026-08-26 17:44:09,https://casagarciafortaleza.com.br/index.php,REVISAR_EMBALAGEM
Casa Garcia Gourmet,Acessórios,BICO INOX PQ FOLHA MOD 70,BICO INOX PQ FOLHA MOD 70,903,UN 12,,,,,,False,7,,2026-08-26 17:44:09,https://casagarciafortaleza.com.br/index.php,REVISAR_EMBALAGEM
Casa Garcia Gourmet,Acessórios,BICO INOX PQ FOLHA MOD 75,BICO INOX PQ FOLHA MOD 75,2546,UN 12,,,,,,False,7,,2026-08-26 17:44:09,https://casagarciafortaleza.com.br/index.php,REVISAR_EMBALAGEM
Casa Garcia Gourmet,Acessórios,BICO INOX PQ FOLHA MOD 78,BICO INOX PQ FOLHA MOD 78,2547,UN 12,,,,,,False,7,,2026-08-26 17:44:09,https://casagarciafortaleza.com.br/index.php,REVISAR_EMBALAGEM
Casa Garcia Gourmet,Acessórios,BICO INOX PQ MULTIPLO MOD 42,BICO INOX PQ MULTIPLO MOD 42,2540,UN 12,,,,,,False,7,,2026-08-26 17:44:09,https://casagarciafortaleza.com.br/index.php,REVISAR_EMBALAGEM
Casa Garcia Gourmet,Acessórios,BICO INOX PQ PERLE ESPECIAL MOD 105,BICO INOX PQ PERLE ESPECIAL MOD 105,901,UN 12,,,,,,False,7,,2026-08-26 17:44:09,https://casagarciafortaleza.com.br/index.php,REVISAR_EMBALAGEM
Casa Garcia Gourmet,Acessórios,BICO INOX PQ PERLE MOD 3,BICO INOX PQ PERLE MOD 3,2557,UN 12,,,,,,False,7,,2026-08-26 17:44:09,https://casagarciafortaleza.com.br/index.php,REVISAR_EMBALAGEM
Casa Garcia Gourmet,Acessórios,BICO INOX PQ PERLE RISADO MOD 199,BICO INOX PQ PERLE RISADO MOD 199,2534,UN 12,,,,,,False,7,,2026-08-26 17:44:09,https://casagarciafortaleza.com.br/index.php,REVISAR_EMBALAGEM
Casa Garcia Gourmet,Acessórios,BICO INOX PQ PERLE RISCADO MOD 362,BICO INOX PQ PERLE RISCADO MOD 362,2538,UN 12,,,,,,False,7,,2026-08-26 17:44:09,https://casagarciafortaleza.com.br/index.php,REVISAR_EMBALAGEM
Casa Garcia Gourmet,Acessórios,BICO INOX PQ PETALA MOD 102,BICO INOX PQ PETALA MOD 102,2613,PC 01,,,,,,False,7,,2026-08-26 17:44:09,https://casagarciafortaleza.com.br/index.php,REVISAR_EMBALAGEM
Casa Garcia Gourmet,Acessórios,BICO INOX PQ PETALA MOD 103,BICO INOX PQ PETALA MOD 103,900,UN 12,,,,,,False,7,,2026-08-26 17:44:09,https://casagarciafortaleza.com.br/index.php,REVISAR_EMBALAGEM
Casa Garcia Gourmet,Acessórios,BICO INOX PQ PETALA MOD 104,BICO INOX PQ PETALA MOD 104,2600,PC 12,,,,,,False,8,,2026-08-26 17:44:10,https://casagarciafortaleza.com.br/index.php,REVISAR_EMBALAGEM
Casa Garcia Gourmet,Acessórios,BICO INOX PQ PETALA MOD 401,BICO INOX PQ PETALA MOD 401,2539,UN 12,,,,,,False,8,,2026-08-26 17:44:10,https://casagarciafortaleza.com.br/index.php,REVISAR_EMBALAGEM
Casa Garcia Gourmet,Acessórios,BICO INOX PQ PETALA MOD 59,BICO INOX PQ PETALA MOD 59,2543,UN 12,,,,,,False,8,,2026-08-26 17:44:10,https://casagarciafortaleza.com.br/index.php,REVISAR_EMBALAGEM
Casa Garcia Gourmet,Acessórios,BICO INOX PQ PETALA MOD 61,BICO INOX PQ PETALA MOD 61,2558,UN 12,,,,,,False,8,,2026-08-26 17:44:10,https://casagarciafortaleza.com.br/index.php,REVISAR_EMBALAGEM
Casa Garcia Gourmet,Acessórios,BICO INOX PQ PETALA MOD 81,BICO INOX PQ PETALA MOD 81,2548,UN 12,,,,,,False,8,,2026-08-26 17:44:10,https://casagarciafortaleza.com.br/index.php,REVISAR_EMBALAGEM
Casa Garcia Gourmet,Acessórios,BICO INOX PQ PITANGA MOD 13,BICO INOX PQ PITANGA MOD 13,2531,UN 12,,,,,,False,8,,2026-08-26 17:44:10,https://casagarciafortaleza.com.br/index.php,REVISAR_EMBALAGEM
Casa Garcia Gourmet,Acessórios,BICO INOX PQ PITANGA MOD 16,BICO INOX PQ PITANGA MOD 16,2566,PC 12,,,,,,False,8,,2026-08-26 17:44:10,https://casagarciafortaleza.com.br/index.php,REVISAR_EMBALAGEM
Casa Garcia Gourmet,Acessórios,BICO INOX PQ PITANGA MOD 19,BICO INOX PQ PITANGA MOD 19,2555,UN 12,,,,,,False,8,,2026-08-26 17:44:10,https://casagarciafortaleza.com.br/index.php,REVISAR_EMBALAGEM
Casa Garcia Gourmet,Acessórios,BICO INOX PQ PITANGA MOD 26,BICO INOX PQ PITANGA MOD 26,2568,PC 12,,,,,,False,8,,2026-08-26 17:44:10,https://casagarciafortaleza.com.br/index.php,REVISAR_EMBALAGEM
Casa Garcia Gourmet,Acessórios,BICO INOX PQ PITANGA MOD 27,BICO INOX PQ PITANGA MOD 27,2551,UN 12,,,,,,False,8,,2026-08-26 17:44:10,https://casagarciafortaleza.com.br/index.php,REVISAR_EMBALAGEM
Casa Garcia Gourmet,Acessórios,BICO INOX PQ PITANGA MOD 28,BICO INOX PQ PITANGA MOD 28,2536,UN 12,,,,,,False,8,,2026-08-26 17:44:10,https://casagarciafortaleza.com.br/index.php,REVISAR_EMBALAGEM
Casa Garcia Gourmet,Acessórios,BICO INOX PQ PITANGA MOD 29,BICO INOX PQ PITANGA MOD 29,2569,PC 12,,,,,,False,8,,2026-08-26 17:44:10,https://casagarciafortaleza.com.br/index.php,REVISAR_EMBALAGEM
Casa Garcia Gourmet,Acessórios,BICO INOX PQ PITANGA MOD 96,BICO INOX PQ PITANGA MOD 96,2549,UN 12,,,,,,False,9,,2026-08-26 17:44:11,https://casagarciafortaleza.com.br/index.php,REVISAR_EMBALAGEM
Casa Garcia Gourmet,Acessórios,BICO INOX PQ SERRA MOD 46,BICO INOX PQ SERRA MOD 46,2541,UN 12,,,,,,False,9,,2026-08-26 17:44:11,https://casagarciafortaleza.com.br/index.php,REVISAR_EMBALAGEM
Casa Garcia Gourmet,Acessórios,BICO INOX PQ SERRA MOD 47,BICO INOX PQ SERRA MOD 47,896,UN 12,,,,,,False,9,,2026-08-26 17:44:11,https://casagarciafortaleza.com.br/index.php,REVISAR_EMBALAGEM
Casa Garcia Gourmet,Acessórios,BICO INOX PQ SERRA MOD 47D,BICO INOX PQ SERRA MOD 47D,2602,PC 12,,,,,,False,9,,2026-08-26 17:44:11,https://casagarciafortaleza.com.br/index.php,REVISAR_EMBALAGEM
Casa Garcia Gourmet,Acessórios,BICO INOX PQ SERRA MOD 48D,BICO INOX PQ SERRA MOD 48D,2542,UN 12,,,,,,False,9,,2026-08-26 17:44:11,https://casagarciafortaleza.com.br/index.php,REVISAR_EMBALAGEM
Casa Garcia Gourmet,Acessórios,BICO RUSSO INOX GD ESPECIAL MOD 244,BICO RUSSO INOX GD ESPECIAL MOD 244,2577,PC 01,,,,,,False,9,,2026-08-26 17:44:11,https://casagarciafortaleza.com.br/index.php,REVISAR_EMBALAGEM
Casa Garcia Gourmet,Acessórios,BICO RUSSO INOX GD ESPECIAL MOD 246,BICO RUSSO INOX GD ESPECIAL MOD 246,2579,PC 01,,,,,,False,9,,2026-08-26 17:44:11,https://casagarciafortaleza.com.br/index.php,REVISAR_EMBALAGEM
Casa Garcia Gourmet,Acessórios,BISNAGA C/T UMEDECER BOLO 300ML IBB-001,BISNAGA C T UMEDECER BOLO IBB 001,78025,UN 01,300.0,ML,300.0,ML,,False,9,,2026-08-26 17:44:11,https://casagarciafortaleza.com.br/index.php,VALIDO
Casa Garcia Gourmet,Acessórios,BISNAGA GRADUADA 1000ML IBG-003,BISNAGA GRADUADA IBG 003,77996,UN 01,1000.0,ML,1000.0,ML,,False,9,,2026-08-26 17:44:11,https://casagarciafortaleza.com.br/index.php,VALIDO
Casa Garcia Gourmet,Acessórios,BISNAGA INVERTIDA 550ML IBI-003,BISNAGA INVERTIDA IBI 003,78026,UN 01,550.0,ML,550.0,ML,,False,9,,2026-08-26 17:44:11,https://casagarciafortaleza.com.br/index.php,VALIDO
Casa Garcia Gourmet,Acessórios,BISNAGA INVERTIDA 720ML IBI-002,BISNAGA INVERTIDA IBI 002,77998,UN 01,720.0,ML,720.0,ML,,False,9,,2026-08-26 17:44:11,https://casagarciafortaleza.com.br/index.php,VALIDO
Casa Garcia Gourmet,Acessórios,BISNAGA TEMPERO 300ML IBT-001,BISNAGA TEMPERO IBT 001,77813,UN 01,300.0,ML,300.0,ML,,False,9,,2026-08-26 17:44:11,https://casagarciafortaleza.com.br/index.php,VALIDO
Casa Garcia Gourmet,Acessórios,BISTURI CORTE P/PAES ANGULADO,BISTURI CORTE P PAES ANGULADO,2983,CX 100,,,,,,False,10,,2026-08-26 17:44:12,https://casagarciafortaleza.com.br/index.php,REVISAR_EMBALAGEM
Casa Garcia Gourmet,Acessórios,BISTURI CORTE P/PAES GILETE,BISTURI CORTE P PAES GILETE,2981,CX 100,,,,,,False,10,,2026-08-26 17:44:12,https://casagarciafortaleza.com.br/index.php,REVISAR_EMBALAGEM
Casa Garcia Gourmet,Acessórios,BISTURI CORTE P/PAES RETRATIL 1,BISTURI CORTE P PAES RETRATIL 1,2982,CX 100,,,,,,False,10,,2026-08-26 17:44:12,https://casagarciafortaleza.com.br/index.php,REVISAR_EMBALAGEM
Casa Garcia Gourmet,Acessórios,BISTURI CORTE P/PAES RETRATIL 2 FAQUINHA,BISTURI CORTE P PAES RETRATIL 2 FAQUINHA,2979,CX 100,,,,,,False,10,,2026-08-26 17:44:12,https://casagarciafortaleza.com.br/index.php,REVISAR_EMBALAGEM
Casa Garcia Gourmet,Acessórios,BOLEADOR DE METAL 3UN,BOLEADOR DE METAL,2994,CX 01,3.0,UN,3.0,UN,,False,10,,2026-08-26 17:44:12,https://casagarciafortaleza.com.br/index.php,VALIDO
Casa Garcia Gourmet,Acessórios,BOLEIRA SUP/BOLO POLIPROPILENO AM BL-05,BOLEIRA SUP BOLO POLIPROPILENO AM BL 05,77799,UN 01,,,,,,False,10,,2026-08-26 17:44:12,https://casagarciafortaleza.com.br/index.php,REVISAR_EMBALAGEM
Casa Garcia Gourmet,Acessórios,BOLEIRA SUP/BOLO POLIPROPILENO AZ BL-04,BOLEIRA SUP BOLO POLIPROPILENO AZ BL 04,77798,UN 01,,,,,,False,10,,2026-08-26 17:44:12,https://casagarciafortaleza.com.br/index.php,REVISAR_EMBALAGEM
Casa Garcia Gourmet,Acessórios,BOLEIRA SUP/BOLO POLIPROPILENO BCO BL-01,BOLEIRA SUP BOLO POLIPROPILENO BCO BL 01,77795,UN 01,,,,,,False,10,,2026-08-26 17:44:12,https://casagarciafortaleza.com.br/index.php,REVISAR_EMBALAGEM
Casa Garcia Gourmet,Acessórios,BOLEIRA SUP/BOLO POLIPROPILENO RS BL-02,BOLEIRA SUP BOLO POLIPROPILENO RS BL 02,77796,UN 01,,,,,,False,10,,2026-08-26 17:44:12,https://casagarciafortaleza.com.br/index.php,REVISAR_EMBALAGEM
Casa Garcia Gourmet,Acessórios,BOLEIRA SUP/BOLO POLIPROPILENO VM BL-03,BOLEIRA SUP BOLO POLIPROPILENO VM BL 03,77797,UN 01,,,,,,False,10,,2026-08-26 17:44:12,https://casagarciafortaleza.com.br/index.php,REVISAR_EMBALAGEM
Casa Garcia Gourmet,Acessórios,BORRIFADOR DE PO DECORATIVO,BORRIFADOR DE PO DECORATIVO,862,PC 05,,,,,,False,10,,2026-08-26 17:44:12,https://casagarciafortaleza.com.br/index.php,REVISAR_EMBALAGEM
Casa Garcia Gourmet,Acessórios,"CAIXA PLASTICA MS48 VERDE R 58X66,5CM",CAIXA PLASTICA MS48 VERDE R 58X,79562,CX 01,66.5,CM,66.5,CM,,False,10,,2026-08-26 17:44:12,https://casagarciafortaleza.com.br/index.php,VALIDO
Casa Garcia Gourmet,Acessórios,CALHA RETANGULAR COM TUBO 27X7X6 2462,CALHA RETANGULAR COM TUBO 27X7X6 2462,5739,UN 01,,,,,,False,11,,2026-08-26 17:44:13,https://casagarciafortaleza.com.br/index.php,REVISAR_EMBALAGEM
Casa Garcia Gourmet,Acessórios,"CARRETILHA CRESPA INOX 19X6,3CM ICA-003",CARRETILHA CRESPA INOX 19X ICA 003,78002,UN 01,6.3,CM,6.3,CM,,False,11,,2026-08-26 17:44:13,https://casagarciafortaleza.com.br/index.php,VALIDO
Casa Garcia Gourmet,Acessórios,COLHER DOSADO CALDA INOX 18X3CM ICC-001,COLHER DOSADO CALDA INOX 18X ICC 001,78004,UN 01,3.0,CM,3.0,CM,,False,11,,2026-08-26 17:44:13,https://casagarciafortaleza.com.br/index.php,VALIDO
Casa Garcia Gourmet,Acessórios,COLHER DOSADO CALDA INOX 23X4CM ICC-002,COLHER DOSADO CALDA INOX 23X ICC 002,78005,UN 01,4.0,CM,4.0,CM,,False,11,,2026-08-26 17:44:13,https://casagarciafortaleza.com.br/index.php,VALIDO
Casa Garcia Gourmet,Acessórios,COLHER MASTER ROXA PC 50UN,COLHER MASTER ROXA PC,5254,CX 10,50.0,UN,50.0,UN,,False,11,,2026-08-26 17:44:13,https://casagarciafortaleza.com.br/index.php,VALIDO
Casa Garcia Gourmet,Acessórios,COLHER NYLON  45CM CCF-45,COLHER NYLON CCF 45,1265,UN 01,45.0,CM,45.0,CM,,False,11,,2026-08-26 17:44:13,https://casagarciafortaleza.com.br/index.php,VALIDO
Casa Garcia Gourmet,Acessórios,CONCHA DE SORVETE POLIDA CS-03,CONCHA DE SORVETE POLIDA CS 03,1308,UN 01,,,,,,False,11,,2026-08-26 17:44:13,https://casagarciafortaleza.com.br/index.php,REVISAR_EMBALAGEM
Casa Garcia Gourmet,Acessórios,CONCHA SORVETE EXTRATOR 22X5CM ICE-003,CONCHA SORVETE EXTRATOR 22X ICE 003,77997,UN 01,5.0,CM,5.0,CM,,False,11,,2026-08-26 17:44:13,https://casagarciafortaleza.com.br/index.php,VALIDO
Casa Garcia Gourmet,Acessórios,"CONCHA SORVETE INOX 19,5X4,2CM ICE-001",CONCHA SORVETE INOX 19 5X ICE 001,78006,UN 01,4.2,CM,4.2,CM,,False,11,,2026-08-26 17:44:13,https://casagarciafortaleza.com.br/index.php,VALIDO
Casa Garcia Gourmet,Acessórios,CONJUNTO 4 PCS 32X10X10 ALUMINIZADA,CONJUNTO 4 PCS 32X10X10 ALUMINIZADA,2384,UN 01,,,,,,False,11,,2026-08-26 17:44:13,https://casagarciafortaleza.com.br/index.php,REVISAR_EMBALAGEM
Casa Garcia Gourmet,Acessórios,COPO DIAMANTE C/TAMPA 10UN 180ML,COPO DIAMANTE C TAMPA,4851,CX 40,180.0,ML,180.0,ML,,False,11,,2026-08-26 17:44:13,https://casagarciafortaleza.com.br/index.php,VALIDO
Casa Garcia Gourmet,Acessórios,COPO DIAMANTINHO C/TAMPA 10UN 150ML,COPO DIAMANTINHO C TAMPA,4852,CX 50,150.0,ML,150.0,ML,,False,11,,2026-08-26 17:44:13,https://casagarciafortaleza.com.br/index.php,VALIDO
Casa Garcia Gourmet,Acessórios,COPO PIC 101 10UN 100ML,COPO PIC 101,4855,CX 100,100.0,ML,100.0,ML,,False,12,,2026-08-26 17:44:14,https://casagarciafortaleza.com.br/index.php,VALIDO
Casa Garcia Gourmet,Acessórios,COPO PIC 151 10UN 150ML,COPO PIC 151,4853,CX 100,150.0,ML,150.0,ML,,False,12,,2026-08-26 17:44:14,https://casagarciafortaleza.com.br/index.php,VALIDO
Casa Garcia Gourmet,Acessórios,COPO PIC 151 C/TAMPA 10UN 150ML,COPO PIC 151 C TAMPA,4854,CX 40,150.0,ML,150.0,ML,,False,12,,2026-08-26 17:44:14,https://casagarciafortaleza.com.br/index.php,VALIDO
Casa Garcia Gourmet,Acessórios,COPO PLAST 500ML TRANSP 50UN PPT-550,COPO PLAST TRANSP PPT 550,4807,CX 20,50.0,UN,50.0,UN,,False,12,,2026-08-26 17:44:14,https://casagarciafortaleza.com.br/index.php,VALIDO
Casa Garcia Gourmet,Acessórios,COPO PLAST BALADA 300ML AZUL PPT-330,COPO PLAST BALADA AZUL PPT 330,4805,CX 20,300.0,ML,300.0,ML,,False,12,,2026-08-26 17:44:14,https://casagarciafortaleza.com.br/index.php,VALIDO
Casa Garcia Gourmet,Acessórios,COPO PLAST BALADA 300ML LARANJA PPT-330,COPO PLAST BALADA LARANJA PPT 330,4801,CX 20,300.0,ML,300.0,ML,,False,12,,2026-08-26 17:44:14,https://casagarciafortaleza.com.br/index.php,VALIDO
Casa Garcia Gourmet,Acessórios,COPO PLAST BALADA 300ML ROSA PPT-330,COPO PLAST BALADA ROSA PPT 330,4800,CX 20,300.0,ML,300.0,ML,,False,12,,2026-08-26 17:44:14,https://casagarciafortaleza.com.br/index.php,VALIDO
Casa Garcia Gourmet,Acessórios,COPO PLAST BALADA 300ML ROXO PPT-330,COPO PLAST BALADA ROXO PPT 330,4803,CX 20,300.0,ML,300.0,ML,,False,12,,2026-08-26 17:44:14,https://casagarciafortaleza.com.br/index.php,VALIDO
Casa Garcia Gourmet,Acessórios,COPO PLAST BALADA 300ML VERDE PPT-330,COPO PLAST BALADA VERDE PPT 330,4804,CX 20,300.0,ML,300.0,ML,,False,12,,2026-08-26 17:44:14,https://casagarciafortaleza.com.br/index.php,VALIDO
Casa Garcia Gourmet,Acessórios,COPO PLAST BALADA 300ML VERMELHO PPT-330,COPO PLAST BALADA VERMELHO PPT 330,4806,CX 20,300.0,ML,300.0,ML,,False,12,,2026-08-26 17:44:14,https://casagarciafortaleza.com.br/index.php,VALIDO
Casa Garcia Gourmet,Acessórios,COPO PLAST BRANCO PS 400ML CF-400,COPO PLAST BRANCO PS CF 400,1096,CX 20,400.0,ML,400.0,ML,,False,12,,2026-08-26 17:44:14,https://casagarciafortaleza.com.br/index.php,VALIDO
Casa Garcia Gourmet,Acessórios,COPO PLAST FESTA 300ML AMAR/BCO CF-300,COPO PLAST FESTA AMAR BCO CF 300,4813,CX 20,300.0,ML,300.0,ML,,False,12,,2026-08-26 17:44:14,https://casagarciafortaleza.com.br/index.php,VALIDO
Casa Garcia Gourmet,Acessórios,COPO PLAST FESTA 300ML AZUL/BCO CF-300,COPO PLAST FESTA AZUL BCO CF 300,4814,CX 20,300.0,ML,300.0,ML,,False,13,,2026-08-26 17:44:15,https://casagarciafortaleza.com.br/index.php,VALIDO
Casa Garcia Gourmet,Acessórios,COPO PLAST FESTA 300ML AZUL/MARR PPT-330,COPO PLAST FESTA AZUL MARR PPT 330,4817,CX 10,300.0,ML,300.0,ML,,False,13,,2026-08-26 17:44:15,https://casagarciafortaleza.com.br/index.php,VALIDO
Casa Garcia Gourmet,Acessórios,COPO PLAST FESTA 300ML COLOR PPT-330,COPO PLAST FESTA COLOR PPT 330,4819,CX 10,300.0,ML,300.0,ML,,False,13,,2026-08-26 17:44:15,https://casagarciafortaleza.com.br/index.php,VALIDO
Casa Garcia Gourmet,Acessórios,COPO PLAST FESTA 300ML FL DE NEVE PP-330,COPO PLAST FESTA FL DE NEVE PP 330,4820,CX 10,300.0,ML,300.0,ML,,False,13,,2026-08-26 17:44:15,https://casagarciafortaleza.com.br/index.php,VALIDO
Casa Garcia Gourmet,Acessórios,COPO PLAST FESTA 300ML ONCA PINK PPT-330,COPO PLAST FESTA ONCA PINK PPT 330,4811,CX 10,300.0,ML,300.0,ML,,False,13,,2026-08-26 17:44:15,https://casagarciafortaleza.com.br/index.php,VALIDO
Casa Garcia Gourmet,Acessórios,COPO PLAST FESTA 300ML PTO/PINK PPT-330,COPO PLAST FESTA PTO PINK PPT 330,4810,CX 10,300.0,ML,300.0,ML,,False,13,,2026-08-26 17:44:15,https://casagarciafortaleza.com.br/index.php,VALIDO
Casa Garcia Gourmet,Acessórios,COPO PLAST FESTA 300ML ROSA/MARR PPT-330,COPO PLAST FESTA ROSA MARR PPT 330,4818,CX 10,300.0,ML,300.0,ML,,False,13,,2026-08-26 17:44:15,https://casagarciafortaleza.com.br/index.php,VALIDO
Casa Garcia Gourmet,Acessórios,COPO PLAST FESTA 300ML VERDE/BCO CF-300,COPO PLAST FESTA VERDE BCO CF 300,4815,CX 20,300.0,ML,300.0,ML,,False,13,,2026-08-26 17:44:15,https://casagarciafortaleza.com.br/index.php,VALIDO
Casa Garcia Gourmet,Acessórios,COPO PLAST FESTA 300ML VERM/BCO CF-300,COPO PLAST FESTA VERM BCO CF 300,4812,CX 20,300.0,ML,300.0,ML,,False,13,,2026-08-26 17:44:15,https://casagarciafortaleza.com.br/index.php,VALIDO
Casa Garcia Gourmet,Acessórios,COPO PLAST PREM TRANSP 200ML 20UN CPT201,COPO PLAST PREM TRANSP CPT201,4823,CX 40,20.0,UN,20.0,UN,,False,13,,2026-08-26 17:44:15,https://casagarciafortaleza.com.br/index.php,VALIDO
Casa Garcia Gourmet,Acessórios,COPO PLAST PREMIUN 250ML TRANSP CPT-253,COPO PLAST PREMIUN TRANSP CPT 253,4822,CX 25,250.0,ML,250.0,ML,,False,13,,2026-08-26 17:44:15,https://casagarciafortaleza.com.br/index.php,VALIDO
Casa Garcia Gourmet,Acessórios,COPO PLAST TRANSP 400ML 50UN CFT-400,COPO PLAST TRANSP CFT 400,1090,CX 20,50.0,UN,50.0,UN,,False,13,,2026-08-26 17:44:15,https://casagarciafortaleza.com.br/index.php,VALIDO
Casa Garcia Gourmet,Acessórios,COPO PLAST TRANSP 400ML 50UN PPT-440,COPO PLAST TRANSP PPT 440,1099,CX 20,50.0,UN,50.0,UN,,False,14,,2026-08-26 17:44:17,https://casagarciafortaleza.com.br/index.php,VALIDO
Casa Garcia Gourmet,Acessórios,COPO TERMICO 240ML 25UNID ISOPOR,COPO TERMICO 25UNID ISOPOR,1102,PC 40,240.0,ML,240.0,ML,,False,14,,2026-08-26 17:44:17,https://casagarciafortaleza.com.br/index.php,VALIDO
Casa Garcia Gourmet,Acessórios,COPO TERMICO 300ML 25UNID ISOPOR,COPO TERMICO 25UNID ISOPOR,1103,PC 25,300.0,ML,300.0,ML,,False,14,,2026-08-26 17:44:17,https://casagarciafortaleza.com.br/index.php,VALIDO
Casa Garcia Gourmet,Acessórios,CORT ESTRELA C/ ASAS INOX 2135,CORT ESTRELA C ASAS INOX 2135,5762,CX 01,,,,,,False,14,,2026-08-26 17:44:17,https://casagarciafortaleza.com.br/index.php,REVISAR_EMBALAGEM
Casa Garcia Gourmet,Acessórios,CORT LANTERNA INOX 2137,CORT LANTERNA INOX 2137,5758,CX 01,,,,,,False,14,,2026-08-26 17:44:17,https://casagarciafortaleza.com.br/index.php,REVISAR_EMBALAGEM
Casa Garcia Gourmet,Acessórios,CORT RAIO INOX 2134,CORT RAIO INOX 2134,5764,CX 01,,,,,,False,14,,2026-08-26 17:44:17,https://casagarciafortaleza.com.br/index.php,REVISAR_EMBALAGEM
Casa Garcia Gourmet,Acessórios,CORT ROSTO ARANHA INOX 2136,CORT ROSTO ARANHA INOX 2136,5765,CX 01,,,,,,False,14,,2026-08-26 17:44:17,https://casagarciafortaleza.com.br/index.php,REVISAR_EMBALAGEM
Casa Garcia Gourmet,Acessórios,CORTA BOLO INOX 1888,CORTA BOLO INOX 1888,5768,CX 01,,,,,,False,14,,2026-08-26 17:44:17,https://casagarciafortaleza.com.br/index.php,REVISAR_EMBALAGEM
Casa Garcia Gourmet,Acessórios,CORTADOR DE PIZZA INOX 19X7CM ICP-001,CORTADOR DE PIZZA INOX 19X ICP 001,78003,UN 01,7.0,CM,7.0,CM,,False,14,,2026-08-26 17:44:17,https://casagarciafortaleza.com.br/index.php,VALIDO
Casa Garcia Gourmet,Acessórios,CORTADOR RED 8PCS POLIESTIRENO BCO JC-01,CORTADOR RED 8PCS POLIESTIRENO BCO JC 01,77801,UN 01,,,,,,False,14,,2026-08-26 17:44:17,https://casagarciafortaleza.com.br/index.php,REVISAR_EMBALAGEM
Casa Garcia Gourmet,Acessórios,CX P/BOLO REI GUIRLANDA 25X25X10 1UN,CX P BOLO REI GUIRLANDA 25X25X10,77908,CX 01,1.0,UN,1.0,UN,,False,14,,2026-08-26 17:44:17,https://casagarciafortaleza.com.br/index.php,VALIDO
Casa Garcia Gourmet,Acessórios,CX P/BOLO REI MAGIC OUR/VER 25X25X10 1UN,CX P BOLO REI MAGIC OUR VER 25X25X10,77910,CX 01,1.0,UN,1.0,UN,,False,14,,2026-08-26 17:44:17,https://casagarciafortaleza.com.br/index.php,VALIDO
Casa Garcia Gourmet,Acessórios,DISCO ISOPOR 35CM 200UN DI-035,DISCO ISOPOR DI 035,1229,PC 02,200.0,UN,200.0,UN,,False,15,,2026-08-26 17:44:18,https://casagarciafortaleza.com.br/index.php,VALIDO
Casa Garcia Gourmet,Acessórios,"DISP INOX 4 PRATEL 1,50X0,50 TUBOLAR",DISP INOX 4 PRATEL 1 50X0 50 TUBOLAR,2392,UN 01,,,,,,False,15,,2026-08-26 17:44:18,https://casagarciafortaleza.com.br/index.php,REVISAR_EMBALAGEM
Casa Garcia Gourmet,Acessórios,EJETOR P/ MASSA 24UN DISCOS,EJETOR P MASSA DISCOS,1323,PC 10,24.0,UN,24.0,UN,,False,15,,2026-08-26 17:44:18,https://casagarciafortaleza.com.br/index.php,VALIDO
Casa Garcia Gourmet,Acessórios,"EMB AL P/TRUFA AZUL ESC 14,5X15,5 100UN",EMB AL P TRUFA AZUL ESC 14 5X15 5,77830,CX 01,100.0,UN,100.0,UN,,False,15,,2026-08-26 17:44:18,https://casagarciafortaleza.com.br/index.php,VALIDO
Casa Garcia Gourmet,Acessórios,"EMB AL P/TRUFA MARACUJA 14,5X15,5 100UN",EMB AL P TRUFA MARACUJA 14 5X15 5,77829,CX 01,100.0,UN,100.0,UN,,False,15,,2026-08-26 17:44:18,https://casagarciafortaleza.com.br/index.php,VALIDO
Casa Garcia Gourmet,Acessórios,"EMB AL P/TRUFA MARROM 14,5X15,5 100UN",EMB AL P TRUFA MARROM 14 5X15 5,77832,CX 01,100.0,UN,100.0,UN,,False,15,,2026-08-26 17:44:18,https://casagarciafortaleza.com.br/index.php,VALIDO
Casa Garcia Gourmet,Acessórios,"EMB AL P/TRUFA PINK 14,5X15,5 100UN",EMB AL P TRUFA PINK 14 5X15 5,77831,CX 01,100.0,UN,100.0,UN,,False,15,,2026-08-26 17:44:18,https://casagarciafortaleza.com.br/index.php,VALIDO
Casa Garcia Gourmet,Acessórios,ESCOVINHA P/BICOS 2UNID,ESCOVINHA P BICOS 2UNID,2834,PC 12,,,,,,False,15,,2026-08-26 17:44:18,https://casagarciafortaleza.com.br/index.php,REVISAR_EMBALAGEM
Casa Garcia Gourmet,Acessórios,ESPATULA ANGULAR PONTA FINA INOX,ESPATULA ANGULAR PONTA FINA INOX,530,UN 01,,,,,,False,15,,2026-08-26 17:44:18,https://casagarciafortaleza.com.br/index.php,REVISAR_EMBALAGEM
Casa Garcia Gourmet,Acessórios,ESPATULA ANGULAR PONTA REDONDA INOX,ESPATULA ANGULAR PONTA REDONDA INOX,529,UN 01,,,,,,False,15,,2026-08-26 17:44:18,https://casagarciafortaleza.com.br/index.php,REVISAR_EMBALAGEM
Casa Garcia Gourmet,Acessórios,ESPATULA CONF INOX 3UN PRETA ESP-11,ESPATULA CONF INOX PRETA ESP 11,77987,UN 01,3.0,UN,3.0,UN,,False,15,,2026-08-26 17:44:18,https://casagarciafortaleza.com.br/index.php,VALIDO
Casa Garcia Gourmet,Acessórios,ESPATULA CONF INOX 3UN ROSA PINK ESP-15,ESPATULA CONF INOX ROSA PINK ESP 15,78027,UN 01,3.0,UN,3.0,UN,,False,15,,2026-08-26 17:44:18,https://casagarciafortaleza.com.br/index.php,VALIDO
Casa Garcia Gourmet,Acessórios,ESPATULA CONFEITEIRO INOX 3PCS RS ESP-10,ESPATULA CONFEITEIRO INOX 3PCS RS ESP 10,77794,UN 01,,,,,,False,16,,2026-08-26 17:44:19,https://casagarciafortaleza.com.br/index.php,REVISAR_EMBALAGEM
Casa Garcia Gourmet,Acessórios,ESPATULA CURVA INOX RS PINK 18CM ECG-181,ESPATULA CURVA INOX RS PINK ECG 181,77806,UN 01,18.0,CM,18.0,CM,,False,16,,2026-08-26 17:44:19,https://casagarciafortaleza.com.br/index.php,VALIDO
Casa Garcia Gourmet,Acessórios,ESPATULA CURVA INOX RS PINK 23CM ECG-231,ESPATULA CURVA INOX RS PINK ECG 231,77807,UN 01,23.0,CM,23.0,CM,,False,16,,2026-08-26 17:44:19,https://casagarciafortaleza.com.br/index.php,VALIDO
Casa Garcia Gourmet,Acessórios,ESPATULA CURVA INOX RS PINK 28CM ECG-281,ESPATULA CURVA INOX RS PINK ECG 281,77808,UN 01,28.0,CM,28.0,CM,,False,16,,2026-08-26 17:44:19,https://casagarciafortaleza.com.br/index.php,VALIDO
Casa Garcia Gourmet,Acessórios,ESPATULA FACA PLASTICA,ESPATULA FACA PLASTICA,1174,PC 10,,,,,,False,16,,2026-08-26 17:44:19,https://casagarciafortaleza.com.br/index.php,REVISAR_EMBALAGEM
Casa Garcia Gourmet,Acessórios,ESPATULA FLEXIVEL CURVA 23CM ECG-233,ESPATULA FLEXIVEL CURVA ECG 233,1190,UN 01,23.0,CM,23.0,CM,,False,16,,2026-08-26 17:44:19,https://casagarciafortaleza.com.br/index.php,VALIDO
Casa Garcia Gourmet,Acessórios,ESPATULA FLEXIVEL CURVA PT 15CM IECG-151,ESPATULA FLEXIVEL CURVA PT IECG 151,78007,UN 01,15.0,CM,15.0,CM,,False,16,,2026-08-26 17:44:19,https://casagarciafortaleza.com.br/index.php,VALIDO
Casa Garcia Gourmet,Acessórios,ESPATULA FLEXIVEL CURVA PT 20CM IECG-201,ESPATULA FLEXIVEL CURVA PT IECG 201,78008,UN 01,20.0,CM,20.0,CM,,False,16,,2026-08-26 17:44:19,https://casagarciafortaleza.com.br/index.php,VALIDO
Casa Garcia Gourmet,Acessórios,ESPATULA FLEXIVEL RETA 20CM ESG-200,ESPATULA FLEXIVEL RETA ESG 200,5083,UN 01,20.0,CM,20.0,CM,,False,16,,2026-08-26 17:44:19,https://casagarciafortaleza.com.br/index.php,VALIDO
Casa Garcia Gourmet,Acessórios,ESPATULA FLEXIVEL RETA 25CM ESG-250,ESPATULA FLEXIVEL RETA ESG 250,5084,UN 01,25.0,CM,25.0,CM,,False,16,,2026-08-26 17:44:19,https://casagarciafortaleza.com.br/index.php,VALIDO
Casa Garcia Gourmet,Acessórios,ESPATULA FLEXIVEL RETA 30CM ESG-300,ESPATULA FLEXIVEL RETA ESG 300,5085,UN 01,30.0,CM,30.0,CM,,False,16,,2026-08-26 17:44:19,https://casagarciafortaleza.com.br/index.php,VALIDO
Casa Garcia Gourmet,Acessórios,ESPATULA FLEXIVEL RETA PT 15CM IESG-151,ESPATULA FLEXIVEL RETA PT IESG 151,78009,UN 01,15.0,CM,15.0,CM,,False,16,,2026-08-26 17:44:19,https://casagarciafortaleza.com.br/index.php,VALIDO
Casa Garcia Gourmet,Acessórios,ESPATULA FLEXIVEL RETA PT 20CM IESG-201,ESPATULA FLEXIVEL RETA PT IESG 201,78010,UN 01,20.0,CM,20.0,CM,,False,17,,2026-08-26 17:44:20,https://casagarciafortaleza.com.br/index.php,VALIDO
Casa Garcia Gourmet,Acessórios,ESPATULA PARA ALISAR BOLO INOX MAGO,ESPATULA PARA ALISAR BOLO INOX MAGO,847,UN 01,,,,,,False,17,,2026-08-26 17:44:20,https://casagarciafortaleza.com.br/index.php,REVISAR_EMBALAGEM
Casa Garcia Gourmet,Acessórios,ESPATULA RETA INOX RS PINK 20CM ESG-201,ESPATULA RETA INOX RS PINK ESG 201,77803,UN 01,20.0,CM,20.0,CM,,False,17,,2026-08-26 17:44:20,https://casagarciafortaleza.com.br/index.php,VALIDO
Casa Garcia Gourmet,Acessórios,ESPATULA RETA INOX RS PINK 25CM ESG-251,ESPATULA RETA INOX RS PINK ESG 251,77804,UN 01,25.0,CM,25.0,CM,,False,17,,2026-08-26 17:44:20,https://casagarciafortaleza.com.br/index.php,VALIDO
Casa Garcia Gourmet,Acessórios,ESPATULA RETA INOX RS PINK 30CM ESG-301,ESPATULA RETA INOX RS PINK ESG 301,77805,UN 01,30.0,CM,30.0,CM,,False,17,,2026-08-26 17:44:20,https://casagarciafortaleza.com.br/index.php,VALIDO
Casa Garcia Gourmet,Acessórios,ESPATULA RETA PONTA FINA INOX,ESPATULA RETA PONTA FINA INOX,861,PC 05,,,,,,False,17,,2026-08-26 17:44:20,https://casagarciafortaleza.com.br/index.php,REVISAR_EMBALAGEM
Casa Garcia Gourmet,Acessórios,ESPATULA RETA PONTA REDONDA INOX 25CM,ESPATULA RETA PONTA REDONDA INOX,1122,UN 01,25.0,CM,25.0,CM,,False,17,,2026-08-26 17:44:20,https://casagarciafortaleza.com.br/index.php,VALIDO
Casa Garcia Gourmet,Acessórios,ESTECAS GD C/4UN MOD 1,ESTECAS GD C MOD 1,1109,PC 10,4.0,UN,4.0,UN,,False,17,,2026-08-26 17:44:20,https://casagarciafortaleza.com.br/index.php,VALIDO
Casa Garcia Gourmet,Acessórios,ESTECAS GD C/8UN,ESTECAS GD C,1111,PC 10,8.0,UN,8.0,UN,,False,17,,2026-08-26 17:44:20,https://casagarciafortaleza.com.br/index.php,VALIDO
Casa Garcia Gourmet,Acessórios,ESTEIRA CANAL 60X40 PERF 5 ONDAS,ESTEIRA CANAL 60X40 PERF 5 ONDAS,2412,UN 01,,,,,,False,17,,2026-08-26 17:44:20,https://casagarciafortaleza.com.br/index.php,REVISAR_EMBALAGEM
Casa Garcia Gourmet,Acessórios,ESTEIRA PAO FRANCES 58X70 5 TALAS,ESTEIRA PAO FRANCES 58X70 5 TALAS,2413,UN 01,,,,,,False,17,,2026-08-26 17:44:20,https://casagarciafortaleza.com.br/index.php,REVISAR_EMBALAGEM
Casa Garcia Gourmet,Acessórios,ESTEIRA PAO FRANCES 58X70 6 TALAS,ESTEIRA PAO FRANCES 58X70 6 TALAS,2424,UN 01,,,,,,False,17,,2026-08-26 17:44:20,https://casagarciafortaleza.com.br/index.php,REVISAR_EMBALAGEM
Casa Garcia Gourmet,Acessórios,EXPOSITOR CORANTES PEQUENO FAB,EXPOSITOR CORANTES PEQUENO FAB,7866,UN 01,,,,,,False,18,,2026-08-26 17:44:21,https://casagarciafortaleza.com.br/index.php,REVISAR_EMBALAGEM
Casa Garcia Gourmet,Acessórios,F BALLERINE COELHO CENOURA 22X11X5 1143,F BALLERINE COELHO CENOURA 22X11X5 1143,5144,UN 01,,,,,,False,18,,2026-08-26 17:44:21,https://casagarciafortaleza.com.br/index.php,REVISAR_EMBALAGEM
Casa Garcia Gourmet,Acessórios,"F BALLERINE CORACAO G 22,5X25X7 0886",F BALLERINE CORACAO G 22 5X25X7 0886,5155,UN 01,,,,,,False,18,,2026-08-26 17:44:21,https://casagarciafortaleza.com.br/index.php,REVISAR_EMBALAGEM
Casa Garcia Gourmet,Acessórios,"F BALLERINE CORACAO P 13X12X4,5 1069",F BALLERINE CORACAO P 13X12X4 5 1069,5156,UN 01,,,,,,False,18,,2026-08-26 17:44:21,https://casagarciafortaleza.com.br/index.php,REVISAR_EMBALAGEM
Casa Garcia Gourmet,Acessórios,FACA FIO LISO 30CM FGL-30,FACA FIO LISO FGL 30,1188,UN 01,30.0,CM,30.0,CM,,False,18,,2026-08-26 17:44:21,https://casagarciafortaleza.com.br/index.php,VALIDO
Casa Garcia Gourmet,Acessórios,FACA FIO LISO 40CM FFL-040,FACA FIO LISO FFL 040,1180,UN 01,40.0,CM,40.0,CM,,False,18,,2026-08-26 17:44:21,https://casagarciafortaleza.com.br/index.php,VALIDO
Casa Garcia Gourmet,Acessórios,FACA SERRA 25CM FGO-25,FACA SERRA FGO 25,1176,UN 01,25.0,CM,25.0,CM,,False,18,,2026-08-26 17:44:21,https://casagarciafortaleza.com.br/index.php,VALIDO
Casa Garcia Gourmet,Acessórios,"FACA SERRA INOX 25CM 1,0MM IFS-25",FACA SERRA INOX 1 0MM IFS 25,78021,UN 01,25.0,CM,25.0,CM,,False,18,,2026-08-26 17:44:21,https://casagarciafortaleza.com.br/index.php,VALIDO
Casa Garcia Gourmet,Acessórios,FATIA CERTA PLASTICA,FATIA CERTA PLASTICA,2262,UN 01,,,,,,False,18,,2026-08-26 17:44:21,https://casagarciafortaleza.com.br/index.php,REVISAR_EMBALAGEM
Casa Garcia Gourmet,Acessórios,FILME DE PVC 30CMX1000M BOMPACK,FILME DE PVC 30CMX1000M BOMPACK,78194,CX 01,,,,,,False,18,,2026-08-26 17:44:21,https://casagarciafortaleza.com.br/index.php,REVISAR_EMBALAGEM
Casa Garcia Gourmet,Acessórios,FILME DE PVC CH FILMS 38CMX1000M,FILME DE PVC CH FILMS 38CMX1000M,5028,CX 01,,,,,,False,18,,2026-08-26 17:44:21,https://casagarciafortaleza.com.br/index.php,REVISAR_EMBALAGEM
Casa Garcia Gourmet,Acessórios,FOLHA ALUM BANDEJA 200X345 CX100 1178,FOLHA ALUM BANDEJA 200X345 CX100 1178,6095,CX 01,,,,,,False,18,,2026-08-26 17:44:21,https://casagarciafortaleza.com.br/index.php,REVISAR_EMBALAGEM
Casa Garcia Gourmet,Acessórios,FOLHA ALUM BANDEJA 255X335 CX100 1179,FOLHA ALUM BANDEJA 255X335 CX100 1179,6096,CX 01,,,,,,False,19,,2026-08-26 17:44:22,https://casagarciafortaleza.com.br/index.php,REVISAR_EMBALAGEM
Casa Garcia Gourmet,Acessórios,"FOLHA ALUM BANDEJA 3,5L AL22 CX50 1170",FOLHA ALUM BANDEJA AL22 CX50 1170,6093,CX 02,3.5,L,3500.0,ML,,False,19,,2026-08-26 17:44:22,https://casagarciafortaleza.com.br/index.php,VALIDO
Casa Garcia Gourmet,Acessórios,FOLHA ALUM BANDEJA 3DIV-Y CX100 1012,FOLHA ALUM BANDEJA 3DIV Y CX100 1012,6097,CX 01,,,,,,False,19,,2026-08-26 17:44:22,https://casagarciafortaleza.com.br/index.php,REVISAR_EMBALAGEM
Casa Garcia Gourmet,Acessórios,FOLHA ALUM BANDEJA AL0 CX100 1023,FOLHA ALUM BANDEJA AL0 CX100 1023,6079,CX 04,,,,,,False,19,,2026-08-26 17:44:22,https://casagarciafortaleza.com.br/index.php,REVISAR_EMBALAGEM
Casa Garcia Gourmet,Acessórios,FOLHA ALUM BANDEJA AL1 CX200 1006,FOLHA ALUM BANDEJA AL1 CX200 1006,6080,CX 02,,,,,,False,19,,2026-08-26 17:44:22,https://casagarciafortaleza.com.br/index.php,REVISAR_EMBALAGEM
Casa Garcia Gourmet,Acessórios,FOLHA ALUM BANDEJA AL11 CX200 1042,FOLHA ALUM BANDEJA AL11 CX200 1042,6088,CX 02,,,,,,False,19,,2026-08-26 17:44:22,https://casagarciafortaleza.com.br/index.php,REVISAR_EMBALAGEM
Casa Garcia Gourmet,Acessórios,FOLHA ALUM BANDEJA AL4 CX100 1010,FOLHA ALUM BANDEJA AL4 CX100 1010,6082,CX 01,,,,,,False,19,,2026-08-26 17:44:22,https://casagarciafortaleza.com.br/index.php,REVISAR_EMBALAGEM
Casa Garcia Gourmet,Acessórios,FOLHA ALUM BANDEJA AL5 CX100 1008,FOLHA ALUM BANDEJA AL5 CX100 1008,6083,CX 01,,,,,,False,19,,2026-08-26 17:44:22,https://casagarciafortaleza.com.br/index.php,REVISAR_EMBALAGEM
Casa Garcia Gourmet,Acessórios,FOLHA ALUM BANDEJA AL7 CX100 1049,FOLHA ALUM BANDEJA AL7 CX100 1049,6084,CX 01,,,,,,False,19,,2026-08-26 17:44:22,https://casagarciafortaleza.com.br/index.php,REVISAR_EMBALAGEM
Casa Garcia Gourmet,Acessórios,FOLHA ALUM BANDEJA AL8 CX100 1026,FOLHA ALUM BANDEJA AL8 CX100 1026,6085,CX 01,,,,,,False,19,,2026-08-26 17:44:22,https://casagarciafortaleza.com.br/index.php,REVISAR_EMBALAGEM
Casa Garcia Gourmet,Acessórios,FOLHA ALUM EMPADA 60G AL28 650UN 1066,FOLHA ALUM EMPADA AL28 1066,6092,CX 05,650.0,UN,650.0,UN,,False,19,,2026-08-26 17:44:22,https://casagarciafortaleza.com.br/index.php,VALIDO
Casa Garcia Gourmet,Acessórios,FOLHA ALUM FORM EMPADA AL18 CX2000 1166,FOLHA ALUM FORM EMPADA AL18 CX2000 1166,6091,CX 01,,,,,,False,19,,2026-08-26 17:44:22,https://casagarciafortaleza.com.br/index.php,REVISAR_EMBALAGEM
Casa Garcia Gourmet,Acessórios,FOLHA ALUM PRATO 9 MANUAL CX100 1070,FOLHA ALUM PRATO 9 MANUAL CX100 1070,6078,CX 01,,,,,,False,20,,2026-08-26 17:44:24,https://casagarciafortaleza.com.br/index.php,REVISAR_EMBALAGEM
Casa Garcia Gourmet,Acessórios,FOLHA ALUM PRATSY CAKE CX50 1199,FOLHA ALUM PRATSY CAKE CX50 1199,6098,CX 02,,,,,,False,20,,2026-08-26 17:44:24,https://casagarciafortaleza.com.br/index.php,REVISAR_EMBALAGEM
Casa Garcia Gourmet,Acessórios,FOLHA ALUM PUDIM 100G AL26 CX450 1060,FOLHA ALUM PUDIM AL26 CX450 1060,6094,CX 05,100.0,G,100.0,G,,False,20,,2026-08-26 17:44:24,https://casagarciafortaleza.com.br/index.php,VALIDO
Casa Garcia Gourmet,Acessórios,FOLHA ALUMINIO MOLD-D12 220ML,FOLHA ALUMINIO MOLD D12,961,CX 01,220.0,ML,220.0,ML,,False,20,,2026-08-26 17:44:24,https://casagarciafortaleza.com.br/index.php,VALIDO
Casa Garcia Gourmet,Acessórios,FOLHA ALUMINIO MOLD-D7 750ML,FOLHA ALUMINIO MOLD D7,964,CX 01,750.0,ML,750.0,ML,,False,20,,2026-08-26 17:44:24,https://casagarciafortaleza.com.br/index.php,VALIDO
Casa Garcia Gourmet,Acessórios,FOLHA ALUMINIO MOLD-D8 1500ML,FOLHA ALUMINIO MOLD D8,967,CX 01,1500.0,ML,1500.0,ML,,False,20,,2026-08-26 17:44:24,https://casagarciafortaleza.com.br/index.php,VALIDO
Casa Garcia Gourmet,Acessórios,FOLHA ALUMINIO MOLD-D9 2000 ML,FOLHA ALUMINIO MOLD D9,968,CX 01,2000.0,ML,2000.0,ML,,False,20,,2026-08-26 17:44:24,https://casagarciafortaleza.com.br/index.php,VALIDO
Casa Garcia Gourmet,Acessórios,FOLHA ALUMINIO MOLDADA NO 09,FOLHA ALUMINIO MOLDADA NO 09,960,CX 01,,,,,,False,20,,2026-08-26 17:44:24,https://casagarciafortaleza.com.br/index.php,REVISAR_EMBALAGEM
Casa Garcia Gourmet,Acessórios,FOLHA PRATSY FOGAO 27X27 CX30 1063,FOLHA PRATSY FOGAO 27X27 CX30 1063,6074,CX 30,,,,,,False,20,,2026-08-26 17:44:24,https://casagarciafortaleza.com.br/index.php,REVISAR_EMBALAGEM
Casa Garcia Gourmet,Acessórios,"FORMA BALLERINE 26X22X8,5 2891",FORMA BALLERINE 26X22X8 5 2891,9693,UN 01,,,,,,False,20,,2026-08-26 17:44:24,https://casagarciafortaleza.com.br/index.php,REVISAR_EMBALAGEM
Casa Garcia Gourmet,Acessórios,"FORMA BALLERINE COELHO G 27X17X4,5 1016",FORMA BALLERINE COELHO G 27X17X4 5 1016,6055,UN 01,,,,,,False,20,,2026-08-26 17:44:24,https://casagarciafortaleza.com.br/index.php,REVISAR_EMBALAGEM
Casa Garcia Gourmet,Acessórios,FORMA BALLERINE COELHO M 20X12X4 7236,FORMA BALLERINE COELHO M 20X12X4 7236,78475,CX 01,,,,,,False,20,,2026-08-26 17:44:24,https://casagarciafortaleza.com.br/index.php,REVISAR_EMBALAGEM
Casa Garcia Gourmet,Acessórios,"FORMA BALLERINE COELHO P 15X3,5 1037",FORMA BALLERINE COELHO P 15X3 5 1037,6056,UN 01,,,,,,False,21,,2026-08-26 17:44:25,https://casagarciafortaleza.com.br/index.php,REVISAR_EMBALAGEM
Casa Garcia Gourmet,Acessórios,"FORMA BALLERINE CORACAO 18X20X4,5 ALUM",FORMA BALLERINE CORACAO 18X20X4 5 ALUM,10074,UN 01,,,,,,False,21,,2026-08-26 17:44:25,https://casagarciafortaleza.com.br/index.php,REVISAR_EMBALAGEM
Casa Garcia Gourmet,Acessórios,FORMA BALLERINE REBAIXADA M 22X7 0887,FORMA BALLERINE REBAIXADA M 22X7 0887,6199,UN 01,,,,,,False,21,,2026-08-26 17:44:25,https://casagarciafortaleza.com.br/index.php,REVISAR_EMBALAGEM
Casa Garcia Gourmet,Acessórios,FORMA BOLO DE ROLO 30X40 ALUM 2834,FORMA BOLO DE ROLO 30X40 ALUM 2834,6186,UN 01,,,,,,False,21,,2026-08-26 17:44:25,https://casagarciafortaleza.com.br/index.php,REVISAR_EMBALAGEM
Casa Garcia Gourmet,Acessórios,FORMA BOLO INGLES ABAS/T DEC 100G 5UN,FORMA BOLO INGLES ABAS T DEC,10880,CX 10,5.0,UN,5.0,UN,,False,21,,2026-08-26 17:44:25,https://casagarciafortaleza.com.br/index.php,VALIDO
Casa Garcia Gourmet,Acessórios,FORMA BOLO INGLES ABAS/T DEC 250G 5UN,FORMA BOLO INGLES ABAS T DEC,10881,CX 10,5.0,UN,5.0,UN,,False,21,,2026-08-26 17:44:25,https://casagarciafortaleza.com.br/index.php,VALIDO
Casa Garcia Gourmet,Acessórios,FORMA BOLO INGLES ABAS/T DEC 600G 5UN,FORMA BOLO INGLES ABAS T DEC,10882,CX 05,5.0,UN,5.0,UN,,False,21,,2026-08-26 17:44:25,https://casagarciafortaleza.com.br/index.php,VALIDO
Casa Garcia Gourmet,Acessórios,FORMA BOLO INGLES ABAS/T DEC 750G 5UN,FORMA BOLO INGLES ABAS T DEC,10887,CX 05,5.0,UN,5.0,UN,,False,21,,2026-08-26 17:44:25,https://casagarciafortaleza.com.br/index.php,VALIDO
Casa Garcia Gourmet,Acessórios,FORMA BOLO INGLES N1 21X9X4 ALUM 2123,FORMA BOLO INGLES N1 21X9X4 ALUM 2123,10052,UN 01,,,,,,False,21,,2026-08-26 17:44:25,https://casagarciafortaleza.com.br/index.php,REVISAR_EMBALAGEM
Casa Garcia Gourmet,Acessórios,FORMA CANAPES ALUMINIZADA 30X05X05,FORMA CANAPES ALUMINIZADA 30X05X05,1848,UN 01,,,,,,False,21,,2026-08-26 17:44:25,https://casagarciafortaleza.com.br/index.php,REVISAR_EMBALAGEM
Casa Garcia Gourmet,Acessórios,FORMA CANAPES FLANDRES 30X05X05 C/T,FORMA CANAPES FLANDRES 30X05X05 C T,2393,UN 01,,,,,,False,21,,2026-08-26 17:44:25,https://casagarciafortaleza.com.br/index.php,REVISAR_EMBALAGEM
Casa Garcia Gourmet,Acessórios,FORMA COLOMBA TRAD 500G FIORI 5UN,FORMA COLOMBA TRAD FIORI,10994,CX 05,5.0,UN,5.0,UN,,False,21,,2026-08-26 17:44:25,https://casagarciafortaleza.com.br/index.php,VALIDO
Casa Garcia Gourmet,Acessórios,FORMA DE PUDIM C/TAMPA 120ML PC 12UN,FORMA DE PUDIM C TAMPA PC,5255,CX 12,12.0,UN,12.0,UN,,False,22,,2026-08-26 17:44:26,https://casagarciafortaleza.com.br/index.php,VALIDO
Casa Garcia Gourmet,Acessórios,FORMA EMPADA LISA MINI N 0 BUFFET 1470,FORMA EMPADA LISA MINI N 0 BUFFET 1470,6136,UN 01,,,,,,False,22,,2026-08-26 17:44:26,https://casagarciafortaleza.com.br/index.php,REVISAR_EMBALAGEM
Casa Garcia Gourmet,Acessórios,FORMA ESPIRAL 23X10 2655,FORMA ESPIRAL 23X10 2655,9690,UN 01,,,,,,False,22,,2026-08-26 17:44:26,https://casagarciafortaleza.com.br/index.php,REVISAR_EMBALAGEM
Casa Garcia Gourmet,Acessórios,FORMA FLOR 25X5 ALUM 2451,FORMA FLOR 25X5 ALUM 2451,10056,UN 01,,,,,,False,22,,2026-08-26 17:44:26,https://casagarciafortaleza.com.br/index.php,REVISAR_EMBALAGEM
Casa Garcia Gourmet,Acessórios,"FORMA GIRASSOL 25,5X3 2795",FORMA GIRASSOL 25 5X3 2795,9765,UN 01,,,,,,False,22,,2026-08-26 17:44:26,https://casagarciafortaleza.com.br/index.php,REVISAR_EMBALAGEM
Casa Garcia Gourmet,Acessórios,FORMA IMP AMARELA 1000UN N 5L,FORMA IMP AMARELA N,1588,PC 01,5.0,L,5000.0,ML,,False,22,,2026-08-26 17:44:26,https://casagarciafortaleza.com.br/index.php,VALIDO
Casa Garcia Gourmet,Acessórios,FORMA IMP AZ BEBE 1000UN N 5L,FORMA IMP AZ BEBE N,1589,PC 01,5.0,L,5000.0,ML,,False,22,,2026-08-26 17:44:26,https://casagarciafortaleza.com.br/index.php,VALIDO
Casa Garcia Gourmet,Acessórios,FORMA IMP AZ ROYAL 1000UN N 5L,FORMA IMP AZ ROYAL N,1590,PC 01,5.0,L,5000.0,ML,,False,22,,2026-08-26 17:44:26,https://casagarciafortaleza.com.br/index.php,VALIDO
Casa Garcia Gourmet,Acessórios,FORMA IMP BRANCA 1000UN N 4L,FORMA IMP BRANCA N,1697,PC 01,4.0,L,4000.0,ML,,False,22,,2026-08-26 17:44:26,https://casagarciafortaleza.com.br/index.php,VALIDO
Casa Garcia Gourmet,Acessórios,FORMA IMP BRANCA 1000UN N 5L,FORMA IMP BRANCA N,1591,PC 01,5.0,L,5000.0,ML,,False,22,,2026-08-26 17:44:26,https://casagarciafortaleza.com.br/index.php,VALIDO
Casa Garcia Gourmet,Acessórios,FORMA IMP GPEL CUP 45UN AZ ROYAL N 0L,FORMA IMP GPEL CUP AZ ROYAL N,1657,PC 20,0.0,L,0.0,ML,,False,22,,2026-08-26 17:44:26,https://casagarciafortaleza.com.br/index.php,VALIDO
Casa Garcia Gourmet,Acessórios,FORMA IMP GPEL CUP 45UN LARANJA N 0L,FORMA IMP GPEL CUP LARANJA N,1661,PC 20,0.0,L,0.0,ML,,False,22,,2026-08-26 17:44:26,https://casagarciafortaleza.com.br/index.php,VALIDO
Casa Garcia Gourmet,Acessórios,FORMA IMP GPEL CUP 45UN LILAS N 0L,FORMA IMP GPEL CUP LILAS N,1662,PC 20,0.0,L,0.0,ML,,False,23,,2026-08-26 17:44:27,https://casagarciafortaleza.com.br/index.php,VALIDO
Casa Garcia Gourmet,Acessórios,FORMA IMP GPEL CUP 45UN N 0L AZUL BEBE,FORMA IMP GPEL CUP N AZUL BEBE,2665,PC 20,0.0,L,0.0,ML,,False,23,,2026-08-26 17:44:27,https://casagarciafortaleza.com.br/index.php,VALIDO
Casa Garcia Gourmet,Acessórios,FORMA IMP GPEL CUP 45UN N 0L MARROM,FORMA IMP GPEL CUP N MARROM,1663,PC 20,0.0,L,0.0,ML,,False,23,,2026-08-26 17:44:27,https://casagarciafortaleza.com.br/index.php,VALIDO
Casa Garcia Gourmet,Acessórios,FORMA IMP GPEL CUP 45UN N 0L ROSA BEBE,FORMA IMP GPEL CUP N ROSA BEBE,2666,PC 20,0.0,L,0.0,ML,,False,23,,2026-08-26 17:44:27,https://casagarciafortaleza.com.br/index.php,VALIDO
Casa Garcia Gourmet,Acessórios,FORMA IMP GPEL CUP 45UN PINK N 0L,FORMA IMP GPEL CUP PINK N,1664,PC 20,0.0,L,0.0,ML,,False,23,,2026-08-26 17:44:27,https://casagarciafortaleza.com.br/index.php,VALIDO
Casa Garcia Gourmet,Acessórios,FORMA IMP GPEL CUPCAKE 45UN N 0L NATURAL,FORMA IMP GPEL CUPCAKE N NATURAL,2654,PC 20,0.0,L,0.0,ML,,False,23,,2026-08-26 17:44:27,https://casagarciafortaleza.com.br/index.php,VALIDO
Casa Garcia Gourmet,Acessórios,FORMA IMP LARANJA 1000UN N 4R,FORMA IMP LARANJA N 4R,1678,PC 01,1000.0,UN,1000.0,UN,,False,23,,2026-08-26 17:44:27,https://casagarciafortaleza.com.br/index.php,VALIDO
Casa Garcia Gourmet,Acessórios,FORMA IMP LARANJA 1000UN N 5L,FORMA IMP LARANJA N,1594,PC 01,5.0,L,5000.0,ML,,False,23,,2026-08-26 17:44:27,https://casagarciafortaleza.com.br/index.php,VALIDO
Casa Garcia Gourmet,Acessórios,FORMA IMP LILAS 1000UN N 4R,FORMA IMP LILAS N 4R,1680,PC 01,1000.0,UN,1000.0,UN,,False,23,,2026-08-26 17:44:27,https://casagarciafortaleza.com.br/index.php,VALIDO
Casa Garcia Gourmet,Acessórios,FORMA IMP MARROM D/F 1000UN N 5L,FORMA IMP MARROM D F N,1618,PC 01,5.0,L,5000.0,ML,,False,23,,2026-08-26 17:44:27,https://casagarciafortaleza.com.br/index.php,VALIDO
Casa Garcia Gourmet,Acessórios,FORMA IMP MINI CUP 45UN AZUL C/BOL BCA,FORMA IMP MINI CUP AZUL C BOL BCA,1576,PC 20,45.0,UN,45.0,UN,,False,23,,2026-08-26 17:44:27,https://casagarciafortaleza.com.br/index.php,VALIDO
Casa Garcia Gourmet,Acessórios,FORMA IMP P/MINI CUPCAKE 45UN BOLINHO,FORMA IMP P MINI CUPCAKE BOLINHO,1668,PC 20,45.0,UN,45.0,UN,,False,23,,2026-08-26 17:44:27,https://casagarciafortaleza.com.br/index.php,VALIDO
Casa Garcia Gourmet,Acessórios,FORMA IMP PINK 1000UN N 4R,FORMA IMP PINK N 4R,1682,PC 01,1000.0,UN,1000.0,UN,,False,24,,2026-08-26 17:44:28,https://casagarciafortaleza.com.br/index.php,VALIDO
Casa Garcia Gourmet,Acessórios,FORMA IMP PRETA 1000UN N 5L,FORMA IMP PRETA N,1597,PC 01,5.0,L,5000.0,ML,,False,24,,2026-08-26 17:44:28,https://casagarciafortaleza.com.br/index.php,VALIDO
Casa Garcia Gourmet,Acessórios,FORMA IMP ROSA BEBE 1000UN N 5L,FORMA IMP ROSA BEBE N,9383,PC 01,5.0,L,5000.0,ML,,False,24,,2026-08-26 17:44:28,https://casagarciafortaleza.com.br/index.php,VALIDO
Casa Garcia Gourmet,Acessórios,FORMA IMP V BANDEIRA 1000UN N 4R,FORMA IMP V BANDEIRA N 4R,1688,PC 01,1000.0,UN,1000.0,UN,,False,24,,2026-08-26 17:44:28,https://casagarciafortaleza.com.br/index.php,VALIDO
Casa Garcia Gourmet,Acessórios,FORMA IMP V BANDEIRA 1000UN N 5L,FORMA IMP V BANDEIRA N,1599,PC 01,5.0,L,5000.0,ML,,False,24,,2026-08-26 17:44:28,https://casagarciafortaleza.com.br/index.php,VALIDO
Casa Garcia Gourmet,Acessórios,FORMA IMP VERDE BEBE 1000UN N 3R,FORMA IMP VERDE BEBE N 3R,1705,PC 01,1000.0,UN,1000.0,UN,,False,24,,2026-08-26 17:44:28,https://casagarciafortaleza.com.br/index.php,VALIDO
Casa Garcia Gourmet,Acessórios,FORMA IMP VERDE LIMAO 1000UN N 4R,FORMA IMP VERDE LIMAO N 4R,1709,PC 01,1000.0,UN,1000.0,UN,,False,24,,2026-08-26 17:44:28,https://casagarciafortaleza.com.br/index.php,VALIDO
Casa Garcia Gourmet,Acessórios,FORMA IMP VERM 1000UN N 5L,FORMA IMP VERM N,1601,PC 01,5.0,L,5000.0,ML,,False,24,,2026-08-26 17:44:28,https://casagarciafortaleza.com.br/index.php,VALIDO
Casa Garcia Gourmet,Acessórios,FORMA MET VERM 1000UN N 5R,FORMA MET VERM N 5R,1653,PC 01,1000.0,UN,1000.0,UN,,False,24,,2026-08-26 17:44:28,https://casagarciafortaleza.com.br/index.php,VALIDO
Casa Garcia Gourmet,Acessórios,FORMA MINI CUP 45UN CORACAO 3 N 2L,FORMA MINI CUP CORACAO 3 N,935,PC 20,2.0,L,2000.0,ML,,False,24,,2026-08-26 17:44:28,https://casagarciafortaleza.com.br/index.php,VALIDO
Casa Garcia Gourmet,Acessórios,FORMA MURALHA 22X7 ALUM 852,FORMA MURALHA 22X7 ALUM 852,6195,UN 01,,,,,,False,24,,2026-08-26 17:44:28,https://casagarciafortaleza.com.br/index.php,REVISAR_EMBALAGEM
Casa Garcia Gourmet,Acessórios,"FORMA OVO PASCOA G 20,5X14 ALUM 3243",FORMA OVO PASCOA G 20 5X14 ALUM 3243,5146,UN 01,,,,,,False,24,,2026-08-26 17:44:28,https://casagarciafortaleza.com.br/index.php,REVISAR_EMBALAGEM
Casa Garcia Gourmet,Acessórios,"FORMA OVO PASCOA M 15,5X10 ALUM 3242",FORMA OVO PASCOA M 15 5X10 ALUM 3242,6169,PC 01,,,,,,False,25,,2026-08-26 17:44:29,https://casagarciafortaleza.com.br/index.php,REVISAR_EMBALAGEM
Casa Garcia Gourmet,Acessórios,"FORMA OVO PASCOA P 8X5,7 2UN ALUM 3241",FORMA OVO PASCOA P 8X5 7 ALUM 3241,5145,UN 01,2.0,UN,2.0,UN,,False,25,,2026-08-26 17:44:29,https://casagarciafortaleza.com.br/index.php,VALIDO
Casa Garcia Gourmet,Acessórios,FORMA PANETONE 100G DECOR PCT 100UN,FORMA PANETONE DECOR PCT,4435,CX 28,100.0,UN,100.0,UN,,False,25,,2026-08-26 17:44:29,https://casagarciafortaleza.com.br/index.php,VALIDO
Casa Garcia Gourmet,Acessórios,FORMA PANETONE 100G PCT 100UN,FORMA PANETONE PCT,4430,CX 28,100.0,UN,100.0,UN,,False,25,,2026-08-26 17:44:29,https://casagarciafortaleza.com.br/index.php,VALIDO
Casa Garcia Gourmet,Acessórios,"FORMA PANETONE 13,4X9,5 VERDE 500G 10UN",FORMA PANETONE 13 4X9 5 VERDE,10877,CX 10,10.0,UN,10.0,UN,,False,25,,2026-08-26 17:44:29,https://casagarciafortaleza.com.br/index.php,VALIDO
Casa Garcia Gourmet,Acessórios,"FORMA PANETONE 13,4X9,5 VERM 500G 10UN",FORMA PANETONE 13 4X9 5 VERM,10878,CX 10,10.0,UN,10.0,UN,,False,25,,2026-08-26 17:44:29,https://casagarciafortaleza.com.br/index.php,VALIDO
Casa Garcia Gourmet,Acessórios,FORMA PANETONE 500G CX 1000UN,FORMA PANETONE CX,4434,CX 01,1000.0,UN,1000.0,UN,,False,25,,2026-08-26 17:44:29,https://casagarciafortaleza.com.br/index.php,VALIDO
Casa Garcia Gourmet,Acessórios,FORMA PANETONE 500G DECOR 12UN CURIFEST,FORMA PANETONE DECOR CURIFEST,11690,CX 12,12.0,UN,12.0,UN,,False,25,,2026-08-26 17:44:29,https://casagarciafortaleza.com.br/index.php,VALIDO
Casa Garcia Gourmet,Acessórios,FORMA PANETONE 500G DECOR PCT 100UN,FORMA PANETONE DECOR PCT,4433,CX 08,100.0,UN,100.0,UN,,False,25,,2026-08-26 17:44:29,https://casagarciafortaleza.com.br/index.php,VALIDO
Casa Garcia Gourmet,Acessórios,FORMA PANETONE 500G PCT 100UN,FORMA PANETONE PCT,4431,CX 08,100.0,UN,100.0,UN,,False,25,,2026-08-26 17:44:29,https://casagarciafortaleza.com.br/index.php,VALIDO
Casa Garcia Gourmet,Acessórios,FORMA PANETONE 7X6CM KRAFT 100G 10UN,FORMA PANETONE 7X KRAFT,11774,CX 10,10.0,UN,10.0,UN,,False,25,,2026-08-26 17:44:29,https://casagarciafortaleza.com.br/index.php,VALIDO
Casa Garcia Gourmet,Acessórios,FORMA PANETONE 7X6CM MARROM 100G 10UN,FORMA PANETONE 7X MARROM,11775,CX 10,10.0,UN,10.0,UN,,False,25,,2026-08-26 17:44:29,https://casagarciafortaleza.com.br/index.php,VALIDO
Casa Garcia Gourmet,Acessórios,FORMA PANETONE 7X6CM VERM 100G 10UN,FORMA PANETONE 7X VERM,11776,CX 10,10.0,UN,10.0,UN,,False,26,,2026-08-26 17:44:31,https://casagarciafortaleza.com.br/index.php,VALIDO
Casa Garcia Gourmet,Acessórios,FORMA PANETONE 9X9 MARROM 250G 10UN,FORMA PANETONE 9X9 MARROM,10879,CX 10,10.0,UN,10.0,UN,,False,26,,2026-08-26 17:44:31,https://casagarciafortaleza.com.br/index.php,VALIDO
Casa Garcia Gourmet,Acessórios,FORMA PANETONE 9X9CM KRAFT 250G 10UN,FORMA PANETONE 9X KRAFT,11778,CX 10,10.0,UN,10.0,UN,,False,26,,2026-08-26 17:44:31,https://casagarciafortaleza.com.br/index.php,VALIDO
Casa Garcia Gourmet,Acessórios,FORMA PANETONE 9X9CM VERM 250G 10UN,FORMA PANETONE 9X VERM,11777,CX 10,10.0,UN,10.0,UN,,False,26,,2026-08-26 17:44:31,https://casagarciafortaleza.com.br/index.php,VALIDO
Casa Garcia Gourmet,Acessórios,FORMA PANETONE ECO 250G VERDE 12UN CURIF,FORMA PANETONE ECO VERDE CURIF,11691,CX 12,12.0,UN,12.0,UN,,False,26,,2026-08-26 17:44:31,https://casagarciafortaleza.com.br/index.php,VALIDO
Casa Garcia Gourmet,Acessórios,FORMA PAO DE FORMA 30X10X10 ALUMINOL,FORMA PAO DE FORMA 30X10X10 ALUMINOL,1841,UN 01,,,,,,False,26,,2026-08-26 17:44:31,https://casagarciafortaleza.com.br/index.php,REVISAR_EMBALAGEM
Casa Garcia Gourmet,Acessórios,FORMA PAO DE FORMA 30X10X10 FLANDRES,FORMA PAO DE FORMA 30X10X10 FLANDRES,1843,UN 01,,,,,,False,26,,2026-08-26 17:44:31,https://casagarciafortaleza.com.br/index.php,REVISAR_EMBALAGEM
Casa Garcia Gourmet,Acessórios,FORMA PAO DE MEL 25 PECAS ALUM 2056,FORMA PAO DE MEL 25 PECAS ALUM 2056,6187,CX 01,,,,,,False,26,,2026-08-26 17:44:31,https://casagarciafortaleza.com.br/index.php,REVISAR_EMBALAGEM
Casa Garcia Gourmet,Acessórios,"FORMA PAPAI 14,3X4,8 ALUM 1050",FORMA PAPAI 14 3X4 8 ALUM 1050,6161,UN 01,,,,,,False,26,,2026-08-26 17:44:31,https://casagarciafortaleza.com.br/index.php,REVISAR_EMBALAGEM
Casa Garcia Gourmet,Acessórios,FORMA PARA CONFEITARIA C/TAMPA 120ML 10UN,FORMA PARA CONFEITARIA C TAMPA,4846,CX 30,10.0,UN,10.0,UN,,False,26,,2026-08-26 17:44:31,https://casagarciafortaleza.com.br/index.php,VALIDO
Casa Garcia Gourmet,Acessórios,FORMA PIE IMP C/T 16X3 MARROM 5UN,FORMA PIE IMP C T 16X3 MARROM,10991,CX 05,5.0,UN,5.0,UN,,False,26,,2026-08-26 17:44:31,https://casagarciafortaleza.com.br/index.php,VALIDO
Casa Garcia Gourmet,Acessórios,FORMA PIE IMP C/T 18X3 MARROM 5UN,FORMA PIE IMP C T 18X3 MARROM,10992,CX 05,5.0,UN,5.0,UN,,False,26,,2026-08-26 17:44:31,https://casagarciafortaleza.com.br/index.php,VALIDO
Casa Garcia Gourmet,Acessórios,FORMA PIE IMP C/T 22X25 MARROM 5UN,FORMA PIE IMP C T 22X25 MARROM,10993,CX 05,5.0,UN,5.0,UN,,False,27,,2026-08-26 17:44:32,https://casagarciafortaleza.com.br/index.php,VALIDO
Casa Garcia Gourmet,Acessórios,FORMA PIE IMP QUAD C/T 6X5 MARROM P 5UN,FORMA PIE IMP QUAD C T 6X5 MARROM P,10995,CX 10,5.0,UN,5.0,UN,,False,27,,2026-08-26 17:44:32,https://casagarciafortaleza.com.br/index.php,VALIDO
Casa Garcia Gourmet,Acessórios,FORMA PIE RED C/T FIORI 9X2 5UN,FORMA PIE RED C T FIORI 9X2,10990,CX 10,5.0,UN,5.0,UN,,False,27,,2026-08-26 17:44:32,https://casagarciafortaleza.com.br/index.php,VALIDO
Casa Garcia Gourmet,Acessórios,FORMA PLUMPY C/T MARROM M 250G 5UN,FORMA PLUMPY C T MARROM M,10988,CX 10,5.0,UN,5.0,UN,,False,27,,2026-08-26 17:44:32,https://casagarciafortaleza.com.br/index.php,VALIDO
Casa Garcia Gourmet,Acessórios,FORMA PLUMPY C/T MARROM P 100G 5UN,FORMA PLUMPY C T MARROM P,10888,CX 10,5.0,UN,5.0,UN,,False,27,,2026-08-26 17:44:32,https://casagarciafortaleza.com.br/index.php,VALIDO
Casa Garcia Gourmet,Acessórios,FORMA PLUMPY C/T VERMELHA M 250G 5UN,FORMA PLUMPY C T VERMELHA M,10989,CX 10,5.0,UN,5.0,UN,,False,27,,2026-08-26 17:44:32,https://casagarciafortaleza.com.br/index.php,VALIDO
Casa Garcia Gourmet,Acessórios,FORMA PLUMPY C/T VERMELHA P 100G 5UN,FORMA PLUMPY C T VERMELHA P,10889,CX 10,5.0,UN,5.0,UN,,False,27,,2026-08-26 17:44:32,https://casagarciafortaleza.com.br/index.php,VALIDO
Casa Garcia Gourmet,Acessórios,FORMA PUDIM FAMILIA C/TAMPA 1100ML 05UN,FORMA PUDIM FAMILIA C TAMPA,4838,CX 10,5.0,UN,5.0,UN,,False,27,,2026-08-26 17:44:32,https://casagarciafortaleza.com.br/index.php,VALIDO
Casa Garcia Gourmet,Acessórios,FORMA PUDIM GRANDE C/TAMPA 500ML 6UN,FORMA PUDIM GRANDE C TAMPA,4849,CX 20,6.0,UN,6.0,UN,,False,27,,2026-08-26 17:44:32,https://casagarciafortaleza.com.br/index.php,VALIDO
Casa Garcia Gourmet,Acessórios,FORMA PUDIM MEDIA C/TAMPA 250ML 08UN,FORMA PUDIM MEDIA C TAMPA,4839,CX 20,8.0,UN,8.0,UN,,False,27,,2026-08-26 17:44:32,https://casagarciafortaleza.com.br/index.php,VALIDO
Casa Garcia Gourmet,Acessórios,FORMA PUDIM PEQUENA C/TAMPA 120ML 10UN,FORMA PUDIM PEQUENA C TAMPA,4850,CX 30,10.0,UN,10.0,UN,,False,27,,2026-08-26 17:44:32,https://casagarciafortaleza.com.br/index.php,VALIDO
Casa Garcia Gourmet,Acessórios,FORMA REDONDA FUNDO FALSO 10X7 1913,FORMA REDONDA FUNDO FALSO 10X7 1913,5741,PC 01,,,,,,False,27,,2026-08-26 17:44:32,https://casagarciafortaleza.com.br/index.php,REVISAR_EMBALAGEM
Casa Garcia Gourmet,Acessórios,FORMA REDONDA FUNDO FALSO 13X5 570,FORMA REDONDA FUNDO FALSO 13X5 570,5827,CX 01,,,,,,False,28,,2026-08-26 17:44:33,https://casagarciafortaleza.com.br/index.php,REVISAR_EMBALAGEM
Casa Garcia Gourmet,Acessórios,FORMA REDONDA FUNDO FALSO 20X5 262,FORMA REDONDA FUNDO FALSO 20X5 262,5830,CX 01,,,,,,False,28,,2026-08-26 17:44:33,https://casagarciafortaleza.com.br/index.php,REVISAR_EMBALAGEM
Casa Garcia Gourmet,Acessórios,FORMA REDONDA RETA 10X5 52,FORMA REDONDA RETA 10X5 52,5810,CX 01,,,,,,False,28,,2026-08-26 17:44:33,https://casagarciafortaleza.com.br/index.php,REVISAR_EMBALAGEM
Casa Garcia Gourmet,Acessórios,FORMA REDONDA RETA 13X5 532,FORMA REDONDA RETA 13X5 532,5811,CX 01,,,,,,False,28,,2026-08-26 17:44:33,https://casagarciafortaleza.com.br/index.php,REVISAR_EMBALAGEM
Casa Garcia Gourmet,Acessórios,FORMA REDONDA RETA 13X7 551,FORMA REDONDA RETA 13X7 551,5819,CX 01,,,,,,False,28,,2026-08-26 17:44:33,https://casagarciafortaleza.com.br/index.php,REVISAR_EMBALAGEM
Casa Garcia Gourmet,Acessórios,FORMA REDONDA RETA 18X5 539,FORMA REDONDA RETA 18X5 539,5813,CX 01,,,,,,False,28,,2026-08-26 17:44:33,https://casagarciafortaleza.com.br/index.php,REVISAR_EMBALAGEM
Casa Garcia Gourmet,Acessórios,FORMA REDONDA RETA 18X7 553,FORMA REDONDA RETA 18X7 553,5821,CX 01,,,,,,False,28,,2026-08-26 17:44:33,https://casagarciafortaleza.com.br/index.php,REVISAR_EMBALAGEM
Casa Garcia Gourmet,Acessórios,FORMA REDONDA RETA 25X7 70,FORMA REDONDA RETA 25X7 70,5824,CX 01,,,,,,False,28,,2026-08-26 17:44:33,https://casagarciafortaleza.com.br/index.php,REVISAR_EMBALAGEM
Casa Garcia Gourmet,Acessórios,FORMA REDONDA RETA 30X5 260,FORMA REDONDA RETA 30X5 260,5817,CX 01,,,,,,False,28,,2026-08-26 17:44:33,https://casagarciafortaleza.com.br/index.php,REVISAR_EMBALAGEM
Casa Garcia Gourmet,Acessórios,FORMA SUICA DECOR N1 MINI 06 PC 3225,FORMA SUICA DECOR N1 MINI 06 PC 3225,6224,CX 01,,,,,,False,28,,2026-08-26 17:44:33,https://casagarciafortaleza.com.br/index.php,REVISAR_EMBALAGEM
Casa Garcia Gourmet,Acessórios,FORMA SUICA DECOR N2 22X18X9 3168,FORMA SUICA DECOR N2 22X18X9 3168,5740,CX 01,,,,,,False,28,,2026-08-26 17:44:33,https://casagarciafortaleza.com.br/index.php,REVISAR_EMBALAGEM
Casa Garcia Gourmet,Acessórios,FORMA SUICA DECOR N3 22X9 3244,FORMA SUICA DECOR N3 22X9 3244,6225,CX 01,,,,,,False,28,,2026-08-26 17:44:33,https://casagarciafortaleza.com.br/index.php,REVISAR_EMBALAGEM
Casa Garcia Gourmet,Acessórios,FORMA SUICA DECORADA N 1 ALUM 3085,FORMA SUICA DECORADA N 1 ALUM 3085,10063,UN 01,,,,,,False,29,,2026-08-26 17:44:34,https://casagarciafortaleza.com.br/index.php,REVISAR_EMBALAGEM
Casa Garcia Gourmet,Acessórios,FORMA SUICA DECORADA N 2 MINI 6 PCS 446,FORMA SUICA DECORADA N 2 MINI 6 PCS 446,6170,PC 01,,,,,,False,29,,2026-08-26 17:44:34,https://casagarciafortaleza.com.br/index.php,REVISAR_EMBALAGEM
Casa Garcia Gourmet,Acessórios,FORMA SUICA DECORADA N 4 22X7 ALUM 883,FORMA SUICA DECORADA N 4 22X7 ALUM 883,6162,UN 01,,,,,,False,29,,2026-08-26 17:44:34,https://casagarciafortaleza.com.br/index.php,REVISAR_EMBALAGEM
Casa Garcia Gourmet,Acessórios,FORMA SUICA DECORADA N 5 24X9 3258,FORMA SUICA DECORADA N 5 24X9 3258,6227,UN 01,,,,,,False,29,,2026-08-26 17:44:34,https://casagarciafortaleza.com.br/index.php,REVISAR_EMBALAGEM
Casa Garcia Gourmet,Acessórios,FORMA SUICA DECORADA N 7 13X6 ALUM 703,FORMA SUICA DECORADA N 7 13X6 ALUM 703,6191,UN 01,,,,,,False,29,,2026-08-26 17:44:34,https://casagarciafortaleza.com.br/index.php,REVISAR_EMBALAGEM
Casa Garcia Gourmet,Acessórios,FORMA SUICA DECORADA N 8 23X9 ALUM 766,FORMA SUICA DECORADA N 8 23X9 ALUM 766,6192,UN 01,,,,,,False,29,,2026-08-26 17:44:34,https://casagarciafortaleza.com.br/index.php,REVISAR_EMBALAGEM
Casa Garcia Gourmet,Acessórios,FORMA SUICA DECORADA N1 P 13X6 3174,FORMA SUICA DECORADA N1 P 13X6 3174,9768,UN 01,,,,,,False,29,,2026-08-26 17:44:34,https://casagarciafortaleza.com.br/index.php,REVISAR_EMBALAGEM
Casa Garcia Gourmet,Acessórios,FORMA SUICA RETA 21X10 ALUM 690,FORMA SUICA RETA 21X10 ALUM 690,6190,UN 01,,,,,,False,29,,2026-08-26 17:44:34,https://casagarciafortaleza.com.br/index.php,REVISAR_EMBALAGEM
Casa Garcia Gourmet,Acessórios,FORMA TORTA BALLERINE M 18X5 ALUM 910,FORMA TORTA BALLERINE M 18X5 ALUM 910,6069,UN 01,,,,,,False,29,,2026-08-26 17:44:34,https://casagarciafortaleza.com.br/index.php,REVISAR_EMBALAGEM
Casa Garcia Gourmet,Acessórios,FORMA TORTA SUICA 13X6 286,FORMA TORTA SUICA 13X6 286,6211,UN 01,,,,,,False,29,,2026-08-26 17:44:34,https://casagarciafortaleza.com.br/index.php,REVISAR_EMBALAGEM
Casa Garcia Gourmet,Acessórios,FORMA TORTA SUICA 13X8 287,FORMA TORTA SUICA 13X8 287,6212,UN 01,,,,,,False,29,,2026-08-26 17:44:34,https://casagarciafortaleza.com.br/index.php,REVISAR_EMBALAGEM
Casa Garcia Gourmet,Acessórios,FORMA TORTA SUICA 15X6 1351,FORMA TORTA SUICA 15X6 1351,6213,UN 01,,,,,,False,29,,2026-08-26 17:44:34,https://casagarciafortaleza.com.br/index.php,REVISAR_EMBALAGEM
Casa Garcia Gourmet,Acessórios,FORMA TORTA SUICA 15X8 1183,FORMA TORTA SUICA 15X8 1183,6214,UN 01,,,,,,False,30,,2026-08-26 17:44:35,https://casagarciafortaleza.com.br/index.php,REVISAR_EMBALAGEM
Casa Garcia Gourmet,Acessórios,FORMA TORTA SUICA 18X6 289,FORMA TORTA SUICA 18X6 289,6216,UN 01,,,,,,False,30,,2026-08-26 17:44:35,https://casagarciafortaleza.com.br/index.php,REVISAR_EMBALAGEM
Casa Garcia Gourmet,Acessórios,FORMA TORTA SUICA 18X8 1405,FORMA TORTA SUICA 18X8 1405,6217,UN 01,,,,,,False,30,,2026-08-26 17:44:35,https://casagarciafortaleza.com.br/index.php,REVISAR_EMBALAGEM
Casa Garcia Gourmet,Acessórios,FORMA TORTA SUICA 20X6 290,FORMA TORTA SUICA 20X6 290,6219,UN 01,,,,,,False,30,,2026-08-26 17:44:35,https://casagarciafortaleza.com.br/index.php,REVISAR_EMBALAGEM
Casa Garcia Gourmet,Acessórios,FORMA TORTA SUICA 20X8 640,FORMA TORTA SUICA 20X8 640,6220,UN 01,,,,,,False,30,,2026-08-26 17:44:35,https://casagarciafortaleza.com.br/index.php,REVISAR_EMBALAGEM
Casa Garcia Gourmet,Acessórios,FORMA TORTA SUICA QUINDAO 15X8 285,FORMA TORTA SUICA QUINDAO 15X8 285,6223,UN 01,,,,,,False,30,,2026-08-26 17:44:35,https://casagarciafortaleza.com.br/index.php,REVISAR_EMBALAGEM
Casa Garcia Gourmet,Acessórios,FORMA VULCAO MINI 6 PCS ALUM 448,FORMA VULCAO MINI 6 PCS ALUM 448,6183,PC 01,,,,,,False,30,,2026-08-26 17:44:35,https://casagarciafortaleza.com.br/index.php,REVISAR_EMBALAGEM
Casa Garcia Gourmet,Acessórios,FORMA VULCAO P S/CONE 13X6 ALUM 473,FORMA VULCAO P S CONE 13X6 ALUM 473,6189,UN 01,,,,,,False,30,,2026-08-26 17:44:35,https://casagarciafortaleza.com.br/index.php,REVISAR_EMBALAGEM
Casa Garcia Gourmet,Acessórios,G100-100CJ EMB FRANGO PP BRANCA,G100 100CJ EMB FRANGO PP BRANCA,1400,CX 100,,,,,,False,30,,2026-08-26 17:44:35,https://casagarciafortaleza.com.br/index.php,REVISAR_EMBALAGEM
Casa Garcia Gourmet,Acessórios,G1053-24CJ POTE MULTIUSO 3400ML PRETO,G1053 24CJ POTE MULTIUSO PRETO,8725,UN 01,3400.0,ML,3400.0,ML,,False,30,,2026-08-26 17:44:35,https://casagarciafortaleza.com.br/index.php,VALIDO
Casa Garcia Gourmet,Acessórios,G1070PR-16CJ POTE BAZAR 1500ML PRETO,G1070PR 16CJ POTE BAZAR PRETO,8724,UN 01,1500.0,ML,1500.0,ML,,False,30,,2026-08-26 17:44:35,https://casagarciafortaleza.com.br/index.php,VALIDO
Casa Garcia Gourmet,Acessórios,G1080-12CJ POTE MULTIUSO 700ML BRANCO,G1080 12CJ POTE MULTIUSO BRANCO,9842,CX 12,700.0,ML,700.0,ML,,False,30,,2026-08-26 17:44:35,https://casagarciafortaleza.com.br/index.php,VALIDO
Casa Garcia Gourmet,Acessórios,G1080-12CJ POTE MULTIUSO 700ML PRETO,G1080 12CJ POTE MULTIUSO PRETO,9479,CX 12,700.0,ML,700.0,ML,,False,31,,2026-08-26 17:44:36,https://casagarciafortaleza.com.br/index.php,VALIDO
Casa Garcia Gourmet,Acessórios,G1113-12CJ POTE MULTIUSO 650ML AMADEIRAD,G1113 12CJ POTE MULTIUSO AMADEIRAD,9480,CX 12,650.0,ML,650.0,ML,,False,31,,2026-08-26 17:44:36,https://casagarciafortaleza.com.br/index.php,VALIDO
Casa Garcia Gourmet,Acessórios,G1119-12CJ POTE MULTIUSO 1100ML AMADEIRA,G1119 12CJ POTE MULTIUSO AMADEIRA,9478,CX 12,1100.0,ML,1100.0,ML,,False,31,,2026-08-26 17:44:36,https://casagarciafortaleza.com.br/index.php,VALIDO
Casa Garcia Gourmet,Acessórios,G1124-12CJ POTE MULTIUSO 1400ML AMADEIRA,G1124 12CJ POTE MULTIUSO AMADEIRA,9481,CX 12,1400.0,ML,1400.0,ML,,False,31,,2026-08-26 17:44:36,https://casagarciafortaleza.com.br/index.php,VALIDO
Casa Garcia Gourmet,Acessórios,G1420-12CJ POTE MULTIUSO 2000ML BC/PT,G1420 12CJ POTE MULTIUSO BC PT,8663,UN 01,2000.0,ML,2000.0,ML,,False,31,,2026-08-26 17:44:36,https://casagarciafortaleza.com.br/index.php,VALIDO
Casa Garcia Gourmet,Acessórios,G1432-18CJ - POTE MULTIUSO 1300ML PRETO,G1432 18CJ POTE MULTIUSO PRETO,8726,UN 01,1300.0,ML,1300.0,ML,,False,31,,2026-08-26 17:44:36,https://casagarciafortaleza.com.br/index.php,VALIDO
Casa Garcia Gourmet,Acessórios,G15-100UN 4 DOCES MILLENIUM CRISTAL PET,G15 4 DOCES MILLENIUM CRISTAL PET,1435,UN 01,100.0,UN,100.0,UN,,False,31,,2026-08-26 17:44:36,https://casagarciafortaleza.com.br/index.php,VALIDO
Casa Garcia Gourmet,Acessórios,G1500-12CJ JARRA PET 1700ML SORTIDO,G1500 12CJ JARRA PET SORTIDO,8664,UN 01,1700.0,ML,1700.0,ML,,False,31,,2026-08-26 17:44:36,https://casagarciafortaleza.com.br/index.php,VALIDO
Casa Garcia Gourmet,Acessórios,G307/145-25CJ KIT POTE RED C/T 145ML PP,G307 145 25CJ KIT POTE RED C T PP,9475,CX 32,145.0,ML,145.0,ML,,False,31,,2026-08-26 17:44:36,https://casagarciafortaleza.com.br/index.php,VALIDO
Casa Garcia Gourmet,Acessórios,G310 POTE MULTIUSO C/TAMPA 250ML 25UN,G310 POTE MULTIUSO C TAMPA,1398,CX 18,25.0,UN,25.0,UN,,False,31,,2026-08-26 17:44:36,https://casagarciafortaleza.com.br/index.php,VALIDO
Casa Garcia Gourmet,Acessórios,G310/350-25CJ KIT POTE RED C/T 350ML PP,G310 350 25CJ KIT POTE RED C T PP,9471,CX 16,350.0,ML,350.0,ML,,False,31,,2026-08-26 17:44:36,https://casagarciafortaleza.com.br/index.php,VALIDO
Casa Garcia Gourmet,Acessórios,G312 POTE MULTIUSO C/TAMPA 25X500ML,G312 POTE MULTIUSO C TAMPA 25X,1445,CX 12,500.0,ML,500.0,ML,,False,31,,2026-08-26 17:44:36,https://casagarciafortaleza.com.br/index.php,VALIDO
Casa Garcia Gourmet,Acessórios,G315 POTE MULTIUSO C/TAMPA 20X1000ML,G315 POTE MULTIUSO C TAMPA 20X,1446,CX 06,1000.0,ML,1000.0,ML,,False,32,,2026-08-26 17:44:37,https://casagarciafortaleza.com.br/index.php,VALIDO
Casa Garcia Gourmet,Acessórios,G323-100UN EMB 3 DIVIS TP ART PP,G323 EMB 3 DIVIS TP ART PP,1423,CX 100,100.0,UN,100.0,UN,,False,32,,2026-08-26 17:44:37,https://casagarciafortaleza.com.br/index.php,VALIDO
Casa Garcia Gourmet,Acessórios,G32CT-100CJ CONTEMP MINITORTA 750G PRETO,G32CT 100CJ CONTEMP MINITORTA PRETO,1394,CX 01,750.0,G,750.0,G,,False,32,,2026-08-26 17:44:37,https://casagarciafortaleza.com.br/index.php,VALIDO
Casa Garcia Gourmet,Acessórios,G32DE-100CJ BOLO SECO DIAMANTE 750G PRET,G32DE 100CJ BOLO SECO DIAMANTE PRET,1366,CX 01,750.0,G,750.0,G,,False,32,,2026-08-26 17:44:37,https://casagarciafortaleza.com.br/index.php,VALIDO
Casa Garcia Gourmet,Acessórios,G32F-100CJ TORTA MINI FLOW M PRETA 750G,G32F 100CJ TORTA MINI FLOW M PRETA,1372,CX 100,750.0,G,750.0,G,,False,32,,2026-08-26 17:44:37,https://casagarciafortaleza.com.br/index.php,VALIDO
Casa Garcia Gourmet,Acessórios,G32M-100CJ MILLENIUM MINITORTA MEDIA,G32M 100CJ MILLENIUM MINITORTA MEDIA,1410,CX 100,,,,,,False,32,,2026-08-26 17:44:37,https://casagarciafortaleza.com.br/index.php,REVISAR_EMBALAGEM
Casa Garcia Gourmet,Acessórios,G32MA-100CJ MILLE MINITORTA 1KG ALTA BCO,G32MA 100CJ MILLE MINITORTA ALTA BCO,1377,CX 100,1.0,KG,1000.0,G,,False,32,,2026-08-26 17:44:37,https://casagarciafortaleza.com.br/index.php,VALIDO
Casa Garcia Gourmet,Acessórios,G32MB-100CJ MILLE MINITORT 700G BAIXA BC,G32MB 100CJ MILLE MINITORT BAIXA BC,1411,CX 100,700.0,G,700.0,G,,False,32,,2026-08-26 17:44:37,https://casagarciafortaleza.com.br/index.php,VALIDO
Casa Garcia Gourmet,Acessórios,G34-100CJ COLOMBA IDEAL 2000ML,G34 100CJ COLOMBA IDEAL,1439,UN 01,2000.0,ML,2000.0,ML,,False,32,,2026-08-26 17:44:37,https://casagarciafortaleza.com.br/index.php,VALIDO
Casa Garcia Gourmet,Acessórios,G34P-150CJ EMB MINI COLOMBA 1000ML,G34P 150CJ EMB MINI COLOMBA,1422,CX 150,1000.0,ML,1000.0,ML,,False,32,,2026-08-26 17:44:37,https://casagarciafortaleza.com.br/index.php,VALIDO
Casa Garcia Gourmet,Acessórios,G3520-70CJ GARRAFA PET 200ML TAMPA PRETA,G3520 70CJ GARRAFA PET TAMPA PRETA,8665,UN 01,200.0,ML,200.0,ML,,False,32,,2026-08-26 17:44:37,https://casagarciafortaleza.com.br/index.php,VALIDO
Casa Garcia Gourmet,Acessórios,G3530-70CJ GARRAFA PET 300ML TAMPA PRETA,G3530 70CJ GARRAFA PET TAMPA PRETA,8677,UN 01,300.0,ML,300.0,ML,,False,32,,2026-08-26 17:44:37,https://casagarciafortaleza.com.br/index.php,VALIDO
Casa Garcia Gourmet,Acessórios,G3540-70CJ GARRAFA PET 400ML TAMPA PRETA,G3540 70CJ GARRAFA PET TAMPA PRETA,8678,UN 01,400.0,ML,400.0,ML,,False,33,,2026-08-26 17:44:38,https://casagarciafortaleza.com.br/index.php,VALIDO
Casa Garcia Gourmet,Acessórios,G3550-70CJ GARRAFA PET 500ML TAMPA PRETA,G3550 70CJ GARRAFA PET TAMPA PRETA,8679,UN 01,500.0,ML,500.0,ML,,False,33,,2026-08-26 17:44:38,https://casagarciafortaleza.com.br/index.php,VALIDO
Casa Garcia Gourmet,Acessórios,G35CT-100CJ TORTA BOLO ALTA 500G PRETA P,G35CT 100CJ TORTA BOLO ALTA PRETA P,1395,CX 01,500.0,G,500.0,G,,False,33,,2026-08-26 17:44:38,https://casagarciafortaleza.com.br/index.php,VALIDO
Casa Garcia Gourmet,Acessórios,G35MA-100CJ MILLE BOLO 15 500G ALTA BCO,G35MA 100CJ MILLE BOLO 15 ALTA BCO,1401,CX 100,500.0,G,500.0,G,,False,33,,2026-08-26 17:44:38,https://casagarciafortaleza.com.br/index.php,VALIDO
Casa Garcia Gourmet,Acessórios,"G37CT-100CJ TORTA P MEDIA 1,2KG PRET PET",G37CT 100CJ TORTA P MEDIA PRET PET,1376,CX 01,1.2,KG,1200.0,G,,False,33,,2026-08-26 17:44:38,https://casagarciafortaleza.com.br/index.php,VALIDO
Casa Garcia Gourmet,Acessórios,"G37MA-100CJ TORTA P MILLE ALTA 1,2KG BCA",G37MA 100CJ TORTA P MILLE ALTA BCA,1375,CX 01,1.2,KG,1200.0,G,,False,33,,2026-08-26 17:44:38,https://casagarciafortaleza.com.br/index.php,VALIDO
Casa Garcia Gourmet,Acessórios,"G50CT-50CJ CONTEMP TORTA P 1,5KG PRETO",G50CT 50CJ CONTEMP TORTA P PRETO,1392,CX 01,1.5,KG,1500.0,G,,False,33,,2026-08-26 17:44:38,https://casagarciafortaleza.com.br/index.php,VALIDO
Casa Garcia Gourmet,Acessórios,"G50CTA-50CJ CONT TORTA P 1,7KG ALTA PRET",G50CTA 50CJ CONT TORTA P ALTA PRET,1393,CX 01,1.7,KG,1700.0,G,,False,33,,2026-08-26 17:44:38,https://casagarciafortaleza.com.br/index.php,VALIDO
Casa Garcia Gourmet,Acessórios,"G50F-50CJ TORTA PEQ FLOWER M PRETA 1,5KG",G50F 50CJ TORTA PEQ FLOWER M PRETA,1449,CX 50,1.5,KG,1500.0,G,,False,33,,2026-08-26 17:44:38,https://casagarciafortaleza.com.br/index.php,VALIDO
Casa Garcia Gourmet,Acessórios,"G50MA-50CJ MILLE TORTA P 1,7KG ALTA BCO",G50MA 50CJ MILLE TORTA P ALTA BCO,1426,CX 50,1.7,KG,1700.0,G,,False,33,,2026-08-26 17:44:38,https://casagarciafortaleza.com.br/index.php,VALIDO
Casa Garcia Gourmet,Acessórios,"G50MM-50CJ MILLE TORTA P 1,5KG BCO",G50MM 50CJ MILLE TORTA P BCO,1402,CX 50,1.5,KG,1500.0,G,,False,33,,2026-08-26 17:44:38,https://casagarciafortaleza.com.br/index.php,VALIDO
Casa Garcia Gourmet,Acessórios,G50S-50CJ TORTA PEQ SUPREMA MEDIA PRETA,G50S 50CJ TORTA PEQ SUPREMA MEDIA PRETA,1452,CX 50,,,,,,False,33,,2026-08-26 17:44:38,https://casagarciafortaleza.com.br/index.php,REVISAR_EMBALAGEM
Casa Garcia Gourmet,Acessórios,G540-100CJ C/4 DIVISORIAS CRISTAL PET,G540 100CJ C 4 DIVISORIAS CRISTAL PET,1382,CX 01,,,,,,False,34,,2026-08-26 17:44:40,https://casagarciafortaleza.com.br/index.php,REVISAR_EMBALAGEM
Casa Garcia Gourmet,Acessórios,G550-100CJ BANDEJA C/DIVISORIA PRETA PET,G550 100CJ BANDEJA C DIVISORIA PRETA PET,1381,CX 01,,,,,,False,34,,2026-08-26 17:44:40,https://casagarciafortaleza.com.br/index.php,REVISAR_EMBALAGEM
Casa Garcia Gourmet,Acessórios,G55CT-25CJ CONT TORTA ALTA GOURMET PRETO,G55CT 25CJ CONT TORTA ALTA GOURMET PRETO,1367,CX 01,,,,,,False,34,,2026-08-26 17:44:40,https://casagarciafortaleza.com.br/index.php,REVISAR_EMBALAGEM
Casa Garcia Gourmet,Acessórios,"G56CT-50CJ CONT TORTA M 1,7KG PRETO",G56CT 50CJ CONT TORTA M PRETO,1390,CX 01,1.7,KG,1700.0,G,,False,34,,2026-08-26 17:44:40,https://casagarciafortaleza.com.br/index.php,VALIDO
Casa Garcia Gourmet,Acessórios,"G56CTA-50CJ TORTA MEDIA 2,2KG PRETA PET",G56CTA 50CJ TORTA MEDIA PRETA PET,1391,CX 01,2.2,KG,2200.0,G,,False,34,,2026-08-26 17:44:40,https://casagarciafortaleza.com.br/index.php,VALIDO
Casa Garcia Gourmet,Acessórios,G56F-50CJ FLOWER TORTA M BRANCA PET,G56F 50CJ FLOWER TORTA M BRANCA PET,1431,CX 50,,,,,,False,34,,2026-08-26 17:44:40,https://casagarciafortaleza.com.br/index.php,REVISAR_EMBALAGEM
Casa Garcia Gourmet,Acessórios,G56MA-50CJ MILLE TORTA M 2KG ALTA BCO,G56MA 50CJ MILLE TORTA M ALTA BCO,1448,CX 50,2.0,KG,2000.0,G,,False,34,,2026-08-26 17:44:40,https://casagarciafortaleza.com.br/index.php,VALIDO
Casa Garcia Gourmet,Acessórios,G56MB-50CJ MILLENIUM TORTA M BRANCA,G56MB 50CJ MILLENIUM TORTA M BRANCA,1427,CX 50,,,,,,False,34,,2026-08-26 17:44:40,https://casagarciafortaleza.com.br/index.php,REVISAR_EMBALAGEM
Casa Garcia Gourmet,Acessórios,"G56MM-50CJ MILLE TORTA M 1,7KG BRANCO",G56MM 50CJ MILLE TORTA M BRANCO,1403,CX 50,1.7,KG,1700.0,G,,False,34,,2026-08-26 17:44:40,https://casagarciafortaleza.com.br/index.php,VALIDO
Casa Garcia Gourmet,Acessórios,G58CT-20CJ TORTA ALTA GOURMET PRETA PET,G58CT 20CJ TORTA ALTA GOURMET PRETA PET,1383,CX 20,,,,,,False,34,,2026-08-26 17:44:40,https://casagarciafortaleza.com.br/index.php,REVISAR_EMBALAGEM
Casa Garcia Gourmet,Acessórios,G59CT-20CJ TORTA ALTA GOURMET PRETA PET,G59CT 20CJ TORTA ALTA GOURMET PRETA PET,1374,CX 01,,,,,,False,34,,2026-08-26 17:44:40,https://casagarciafortaleza.com.br/index.php,REVISAR_EMBALAGEM
Casa Garcia Gourmet,Acessórios,G60CT-50CJ CONTEMP TORTA G 2KG PRETO,G60CT 50CJ CONTEMP TORTA G PRETO,1388,CX 01,2.0,KG,2000.0,G,,False,34,,2026-08-26 17:44:40,https://casagarciafortaleza.com.br/index.php,VALIDO
Casa Garcia Gourmet,Acessórios,"G60CTA-50CJ CONT TORTA G 2,2KG ALTA PRET",G60CTA 50CJ CONT TORTA G ALTA PRET,1389,CX 01,2.2,KG,2200.0,G,,False,35,,2026-08-26 17:44:41,https://casagarciafortaleza.com.br/index.php,VALIDO
Casa Garcia Gourmet,Acessórios,"G60MA-50CJ MILLE TORTA G 2,5KG BCO ALTA",G60MA 50CJ MILLE TORTA G BCO ALTA,1443,CX 50,2.5,KG,2500.0,G,,False,35,,2026-08-26 17:44:41,https://casagarciafortaleza.com.br/index.php,VALIDO
Casa Garcia Gourmet,Acessórios,G61F-100CJ TORTA CATAR FLOWER 500G PRETA,G61F 100CJ TORTA CATAR FLOWER PRETA,9474,CX 100,500.0,G,500.0,G,,False,35,,2026-08-26 17:44:41,https://casagarciafortaleza.com.br/index.php,VALIDO
Casa Garcia Gourmet,Acessórios,G620-200CJ EMB DOCE CORACAO 260ML,G620 200CJ EMB DOCE CORACAO,1424,CX 200,260.0,ML,260.0,ML,,False,35,,2026-08-26 17:44:41,https://casagarciafortaleza.com.br/index.php,VALIDO
Casa Garcia Gourmet,Acessórios,G62S-150CJ TORTA/BOLO MINI FATIA SUP PTA,G62S 150CJ TORTA BOLO MINI FATIA SUP PTA,1453,CX 150,,,,,,False,35,,2026-08-26 17:44:41,https://casagarciafortaleza.com.br/index.php,REVISAR_EMBALAGEM
Casa Garcia Gourmet,Acessórios,G630-300CJ FATIA DE TORTA CONF CRISTAL,G630 300CJ FATIA DE TORTA CONF CRISTAL,1384,CX 300,,,,,,False,35,,2026-08-26 17:44:41,https://casagarciafortaleza.com.br/index.php,REVISAR_EMBALAGEM
Casa Garcia Gourmet,Acessórios,G63M-100CJ TORTA/BOLO FATIA M BRANCA PET,G63M 100CJ TORTA BOLO FATIA M BRANCA PET,1432,CX 100,,,,,,False,35,,2026-08-26 17:44:41,https://casagarciafortaleza.com.br/index.php,REVISAR_EMBALAGEM
Casa Garcia Gourmet,Acessórios,G63MA-100CJ TORTA/BOLO FATIA ALTA BRANCA,G63MA 100CJ TORTA BOLO FATIA ALTA BRANCA,1433,CX 100,,,,,,False,35,,2026-08-26 17:44:41,https://casagarciafortaleza.com.br/index.php,REVISAR_EMBALAGEM
Casa Garcia Gourmet,Acessórios,G640-300CJ EMB DOCE RED PET 170ML,G640 300CJ EMB DOCE RED PET,1409,CX 40,170.0,ML,170.0,ML,,False,35,,2026-08-26 17:44:41,https://casagarciafortaleza.com.br/index.php,VALIDO
Casa Garcia Gourmet,Acessórios,G641 BRIGADEIRO INDIVIDUAL 30UN,G641 BRIGADEIRO INDIVIDUAL,1368,CX 42,30.0,UN,30.0,UN,,False,35,,2026-08-26 17:44:41,https://casagarciafortaleza.com.br/index.php,VALIDO
Casa Garcia Gourmet,Acessórios,G645-300CJ MILLE MINI DOCE RED 120ML,G645 300CJ MILLE MINI DOCE RED,1408,CX 300,120.0,ML,120.0,ML,,False,35,,2026-08-26 17:44:41,https://casagarciafortaleza.com.br/index.php,VALIDO
Casa Garcia Gourmet,Acessórios,G650-300UN DOCE QUAD CRISTAL 200ML,G650 DOCE QUAD CRISTAL,1387,CX 300,200.0,ML,200.0,ML,,False,35,,2026-08-26 17:44:41,https://casagarciafortaleza.com.br/index.php,VALIDO
Casa Garcia Gourmet,Acessórios,G65M-50CJ MILLE TORTA RET PEQUENA 2KG BC,G65M 50CJ MILLE TORTA RET PEQUENA BC,1428,CX 50,2.0,KG,2000.0,G,,False,36,,2026-08-26 17:44:42,https://casagarciafortaleza.com.br/index.php,VALIDO
Casa Garcia Gourmet,Acessórios,G670-500CJ MILLE MOUSSE TAMPA ALTA 110ML,G670 500CJ MILLE MOUSSE TAMPA ALTA,1405,CX 500,110.0,ML,110.0,ML,,False,36,,2026-08-26 17:44:42,https://casagarciafortaleza.com.br/index.php,VALIDO
Casa Garcia Gourmet,Acessórios,G677SF-25CJ KIT POTE RED C/T 250ML PET,G677SF 25CJ KIT POTE RED C T PET,9476,CX 12,250.0,ML,250.0,ML,,False,36,,2026-08-26 17:44:42,https://casagarciafortaleza.com.br/index.php,VALIDO
Casa Garcia Gourmet,Acessórios,G681-240CJ EMB 500ML CRISTAL PET,G681 240CJ EMB CRISTAL PET,1379,CX 01,500.0,ML,500.0,ML,,False,36,,2026-08-26 17:44:42,https://casagarciafortaleza.com.br/index.php,VALIDO
Casa Garcia Gourmet,Acessórios,G682-100CJ POTE MULTIUSO 1000ML CRISTAL,G682 100CJ POTE MULTIUSO CRISTAL,1380,CX 01,1000.0,ML,1000.0,ML,,False,36,,2026-08-26 17:44:42,https://casagarciafortaleza.com.br/index.php,VALIDO
Casa Garcia Gourmet,Acessórios,G687SF-25CJ KIT POTE RED C/T 180ML PET,G687SF 25CJ KIT POTE RED C T PET,9477,CX 24,180.0,ML,180.0,ML,,False,36,,2026-08-26 17:44:42,https://casagarciafortaleza.com.br/index.php,VALIDO
Casa Garcia Gourmet,Acessórios,G695-700CJ POTE P MOLHOS MIL 30ML BR P,G695 700CJ POTE P MOLHOS MIL BR P,1438,UN 01,30.0,ML,30.0,ML,,False,36,,2026-08-26 17:44:42,https://casagarciafortaleza.com.br/index.php,VALIDO
Casa Garcia Gourmet,Acessórios,G697SF-20CJ KIT POTE C/T BOLHA 60ML PET,G697SF 20CJ KIT POTE C T BOLHA PET,9472,CX 40,60.0,ML,60.0,ML,,False,36,,2026-08-26 17:44:42,https://casagarciafortaleza.com.br/index.php,VALIDO
Casa Garcia Gourmet,Acessórios,G70M-40CJ MILLENIUM TORTA RET BRANCA,G70M 40CJ MILLENIUM TORTA RET BRANCA,1413,CX 40,,,,,,False,36,,2026-08-26 17:44:42,https://casagarciafortaleza.com.br/index.php,REVISAR_EMBALAGEM
Casa Garcia Gourmet,Acessórios,"G70MB-40CJ TORTA RET GR MIL BAIXA 2,5KG",G70MB 40CJ TORTA RET GR MIL BAIXA,1437,UN 01,2.5,KG,2500.0,G,,False,36,,2026-08-26 17:44:42,https://casagarciafortaleza.com.br/index.php,VALIDO
Casa Garcia Gourmet,Acessórios,G720-100CJ POTE RETANG C/T ART PET 450ML,G720 100CJ POTE RETANG C T ART PET,78565,CX 01,450.0,ML,450.0,ML,,False,36,,2026-08-26 17:44:42,https://casagarciafortaleza.com.br/index.php,VALIDO
Casa Garcia Gourmet,Acessórios,G750-200UN EMB RED POTE PET,G750 EMB RED POTE PET,1406,CX 200,200.0,UN,200.0,UN,,False,36,,2026-08-26 17:44:42,https://casagarciafortaleza.com.br/index.php,VALIDO
Casa Garcia Gourmet,Acessórios,G76-50CJ BANDEJA IDEAL 1500ML PET,G76 50CJ BANDEJA IDEAL PET,9473,CX 50,1500.0,ML,1500.0,ML,,False,37,,2026-08-26 17:44:43,https://casagarciafortaleza.com.br/index.php,VALIDO
Casa Garcia Gourmet,Acessórios,G78M-20CJ TORTA RET JUMBO MILLE M 5KG BC,G78M 20CJ TORTA RET JUMBO MILLE M BC,78515,CX 01,5.0,KG,5000.0,G,,False,37,,2026-08-26 17:44:43,https://casagarciafortaleza.com.br/index.php,VALIDO
Casa Garcia Gourmet,Acessórios,G78M-40CJ MILLENIUM TORTA RET JUMBO,G78M 40CJ MILLENIUM TORTA RET JUMBO,1429,CX 40,,,,,,False,37,,2026-08-26 17:44:43,https://casagarciafortaleza.com.br/index.php,REVISAR_EMBALAGEM
Casa Garcia Gourmet,Acessórios,G795-200CJ POTE RETANG IDEAL 250ML PET,G795 200CJ POTE RETANG IDEAL PET,9469,CX 200,250.0,ML,250.0,ML,,False,37,,2026-08-26 17:44:43,https://casagarciafortaleza.com.br/index.php,VALIDO
Casa Garcia Gourmet,Acessórios,G796-200CJ POTE RETANG IDEAL 500ML PET,G796 200CJ POTE RETANG IDEAL PET,9470,CX 200,500.0,ML,500.0,ML,,False,37,,2026-08-26 17:44:43,https://casagarciafortaleza.com.br/index.php,VALIDO
Casa Garcia Gourmet,Acessórios,G80MA-30CJ MILLE TORTA JUMBO 4KG ALTA BC,G80MA 30CJ MILLE TORTA JUMBO ALTA BC,1412,CX 30,4.0,KG,4000.0,G,,False,37,,2026-08-26 17:44:43,https://casagarciafortaleza.com.br/index.php,VALIDO
Casa Garcia Gourmet,Acessórios,G830 KIT COPO C/TAMPA BOLHA 300ML 10UN,G830 KIT COPO C TAMPA BOLHA,1369,CX 20,10.0,UN,10.0,UN,,False,37,,2026-08-26 17:44:43,https://casagarciafortaleza.com.br/index.php,VALIDO
Casa Garcia Gourmet,Acessórios,G840 KIT COPO C/TAMPA BOLHA 400ML 10UN,G840 KIT COPO C TAMPA BOLHA,1370,CX 20,10.0,UN,10.0,UN,,False,37,,2026-08-26 17:44:43,https://casagarciafortaleza.com.br/index.php,VALIDO
Casa Garcia Gourmet,Acessórios,G850 KIT COPO C/TAMPA BOLHA 500ML 10UN,G850 KIT COPO C TAMPA BOLHA,1371,CX 18,10.0,UN,10.0,UN,,False,37,,2026-08-26 17:44:43,https://casagarciafortaleza.com.br/index.php,VALIDO
Casa Garcia Gourmet,Acessórios,GA10-100UN MILLE LEVA DOCE ALTA,GA10 MILLE LEVA DOCE ALTA,1416,CX 100,100.0,UN,100.0,UN,,False,37,,2026-08-26 17:44:43,https://casagarciafortaleza.com.br/index.php,VALIDO
Casa Garcia Gourmet,Acessórios,GA12-100UN MILLE HAMBURGUEIRA,GA12 MILLE HAMBURGUEIRA,1418,CX 100,100.0,UN,100.0,UN,,False,37,,2026-08-26 17:44:43,https://casagarciafortaleza.com.br/index.php,VALIDO
Casa Garcia Gourmet,Acessórios,GA20-100UN EMB ROCAMBOLE ALTA PET,GA20 EMB ROCAMBOLE ALTA PET,1421,CX 100,100.0,UN,100.0,UN,,False,37,,2026-08-26 17:44:43,https://casagarciafortaleza.com.br/index.php,VALIDO
Casa Garcia Gourmet,Acessórios,GUARDANAPO DIPLOMATA 14X14 20X120FLS,GUARDANAPO DIPLOMATA 14X14 20X120FLS,10605,FD 01,,,,,,False,38,,2026-08-26 17:44:44,https://casagarciafortaleza.com.br/index.php,REVISAR_EMBALAGEM
Casa Garcia Gourmet,Acessórios,GUARDANAPO SOLIS 18X20 50 FOLHAS,GUARDANAPO SOLIS 18X20 50 FOLHAS,10604,FD 48,,,,,,False,38,,2026-08-26 17:44:44,https://casagarciafortaleza.com.br/index.php,REVISAR_EMBALAGEM
Casa Garcia Gourmet,Acessórios,"GUINDASTE P/BOLO 11CM 30X1,5CM GD-021",GUINDASTE P BOLO 30X GD 021,77990,UN 01,1.5,CM,1.5,CM,,False,38,,2026-08-26 17:44:44,https://casagarciafortaleza.com.br/index.php,VALIDO
Casa Garcia Gourmet,Acessórios,"GUINDASTE P/BOLO 16CM 30X1,5CM GD-022",GUINDASTE P BOLO 30X GD 022,77991,UN 01,1.5,CM,1.5,CM,,False,38,,2026-08-26 17:44:44,https://casagarciafortaleza.com.br/index.php,VALIDO
Casa Garcia Gourmet,Acessórios,"GUINDASTE P/BOLO 21CM 30X1,5CM GD-023",GUINDASTE P BOLO 30X GD 023,77992,UN 01,1.5,CM,1.5,CM,,False,38,,2026-08-26 17:44:44,https://casagarciafortaleza.com.br/index.php,VALIDO
Casa Garcia Gourmet,Acessórios,"GUINDASTE P/BOLO 26CM 30X1,5CM GD-024",GUINDASTE P BOLO 30X GD 024,77993,UN 01,1.5,CM,1.5,CM,,False,38,,2026-08-26 17:44:44,https://casagarciafortaleza.com.br/index.php,VALIDO
Casa Garcia Gourmet,Acessórios,HAMBURGUEIRA HOT DOG 225X95X62MM 100UN,HAMBURGUEIRA HOT DOG 225X95X62MM,1207,PC 04,100.0,UN,100.0,UN,,False,38,,2026-08-26 17:44:44,https://casagarciafortaleza.com.br/index.php,VALIDO
Casa Garcia Gourmet,Acessórios,HM06 - EBM PRETA C/TAMPA 150UN,HM06 EBM PRETA C TAMPA,11784,CX 150,150.0,UN,150.0,UN,,False,38,,2026-08-26 17:44:44,https://casagarciafortaleza.com.br/index.php,VALIDO
Casa Garcia Gourmet,Acessórios,JOGO BAND EXTRA 1 A 5 PCS C/ PINTURA LAT,JOGO BAND EXTRA 1 A 5 PCS C PINTURA LAT,1838,UN 01,,,,,,False,38,,2026-08-26 17:44:44,https://casagarciafortaleza.com.br/index.php,REVISAR_EMBALAGEM
Casa Garcia Gourmet,Acessórios,JOGO CORT ARCA DE NOE 7PCS 2163,JOGO CORT ARCA DE NOE 7PCS 2163,5776,CX 01,,,,,,False,38,,2026-08-26 17:44:44,https://casagarciafortaleza.com.br/index.php,REVISAR_EMBALAGEM
Casa Garcia Gourmet,Acessórios,JOGO CORT BORBOLETA 4PCS 2158,JOGO CORT BORBOLETA 4PCS 2158,5777,CX 01,,,,,,False,38,,2026-08-26 17:44:44,https://casagarciafortaleza.com.br/index.php,REVISAR_EMBALAGEM
Casa Garcia Gourmet,Acessórios,JOGO CORT CACHORRINHO 7PCS 2160,JOGO CORT CACHORRINHO 7PCS 2160,5778,CX 01,,,,,,False,38,,2026-08-26 17:44:44,https://casagarciafortaleza.com.br/index.php,REVISAR_EMBALAGEM
Casa Garcia Gourmet,Acessórios,JOGO CORT CHA BAR 4PCS 807,JOGO CORT CHA BAR 4PCS 807,5792,CX 01,,,,,,False,39,,2026-08-26 17:44:45,https://casagarciafortaleza.com.br/index.php,REVISAR_EMBALAGEM
Casa Garcia Gourmet,Acessórios,JOGO CORT CHA DE BEBE 3PCS 805,JOGO CORT CHA DE BEBE 3PCS 805,5793,CX 01,,,,,,False,39,,2026-08-26 17:44:45,https://casagarciafortaleza.com.br/index.php,REVISAR_EMBALAGEM
Casa Garcia Gourmet,Acessórios,JOGO CORT CHA DE COZ 5PCS 800,JOGO CORT CHA DE COZ 5PCS 800,5794,CX 01,,,,,,False,39,,2026-08-26 17:44:45,https://casagarciafortaleza.com.br/index.php,REVISAR_EMBALAGEM
Casa Garcia Gourmet,Acessórios,JOGO CORT FORMANDOS 6PCS 2153,JOGO CORT FORMANDOS 6PCS 2153,5779,CX 01,,,,,,False,39,,2026-08-26 17:44:45,https://casagarciafortaleza.com.br/index.php,REVISAR_EMBALAGEM
Casa Garcia Gourmet,Acessórios,JOGO CORT FRUTAS 4PCS 2152,JOGO CORT FRUTAS 4PCS 2152,5780,CX 01,,,,,,False,39,,2026-08-26 17:44:45,https://casagarciafortaleza.com.br/index.php,REVISAR_EMBALAGEM
Casa Garcia Gourmet,Acessórios,JOGO CORT GATINHOS 7PCS 2157,JOGO CORT GATINHOS 7PCS 2157,5781,CX 01,,,,,,False,39,,2026-08-26 17:44:45,https://casagarciafortaleza.com.br/index.php,REVISAR_EMBALAGEM
Casa Garcia Gourmet,Acessórios,JOGO CORT HALLOWEEN 7PCS 2161,JOGO CORT HALLOWEEN 7PCS 2161,5782,CX 01,,,,,,False,39,,2026-08-26 17:44:45,https://casagarciafortaleza.com.br/index.php,REVISAR_EMBALAGEM
Casa Garcia Gourmet,Acessórios,JOGO CORT MAR N1 6PCS 2154,JOGO CORT MAR N1 6PCS 2154,5783,CX 01,,,,,,False,39,,2026-08-26 17:44:45,https://casagarciafortaleza.com.br/index.php,REVISAR_EMBALAGEM
Casa Garcia Gourmet,Acessórios,JOGO CORT MAR N2 6PCS 2155,JOGO CORT MAR N2 6PCS 2155,5784,CX 01,,,,,,False,39,,2026-08-26 17:44:45,https://casagarciafortaleza.com.br/index.php,REVISAR_EMBALAGEM
Casa Garcia Gourmet,Acessórios,JOGO CORT MAR N3 7PCS 2156,JOGO CORT MAR N3 7PCS 2156,5785,CX 01,,,,,,False,39,,2026-08-26 17:44:45,https://casagarciafortaleza.com.br/index.php,REVISAR_EMBALAGEM
Casa Garcia Gourmet,Acessórios,JOGO CORT MARGARIDA 3PCS 347,JOGO CORT MARGARIDA 3PCS 347,5805,CX 01,,,,,,False,39,,2026-08-26 17:44:45,https://casagarciafortaleza.com.br/index.php,REVISAR_EMBALAGEM
Casa Garcia Gourmet,Acessórios,JOGO CORT MENINO/MENINA 6PCS 797,JOGO CORT MENINO MENINA 6PCS 797,5796,CX 01,,,,,,False,39,,2026-08-26 17:44:45,https://casagarciafortaleza.com.br/index.php,REVISAR_EMBALAGEM
Casa Garcia Gourmet,Acessórios,JOGO CORT MODA 3PCS 803,JOGO CORT MODA 3PCS 803,5797,CX 01,,,,,,False,40,,2026-08-26 17:44:46,https://casagarciafortaleza.com.br/index.php,REVISAR_EMBALAGEM
Casa Garcia Gourmet,Acessórios,JOGO CORT MUSICAL 3PCS 1371,JOGO CORT MUSICAL 3PCS 1371,5798,CX 01,,,,,,False,40,,2026-08-26 17:44:46,https://casagarciafortaleza.com.br/index.php,REVISAR_EMBALAGEM
Casa Garcia Gourmet,Acessórios,JOGO CORT NAMORADOS 7PCS 2159,JOGO CORT NAMORADOS 7PCS 2159,5786,CX 01,,,,,,False,40,,2026-08-26 17:44:46,https://casagarciafortaleza.com.br/index.php,REVISAR_EMBALAGEM
Casa Garcia Gourmet,Acessórios,JOGO CORT OUTONO 5PCS 2140,JOGO CORT OUTONO 5PCS 2140,5787,CX 01,,,,,,False,40,,2026-08-26 17:44:46,https://casagarciafortaleza.com.br/index.php,REVISAR_EMBALAGEM
Casa Garcia Gourmet,Acessórios,JOGO CORT PASCOA 5PCS 2139,JOGO CORT PASCOA 5PCS 2139,5788,CX 01,,,,,,False,40,,2026-08-26 17:44:46,https://casagarciafortaleza.com.br/index.php,REVISAR_EMBALAGEM
Casa Garcia Gourmet,Acessórios,JOGO CORT QUAD LISO 7 PCS INOX 352,JOGO CORT QUAD LISO 7 PCS INOX 352,5806,CX 01,,,,,,False,40,,2026-08-26 17:44:46,https://casagarciafortaleza.com.br/index.php,REVISAR_EMBALAGEM
Casa Garcia Gourmet,Acessórios,JOGO CORT ROUPA DE BEBE 3PCS 804,JOGO CORT ROUPA DE BEBE 3PCS 804,5802,CX 01,,,,,,False,40,,2026-08-26 17:44:46,https://casagarciafortaleza.com.br/index.php,REVISAR_EMBALAGEM
Casa Garcia Gourmet,Acessórios,JOGO CORT ROUPA DE NOIVO 802,JOGO CORT ROUPA DE NOIVO 802,5801,CX 01,,,,,,False,40,,2026-08-26 17:44:46,https://casagarciafortaleza.com.br/index.php,REVISAR_EMBALAGEM
Casa Garcia Gourmet,Acessórios,JOGO CORT TRANSPORTES 7PCS 2162,JOGO CORT TRANSPORTES 7PCS 2162,5789,CX 01,,,,,,False,40,,2026-08-26 17:44:46,https://casagarciafortaleza.com.br/index.php,REVISAR_EMBALAGEM
Casa Garcia Gourmet,Acessórios,JOGO FAMILIA PORQUINHA 6PCS 2077,JOGO FAMILIA PORQUINHA 6PCS 2077,5790,CX 01,,,,,,False,40,,2026-08-26 17:44:46,https://casagarciafortaleza.com.br/index.php,REVISAR_EMBALAGEM
Casa Garcia Gourmet,Acessórios,KIT ESTACA TUBULAR 30CMX15MM 12UN KIT-33,KIT ESTACA TUBULAR 30CMX15MM KIT 33,77988,UN 01,12.0,UN,12.0,UN,,False,40,,2026-08-26 17:44:46,https://casagarciafortaleza.com.br/index.php,VALIDO
Casa Garcia Gourmet,Acessórios,KIT ESTACA TUBULAR 30CMX15MM 4UN KIT-13,KIT ESTACA TUBULAR 30CMX15MM KIT 13,77986,UN 01,4.0,UN,4.0,UN,,False,40,,2026-08-26 17:44:46,https://casagarciafortaleza.com.br/index.php,VALIDO
Casa Garcia Gourmet,Acessórios,KIT GRAND CHEF N 1 C/ BRINDE,KIT GRAND CHEF N 1 C BRINDE,1148,PC 01,,,,,,False,41,,2026-08-26 17:44:48,https://casagarciafortaleza.com.br/index.php,REVISAR_EMBALAGEM
Casa Garcia Gourmet,Acessórios,KIT GRAND CHEF N 2 C/ BRINDE,KIT GRAND CHEF N 2 C BRINDE,1149,PC 01,,,,,,False,41,,2026-08-26 17:44:48,https://casagarciafortaleza.com.br/index.php,REVISAR_EMBALAGEM
Casa Garcia Gourmet,Acessórios,LATA P/PANETONE MAGIC COMP 9X11 100G 1UN,LATA P PANETONE MAGIC COMP 9X11,77909,CX 01,1.0,UN,1.0,UN,,False,41,,2026-08-26 17:44:48,https://casagarciafortaleza.com.br/index.php,VALIDO
Casa Garcia Gourmet,Acessórios,LONA PARA MODELADORA 22X27,LONA PARA MODELADORA 22X27,987,UN 01,,,,,,False,41,,2026-08-26 17:44:48,https://casagarciafortaleza.com.br/index.php,REVISAR_EMBALAGEM
Casa Garcia Gourmet,Acessórios,LONA PARA MODELADORA 27X30,LONA PARA MODELADORA 27X30,988,UN 01,,,,,,False,41,,2026-08-26 17:44:48,https://casagarciafortaleza.com.br/index.php,REVISAR_EMBALAGEM
Casa Garcia Gourmet,Acessórios,LUVA TERMICA GRAF AZUL,LUVA TERMICA GRAF AZUL,569,UN 01,,,,,,False,41,,2026-08-26 17:44:48,https://casagarciafortaleza.com.br/index.php,REVISAR_EMBALAGEM
Casa Garcia Gourmet,Acessórios,MANGA P/CONF COMFORT GREEN 36X20 C/100,MANGA P CONF COMFORT GREEN 36X20 C 100,525,UN 01,,,,,,False,41,,2026-08-26 17:44:48,https://casagarciafortaleza.com.br/index.php,REVISAR_EMBALAGEM
Casa Garcia Gourmet,Acessórios,MANGA P/CONF COMFORT GREEN 46X26 C/100,MANGA P CONF COMFORT GREEN 46X26 C 100,556,CX 01,,,,,,False,41,,2026-08-26 17:44:48,https://casagarciafortaleza.com.br/index.php,REVISAR_EMBALAGEM
Casa Garcia Gourmet,Acessórios,MANGA P/CONF COMFORT GREEN 46X26 PC C/10,MANGA P CONF COMFORT GREEN 46X26 PC C 10,548,UN 01,,,,,,False,41,,2026-08-26 17:44:48,https://casagarciafortaleza.com.br/index.php,REVISAR_EMBALAGEM
Casa Garcia Gourmet,Acessórios,MANGA P/CONF COMFORT PINK 30X17 C/10,MANGA P CONF COMFORT PINK 30X17 C 10,3444,UN 01,,,,,,False,41,,2026-08-26 17:44:48,https://casagarciafortaleza.com.br/index.php,REVISAR_EMBALAGEM
Casa Garcia Gourmet,Acessórios,MANGA P/CONF LONA G 55CM,MANGA P CONF LONA G,552,PC 10,55.0,CM,55.0,CM,,False,41,,2026-08-26 17:44:48,https://casagarciafortaleza.com.br/index.php,VALIDO
Casa Garcia Gourmet,Acessórios,MANGA P/CONF LONA M 45CM,MANGA P CONF LONA M,551,UN 01,45.0,CM,45.0,CM,,False,41,,2026-08-26 17:44:48,https://casagarciafortaleza.com.br/index.php,VALIDO
Casa Garcia Gourmet,Acessórios,MANGA P/CONF LONA P 35CM,MANGA P CONF LONA P,550,UN 10,35.0,CM,35.0,CM,,False,42,,2026-08-26 17:44:49,https://casagarciafortaleza.com.br/index.php,VALIDO
Casa Garcia Gourmet,Acessórios,MANGA P/CONF MASTERLIN GREEN 36X20 C/100,MANGA P CONF MASTERLIN GREEN 36X20 C 100,3499,CX 01,,,,,,False,42,,2026-08-26 17:44:49,https://casagarciafortaleza.com.br/index.php,REVISAR_EMBALAGEM
Casa Garcia Gourmet,Acessórios,MARTELO DE POLIET C/HAST INOX MI-25 25X5,MARTELO DE POLIET C HAST INOX MI 25 25X5,5065,UN 01,,,,,,False,42,,2026-08-26 17:44:49,https://casagarciafortaleza.com.br/index.php,REVISAR_EMBALAGEM
Casa Garcia Gourmet,Acessórios,MARTELO DE POLIET C/HAST INOX MI-35 35X6,MARTELO DE POLIET C HAST INOX MI 35 35X6,5066,UN 01,,,,,,False,42,,2026-08-26 17:44:49,https://casagarciafortaleza.com.br/index.php,REVISAR_EMBALAGEM
Casa Garcia Gourmet,Acessórios,"MESA 1,90X0,70 INOX 304 C/TESTEIRA E GDE",MESA 1 90X0 70 INOX 304 C TESTEIRA E GDE,7962,UN 01,,,,,,False,42,,2026-08-26 17:44:49,https://casagarciafortaleza.com.br/index.php,REVISAR_EMBALAGEM
Casa Garcia Gourmet,Acessórios,MINI BOWL 270ML 1PC BRANCO PP MB-101,MINI BOWL 1PC BRANCO PP MB 101,77995,UN 01,270.0,ML,270.0,ML,,False,42,,2026-08-26 17:44:49,https://casagarciafortaleza.com.br/index.php,VALIDO
Casa Garcia Gourmet,Acessórios,MINI BOWL 270ML 5PCS BCO PP MB-001,MINI BOWL 5PCS BCO PP MB 001,77812,UN 01,270.0,ML,270.0,ML,,False,42,,2026-08-26 17:44:49,https://casagarciafortaleza.com.br/index.php,VALIDO
Casa Garcia Gourmet,Acessórios,MINI BOWL 270ML 5PCS COLORIDAS PP MB-009,MINI BOWL 5PCS COLORIDAS PP MB 009,77994,UN 01,270.0,ML,270.0,ML,,False,42,,2026-08-26 17:44:49,https://casagarciafortaleza.com.br/index.php,VALIDO
Casa Garcia Gourmet,Acessórios,MINI FORMA PUDIM C/ TAMPA 80ML 20UN,MINI FORMA PUDIM C TAMPA,4848,CX 16,20.0,UN,20.0,UN,,False,42,,2026-08-26 17:44:49,https://casagarciafortaleza.com.br/index.php,VALIDO
Casa Garcia Gourmet,Acessórios,MP13 TPA - EBM PRETA C/TAMPA ALTA 100UN,MP13 TPA EBM PRETA C TAMPA ALTA,11786,CX 100,100.0,UN,100.0,UN,,False,42,,2026-08-26 17:44:49,https://casagarciafortaleza.com.br/index.php,VALIDO
Casa Garcia Gourmet,Acessórios,MP13 TPB - EBM PRETA C/TAMPA BAIXA 100UN,MP13 TPB EBM PRETA C TAMPA BAIXA,11785,CX 100,100.0,UN,100.0,UN,,False,42,,2026-08-26 17:44:49,https://casagarciafortaleza.com.br/index.php,VALIDO
Casa Garcia Gourmet,Acessórios,MP15 TPA - EBM PRETA C/TAMPA ALTA 150UN,MP15 TPA EBM PRETA C TAMPA ALTA,11788,CX 150,150.0,UN,150.0,UN,,False,42,,2026-08-26 17:44:49,https://casagarciafortaleza.com.br/index.php,VALIDO
Casa Garcia Gourmet,Acessórios,MP15 TPB - EBM PRETA C/TAMPA BAIXA 150UN,MP15 TPB EBM PRETA C TAMPA BAIXA,11787,CX 150,150.0,UN,150.0,UN,,False,43,,2026-08-26 17:44:50,https://casagarciafortaleza.com.br/index.php,VALIDO
Casa Garcia Gourmet,Acessórios,MP17 TPB - EBM PRETA C/TAMPA BAIXA 100UN,MP17 TPB EBM PRETA C TAMPA BAIXA,11789,CX 100,100.0,UN,100.0,UN,,False,43,,2026-08-26 17:44:50,https://casagarciafortaleza.com.br/index.php,VALIDO
Casa Garcia Gourmet,Acessórios,MP18 TPA - EBM PRETA C/TAMPA ALTA 100UN,MP18 TPA EBM PRETA C TAMPA ALTA,11790,CX 100,100.0,UN,100.0,UN,,False,43,,2026-08-26 17:44:50,https://casagarciafortaleza.com.br/index.php,VALIDO
Casa Garcia Gourmet,Acessórios,MP18 TPB - EBM PRETA C/TAMPA BAIXA 100UN,MP18 TPB EBM PRETA C TAMPA BAIXA,11791,CX 100,100.0,UN,100.0,UN,,False,43,,2026-08-26 17:44:50,https://casagarciafortaleza.com.br/index.php,VALIDO
Casa Garcia Gourmet,Acessórios,P32 M EMBALAGEM 100UN,P32 M EMBALAGEM,11874,CX 01,100.0,UN,100.0,UN,,False,43,,2026-08-26 17:44:50,https://casagarciafortaleza.com.br/index.php,VALIDO
Casa Garcia Gourmet,Acessórios,P50 M EMBALAGEM 50UN,P50 M EMBALAGEM,11875,CX 01,50.0,UN,50.0,UN,,False,43,,2026-08-26 17:44:50,https://casagarciafortaleza.com.br/index.php,VALIDO
Casa Garcia Gourmet,Acessórios,P60 M EMBALAGEM 50UN,P60 M EMBALAGEM,11876,CX 01,50.0,UN,50.0,UN,,False,43,,2026-08-26 17:44:50,https://casagarciafortaleza.com.br/index.php,VALIDO
Casa Garcia Gourmet,Acessórios,P640 M EMBALAGEM 300UN,P640 M EMBALAGEM,11877,CX 01,300.0,UN,300.0,UN,,False,43,,2026-08-26 17:44:50,https://casagarciafortaleza.com.br/index.php,VALIDO
Casa Garcia Gourmet,Acessórios,P642 M EMBALAGEM 300UN,P642 M EMBALAGEM,11878,CX 01,300.0,UN,300.0,UN,,False,43,,2026-08-26 17:44:50,https://casagarciafortaleza.com.br/index.php,VALIDO
Casa Garcia Gourmet,Acessórios,P650 M EMBALAGEM RED 300UN,P650 M EMBALAGEM RED,11879,CX 01,300.0,UN,300.0,UN,,False,43,,2026-08-26 17:44:50,https://casagarciafortaleza.com.br/index.php,VALIDO
Casa Garcia Gourmet,Acessórios,P750 EMBALAGEM RED C/ LACRE 350ML 200UN,P750 EMBALAGEM RED C LACRE,11880,CX 01,200.0,UN,200.0,UN,,False,43,,2026-08-26 17:44:50,https://casagarciafortaleza.com.br/index.php,VALIDO
Casa Garcia Gourmet,Acessórios,"PA DE POLIETILENO 90X1,5CM PP-901",PA DE POLIETILENO 90X PP 901,1031,UN 01,1.5,CM,1.5,CM,,False,43,,2026-08-26 17:44:50,https://casagarciafortaleza.com.br/index.php,VALIDO
Casa Garcia Gourmet,Acessórios,PA POLIET 90X2CM PD-901,PA POLIET 90X PD 901,1060,CX 10,2.0,CM,2.0,CM,,False,44,,2026-08-26 17:44:51,https://casagarciafortaleza.com.br/index.php,VALIDO
Casa Garcia Gourmet,Acessórios,PA POLIET P DURO 120X2CM PD-120,PA POLIET P DURO 120X PD 120,1059,CX 10,2.0,CM,2.0,CM,,False,44,,2026-08-26 17:44:51,https://casagarciafortaleza.com.br/index.php,VALIDO
Casa Garcia Gourmet,Acessórios,PAO DE FORMA ALUMINIO 30X15X15 C/T,PAO DE FORMA ALUMINIO 30X15X15 C T,1839,UN 01,,,,,,False,44,,2026-08-26 17:44:51,https://casagarciafortaleza.com.br/index.php,REVISAR_EMBALAGEM
Casa Garcia Gourmet,Acessórios,PAPEL HIGIENICO BIG ROLL 8X300FLS,PAPEL HIGIENICO BIG ROLL 8X300FLS,10602,FD 01,,,,,,False,44,,2026-08-26 17:44:51,https://casagarciafortaleza.com.br/index.php,REVISAR_EMBALAGEM
Casa Garcia Gourmet,Acessórios,PAPEL HIGIENICO NEUTRO BIG ROLL 8X300FLS,PAPEL HIGIENICO NEUTRO BIG ROLL 8X300FLS,10603,FD 01,,,,,,False,44,,2026-08-26 17:44:51,https://casagarciafortaleza.com.br/index.php,REVISAR_EMBALAGEM
Casa Garcia Gourmet,Acessórios,PAPEL TOALHA BOBINA ECO 22G 20X200CM 6UN,PAPEL TOALHA BOBINA ECO 20X,10601,FD 01,6.0,UN,6.0,UN,,False,44,,2026-08-26 17:44:51,https://casagarciafortaleza.com.br/index.php,VALIDO
Casa Garcia Gourmet,Acessórios,PAPEL TOALHA PREM ECO 20X21CM 2400F,PAPEL TOALHA PREM ECO 20X 2400F,10600,FD 01,21.0,CM,21.0,CM,,False,44,,2026-08-26 17:44:51,https://casagarciafortaleza.com.br/index.php,VALIDO
Casa Garcia Gourmet,Acessórios,PEGADOR DE DOCE COM MOLA 386,PEGADOR DE DOCE COM MOLA 386,5834,CX 01,,,,,,False,44,,2026-08-26 17:44:51,https://casagarciafortaleza.com.br/index.php,REVISAR_EMBALAGEM
Casa Garcia Gourmet,Acessórios,PEGADOR DE GELO INOX PG-02,PEGADOR DE GELO INOX PG 02,1287,UN 01,,,,,,False,44,,2026-08-26 17:44:51,https://casagarciafortaleza.com.br/index.php,REVISAR_EMBALAGEM
Casa Garcia Gourmet,Acessórios,PEGADOR DE PAO INOX PE01,PEGADOR DE PAO INOX PE01,8244,UN 01,,,,,,False,44,,2026-08-26 17:44:51,https://casagarciafortaleza.com.br/index.php,REVISAR_EMBALAGEM
Casa Garcia Gourmet,Acessórios,PEGADOR UNIVERSAL INOX 18X3CM IPG-001,PEGADOR UNIVERSAL INOX 18X IPG 001,78011,UN 01,3.0,CM,3.0,CM,,False,44,,2026-08-26 17:44:51,https://casagarciafortaleza.com.br/index.php,VALIDO
Casa Garcia Gourmet,Acessórios,PENEIRA C/ARO POLIET 30CM PE-31,PENEIRA C ARO POLIET PE 31,1116,UN 01,30.0,CM,30.0,CM,,False,44,,2026-08-26 17:44:51,https://casagarciafortaleza.com.br/index.php,VALIDO
Casa Garcia Gourmet,Acessórios,PENEIRA C/CABO INOX 10CM IPE-110,PENEIRA C CABO INOX IPE 110,78016,UN 01,10.0,CM,10.0,CM,,False,45,,2026-08-26 17:44:52,https://casagarciafortaleza.com.br/index.php,VALIDO
Casa Garcia Gourmet,Acessórios,PENEIRA C/CABO INOX 16CM IPE-116,PENEIRA C CABO INOX IPE 116,78017,UN 01,16.0,CM,16.0,CM,,False,45,,2026-08-26 17:44:52,https://casagarciafortaleza.com.br/index.php,VALIDO
Casa Garcia Gourmet,Acessórios,PENEIRA C/CABO INOX 20CM IPE-120,PENEIRA C CABO INOX IPE 120,78018,UN 01,20.0,CM,20.0,CM,,False,45,,2026-08-26 17:44:52,https://casagarciafortaleza.com.br/index.php,VALIDO
Casa Garcia Gourmet,Acessórios,"PENEIRA C/CABO PLASTICO 13,5X26CM IPE-26",PENEIRA C CABO PLASTICO 13 5X IPE 26,78019,UN 01,26.0,CM,26.0,CM,,False,45,,2026-08-26 17:44:52,https://casagarciafortaleza.com.br/index.php,VALIDO
Casa Garcia Gourmet,Acessórios,"PENEIRA C/CABO PLASTICO 17,5X31CM IPE-31",PENEIRA C CABO PLASTICO 17 5X IPE 31,78020,UN 01,31.0,CM,31.0,CM,,False,45,,2026-08-26 17:44:52,https://casagarciafortaleza.com.br/index.php,VALIDO
Casa Garcia Gourmet,Acessórios,PENEIRA COM CABO INOX 12CM IPE-112,PENEIRA COM CABO INOX IPE 112,77815,UN 01,12.0,CM,12.0,CM,,False,45,,2026-08-26 17:44:52,https://casagarciafortaleza.com.br/index.php,VALIDO
Casa Garcia Gourmet,Acessórios,PENEIRA COM CABO INOX 8CM IPE-108,PENEIRA COM CABO INOX IPE 108,77816,UN 01,8.0,CM,8.0,CM,,False,45,,2026-08-26 17:44:52,https://casagarciafortaleza.com.br/index.php,VALIDO
Casa Garcia Gourmet,Acessórios,PINCEL DO CHEF 01UN,PINCEL DO CHEF,1363,PC 10,1.0,UN,1.0,UN,,False,45,,2026-08-26 17:44:52,https://casagarciafortaleza.com.br/index.php,VALIDO
Casa Garcia Gourmet,Acessórios,PINCEL SILIC CULINARIO C/ACRILIC IPS-002,PINCEL SILIC CULINARIO C ACRILIC IPS 002,5114,UN 01,,,,,,False,45,,2026-08-26 17:44:52,https://casagarciafortaleza.com.br/index.php,REVISAR_EMBALAGEM
Casa Garcia Gourmet,Acessórios,"PLACA DE CORTE C/PEG 20X24X0,6 PL-024",PLACA DE CORTE C PEG 20X24X0 6 PL 024,1191,UN 01,,,,,,False,45,,2026-08-26 17:44:52,https://casagarciafortaleza.com.br/index.php,REVISAR_EMBALAGEM
Casa Garcia Gourmet,Acessórios,"PLACA DE CORTE C/PEG 24X32X0,6 PL-032",PLACA DE CORTE C PEG 24X32X0 6 PL 032,1192,UN 01,,,,,,False,45,,2026-08-26 17:44:52,https://casagarciafortaleza.com.br/index.php,REVISAR_EMBALAGEM
Casa Garcia Gourmet,Acessórios,"PLACA DE CORTE C/PEG 24X32X0,6 PLC-032",PLACA DE CORTE C PEG 24X32X0 6 PLC 032,1194,UN 01,,,,,,False,45,,2026-08-26 17:44:52,https://casagarciafortaleza.com.br/index.php,REVISAR_EMBALAGEM
Casa Garcia Gourmet,Acessórios,PLACA DE CORTE C/PEG CANAL 20X24 PL-024,PLACA DE CORTE C PEG CANAL 20X24 PL 024,1193,UN 01,,,,,,False,46,,2026-08-26 17:44:53,https://casagarciafortaleza.com.br/index.php,REVISAR_EMBALAGEM
Casa Garcia Gourmet,Acessórios,PLACA POLIET BRANCA - 10X300X500MM PL-51,PLACA POLIET BRANCA 10X300X500MM PL 51,77792,UN 01,,,,,,False,46,,2026-08-26 17:44:53,https://casagarciafortaleza.com.br/index.php,REVISAR_EMBALAGEM
Casa Garcia Gourmet,Acessórios,PO P/DECOR DOURADO PURO 5G,PO P DECOR DOURADO PURO,77981,,5.0,G,5.0,G,,False,46,,2026-08-26 17:44:53,https://casagarciafortaleza.com.br/index.php,VALIDO
Casa Garcia Gourmet,Acessórios,PO P/DECOR LILAS 5G,PO P DECOR LILAS,77984,,5.0,G,5.0,G,,False,46,,2026-08-26 17:44:53,https://casagarciafortaleza.com.br/index.php,VALIDO
Casa Garcia Gourmet,Acessórios,PO P/DECOR NACAR 5G,PO P DECOR NACAR,77978,,5.0,G,5.0,G,,False,46,,2026-08-26 17:44:53,https://casagarciafortaleza.com.br/index.php,VALIDO
Casa Garcia Gourmet,Acessórios,PO P/DECOR OURO 5G,PO P DECOR OURO,77980,,5.0,G,5.0,G,,False,46,,2026-08-26 17:44:53,https://casagarciafortaleza.com.br/index.php,VALIDO
Casa Garcia Gourmet,Acessórios,PO P/DECOR ROSA 5G,PO P DECOR ROSA,77982,CX 08,5.0,G,5.0,G,,False,46,,2026-08-26 17:44:53,https://casagarciafortaleza.com.br/index.php,VALIDO
Casa Garcia Gourmet,Acessórios,PO P/DECOR ROSA CEREJA 5G,PO P DECOR ROSA CEREJA,77983,CX 08,5.0,G,5.0,G,,False,46,,2026-08-26 17:44:53,https://casagarciafortaleza.com.br/index.php,VALIDO
Casa Garcia Gourmet,Acessórios,PO P/DECOR VERDE MENTA 5G,PO P DECOR VERDE MENTA,77985,CX 08,5.0,G,5.0,G,,False,46,,2026-08-26 17:44:53,https://casagarciafortaleza.com.br/index.php,VALIDO
Casa Garcia Gourmet,Acessórios,PO P/DECOR VERMELHO 5G,PO P DECOR VERMELHO,77979,CX 08,5.0,G,5.0,G,,False,46,,2026-08-26 17:44:53,https://casagarciafortaleza.com.br/index.php,VALIDO
Casa Garcia Gourmet,Acessórios,POTE EPS MARMITEX S/T 200ML 50UN PT-200,POTE EPS MARMITEX S T PT 200,1245,CX 08,50.0,UN,50.0,UN,,False,46,,2026-08-26 17:44:53,https://casagarciafortaleza.com.br/index.php,VALIDO
Casa Garcia Gourmet,Acessórios,POTE EPS MARMITEX S/T 300ML 50UN PT-300,POTE EPS MARMITEX S T PT 300,1246,CX 08,50.0,UN,50.0,UN,,False,46,,2026-08-26 17:44:53,https://casagarciafortaleza.com.br/index.php,VALIDO
Casa Garcia Gourmet,Acessórios,POTE P TERMICO 180ML BRANCO PT-180,POTE P TERMICO BRANCO PT 180,4832,CX 20,180.0,ML,180.0,ML,,False,47,,2026-08-26 17:44:54,https://casagarciafortaleza.com.br/index.php,VALIDO
Casa Garcia Gourmet,Acessórios,POTE P TERMICO 240ML BRANCO PT-240,POTE P TERMICO BRANCO PT 240,4831,CX 20,240.0,ML,240.0,ML,,False,47,,2026-08-26 17:44:54,https://casagarciafortaleza.com.br/index.php,VALIDO
Casa Garcia Gourmet,Acessórios,POTE P TERMICO 360ML BRANCO PT-360,POTE P TERMICO BRANCO PT 360,4830,CX 20,360.0,ML,360.0,ML,,False,47,,2026-08-26 17:44:54,https://casagarciafortaleza.com.br/index.php,VALIDO
Casa Garcia Gourmet,Acessórios,POTE P TERMICO 480ML BRANCO PT-480,POTE P TERMICO BRANCO PT 480,4829,CX 20,480.0,ML,480.0,ML,,False,47,,2026-08-26 17:44:54,https://casagarciafortaleza.com.br/index.php,VALIDO
Casa Garcia Gourmet,Acessórios,POTE QUADRADO COM TAMPA 220ML 10UN,POTE QUADRADO COM TAMPA,4847,CX 20,10.0,UN,10.0,UN,,False,47,,2026-08-26 17:44:54,https://casagarciafortaleza.com.br/index.php,VALIDO
Casa Garcia Gourmet,Acessórios,POTE REDONDO 200ML C/TAMPA PC 24UN,POTE REDONDO C TAMPA PC,5256,CX 18,24.0,UN,24.0,UN,,False,47,,2026-08-26 17:44:54,https://casagarciafortaleza.com.br/index.php,VALIDO
Casa Garcia Gourmet,Acessórios,PRANCHA EPS 210X140 MM PN-002 200UN,PRANCHA EPS 210X140 MM PN 002,1243,PC 20,200.0,UN,200.0,UN,,False,47,,2026-08-26 17:44:54,https://casagarciafortaleza.com.br/index.php,VALIDO
Casa Garcia Gourmet,Acessórios,PRANCHA EPS 235X180 MM PN-003 200UN,PRANCHA EPS 235X180 MM PN 003,1244,PC 02,200.0,UN,200.0,UN,,False,47,,2026-08-26 17:44:54,https://casagarciafortaleza.com.br/index.php,VALIDO
Casa Garcia Gourmet,Acessórios,PRATO FLORAL BRANCO MP15 1UN,PRATO FLORAL BRANCO MP15,6698,FD 400,1.0,UN,1.0,UN,,False,47,,2026-08-26 17:44:54,https://casagarciafortaleza.com.br/index.php,VALIDO
Casa Garcia Gourmet,Acessórios,PRATO FLORAL BRANCO MP19 1UN,PRATO FLORAL BRANCO MP19,6697,FD 400,1.0,UN,1.0,UN,,False,47,,2026-08-26 17:44:54,https://casagarciafortaleza.com.br/index.php,VALIDO
Casa Garcia Gourmet,Acessórios,PRATO FLORAL BRANCO MP21 1UN,PRATO FLORAL BRANCO MP21,6702,FD 200,1.0,UN,1.0,UN,,False,47,,2026-08-26 17:44:54,https://casagarciafortaleza.com.br/index.php,VALIDO
Casa Garcia Gourmet,Acessórios,PRATO FLORAL BRANCO MP25 1UN,PRATO FLORAL BRANCO MP25,6701,FD 200,1.0,UN,1.0,UN,,False,47,,2026-08-26 17:44:54,https://casagarciafortaleza.com.br/index.php,VALIDO
Casa Garcia Gourmet,Acessórios,PRATO FLORAL BRANCO MP28 1UN,PRATO FLORAL BRANCO MP28,6700,FD 200,1.0,UN,1.0,UN,,False,48,,2026-08-26 17:44:55,https://casagarciafortaleza.com.br/index.php,VALIDO
Casa Garcia Gourmet,Acessórios,PRATO FLORAL BRANCO MP34 1UN,PRATO FLORAL BRANCO MP34,6699,FD 100,1.0,UN,1.0,UN,,False,48,,2026-08-26 17:44:55,https://casagarciafortaleza.com.br/index.php,VALIDO
Casa Garcia Gourmet,Acessórios,PRATO FUNDO 12CM 1000UN PRF-012,PRATO FUNDO PRF 012,1045,CX 01,1000.0,UN,1000.0,UN,,False,48,,2026-08-26 17:44:55,https://casagarciafortaleza.com.br/index.php,VALIDO
Casa Garcia Gourmet,Acessórios,PRATO FUNDO 15CM 500UN PRF-015,PRATO FUNDO PRF 015,1046,CX 01,500.0,UN,500.0,UN,,False,48,,2026-08-26 17:44:55,https://casagarciafortaleza.com.br/index.php,VALIDO
Casa Garcia Gourmet,Acessórios,"PRATO RASO 17,5CM 500UN PR-018",PRATO RASO PR 018,1038,CX 01,500.0,UN,500.0,UN,,False,48,,2026-08-26 17:44:55,https://casagarciafortaleza.com.br/index.php,VALIDO
Casa Garcia Gourmet,Acessórios,PRATO TERM BCO 18CM 25UN CPR-018,PRATO TERM BCO CPR 018,1048,CX 16,25.0,UN,25.0,UN,,False,48,,2026-08-26 17:44:55,https://casagarciafortaleza.com.br/index.php,VALIDO
Casa Garcia Gourmet,Acessórios,PRATO TERM BCO 23CM 25UN CPR-023,PRATO TERM BCO CPR 023,1050,CX 08,25.0,UN,25.0,UN,,False,48,,2026-08-26 17:44:55,https://casagarciafortaleza.com.br/index.php,VALIDO
Casa Garcia Gourmet,Acessórios,PRATO TERM BCO 26CM 25UN CPR-026,PRATO TERM BCO CPR 026,1051,CX 08,25.0,UN,25.0,UN,,False,48,,2026-08-26 17:44:55,https://casagarciafortaleza.com.br/index.php,VALIDO
Casa Garcia Gourmet,Acessórios,PRATO TERM BCO FUNDO 15CM 20UN CPRF-015,PRATO TERM BCO FUNDO CPRF 015,1049,CX 20,20.0,UN,20.0,UN,,False,48,,2026-08-26 17:44:55,https://casagarciafortaleza.com.br/index.php,VALIDO
Casa Garcia Gourmet,Acessórios,PULVERIZADOR PINK 4 PECAS FAB,PULVERIZADOR PINK 4 PECAS FAB,7865,CX 12,,,,,,False,48,,2026-08-26 17:44:55,https://casagarciafortaleza.com.br/index.php,REVISAR_EMBALAGEM
Casa Garcia Gourmet,Acessórios,RASPADOR DE CHOC 23X7 RA-23,RASPADOR DE CHOC 23X7 RA 23,1013,UN 01,,,,,,False,48,,2026-08-26 17:44:55,https://casagarciafortaleza.com.br/index.php,REVISAR_EMBALAGEM
Casa Garcia Gourmet,Acessórios,RASPADOR DE PROLIP PEQ 8X5CM RA-15,RASPADOR DE PROLIP PEQ 8X RA 15,5082,UN 01,5.0,CM,5.0,CM,,False,48,,2026-08-26 17:44:55,https://casagarciafortaleza.com.br/index.php,VALIDO
Casa Garcia Gourmet,Acessórios,RASPADOR DOBRADO INOX CB BCO 6CM IRA-004,RASPADOR DOBRADO INOX CB BCO IRA 004,78012,UN 01,6.0,CM,6.0,CM,,False,49,,2026-08-26 17:44:57,https://casagarciafortaleza.com.br/index.php,VALIDO
Casa Garcia Gourmet,Acessórios,RASPADOR FLEX POLIP 17X12 RF-12,RASPADOR FLEX POLIP 17X12 RF 12,1294,UN 01,,,,,,False,49,,2026-08-26 17:44:57,https://casagarciafortaleza.com.br/index.php,REVISAR_EMBALAGEM
Casa Garcia Gourmet,Acessórios,RASPADOR FLEX POLIPROP 17X12CM RS RF-13,RASPADOR FLEX POLIPROP 17X RS RF 13,77800,UN 01,12.0,CM,12.0,CM,,False,49,,2026-08-26 17:44:57,https://casagarciafortaleza.com.br/index.php,VALIDO
Casa Garcia Gourmet,Acessórios,"RASPADOR POLIET P/CHOC 20X19,5X0,5CM",RASPADOR POLIET P CHOC 20X19 5X,77817,UN 01,0.5,CM,0.5,CM,,False,49,,2026-08-26 17:44:57,https://casagarciafortaleza.com.br/index.php,VALIDO
Casa Garcia Gourmet,Acessórios,RASPADOR RETO INOX CABO BCO 12CM IRA-002,RASPADOR RETO INOX CABO BCO IRA 002,78014,UN 01,12.0,CM,12.0,CM,,False,49,,2026-08-26 17:44:57,https://casagarciafortaleza.com.br/index.php,VALIDO
Casa Garcia Gourmet,Acessórios,RASPADOR RETO INOX CABO BCO 8CM IRA-001,RASPADOR RETO INOX CABO BCO IRA 001,78013,UN 01,8.0,CM,8.0,CM,,False,49,,2026-08-26 17:44:57,https://casagarciafortaleza.com.br/index.php,VALIDO
Casa Garcia Gourmet,Acessórios,RASPADOR RETO INOX CB PRETO 10CM IRA-005,RASPADOR RETO INOX CB PRETO IRA 005,78015,UN 01,10.0,CM,10.0,CM,,False,49,,2026-08-26 17:44:57,https://casagarciafortaleza.com.br/index.php,VALIDO
Casa Garcia Gourmet,Acessórios,"RASPADOR TRAPEIZOIDAL 15,5CM IRT-002",RASPADOR TRAPEIZOIDAL IRT 002,77999,UN 01,15.5,CM,15.5,CM,,False,49,,2026-08-26 17:44:57,https://casagarciafortaleza.com.br/index.php,VALIDO
Casa Garcia Gourmet,Acessórios,ROLO CORT DE MASSAS 20X4CM RCD-06,ROLO CORT DE MASSAS 20X RCD 06,5090,UN 01,4.0,CM,4.0,CM,,False,49,,2026-08-26 17:44:57,https://casagarciafortaleza.com.br/index.php,VALIDO
Casa Garcia Gourmet,Acessórios,ROLO CORTADOR DE MASSAS 20X1CM RCD-20,ROLO CORTADOR DE MASSAS 20X RCD 20,5089,UN 01,1.0,CM,1.0,CM,,False,49,,2026-08-26 17:44:57,https://casagarciafortaleza.com.br/index.php,VALIDO
Casa Garcia Gourmet,Acessórios,"ROLO DE INOX 30X6,3CM CABO BCO ROI-306",ROLO DE INOX 30X CABO BCO ROI 306,5091,UN 01,6.3,CM,6.3,CM,,False,49,,2026-08-26 17:44:57,https://casagarciafortaleza.com.br/index.php,VALIDO
Casa Garcia Gourmet,Acessórios,"ROLO DE INOX 35X7,5CM CABO BCO ROI-357",ROLO DE INOX 35X CABO BCO ROI 357,5092,UN 01,7.5,CM,7.5,CM,,False,49,,2026-08-26 17:44:57,https://casagarciafortaleza.com.br/index.php,VALIDO
Casa Garcia Gourmet,Acessórios,"ROLO P/MASSAS C/REG ALTURA 30X4,5 ROR-30",ROLO P MASSAS C REG ALTURA 30X4 5 ROR 30,77789,UN 01,,,,,,False,50,,2026-08-26 17:44:58,https://casagarciafortaleza.com.br/index.php,REVISAR_EMBALAGEM
Casa Garcia Gourmet,Acessórios,ROLO P/MASSAS POLIET LEVE 20X6 RL-200,ROLO P MASSAS POLIET LEVE 20X6 RL 200,1064,UN 01,,,,,,False,50,,2026-08-26 17:44:58,https://casagarciafortaleza.com.br/index.php,REVISAR_EMBALAGEM
Casa Garcia Gourmet,Acessórios,ROLO P/MASSAS POLIET LEVE 30X6 RL-300,ROLO P MASSAS POLIET LEVE 30X6 RL 300,1065,UN 01,,,,,,False,50,,2026-08-26 17:44:58,https://casagarciafortaleza.com.br/index.php,REVISAR_EMBALAGEM
Casa Garcia Gourmet,Acessórios,ROLO P/MASSAS POLIET LEVE ROSA 30X6,ROLO P MASSAS POLIET LEVE ROSA 30X6,5052,UN 01,,,,,,False,50,,2026-08-26 17:44:58,https://casagarciafortaleza.com.br/index.php,REVISAR_EMBALAGEM
Casa Garcia Gourmet,Acessórios,ROLO P/PASTA AMERICAN S/ARTIC 30X3 RP-30,ROLO P PASTA AMERICAN S ARTIC 30X3 RP 30,77790,UN 01,,,,,,False,50,,2026-08-26 17:44:58,https://casagarciafortaleza.com.br/index.php,REVISAR_EMBALAGEM
Casa Garcia Gourmet,Acessórios,ROLO P/PASTA AMERICAN S/ARTIC 40X3 RP-40,ROLO P PASTA AMERICAN S ARTIC 40X3 RP 40,77791,UN 01,,,,,,False,50,,2026-08-26 17:44:58,https://casagarciafortaleza.com.br/index.php,REVISAR_EMBALAGEM
Casa Garcia Gourmet,Acessórios,SACO ADESIV INCOLOR 10X25+ABA 50UN,SACO ADESIV INCOLOR 10X25 ABA,77827,CX 01,50.0,UN,50.0,UN,,False,50,,2026-08-26 17:44:58,https://casagarciafortaleza.com.br/index.php,VALIDO
Casa Garcia Gourmet,Acessórios,SACO ADESIV INCOLOR 12X12+ABA 50UN,SACO ADESIV INCOLOR 12X12 ABA,77828,CX 01,50.0,UN,50.0,UN,,False,50,,2026-08-26 17:44:58,https://casagarciafortaleza.com.br/index.php,VALIDO
Casa Garcia Gourmet,Acessórios,SACO ADESIV INCOLOR 6X7+ABA 50UN,SACO ADESIV INCOLOR 6X7 ABA,77825,CX 01,50.0,UN,50.0,UN,,False,50,,2026-08-26 17:44:58,https://casagarciafortaleza.com.br/index.php,VALIDO
Casa Garcia Gourmet,Acessórios,SACO ADESIV INCOLOR 7X12+ABA 50UN,SACO ADESIV INCOLOR 7X12 ABA,77826,CX 01,50.0,UN,50.0,UN,,False,50,,2026-08-26 17:44:58,https://casagarciafortaleza.com.br/index.php,VALIDO
Casa Garcia Gourmet,Acessórios,"SACO P/CONF ACABAMENTO 30X18,5 5UN MAGO",SACO P CONF ACABAMENTO 30X18 5 MAGO,1140,PC 01,5.0,UN,5.0,UN,,False,50,,2026-08-26 17:44:58,https://casagarciafortaleza.com.br/index.php,VALIDO
Casa Garcia Gourmet,Acessórios,SACO P/CONF DESC GD 50UN 27X38 MAGO,SACO P CONF DESC GD 27X38 MAGO,1164,PC 01,50.0,UN,50.0,UN,,False,50,,2026-08-26 17:44:58,https://casagarciafortaleza.com.br/index.php,VALIDO
Casa Garcia Gourmet,Acessórios,SACO P/CONF DESC GD 5UN MAGO,SACO P CONF DESC GD MAGO,1167,PC 10,5.0,UN,5.0,UN,,False,51,,2026-08-26 17:44:59,https://casagarciafortaleza.com.br/index.php,VALIDO
Casa Garcia Gourmet,Acessórios,SACO P/CONF DESC GIGANTE 50UN 47X26 MAGO,SACO P CONF DESC GIGANTE 47X26 MAGO,1162,PC 01,50.0,UN,50.0,UN,,False,51,,2026-08-26 17:44:59,https://casagarciafortaleza.com.br/index.php,VALIDO
Casa Garcia Gourmet,Acessórios,SACO P/CONF DESC GIGANTE 5UN 47X26 MAGO,SACO P CONF DESC GIGANTE 47X26 MAGO,1112,PC 10,5.0,UN,5.0,UN,,False,51,,2026-08-26 17:44:59,https://casagarciafortaleza.com.br/index.php,VALIDO
Casa Garcia Gourmet,Acessórios,SACO P/CONF DESC MEDIO 50UN 22X34 MAGO,SACO P CONF DESC MEDIO 22X34 MAGO,1121,PC 01,50.0,UN,50.0,UN,,False,51,,2026-08-26 17:44:59,https://casagarciafortaleza.com.br/index.php,VALIDO
Casa Garcia Gourmet,Acessórios,SACO P/CONF DESC PQ 50UN 19X31 MAGO,SACO P CONF DESC PQ 19X31 MAGO,1163,PC 01,50.0,UN,50.0,UN,,False,51,,2026-08-26 17:44:59,https://casagarciafortaleza.com.br/index.php,VALIDO
Casa Garcia Gourmet,Acessórios,SACO P/CONF DESC PQ 5UN MAGO,SACO P CONF DESC PQ MAGO,1166,PC 10,5.0,UN,5.0,UN,,False,51,,2026-08-26 17:44:59,https://casagarciafortaleza.com.br/index.php,VALIDO
Casa Garcia Gourmet,Acessórios,SACO P/CONF DESCARTAVEL M 05UN,SACO P CONF DESCARTAVEL M,1154,PC 01,5.0,UN,5.0,UN,,False,51,,2026-08-26 17:44:59,https://casagarciafortaleza.com.br/index.php,VALIDO
Casa Garcia Gourmet,Acessórios,SACO P/CONF DESCARTAVEL M 50UN,SACO P CONF DESCARTAVEL M,1158,PC 01,50.0,UN,50.0,UN,,False,51,,2026-08-26 17:44:59,https://casagarciafortaleza.com.br/index.php,VALIDO
Casa Garcia Gourmet,Acessórios,SACO TRANSP AUTOSSERV NATAL ST 45X59 3UN,SACO TRANSP AUTOSSERV NATAL ST 45X59,77911,CX 01,3.0,UN,3.0,UN,,False,51,,2026-08-26 17:44:59,https://casagarciafortaleza.com.br/index.php,VALIDO
Casa Garcia Gourmet,Acessórios,SACO TRANSP AUTOSSERV NATAL ST 52X70 3UN,SACO TRANSP AUTOSSERV NATAL ST 52X70,77912,CX 01,3.0,UN,3.0,UN,,False,51,,2026-08-26 17:44:59,https://casagarciafortaleza.com.br/index.php,VALIDO
Casa Garcia Gourmet,Acessórios,SACO TRANSP AUTOSSERV NATAL ST 60X75 3UN,SACO TRANSP AUTOSSERV NATAL ST 60X75,77913,CX 01,3.0,UN,3.0,UN,,False,51,,2026-08-26 17:44:59,https://casagarciafortaleza.com.br/index.php,VALIDO
Casa Garcia Gourmet,Acessórios,SUPORTE P/CUPCAKE CORACAO C/3 AND. SS-50,SUPORTE P CUPCAKE CORACAO C 3 AND SS 50,5117,UN 01,,,,,,False,51,,2026-08-26 17:44:59,https://casagarciafortaleza.com.br/index.php,REVISAR_EMBALAGEM
Casa Garcia Gourmet,Acessórios,SUPORTE P/CUPCAKE E BOLO C/3 AND. SS-43,SUPORTE P CUPCAKE E BOLO C 3 AND SS 43,5116,UN 01,,,,,,False,52,,2026-08-26 17:45:00,https://casagarciafortaleza.com.br/index.php,REVISAR_EMBALAGEM
Casa Garcia Gourmet,Acessórios,TABULEIRO CORACAO TB-09,TABULEIRO CORACAO TB 09,5135,UN 01,,,,,,False,52,,2026-08-26 17:45:00,https://casagarciafortaleza.com.br/index.php,REVISAR_EMBALAGEM
Casa Garcia Gourmet,Acessórios,"TABULEIRO P/BOLO POL BCO TB-01 65X45X0,",TABULEIRO P BOLO POL BCO TB 01 65X45X0,5140,UN 01,,,,,,False,52,,2026-08-26 17:45:00,https://casagarciafortaleza.com.br/index.php,REVISAR_EMBALAGEM
Casa Garcia Gourmet,Acessórios,"TABULEIRO P/BOLO POL RED TB-02 31X0,8CM",TABULEIRO P BOLO POL RED TB 02 31X,5136,UN 01,0.8,CM,0.8,CM,,False,52,,2026-08-26 17:45:00,https://casagarciafortaleza.com.br/index.php,VALIDO
Casa Garcia Gourmet,Acessórios,"TABULEIRO P/BOLO POL RED TB-03 41X0,8CM",TABULEIRO P BOLO POL RED TB 03 41X,5137,UN 01,0.8,CM,0.8,CM,,False,52,,2026-08-26 17:45:00,https://casagarciafortaleza.com.br/index.php,VALIDO
Casa Garcia Gourmet,Acessórios,"TABULEIRO P/BOLO POL RED TB-04 51X0,8CM",TABULEIRO P BOLO POL RED TB 04 51X,5138,UN 01,0.8,CM,0.8,CM,,False,52,,2026-08-26 17:45:00,https://casagarciafortaleza.com.br/index.php,VALIDO
Casa Garcia Gourmet,Acessórios,"TABULEIRO P/BOLO POL RET TB-05 50X40X0,",TABULEIRO P BOLO POL RET TB 05 50X40X0,5139,UN 01,,,,,,False,52,,2026-08-26 17:45:00,https://casagarciafortaleza.com.br/index.php,REVISAR_EMBALAGEM
Casa Garcia Gourmet,Acessórios,"TABULEIRO P/BOLO POL RET TB-08 40X30X0,",TABULEIRO P BOLO POL RET TB 08 40X30X0,5141,UN 01,,,,,,False,52,,2026-08-26 17:45:00,https://casagarciafortaleza.com.br/index.php,REVISAR_EMBALAGEM
Casa Garcia Gourmet,Acessórios,TAMPA P FORMA 30X10X10 ALUMINOL,TAMPA P FORMA 30X10X10 ALUMINOL,2388,UN 01,,,,,,False,52,,2026-08-26 17:45:00,https://casagarciafortaleza.com.br/index.php,REVISAR_EMBALAGEM
Casa Garcia Gourmet,Acessórios,TAMPA PLAST 500ML 50UN TPT-550,TAMPA PLAST TPT 550,4840,CX 20,50.0,UN,50.0,UN,,False,52,,2026-08-26 17:45:00,https://casagarciafortaleza.com.br/index.php,VALIDO
Casa Garcia Gourmet,Acessórios,TAMPA PLAST C/ FURO 500ML 50UN TPT-550,TAMPA PLAST C FURO TPT 550,4841,CX 20,50.0,UN,50.0,UN,,False,52,,2026-08-26 17:45:00,https://casagarciafortaleza.com.br/index.php,VALIDO
Casa Garcia Gourmet,Acessórios,"TANQUE 0,70X0,66 C/1 CUBA 50X50X30 INOX",TANQUE 0 70X0 66 C 1 CUBA 50X50X30 INOX,7961,UN 01,,,,,,False,52,,2026-08-26 17:45:00,https://casagarciafortaleza.com.br/index.php,REVISAR_EMBALAGEM
Casa Garcia Gourmet,Acessórios,TAPETE SILICONE 40X30CM ITP-001,TAPETE SILICONE 40X ITP 001,77814,UN 01,30.0,CM,30.0,CM,,False,53,,2026-08-26 17:45:01,https://casagarciafortaleza.com.br/index.php,VALIDO
Casa Garcia Gourmet,Acessórios,"TERMOMETRO ESPETO INOX 24,5CM ITM-001",TERMOMETRO ESPETO INOX ITM 001,78022,UN 01,24.5,CM,24.5,CM,,False,53,,2026-08-26 17:45:01,https://casagarciafortaleza.com.br/index.php,VALIDO
Casa Garcia Gourmet,Acessórios,"TERMOMETRO LASER 14,5X8,5X3,5CM ITM-002",TERMOMETRO LASER 14 5X8 5X ITM 002,78023,UN 01,3.5,CM,3.5,CM,,False,53,,2026-08-26 17:45:01,https://casagarciafortaleza.com.br/index.php,VALIDO
Casa Garcia Gourmet,Acessórios,"TESOURA CONF PLASTICO 12,5X5CM ITS-001",TESOURA CONF PLASTICO 12 5X ITS 001,78024,UN 01,5.0,CM,5.0,CM,,False,53,,2026-08-26 17:45:01,https://casagarciafortaleza.com.br/index.php,VALIDO
Casa Garcia Gourmet,Acessórios,"TIGELA MULTIUSO C/TP 1,5L CRISTAL TI-01",TIGELA MULTIUSO C TP CRISTAL TI 01,77793,UN 01,1.5,L,1500.0,ML,,False,53,,2026-08-26 17:45:01,https://casagarciafortaleza.com.br/index.php,VALIDO
Casa Garcia Gourmet,Acessórios,TIRA DE ACETATO 20CMX4M 9846,TIRA DE ACETATO 20CMX4M 9846,5385,CX 21,,,,,,False,53,,2026-08-26 17:45:01,https://casagarciafortaleza.com.br/index.php,REVISAR_EMBALAGEM
Casa Garcia Gourmet,Equipamentos,"ASSAD 58X70 ALUMINIO EST 0,6MM",ASSAD 58X70 ALUMINIO EST 0 6MM,496,CX 20,,,,,,False,1,,2026-08-26 17:45:02,https://casagarciafortaleza.com.br/index.php,REVISAR_EMBALAGEM
Casa Garcia Gourmet,Equipamentos,ASSAD 58X70 EST FLANDRES,ASSAD 58X70 EST FLANDRES,501,CX 20,,,,,,False,1,,2026-08-26 17:45:02,https://casagarciafortaleza.com.br/index.php,REVISAR_EMBALAGEM
Casa Garcia Gourmet,Equipamentos,ASSAD 58X70 HAMBURGUER ALUM 20 CAV,ASSAD 58X70 HAMBURGUER ALUM 20 CAV,499,CX 20,,,,,,False,1,,2026-08-26 17:45:02,https://casagarciafortaleza.com.br/index.php,REVISAR_EMBALAGEM
Casa Garcia Gourmet,Equipamentos,"ASSAD 60X40X2 ALUM PERF ESTAMPADA 1,2MM",ASSAD 60X40X2 ALUM PERF ESTAMPADA 1 2MM,749,UN 01,,,,,,False,1,,2026-08-26 17:45:02,https://casagarciafortaleza.com.br/index.php,REVISAR_EMBALAGEM
Casa Garcia Gourmet,Equipamentos,"ASSAD 60X40X3,5 EST ALUMINIO",ASSAD 60X40X3 5 EST ALUMINIO,497,CX 01,,,,,,False,1,,2026-08-26 17:45:02,https://casagarciafortaleza.com.br/index.php,REVISAR_EMBALAGEM
Casa Garcia Gourmet,Equipamentos,ASSAD 62X36 EST ALUMINIO,ASSAD 62X36 EST ALUMINIO,507,CX 25,,,,,,False,1,,2026-08-26 17:45:02,https://casagarciafortaleza.com.br/index.php,REVISAR_EMBALAGEM
Casa Garcia Gourmet,Equipamentos,ASSAD 62X36 EST ALUMINOL,ASSAD 62X36 EST ALUMINOL,500,CX 20,,,,,,False,1,,2026-08-26 17:45:02,https://casagarciafortaleza.com.br/index.php,REVISAR_EMBALAGEM
Casa Garcia Gourmet,Equipamentos,ASSAD 62X36 EST FLANDRES,ASSAD 62X36 EST FLANDRES,503,UN 01,,,,,,False,1,,2026-08-26 17:45:02,https://casagarciafortaleza.com.br/index.php,REVISAR_EMBALAGEM
Casa Garcia Gourmet,Equipamentos,ASSAD 62X36 HAMBURGUER ALUMINIO,ASSAD 62X36 HAMBURGUER ALUMINIO,505,CX 25,,,,,,False,1,,2026-08-26 17:45:02,https://casagarciafortaleza.com.br/index.php,REVISAR_EMBALAGEM
Casa Garcia Gourmet,Equipamentos,ASSAD 62X36 HOT DOG ALUMINIO,ASSAD 62X36 HOT DOG ALUMINIO,506,UN 01,,,,,,False,1,,2026-08-26 17:45:02,https://casagarciafortaleza.com.br/index.php,REVISAR_EMBALAGEM
Casa Garcia Gourmet,Equipamentos,ASSAD P/BISC CHAMPAGNE ALUMINIO,ASSAD P BISC CHAMPAGNE ALUMINIO,504,CX 20,,,,,,False,1,,2026-08-26 17:45:02,https://casagarciafortaleza.com.br/index.php,REVISAR_EMBALAGEM
Casa Garcia Gourmet,Equipamentos,"ASSADEIRA ALUMINIZADA 60X40X3,5 ESTAMP",ASSADEIRA ALUMINIZADA 60X40X3 5 ESTAMP,2386,UN 01,,,,,,False,1,,2026-08-26 17:45:02,https://casagarciafortaleza.com.br/index.php,REVISAR_EMBALAGEM
Casa Garcia Gourmet,Equipamentos,"CAMARA C/20 ASSAD 58X70 0,6MM EST ALUM",CAMARA C 20 ASSAD 58X70 0 6MM EST ALUM,80853,UN 01,,,,,,False,2,,2026-08-26 17:45:03,https://casagarciafortaleza.com.br/index.php,REVISAR_EMBALAGEM
Casa Garcia Gourmet,Equipamentos,CAMARA C/20 EST 58X70 5 TIRAS,CAMARA C 20 EST 58X70 5 TIRAS,2404,UN 01,,,,,,False,2,,2026-08-26 17:45:03,https://casagarciafortaleza.com.br/index.php,REVISAR_EMBALAGEM
Casa Garcia Gourmet,Equipamentos,CAMARA C/20 EST 58X70 5 TIRAS 9CM EPOXI,CAMARA C 20 EST 58X70 5 TIRAS EPOXI,2383,UN 01,9.0,CM,9.0,CM,,False,2,,2026-08-26 17:45:03,https://casagarciafortaleza.com.br/index.php,VALIDO
Casa Garcia Gourmet,Equipamentos,CAMARA C/20 EST 58X70 CANALETADA 6 ONDAS,CAMARA C 20 EST 58X70 CANALETADA 6 ONDAS,2405,UN 01,,,,,,False,2,,2026-08-26 17:45:03,https://casagarciafortaleza.com.br/index.php,REVISAR_EMBALAGEM
Casa Garcia Gourmet,Equipamentos,CAMARA C/20 EST 58X70 REFORCADA,CAMARA C 20 EST 58X70 REFORCADA,2391,UN 01,,,,,,False,2,,2026-08-26 17:45:03,https://casagarciafortaleza.com.br/index.php,REVISAR_EMBALAGEM
Casa Garcia Gourmet,Equipamentos,CAMARA C/40 ASS 62X36 EST FLANDRES,CAMARA C 40 ASS 62X36 EST FLANDRES,2403,UN 01,,,,,,False,2,,2026-08-26 17:45:03,https://casagarciafortaleza.com.br/index.php,REVISAR_EMBALAGEM
Casa Garcia Gourmet,Equipamentos,CAMARA P/10 ASS 58X70 INOX VAZIA,CAMARA P 10 ASS 58X70 INOX VAZIA,2395,UN 01,,,,,,False,2,,2026-08-26 17:45:03,https://casagarciafortaleza.com.br/index.php,REVISAR_EMBALAGEM
Casa Garcia Gourmet,Equipamentos,CAMARA P/10 ASS 58X70 VAZIA,CAMARA P 10 ASS 58X70 VAZIA,2390,UN 01,,,,,,False,2,,2026-08-26 17:45:03,https://casagarciafortaleza.com.br/index.php,REVISAR_EMBALAGEM
Casa Garcia Gourmet,Equipamentos,CAMARA P/19 ASS 58X70 PORTA RETRATIL,CAMARA P 19 ASS 58X70 PORTA RETRATIL,2411,UN 01,,,,,,False,2,,2026-08-26 17:45:03,https://casagarciafortaleza.com.br/index.php,REVISAR_EMBALAGEM
Casa Garcia Gourmet,Equipamentos,CAMARA P/20 ASS 40X80 VAZIA MONT EPOXI,CAMARA P 20 ASS 40X80 VAZIA MONT EPOXI,7960,UN 01,,,,,,False,2,,2026-08-26 17:45:03,https://casagarciafortaleza.com.br/index.php,REVISAR_EMBALAGEM
Casa Garcia Gourmet,Equipamentos,CAMARA P/20 ASS 58X70 ESTAMP ALUMINIO,CAMARA P 20 ASS 58X70 ESTAMP ALUMINIO,2407,UN 01,,,,,,False,2,,2026-08-26 17:45:03,https://casagarciafortaleza.com.br/index.php,REVISAR_EMBALAGEM
Casa Garcia Gourmet,Equipamentos,CAMARA P/20 ASS 58X70 FLANDRE ESTAMP,CAMARA P 20 ASS 58X70 FLANDRE ESTAMP,2401,UN 01,,,,,,False,2,,2026-08-26 17:45:03,https://casagarciafortaleza.com.br/index.php,REVISAR_EMBALAGEM
Casa Garcia Gourmet,Equipamentos,CAMARA P/20 ASS 58X70 VAZIA ALUMINIO,CAMARA P 20 ASS 58X70 VAZIA ALUMINIO,2410,UN 01,,,,,,False,3,,2026-08-26 17:45:05,https://casagarciafortaleza.com.br/index.php,REVISAR_EMBALAGEM
Casa Garcia Gourmet,Equipamentos,CAMARA P/20 ASS 58X70 VAZIA DESMONTADA,CAMARA P 20 ASS 58X70 VAZIA DESMONTADA,2400,UN 01,,,,,,False,3,,2026-08-26 17:45:05,https://casagarciafortaleza.com.br/index.php,REVISAR_EMBALAGEM
Casa Garcia Gourmet,Equipamentos,CAMARA P/20 ASS 58X70 VAZIA INOX,CAMARA P 20 ASS 58X70 VAZIA INOX,2406,UN 01,,,,,,False,3,,2026-08-26 17:45:05,https://casagarciafortaleza.com.br/index.php,REVISAR_EMBALAGEM
Casa Garcia Gourmet,Equipamentos,CAMARA P/20 ASS 60X40 VAZIA BH,CAMARA P 20 ASS 60X40 VAZIA BH,2409,UN 01,,,,,,False,3,,2026-08-26 17:45:05,https://casagarciafortaleza.com.br/index.php,REVISAR_EMBALAGEM
Casa Garcia Gourmet,Equipamentos,CAMARA P/20 ASS 62X36 VAZIA DESMONTADA,CAMARA P 20 ASS 62X36 VAZIA DESMONTADA,2399,UN 01,,,,,,False,3,,2026-08-26 17:45:05,https://casagarciafortaleza.com.br/index.php,REVISAR_EMBALAGEM
Casa Garcia Gourmet,Equipamentos,CAMARA P/20 ASSAD 58X70 ALUM S/VISOR DES,CAMARA P 20 ASSAD 58X70 ALUM S VISOR DES,2382,UN 01,,,,,,False,3,,2026-08-26 17:45:05,https://casagarciafortaleza.com.br/index.php,REVISAR_EMBALAGEM
Casa Garcia Gourmet,Equipamentos,CAMARA P/20 ASSAD 58X70 VAZIA INOX 304,CAMARA P 20 ASSAD 58X70 VAZIA INOX 304,79158,UN 01,,,,,,False,3,,2026-08-26 17:45:05,https://casagarciafortaleza.com.br/index.php,REVISAR_EMBALAGEM
Casa Garcia Gourmet,Equipamentos,CAMARA P/40 ASS 62X36 VAZIA DESMONTADA,CAMARA P 40 ASS 62X36 VAZIA DESMONTADA,2402,UN 01,,,,,,False,3,,2026-08-26 17:45:05,https://casagarciafortaleza.com.br/index.php,REVISAR_EMBALAGEM
Casa Garcia Gourmet,Equipamentos,CAMARA P/40 ASS 62X36 VAZIA REFORCADA,CAMARA P 40 ASS 62X36 VAZIA REFORCADA,2408,UN 01,,,,,,False,3,,2026-08-26 17:45:05,https://casagarciafortaleza.com.br/index.php,REVISAR_EMBALAGEM
Casa Garcia Gourmet,Equipamentos,DISP P/ MOLDAR PAO-FATIADOR MANUAL,DISP P MOLDAR PAO FATIADOR MANUAL,2421,UN 01,,,,,,False,3,,2026-08-26 17:45:05,https://casagarciafortaleza.com.br/index.php,REVISAR_EMBALAGEM
Casa Garcia Gourmet,Equipamentos,"DISP P/CAMARA FRIA 1,10X0,50X1,80",DISP P CAMARA FRIA 1 10X0 50X1 80,2422,UN 01,,,,,,False,3,,2026-08-26 17:45:05,https://casagarciafortaleza.com.br/index.php,REVISAR_EMBALAGEM
Casa Garcia Gourmet,Equipamentos,DISPOSITIVO P/RESFRIAM PAO FORMA EPOXI,DISPOSITIVO P RESFRIAM PAO FORMA EPOXI,2429,UN 01,,,,,,False,3,,2026-08-26 17:45:05,https://casagarciafortaleza.com.br/index.php,REVISAR_EMBALAGEM
Casa Garcia Gourmet,Equipamentos,ESTANTE ABERTA P/20 ASSAD 58X70 DESMONT,ESTANTE ABERTA P 20 ASSAD 58X70 DESMONT,2394,UN 01,,,,,,False,4,,2026-08-26 17:45:06,https://casagarciafortaleza.com.br/index.php,REVISAR_EMBALAGEM
Casa Garcia Gourmet,Equipamentos,ESTANTE ABERTA P/20 ASSAD 62X36 DESMONT,ESTANTE ABERTA P 20 ASSAD 62X36 DESMONT,2425,UN 01,,,,,,False,4,,2026-08-26 17:45:06,https://casagarciafortaleza.com.br/index.php,REVISAR_EMBALAGEM
Casa Garcia Gourmet,Equipamentos,ESTANTE ABERTA P/20 ASSAD VAZIA 60X40 IN,ESTANTE ABERTA P 20 ASSAD VAZIA 60X40 IN,748,UN 01,,,,,,False,4,,2026-08-26 17:45:06,https://casagarciafortaleza.com.br/index.php,REVISAR_EMBALAGEM
Casa Garcia Gourmet,Equipamentos,ESTEIRA 58X70 5 TIRAS 9CM GOLD,ESTEIRA 58X70 5 TIRAS GOLD,2387,UN 01,9.0,CM,9.0,CM,,False,4,,2026-08-26 17:45:06,https://casagarciafortaleza.com.br/index.php,VALIDO
Casa Garcia Gourmet,Equipamentos,ESTEIRA CANAL 58X70 PERF 6 ONDAS,ESTEIRA CANAL 58X70 PERF 6 ONDAS,2415,UN 01,,,,,,False,4,,2026-08-26 17:45:06,https://casagarciafortaleza.com.br/index.php,REVISAR_EMBALAGEM
Casa Garcia Gourmet,Equipamentos,ESTEIRA PAO FRANCES 62X36 4 TALAS,ESTEIRA PAO FRANCES 62X36 4 TALAS,2414,UN 01,,,,,,False,4,,2026-08-26 17:45:06,https://casagarciafortaleza.com.br/index.php,REVISAR_EMBALAGEM
Casa Garcia Gourmet,Equipamentos,EXPOSITOR P/ BANDEJA 440X315MM,EXPOSITOR P BANDEJA 440X315MM,2397,UN 01,,,,,,False,4,,2026-08-26 17:45:06,https://casagarciafortaleza.com.br/index.php,REVISAR_EMBALAGEM
Casa Garcia Gourmet,Equipamentos,FORMA BOLO INGLES 22X10X6 FLANDRES,FORMA BOLO INGLES 22X10X6 FLANDRES,1842,UN 01,,,,,,False,4,,2026-08-26 17:45:06,https://casagarciafortaleza.com.br/index.php,REVISAR_EMBALAGEM
Casa Garcia Gourmet,Equipamentos,FORMA PAO DE FORMA 20X10X10 ALUMINIO,FORMA PAO DE FORMA 20X10X10 ALUMINIO,1849,UN 01,,,,,,False,4,,2026-08-26 17:45:06,https://casagarciafortaleza.com.br/index.php,REVISAR_EMBALAGEM
Casa Garcia Gourmet,Equipamentos,FORMA PAO DE FORMA 20X10X10 ALUMINOL,FORMA PAO DE FORMA 20X10X10 ALUMINOL,1840,UN 01,,,,,,False,4,,2026-08-26 17:45:06,https://casagarciafortaleza.com.br/index.php,REVISAR_EMBALAGEM
Casa Garcia Gourmet,Equipamentos,FORMA PAO DE FORMA 30X10X10 ALUMINIO,FORMA PAO DE FORMA 30X10X10 ALUMINIO,1844,UN 01,,,,,,False,4,,2026-08-26 17:45:06,https://casagarciafortaleza.com.br/index.php,REVISAR_EMBALAGEM
Casa Garcia Gourmet,Equipamentos,FORMA PAO DE FORMA 32X10X10 ALUMINIO,FORMA PAO DE FORMA 32X10X10 ALUMINIO,1847,UN 01,,,,,,False,4,,2026-08-26 17:45:06,https://casagarciafortaleza.com.br/index.php,REVISAR_EMBALAGEM
Casa Garcia Gourmet,Equipamentos,FORMA PAO DE FORMA 32X10X10 ALUMINOL,FORMA PAO DE FORMA 32X10X10 ALUMINOL,1845,UN 01,,,,,,False,5,,2026-08-26 17:45:07,https://casagarciafortaleza.com.br/index.php,REVISAR_EMBALAGEM
Casa Garcia Gourmet,Equipamentos,FORMA PAO DE FORMA 32X10X10 FLANDRES,FORMA PAO DE FORMA 32X10X10 FLANDRES,1846,UN 01,,,,,,False,5,,2026-08-26 17:45:07,https://casagarciafortaleza.com.br/index.php,REVISAR_EMBALAGEM
Casa Garcia Gourmet,Equipamentos,JOGO BAND EXTRA 1 A 5 PCS,JOGO BAND EXTRA 1 A 5 PCS,1837,UN 01,,,,,,False,5,,2026-08-26 17:45:07,https://casagarciafortaleza.com.br/index.php,REVISAR_EMBALAGEM
Casa Garcia Gourmet,Equipamentos,JOGO BAND EXTRA 1 A 5 PCS ANTIADERENTE,JOGO BAND EXTRA 1 A 5 PCS ANTIADERENTE,1836,UN 01,,,,,,False,5,,2026-08-26 17:45:07,https://casagarciafortaleza.com.br/index.php,REVISAR_EMBALAGEM
Casa Garcia Gourmet,Equipamentos,LIXEIRA INOX 430 75L,LIXEIRA INOX 430,81036,UN 01,75.0,L,75000.0,ML,,False,5,,2026-08-26 17:45:07,https://casagarciafortaleza.com.br/index.php,VALIDO
Casa Garcia Gourmet,Equipamentos,"MESA 1,20X0,70 INOX 2 PRAT INF LISA",MESA 1 20X0 70 INOX 2 PRAT INF LISA,2396,UN 01,,,,,,False,5,,2026-08-26 17:45:07,https://casagarciafortaleza.com.br/index.php,REVISAR_EMBALAGEM
Casa Garcia Gourmet,Equipamentos,"MESA 1,50X0,70 C/GRADE INOX CANT REDONDO",MESA 1 50X0 70 C GRADE INOX CANT REDONDO,2418,UN 01,,,,,,False,5,,2026-08-26 17:45:07,https://casagarciafortaleza.com.br/index.php,REVISAR_EMBALAGEM
Casa Garcia Gourmet,Equipamentos,"MESA 1,78X78 INOX PE8X8 C/GRADE LAT ALT",MESA 1 78X78 INOX PE8X8 C GRADE LAT ALT,2416,UN 01,,,,,,False,5,,2026-08-26 17:45:07,https://casagarciafortaleza.com.br/index.php,REVISAR_EMBALAGEM
Casa Garcia Gourmet,Equipamentos,"MESA 1,80X0,80 TOTAL INOX C/GDE FIXA",MESA 1 80X0 80 TOTAL INOX C GDE FIXA,2420,UN 01,,,,,,False,5,,2026-08-26 17:45:07,https://casagarciafortaleza.com.br/index.php,REVISAR_EMBALAGEM
Casa Garcia Gourmet,Equipamentos,"MESA 1,90X0,70 C/GRADE EPOX CANT REDONDO",MESA 1 90X0 70 C GRADE EPOX CANT REDONDO,2428,UN 01,,,,,,False,5,,2026-08-26 17:45:07,https://casagarciafortaleza.com.br/index.php,REVISAR_EMBALAGEM
Casa Garcia Gourmet,Equipamentos,"MESA 1,90X0,70 C/GRADE INOX CANT REDONDO",MESA 1 90X0 70 C GRADE INOX CANT REDONDO,2427,UN 01,,,,,,False,5,,2026-08-26 17:45:07,https://casagarciafortaleza.com.br/index.php,REVISAR_EMBALAGEM
Casa Garcia Gourmet,Equipamentos,"MESA 1,90X0,70 INOX 430",MESA 1 90X0 70 INOX 430,2389,UN 01,,,,,,False,5,,2026-08-26 17:45:07,https://casagarciafortaleza.com.br/index.php,REVISAR_EMBALAGEM
Casa Garcia Gourmet,Equipamentos,"MESA 1,90X0,90 C/GRADE INOX CANT REDONDO",MESA 1 90X0 90 C GRADE INOX CANT REDONDO,2432,UN 01,,,,,,False,6,,2026-08-26 17:45:08,https://casagarciafortaleza.com.br/index.php,REVISAR_EMBALAGEM
Casa Garcia Gourmet,Equipamentos,"MESA 1,90X0,90 INOX 304 C/GDE E TESTEIRA",MESA 1 90X0 90 INOX 304 C GDE E TESTEIRA,80852,UN 01,,,,,,False,6,,2026-08-26 17:45:08,https://casagarciafortaleza.com.br/index.php,REVISAR_EMBALAGEM
Casa Garcia Gourmet,Equipamentos,"MESA 2,85X0,90 C/GRADE 6 PES 8X8 FIXA",MESA 2 85X0 90 C GRADE 6 PES 8X8 FIXA,2426,UN 01,,,,,,False,6,,2026-08-26 17:45:08,https://casagarciafortaleza.com.br/index.php,REVISAR_EMBALAGEM
Casa Garcia Gourmet,Equipamentos,MESA 2X1 PLACA 20M/M PE INOX SUP S/GRADE,MESA 2X1 PLACA 20M M PE INOX SUP S GRADE,2417,UN 01,,,,,,False,6,,2026-08-26 17:45:08,https://casagarciafortaleza.com.br/index.php,REVISAR_EMBALAGEM
